{
  "classification_report": {
    "Sports": {
      "precision": 0.9454545454545454,
      "recall": 0.6265060240963856,
      "f1-score": 0.7536231884057971,
      "support": 83.0
    },
    "Science": {
      "precision": 0.7166666666666667,
      "recall": 0.4942528735632184,
      "f1-score": 0.5850340136054422,
      "support": 87.0
    },
    "Health": {
      "precision": 0.7079646017699115,
      "recall": 0.7692307692307693,
      "f1-score": 0.7373271889400922,
      "support": 104.0
    },
    "Entertainment": {
      "precision": 0.6074766355140186,
      "recall": 0.6132075471698113,
      "f1-score": 0.6103286384976526,
      "support": 106.0
    },
    "Tech": {
      "precision": 0.7117117117117117,
      "recall": 0.7745098039215687,
      "f1-score": 0.7417840375586855,
      "support": 102.0
    },
    "Family": {
      "precision": 0.6835443037974683,
      "recall": 0.45,
      "f1-score": 0.542713567839196,
      "support": 120.0
    },
    "Politics": {
      "precision": 0.6428571428571429,
      "recall": 0.5046728971962616,
      "f1-score": 0.5654450261780105,
      "support": 107.0
    },
    "Culture": {
      "precision": 0.3516483516483517,
      "recall": 0.5765765765765766,
      "f1-score": 0.43686006825938567,
      "support": 111.0
    },
    "Education": {
      "precision": 0.43023255813953487,
      "recall": 0.3894736842105263,
      "f1-score": 0.4088397790055249,
      "support": 95.0
    },
    "Business": {
      "precision": 0.5454545454545454,
      "recall": 0.2823529411764706,
      "f1-score": 0.37209302325581395,
      "support": 85.0
    },
    "micro avg": {
      "precision": 0.5993485342019544,
      "recall": 0.552,
      "f1-score": 0.5747006767308693,
      "support": 1000.0
    },
    "macro avg": {
      "precision": 0.6343011063013897,
      "recall": 0.5480783117141588,
      "f1-score": 0.5754048531545599,
      "support": 1000.0
    },
    "weighted avg": {
      "precision": 0.6285178909771485,
      "recall": 0.552,
      "f1-score": 0.5750749184836729,
      "support": 1000.0
    }
  },
  "accuracy": 0.552,
  "confusion_matrix": [
    [
      52,
      0,
      3,
      5,
      9,
      0,
      2,
      6,
      3,
      2
    ],
    [
      0,
      43,
      7,
      3,
      6,
      2,
      0,
      3,
      14,
      1
    ],
    [
      0,
      2,
      80,
      2,
      4,
      3,
      2,
      4,
      4,
      0
    ],
    [
      1,
      2,
      1,
      65,
      1,
      1,
      1,
      22,
      4,
      1
    ],
    [
      0,
      1,
      1,
      7,
      79,
      2,
      0,
      4,
      2,
      2
    ],
    [
      0,
      0,
      3,
      6,
      2,
      54,
      3,
      32,
      5,
      0
    ],
    [
      0,
      1,
      3,
      6,
      0,
      4,
      54,
      20,
      6,
      4
    ],
    [
      2,
      2,
      6,
      6,
      0,
      6,
      10,
      64,
      4,
      1
    ],
    [
      0,
      7,
      4,
      1,
      4,
      2,
      5,
      16,
      37,
      9
    ],
    [
      0,
      2,
      5,
      6,
      6,
      5,
      7,
      11,
      7,
      24
    ]
  ],
  "labels": [
    "Sports",
    "Science",
    "Health",
    "Entertainment",
    "Tech",
    "Family",
    "Politics",
    "Culture",
    "Education",
    "Business"
  ]
}