{
  "classification_report": {
    "Health": {
      "precision": 0.6893939393939394,
      "recall": 0.875,
      "f1-score": 0.7711864406779662,
      "support": 104.0
    },
    "Politics": {
      "precision": 0.6352941176470588,
      "recall": 0.5046728971962616,
      "f1-score": 0.5625,
      "support": 107.0
    },
    "Sports": {
      "precision": 0.8260869565217391,
      "recall": 0.6867469879518072,
      "f1-score": 0.75,
      "support": 83.0
    },
    "Entertainment": {
      "precision": 0.5726495726495726,
      "recall": 0.6320754716981132,
      "f1-score": 0.600896860986547,
      "support": 106.0
    },
    "Tech": {
      "precision": 0.8765432098765432,
      "recall": 0.696078431372549,
      "f1-score": 0.7759562841530054,
      "support": 102.0
    },
    "Family": {
      "precision": 0.7888888888888889,
      "recall": 0.5916666666666667,
      "f1-score": 0.6761904761904762,
      "support": 120.0
    },
    "Business": {
      "precision": 0.35555555555555557,
      "recall": 0.3764705882352941,
      "f1-score": 0.3657142857142857,
      "support": 85.0
    },
    "Culture": {
      "precision": 0.4391891891891892,
      "recall": 0.5855855855855856,
      "f1-score": 0.5019305019305019,
      "support": 111.0
    },
    "Science": {
      "precision": 0.6363636363636364,
      "recall": 0.4827586206896552,
      "f1-score": 0.5490196078431373,
      "support": 87.0
    },
    "Education": {
      "precision": 0.44537815126050423,
      "recall": 0.5578947368421052,
      "f1-score": 0.4953271028037383,
      "support": 95.0
    },
    "micro avg": {
      "precision": 0.60481444332999,
      "recall": 0.603,
      "f1-score": 0.6039058587881823,
      "support": 1000.0
    },
    "macro avg": {
      "precision": 0.6265343217346627,
      "recall": 0.5988949986238037,
      "f1-score": 0.6048721560299658,
      "support": 1000.0
    },
    "weighted avg": {
      "precision": 0.6296603694070446,
      "recall": 0.603,
      "f1-score": 0.6082471358702541,
      "support": 1000.0
    }
  },
  "accuracy": 0.603,
  "confusion_matrix": [
    [
      91,
      1,
      1,
      0,
      1,
      1,
      0,
      4,
      1,
      3
    ],
    [
      5,
      54,
      0,
      6,
      0,
      3,
      11,
      15,
      2,
      11
    ],
    [
      2,
      1,
      57,
      8,
      0,
      0,
      3,
      4,
      4,
      4
    ],
    [
      1,
      3,
      4,
      67,
      1,
      1,
      5,
      19,
      1,
      4
    ],
    [
      0,
      2,
      1,
      6,
      71,
      1,
      10,
      6,
      2,
      3
    ],
    [
      7,
      4,
      0,
      3,
      0,
      71,
      11,
      17,
      0,
      5
    ],
    [
      7,
      8,
      1,
      5,
      4,
      5,
      32,
      9,
      3,
      11
    ],
    [
      6,
      9,
      2,
      8,
      0,
      7,
      3,
      65,
      5,
      6
    ],
    [
      8,
      1,
      1,
      6,
      1,
      0,
      5,
      4,
      42,
      19
    ],
    [
      5,
      2,
      2,
      8,
      3,
      1,
      10,
      5,
      6,
      53
    ]
  ],
  "labels": [
    "Health",
    "Politics",
    "Sports",
    "Entertainment",
    "Tech",
    "Family",
    "Business",
    "Culture",
    "Science",
    "Education"
  ]
}