{
  "classification_report": {
    "Tech": {
      "precision": 0.8105263157894737,
      "recall": 0.7549019607843137,
      "f1-score": 0.7817258883248731,
      "support": 102.0
    },
    "Politics": {
      "precision": 0.6708860759493671,
      "recall": 0.4953271028037383,
      "f1-score": 0.5698924731182796,
      "support": 107.0
    },
    "Business": {
      "precision": 0.5211267605633803,
      "recall": 0.43529411764705883,
      "f1-score": 0.47435897435897434,
      "support": 85.0
    },
    "Culture": {
      "precision": 0.45081967213114754,
      "recall": 0.4954954954954955,
      "f1-score": 0.4721030042918455,
      "support": 111.0
    },
    "Sports": {
      "precision": 0.9032258064516129,
      "recall": 0.6746987951807228,
      "f1-score": 0.7724137931034483,
      "support": 83.0
    },
    "Health": {
      "precision": 0.6904761904761905,
      "recall": 0.8365384615384616,
      "f1-score": 0.7565217391304347,
      "support": 104.0
    },
    "Entertainment": {
      "precision": 0.5531914893617021,
      "recall": 0.7358490566037735,
      "f1-score": 0.631578947368421,
      "support": 106.0
    },
    "Family": {
      "precision": 0.6589147286821705,
      "recall": 0.7083333333333334,
      "f1-score": 0.6827309236947792,
      "support": 120.0
    },
    "Education": {
      "precision": 0.5,
      "recall": 0.45263157894736844,
      "f1-score": 0.47513812154696133,
      "support": 95.0
    },
    "Science": {
      "precision": 0.6455696202531646,
      "recall": 0.5862068965517241,
      "f1-score": 0.6144578313253012,
      "support": 87.0
    },
    "micro avg": {
      "precision": 0.6282828282828283,
      "recall": 0.622,
      "f1-score": 0.6251256281407035,
      "support": 1000.0
    },
    "macro avg": {
      "precision": 0.6404736659658209,
      "recall": 0.617527679888599,
      "f1-score": 0.6230921696263317,
      "support": 1000.0
    },
    "weighted avg": {
      "precision": 0.6369451406127872,
      "recall": 0.622,
      "f1-score": 0.6236981193635407,
      "support": 1000.0
    }
  },
  "accuracy": 0.622,
  "confusion_matrix": [
    [
      77,
      0,
      6,
      4,
      0,
      1,
      7,
      4,
      2,
      1
    ],
    [
      0,
      53,
      12,
      12,
      1,
      4,
      7,
      5,
      9,
      1
    ],
    [
      3,
      4,
      37,
      9,
      0,
      6,
      5,
      9,
      6,
      4
    ],
    [
      0,
      9,
      1,
      55,
      1,
      8,
      16,
      12,
      3,
      5
    ],
    [
      3,
      1,
      2,
      4,
      56,
      0,
      12,
      1,
      2,
      2
    ],
    [
      2,
      2,
      0,
      3,
      1,
      87,
      0,
      4,
      3,
      2
    ],
    [
      1,
      0,
      2,
      10,
      1,
      2,
      78,
      7,
      2,
      2
    ],
    [
      2,
      2,
      4,
      10,
      0,
      7,
      5,
      85,
      3,
      2
    ],
    [
      4,
      7,
      5,
      12,
      1,
      3,
      7,
      2,
      43,
      9
    ],
    [
      3,
      1,
      2,
      3,
      1,
      8,
      4,
      0,
      13,
      51
    ]
  ],
  "labels": [
    "Tech",
    "Politics",
    "Business",
    "Culture",
    "Sports",
    "Health",
    "Entertainment",
    "Family",
    "Education",
    "Science"
  ]
}