{
  "classification_report": {
    "Politics": {
      "precision": 0.5753424657534246,
      "recall": 0.3925233644859813,
      "f1-score": 0.4666666666666667,
      "support": 107.0
    },
    "Family": {
      "precision": 0.3744075829383886,
      "recall": 0.6583333333333333,
      "f1-score": 0.4773413897280967,
      "support": 120.0
    },
    "Entertainment": {
      "precision": 0.532258064516129,
      "recall": 0.3113207547169811,
      "f1-score": 0.39285714285714285,
      "support": 106.0
    },
    "Health": {
      "precision": 0.5393258426966292,
      "recall": 0.46153846153846156,
      "f1-score": 0.49740932642487046,
      "support": 104.0
    },
    "Science": {
      "precision": 0.5689655172413793,
      "recall": 0.3793103448275862,
      "f1-score": 0.45517241379310347,
      "support": 87.0
    },
    "Sports": {
      "precision": 0.875,
      "recall": 0.5060240963855421,
      "f1-score": 0.6412213740458015,
      "support": 83.0
    },
    "Tech": {
      "precision": 0.6263736263736264,
      "recall": 0.5588235294117647,
      "f1-score": 0.5906735751295337,
      "support": 102.0
    },
    "Business": {
      "precision": 0.34408602150537637,
      "recall": 0.3764705882352941,
      "f1-score": 0.3595505617977528,
      "support": 85.0
    },
    "Culture": {
      "precision": 0.2347417840375587,
      "recall": 0.45045045045045046,
      "f1-score": 0.30864197530864196,
      "support": 111.0
    },
    "Education": {
      "precision": 0.4098360655737705,
      "recall": 0.2631578947368421,
      "f1-score": 0.32051282051282054,
      "support": 95.0
    },
    "micro avg": {
      "precision": 0.44144144144144143,
      "recall": 0.441,
      "f1-score": 0.4412206103051526,
      "support": 1000.0
    },
    "macro avg": {
      "precision": 0.5080336970636283,
      "recall": 0.43579528181222377,
      "f1-score": 0.45100472462644303,
      "support": 1000.0
    },
    "weighted avg": {
      "precision": 0.49925298224312625,
      "recall": 0.441,
      "f1-score": 0.4489275808615487,
      "support": 1000.0
    }
  },
  "accuracy": 0.441,
  "confusion_matrix": [
    [
      42,
      17,
      1,
      7,
      1,
      0,
      2,
      8,
      25,
      4
    ],
    [
      5,
      79,
      1,
      7,
      0,
      0,
      0,
      3,
      23,
      2
    ],
    [
      3,
      20,
      33,
      4,
      2,
      2,
      7,
      7,
      20,
      7
    ],
    [
      2,
      25,
      1,
      48,
      2,
      0,
      3,
      5,
      16,
      2
    ],
    [
      2,
      7,
      6,
      9,
      33,
      0,
      6,
      2,
      14,
      8
    ],
    [
      1,
      7,
      4,
      1,
      2,
      42,
      3,
      7,
      14,
      2
    ],
    [
      0,
      13,
      3,
      3,
      2,
      0,
      57,
      12,
      8,
      4
    ],
    [
      4,
      11,
      3,
      6,
      1,
      0,
      8,
      32,
      17,
      3
    ],
    [
      6,
      24,
      7,
      2,
      6,
      3,
      1,
      8,
      50,
      4
    ],
    [
      8,
      8,
      3,
      2,
      9,
      1,
      4,
      9,
      26,
      25
    ]
  ],
  "labels": [
    "Politics",
    "Family",
    "Entertainment",
    "Health",
    "Science",
    "Sports",
    "Tech",
    "Business",
    "Culture",
    "Education"
  ]
}