{
  "classification_report": {
    "Politics": {
      "precision": 0.6575342465753424,
      "recall": 0.4485981308411215,
      "f1-score": 0.5333333333333333,
      "support": 107.0
    },
    "Health": {
      "precision": 0.7181818181818181,
      "recall": 0.7596153846153846,
      "f1-score": 0.7383177570093458,
      "support": 104.0
    },
    "Education": {
      "precision": 0.39215686274509803,
      "recall": 0.42105263157894735,
      "f1-score": 0.40609137055837563,
      "support": 95.0
    },
    "Sports": {
      "precision": 0.7936507936507936,
      "recall": 0.6024096385542169,
      "f1-score": 0.684931506849315,
      "support": 83.0
    },
    "Business": {
      "precision": 0.4125,
      "recall": 0.38823529411764707,
      "f1-score": 0.4,
      "support": 85.0
    },
    "Tech": {
      "precision": 0.7142857142857143,
      "recall": 0.7352941176470589,
      "f1-score": 0.7246376811594203,
      "support": 102.0
    },
    "Science": {
      "precision": 0.5125,
      "recall": 0.47126436781609193,
      "f1-score": 0.49101796407185627,
      "support": 87.0
    },
    "Entertainment": {
      "precision": 0.574468085106383,
      "recall": 0.5094339622641509,
      "f1-score": 0.54,
      "support": 106.0
    },
    "Family": {
      "precision": 0.6902654867256637,
      "recall": 0.65,
      "f1-score": 0.6695278969957081,
      "support": 120.0
    },
    "Culture": {
      "precision": 0.34444444444444444,
      "recall": 0.5585585585585585,
      "f1-score": 0.4261168384879725,
      "support": 111.0
    },
    "accuracy": 0.56,
    "macro avg": {
      "precision": 0.5809987451715257,
      "recall": 0.5544462085993177,
      "f1-score": 0.5613974348465327,
      "support": 1000.0
    },
    "weighted avg": {
      "precision": 0.5826409429271033,
      "recall": 0.56,
      "f1-score": 0.5647936317313397,
      "support": 1000.0
    }
  },
  "accuracy": 0.56,
  "confusion_matrix": [
    [
      48,
      4,
      12,
      0,
      12,
      1,
      3,
      5,
      5,
      17
    ],
    [
      1,
      79,
      5,
      2,
      0,
      4,
      4,
      1,
      4,
      4
    ],
    [
      2,
      3,
      40,
      0,
      6,
      6,
      16,
      1,
      3,
      18
    ],
    [
      2,
      0,
      5,
      50,
      1,
      4,
      3,
      7,
      1,
      10
    ],
    [
      6,
      4,
      10,
      2,
      33,
      4,
      3,
      5,
      4,
      14
    ],
    [
      1,
      1,
      3,
      1,
      8,
      75,
      3,
      4,
      1,
      5
    ],
    [
      2,
      8,
      15,
      0,
      5,
      6,
      41,
      3,
      0,
      7
    ],
    [
      1,
      1,
      6,
      3,
      6,
      2,
      1,
      54,
      8,
      24
    ],
    [
      1,
      4,
      4,
      0,
      6,
      2,
      0,
      6,
      78,
      19
    ],
    [
      9,
      6,
      2,
      5,
      3,
      1,
      6,
      8,
      9,
      62
    ]
  ],
  "labels": [
    "Politics",
    "Health",
    "Education",
    "Sports",
    "Business",
    "Tech",
    "Science",
    "Entertainment",
    "Family",
    "Culture"
  ]
}