{
  "classification_report": {
    "Sports": {
      "precision": 0.9259259259259259,
      "recall": 0.6024096385542169,
      "f1-score": 0.7299270072992701,
      "support": 83.0
    },
    "Politics": {
      "precision": 0.7540983606557377,
      "recall": 0.42990654205607476,
      "f1-score": 0.5476190476190477,
      "support": 107.0
    },
    "Science": {
      "precision": 0.68,
      "recall": 0.39080459770114945,
      "f1-score": 0.49635036496350365,
      "support": 87.0
    },
    "Family": {
      "precision": 0.7346938775510204,
      "recall": 0.3,
      "f1-score": 0.4260355029585799,
      "support": 120.0
    },
    "Culture": {
      "precision": 0.5051546391752577,
      "recall": 0.44144144144144143,
      "f1-score": 0.47115384615384615,
      "support": 111.0
    },
    "Health": {
      "precision": 0.7272727272727273,
      "recall": 0.6923076923076923,
      "f1-score": 0.7093596059113301,
      "support": 104.0
    },
    "Entertainment": {
      "precision": 0.5963302752293578,
      "recall": 0.6132075471698113,
      "f1-score": 0.6046511627906976,
      "support": 106.0
    },
    "Tech": {
      "precision": 0.8533333333333334,
      "recall": 0.6274509803921569,
      "f1-score": 0.7231638418079096,
      "support": 102.0
    },
    "Business": {
      "precision": 0.5853658536585366,
      "recall": 0.2823529411764706,
      "f1-score": 0.38095238095238093,
      "support": 85.0
    },
    "Education": {
      "precision": 0.41935483870967744,
      "recall": 0.4105263157894737,
      "f1-score": 0.4148936170212766,
      "support": 95.0
    },
    "micro avg": {
      "precision": 0.657967032967033,
      "recall": 0.479,
      "f1-score": 0.5543981481481481,
      "support": 1000.0
    },
    "macro avg": {
      "precision": 0.6781529831511574,
      "recall": 0.4790407696588487,
      "f1-score": 0.5504106377477844,
      "support": 1000.0
    },
    "weighted avg": {
      "precision": 0.6764179867456624,
      "recall": 0.479,
      "f1-score": 0.5492089788639817,
      "support": 1000.0
    }
  },
  "accuracy": 0.479,
  "confusion_matrix": [
    [
      50,
      0,
      1,
      0,
      2,
      0,
      7,
      3,
      3,
      4
    ],
    [
      0,
      46,
      5,
      2,
      11,
      3,
      7,
      0,
      5,
      7
    ],
    [
      0,
      2,
      34,
      1,
      2,
      8,
      1,
      2,
      0,
      17
    ],
    [
      0,
      2,
      1,
      36,
      5,
      3,
      2,
      0,
      0,
      6
    ],
    [
      1,
      5,
      2,
      5,
      49,
      8,
      10,
      0,
      1,
      2
    ],
    [
      1,
      1,
      1,
      1,
      1,
      72,
      1,
      2,
      0,
      3
    ],
    [
      1,
      0,
      0,
      1,
      11,
      1,
      65,
      0,
      0,
      5
    ],
    [
      0,
      0,
      2,
      0,
      4,
      0,
      3,
      64,
      5,
      4
    ],
    [
      1,
      3,
      0,
      2,
      5,
      2,
      6,
      3,
      24,
      6
    ],
    [
      0,
      2,
      4,
      1,
      7,
      2,
      7,
      1,
      3,
      39
    ]
  ],
  "labels": [
    "Sports",
    "Politics",
    "Science",
    "Family",
    "Culture",
    "Health",
    "Entertainment",
    "Tech",
    "Business",
    "Education"
  ]
}