{
  "classification_report": {
    "Tech": {
      "precision": 0.6888888888888889,
      "recall": 0.6078431372549019,
      "f1-score": 0.6458333333333334,
      "support": 102.0
    },
    "Entertainment": {
      "precision": 0.5784313725490197,
      "recall": 0.5566037735849056,
      "f1-score": 0.5673076923076923,
      "support": 106.0
    },
    "Education": {
      "precision": 0.3939393939393939,
      "recall": 0.4105263157894737,
      "f1-score": 0.4020618556701031,
      "support": 95.0
    },
    "Culture": {
      "precision": 0.32323232323232326,
      "recall": 0.5765765765765766,
      "f1-score": 0.41423948220064727,
      "support": 111.0
    },
    "Politics": {
      "precision": 0.6615384615384615,
      "recall": 0.40186915887850466,
      "f1-score": 0.5,
      "support": 107.0
    },
    "Science": {
      "precision": 0.59375,
      "recall": 0.4367816091954023,
      "f1-score": 0.5033112582781457,
      "support": 87.0
    },
    "Business": {
      "precision": 0.46835443037974683,
      "recall": 0.43529411764705883,
      "f1-score": 0.45121951219512196,
      "support": 85.0
    },
    "Health": {
      "precision": 0.6310679611650486,
      "recall": 0.625,
      "f1-score": 0.6280193236714976,
      "support": 104.0
    },
    "Sports": {
      "precision": 0.6944444444444444,
      "recall": 0.6024096385542169,
      "f1-score": 0.6451612903225806,
      "support": 83.0
    },
    "Family": {
      "precision": 0.6373626373626373,
      "recall": 0.48333333333333334,
      "f1-score": 0.5497630331753555,
      "support": 120.0
    },
    "micro avg": {
      "precision": 0.5347871235721703,
      "recall": 0.515,
      "f1-score": 0.5247070809984717,
      "support": 1000.0
    },
    "macro avg": {
      "precision": 0.5671009913499964,
      "recall": 0.5136237660814374,
      "f1-score": 0.5306916781154477,
      "support": 1000.0
    },
    "weighted avg": {
      "precision": 0.5668878877603575,
      "recall": 0.515,
      "f1-score": 0.5306617729439836,
      "support": 1000.0
    }
  },
  "accuracy": 0.515,
  "confusion_matrix": [
    [
      62,
      3,
      5,
      5,
      0,
      3,
      6,
      2,
      1,
      2
    ],
    [
      4,
      59,
      4,
      20,
      2,
      1,
      3,
      1,
      4,
      5
    ],
    [
      4,
      6,
      39,
      17,
      2,
      11,
      7,
      4,
      1,
      3
    ],
    [
      1,
      10,
      8,
      64,
      7,
      2,
      1,
      6,
      5,
      6
    ],
    [
      1,
      5,
      7,
      25,
      43,
      3,
      10,
      5,
      1,
      6
    ],
    [
      4,
      4,
      17,
      9,
      3,
      38,
      3,
      7,
      1,
      0
    ],
    [
      4,
      4,
      9,
      16,
      2,
      0,
      37,
      5,
      2,
      4
    ],
    [
      5,
      1,
      5,
      9,
      1,
      2,
      0,
      65,
      2,
      5
    ],
    [
      4,
      6,
      3,
      5,
      1,
      4,
      4,
      2,
      50,
      2
    ],
    [
      1,
      4,
      2,
      28,
      4,
      0,
      8,
      6,
      5,
      58
    ]
  ],
  "labels": [
    "Tech",
    "Entertainment",
    "Education",
    "Culture",
    "Politics",
    "Science",
    "Business",
    "Health",
    "Sports",
    "Family"
  ]
}