{
  "classification_report": {
    "Science": {
      "precision": 0.6792452830188679,
      "recall": 0.41379310344827586,
      "f1-score": 0.5142857142857142,
      "support": 87.0
    },
    "Education": {
      "precision": 0.3509933774834437,
      "recall": 0.5578947368421052,
      "f1-score": 0.43089430894308944,
      "support": 95.0
    },
    "Culture": {
      "precision": 0.3790322580645161,
      "recall": 0.42342342342342343,
      "f1-score": 0.4,
      "support": 111.0
    },
    "Politics": {
      "precision": 0.7407407407407407,
      "recall": 0.37383177570093457,
      "f1-score": 0.4968944099378882,
      "support": 107.0
    },
    "Entertainment": {
      "precision": 0.484472049689441,
      "recall": 0.7358490566037735,
      "f1-score": 0.5842696629213483,
      "support": 106.0
    },
    "Family": {
      "precision": 0.7894736842105263,
      "recall": 0.125,
      "f1-score": 0.2158273381294964,
      "support": 120.0
    },
    "Health": {
      "precision": 0.7363636363636363,
      "recall": 0.7788461538461539,
      "f1-score": 0.7570093457943925,
      "support": 104.0
    },
    "Sports": {
      "precision": 0.859375,
      "recall": 0.6626506024096386,
      "f1-score": 0.7482993197278912,
      "support": 83.0
    },
    "Tech": {
      "precision": 0.9285714285714286,
      "recall": 0.6372549019607843,
      "f1-score": 0.7558139534883721,
      "support": 102.0
    },
    "Business": {
      "precision": 0.4647887323943662,
      "recall": 0.38823529411764707,
      "f1-score": 0.4230769230769231,
      "support": 85.0
    },
    "micro avg": {
      "precision": 0.5735461801596351,
      "recall": 0.503,
      "f1-score": 0.5359616409163559,
      "support": 1000.0
    },
    "macro avg": {
      "precision": 0.6413056190536967,
      "recall": 0.5096779048352736,
      "f1-score": 0.5326370976305116,
      "support": 1000.0
    },
    "weighted avg": {
      "precision": 0.6419927009099581,
      "recall": 0.503,
      "f1-score": 0.5249697604183914,
      "support": 1000.0
    }
  },
  "accuracy": 0.503,
  "confusion_matrix": [
    [
      36,
      24,
      3,
      1,
      8,
      0,
      6,
      1,
      1,
      3
    ],
    [
      5,
      53,
      8,
      1,
      6,
      0,
      2,
      1,
      0,
      9
    ],
    [
      4,
      6,
      47,
      8,
      22,
      1,
      6,
      1,
      0,
      2
    ],
    [
      2,
      17,
      16,
      40,
      8,
      1,
      4,
      1,
      0,
      9
    ],
    [
      1,
      8,
      9,
      0,
      78,
      0,
      0,
      2,
      1,
      1
    ],
    [
      0,
      10,
      19,
      0,
      12,
      15,
      5,
      0,
      0,
      1
    ],
    [
      4,
      5,
      2,
      1,
      2,
      0,
      81,
      2,
      2,
      2
    ],
    [
      1,
      10,
      6,
      2,
      7,
      0,
      0,
      55,
      0,
      1
    ],
    [
      0,
      5,
      5,
      0,
      8,
      1,
      1,
      0,
      65,
      10
    ],
    [
      0,
      13,
      9,
      1,
      10,
      1,
      5,
      1,
      1,
      33
    ]
  ],
  "labels": [
    "Science",
    "Education",
    "Culture",
    "Politics",
    "Entertainment",
    "Family",
    "Health",
    "Sports",
    "Tech",
    "Business"
  ]
}