{
  "classification_report": {
    "Entertainment": {
      "precision": 0.5158730158730159,
      "recall": 0.6132075471698113,
      "f1-score": 0.5603448275862069,
      "support": 106.0
    },
    "Tech": {
      "precision": 0.9014084507042254,
      "recall": 0.6274509803921569,
      "f1-score": 0.7398843930635838,
      "support": 102.0
    },
    "Education": {
      "precision": 0.45555555555555555,
      "recall": 0.43157894736842106,
      "f1-score": 0.44324324324324327,
      "support": 95.0
    },
    "Culture": {
      "precision": 0.5428571428571428,
      "recall": 0.34234234234234234,
      "f1-score": 0.4198895027624309,
      "support": 111.0
    },
    "Politics": {
      "precision": 0.6739130434782609,
      "recall": 0.2897196261682243,
      "f1-score": 0.40522875816993464,
      "support": 107.0
    },
    "Science": {
      "precision": 0.775,
      "recall": 0.3563218390804598,
      "f1-score": 0.4881889763779528,
      "support": 87.0
    },
    "Family": {
      "precision": 0.5,
      "recall": 0.08333333333333333,
      "f1-score": 0.14285714285714285,
      "support": 120.0
    },
    "Business": {
      "precision": 0.5428571428571428,
      "recall": 0.2235294117647059,
      "f1-score": 0.31666666666666665,
      "support": 85.0
    },
    "Health": {
      "precision": 0.719626168224299,
      "recall": 0.7403846153846154,
      "f1-score": 0.7298578199052133,
      "support": 104.0
    },
    "Sports": {
      "precision": 0.9152542372881356,
      "recall": 0.6506024096385542,
      "f1-score": 0.7605633802816901,
      "support": 83.0
    },
    "micro avg": {
      "precision": 0.6475903614457831,
      "recall": 0.43,
      "f1-score": 0.5168269230769231,
      "support": 1000.0
    },
    "macro avg": {
      "precision": 0.6542344756837778,
      "recall": 0.4358471052642624,
      "f1-score": 0.5006724710914066,
      "support": 1000.0
    },
    "weighted avg": {
      "precision": 0.6466448982745646,
      "recall": 0.43,
      "f1-score": 0.4925040184434726,
      "support": 1000.0
    }
  },
  "accuracy": 0.43,
  "confusion_matrix": [
    [
      65,
      0,
      3,
      11,
      1,
      0,
      0,
      2,
      1,
      1
    ],
    [
      9,
      64,
      3,
      2,
      0,
      0,
      0,
      6,
      1,
      0
    ],
    [
      6,
      3,
      41,
      3,
      4,
      3,
      1,
      4,
      4,
      2
    ],
    [
      11,
      0,
      2,
      38,
      5,
      3,
      1,
      1,
      4,
      1
    ],
    [
      10,
      0,
      5,
      4,
      31,
      2,
      4,
      2,
      5,
      0
    ],
    [
      2,
      1,
      17,
      1,
      1,
      31,
      0,
      0,
      8,
      0
    ],
    [
      5,
      0,
      7,
      6,
      0,
      0,
      10,
      0,
      2,
      0
    ],
    [
      11,
      1,
      8,
      2,
      0,
      0,
      2,
      19,
      4,
      0
    ],
    [
      2,
      1,
      2,
      0,
      2,
      0,
      2,
      0,
      77,
      1
    ],
    [
      5,
      1,
      2,
      3,
      2,
      1,
      0,
      1,
      1,
      54
    ]
  ],
  "labels": [
    "Entertainment",
    "Tech",
    "Education",
    "Culture",
    "Politics",
    "Science",
    "Family",
    "Business",
    "Health",
    "Sports"
  ]
}