{
  "classification_report": {
    "Sports": {
      "precision": 0.8703703703703703,
      "recall": 0.5662650602409639,
      "f1-score": 0.6861313868613139,
      "support": 83.0
    },
    "Culture": {
      "precision": 0.3586206896551724,
      "recall": 0.46846846846846846,
      "f1-score": 0.40625,
      "support": 111.0
    },
    "Tech": {
      "precision": 0.776595744680851,
      "recall": 0.7156862745098039,
      "f1-score": 0.7448979591836735,
      "support": 102.0
    },
    "Politics": {
      "precision": 0.8163265306122449,
      "recall": 0.37383177570093457,
      "f1-score": 0.5128205128205128,
      "support": 107.0
    },
    "Education": {
      "precision": 0.39655172413793105,
      "recall": 0.4842105263157895,
      "f1-score": 0.43601895734597157,
      "support": 95.0
    },
    "Family": {
      "precision": 0.5405405405405406,
      "recall": 0.16666666666666666,
      "f1-score": 0.25477707006369427,
      "support": 120.0
    },
    "Business": {
      "precision": 0.423728813559322,
      "recall": 0.29411764705882354,
      "f1-score": 0.3472222222222222,
      "support": 85.0
    },
    "Entertainment": {
      "precision": 0.4935064935064935,
      "recall": 0.7169811320754716,
      "f1-score": 0.5846153846153846,
      "support": 106.0
    },
    "Health": {
      "precision": 0.7058823529411765,
      "recall": 0.8076923076923077,
      "f1-score": 0.7533632286995515,
      "support": 104.0
    },
    "Science": {
      "precision": 0.7241379310344828,
      "recall": 0.4827586206896552,
      "f1-score": 0.5793103448275863,
      "support": 87.0
    },
    "micro avg": {
      "precision": 0.5706214689265536,
      "recall": 0.505,
      "f1-score": 0.5358090185676393,
      "support": 1000.0
    },
    "macro avg": {
      "precision": 0.6106261191038586,
      "recall": 0.5076678479418885,
      "f1-score": 0.530540706663991,
      "support": 1000.0
    },
    "weighted avg": {
      "precision": 0.6058850228535032,
      "recall": 0.505,
      "f1-score": 0.5251219866164023,
      "support": 1000.0
    }
  },
  "accuracy": 0.505,
  "confusion_matrix": [
    [
      47,
      6,
      4,
      1,
      6,
      1,
      2,
      11,
      1,
      2
    ],
    [
      1,
      52,
      1,
      5,
      6,
      6,
      3,
      16,
      6,
      3
    ],
    [
      0,
      3,
      73,
      0,
      5,
      3,
      8,
      6,
      0,
      1
    ],
    [
      0,
      14,
      1,
      40,
      11,
      2,
      8,
      10,
      5,
      1
    ],
    [
      2,
      13,
      3,
      1,
      46,
      0,
      8,
      8,
      4,
      4
    ],
    [
      0,
      22,
      1,
      0,
      9,
      20,
      3,
      9,
      8,
      0
    ],
    [
      1,
      11,
      6,
      1,
      11,
      2,
      25,
      7,
      7,
      1
    ],
    [
      2,
      12,
      2,
      0,
      4,
      0,
      0,
      76,
      0,
      3
    ],
    [
      1,
      3,
      1,
      0,
      4,
      3,
      1,
      4,
      84,
      1
    ],
    [
      0,
      9,
      2,
      1,
      14,
      0,
      1,
      7,
      4,
      42
    ]
  ],
  "labels": [
    "Sports",
    "Culture",
    "Tech",
    "Politics",
    "Education",
    "Family",
    "Business",
    "Entertainment",
    "Health",
    "Science"
  ]
}