{
  "classification_report": {
    "Education": {
      "precision": 0.4117647058823529,
      "recall": 0.5894736842105263,
      "f1-score": 0.48484848484848486,
      "support": 95.0
    },
    "Tech": {
      "precision": 0.8020833333333334,
      "recall": 0.7549019607843137,
      "f1-score": 0.7777777777777778,
      "support": 102.0
    },
    "Health": {
      "precision": 0.7565217391304347,
      "recall": 0.8365384615384616,
      "f1-score": 0.7945205479452054,
      "support": 104.0
    },
    "Family": {
      "precision": 0.8021978021978022,
      "recall": 0.6083333333333333,
      "f1-score": 0.6919431279620853,
      "support": 120.0
    },
    "Entertainment": {
      "precision": 0.5968992248062015,
      "recall": 0.7264150943396226,
      "f1-score": 0.6553191489361702,
      "support": 106.0
    },
    "Politics": {
      "precision": 0.6493506493506493,
      "recall": 0.4672897196261682,
      "f1-score": 0.5434782608695652,
      "support": 107.0
    },
    "Science": {
      "precision": 0.6612903225806451,
      "recall": 0.47126436781609193,
      "f1-score": 0.5503355704697986,
      "support": 87.0
    },
    "Sports": {
      "precision": 0.9230769230769231,
      "recall": 0.7228915662650602,
      "f1-score": 0.8108108108108109,
      "support": 83.0
    },
    "Business": {
      "precision": 0.45454545454545453,
      "recall": 0.47058823529411764,
      "f1-score": 0.4624277456647399,
      "support": 85.0
    },
    "Culture": {
      "precision": 0.5486725663716814,
      "recall": 0.5585585585585585,
      "f1-score": 0.5535714285714286,
      "support": 111.0
    },
    "micro avg": {
      "precision": 0.6409465020576132,
      "recall": 0.623,
      "f1-score": 0.6318458417849898,
      "support": 1000.0
    },
    "macro avg": {
      "precision": 0.6606402721275477,
      "recall": 0.6206254981766255,
      "f1-score": 0.6325032903856067,
      "support": 1000.0
    },
    "weighted avg": {
      "precision": 0.6623106426856228,
      "recall": 0.623,
      "f1-score": 0.6346025343170696,
      "support": 1000.0
    }
  },
  "accuracy": 0.623,
  "confusion_matrix": [
    [
      56,
      1,
      2,
      0,
      5,
      4,
      6,
      1,
      10,
      5
    ],
    [
      3,
      77,
      0,
      1,
      6,
      1,
      2,
      0,
      7,
      5
    ],
    [
      6,
      4,
      87,
      1,
      1,
      2,
      1,
      1,
      0,
      1
    ],
    [
      7,
      2,
      5,
      73,
      4,
      2,
      0,
      1,
      5,
      13
    ],
    [
      5,
      1,
      2,
      1,
      77,
      1,
      1,
      1,
      6,
      7
    ],
    [
      14,
      1,
      3,
      1,
      10,
      50,
      2,
      0,
      12,
      9
    ],
    [
      25,
      2,
      8,
      0,
      3,
      2,
      41,
      0,
      3,
      1
    ],
    [
      5,
      3,
      0,
      0,
      6,
      2,
      3,
      60,
      2,
      2
    ],
    [
      11,
      5,
      3,
      7,
      4,
      4,
      2,
      0,
      40,
      8
    ],
    [
      4,
      0,
      5,
      7,
      13,
      9,
      4,
      1,
      3,
      62
    ]
  ],
  "labels": [
    "Education",
    "Tech",
    "Health",
    "Family",
    "Entertainment",
    "Politics",
    "Science",
    "Sports",
    "Business",
    "Culture"
  ]
}