{
  "classification_report": {
    "Culture": {
      "precision": 0.36363636363636365,
      "recall": 0.5765765765765766,
      "f1-score": 0.445993031358885,
      "support": 111.0
    },
    "Sports": {
      "precision": 0.7777777777777778,
      "recall": 0.6746987951807228,
      "f1-score": 0.7225806451612903,
      "support": 83.0
    },
    "Business": {
      "precision": 0.45714285714285713,
      "recall": 0.3764705882352941,
      "f1-score": 0.4129032258064516,
      "support": 85.0
    },
    "Health": {
      "precision": 0.7428571428571429,
      "recall": 0.75,
      "f1-score": 0.7464114832535885,
      "support": 104.0
    },
    "Tech": {
      "precision": 0.8061224489795918,
      "recall": 0.7745098039215687,
      "f1-score": 0.79,
      "support": 102.0
    },
    "Entertainment": {
      "precision": 0.6206896551724138,
      "recall": 0.5094339622641509,
      "f1-score": 0.5595854922279793,
      "support": 106.0
    },
    "Family": {
      "precision": 0.6066666666666667,
      "recall": 0.7583333333333333,
      "f1-score": 0.674074074074074,
      "support": 120.0
    },
    "Science": {
      "precision": 0.569620253164557,
      "recall": 0.5172413793103449,
      "f1-score": 0.5421686746987951,
      "support": 87.0
    },
    "Politics": {
      "precision": 0.5903614457831325,
      "recall": 0.45794392523364486,
      "f1-score": 0.5157894736842106,
      "support": 107.0
    },
    "Education": {
      "precision": 0.45,
      "recall": 0.37894736842105264,
      "f1-score": 0.4114285714285714,
      "support": 95.0
    },
    "accuracy": 0.584,
    "macro avg": {
      "precision": 0.5984874611180504,
      "recall": 0.5774155732476689,
      "f1-score": 0.5820934671693846,
      "support": 1000.0
    },
    "weighted avg": {
      "precision": 0.5973267076017835,
      "recall": 0.584,
      "f1-score": 0.5844318022149195,
      "support": 1000.0
    }
  },
  "accuracy": 0.584,
  "confusion_matrix": [
    [
      64,
      4,
      4,
      6,
      0,
      7,
      11,
      6,
      7,
      2
    ],
    [
      4,
      56,
      4,
      1,
      2,
      6,
      3,
      1,
      2,
      4
    ],
    [
      12,
      2,
      32,
      5,
      3,
      3,
      9,
      3,
      7,
      9
    ],
    [
      6,
      2,
      1,
      78,
      3,
      1,
      6,
      2,
      1,
      4
    ],
    [
      4,
      0,
      4,
      1,
      79,
      4,
      4,
      2,
      1,
      3
    ],
    [
      20,
      5,
      2,
      1,
      2,
      54,
      10,
      3,
      6,
      3
    ],
    [
      16,
      2,
      3,
      2,
      0,
      2,
      91,
      0,
      3,
      1
    ],
    [
      8,
      1,
      4,
      7,
      5,
      4,
      3,
      45,
      3,
      7
    ],
    [
      21,
      0,
      10,
      3,
      0,
      4,
      7,
      2,
      49,
      11
    ],
    [
      21,
      0,
      6,
      1,
      4,
      2,
      6,
      15,
      4,
      36
    ]
  ],
  "labels": [
    "Culture",
    "Sports",
    "Business",
    "Health",
    "Tech",
    "Entertainment",
    "Family",
    "Science",
    "Politics",
    "Education"
  ]
}