{
  "classification_report": {
    "Sports": {
      "precision": 0.8260869565217391,
      "recall": 0.6867469879518072,
      "f1-score": 0.75,
      "support": 83.0
    },
    "Tech": {
      "precision": 0.8222222222222222,
      "recall": 0.7254901960784313,
      "f1-score": 0.7708333333333334,
      "support": 102.0
    },
    "Education": {
      "precision": 0.42857142857142855,
      "recall": 0.47368421052631576,
      "f1-score": 0.45,
      "support": 95.0
    },
    "Family": {
      "precision": 0.6666666666666666,
      "recall": 0.6833333333333333,
      "f1-score": 0.6748971193415638,
      "support": 120.0
    },
    "Culture": {
      "precision": 0.3983739837398374,
      "recall": 0.44144144144144143,
      "f1-score": 0.4188034188034188,
      "support": 111.0
    },
    "Health": {
      "precision": 0.6557377049180327,
      "recall": 0.7692307692307693,
      "f1-score": 0.7079646017699115,
      "support": 104.0
    },
    "Business": {
      "precision": 0.38095238095238093,
      "recall": 0.2823529411764706,
      "f1-score": 0.32432432432432434,
      "support": 85.0
    },
    "Politics": {
      "precision": 0.5813953488372093,
      "recall": 0.4672897196261682,
      "f1-score": 0.5181347150259067,
      "support": 107.0
    },
    "Entertainment": {
      "precision": 0.5564516129032258,
      "recall": 0.6509433962264151,
      "f1-score": 0.6,
      "support": 106.0
    },
    "Science": {
      "precision": 0.6153846153846154,
      "recall": 0.45977011494252873,
      "f1-score": 0.5263157894736842,
      "support": 87.0
    },
    "micro avg": {
      "precision": 0.5876288659793815,
      "recall": 0.57,
      "f1-score": 0.5786802030456852,
      "support": 1000.0
    },
    "macro avg": {
      "precision": 0.5931842920717358,
      "recall": 0.5640283110533681,
      "f1-score": 0.5741273302072142,
      "support": 1000.0
    },
    "weighted avg": {
      "precision": 0.5926749904915913,
      "recall": 0.57,
      "f1-score": 0.577125608151788,
      "support": 1000.0
    }
  },
  "accuracy": 0.57,
  "confusion_matrix": [
    [
      57,
      3,
      3,
      1,
      3,
      2,
      2,
      2,
      7,
      1
    ],
    [
      1,
      74,
      2,
      3,
      5,
      2,
      6,
      1,
      4,
      2
    ],
    [
      3,
      4,
      45,
      2,
      12,
      3,
      9,
      4,
      4,
      9
    ],
    [
      0,
      0,
      3,
      82,
      10,
      4,
      2,
      3,
      4,
      0
    ],
    [
      3,
      0,
      4,
      13,
      49,
      10,
      4,
      10,
      11,
      4
    ],
    [
      1,
      1,
      3,
      6,
      1,
      80,
      0,
      2,
      2,
      2
    ],
    [
      2,
      4,
      12,
      7,
      12,
      6,
      24,
      6,
      8,
      3
    ],
    [
      0,
      1,
      10,
      5,
      14,
      6,
      8,
      50,
      8,
      2
    ],
    [
      2,
      0,
      4,
      3,
      15,
      3,
      3,
      4,
      69,
      2
    ],
    [
      0,
      3,
      19,
      1,
      2,
      6,
      5,
      4,
      7,
      40
    ]
  ],
  "labels": [
    "Sports",
    "Tech",
    "Education",
    "Family",
    "Culture",
    "Health",
    "Business",
    "Politics",
    "Entertainment",
    "Science"
  ]
}