{
  "classification_report": {
    "Entertainment": {
      "precision": 0.5853658536585366,
      "recall": 0.6792452830188679,
      "f1-score": 0.62882096069869,
      "support": 106.0
    },
    "Education": {
      "precision": 0.4444444444444444,
      "recall": 0.42105263157894735,
      "f1-score": 0.43243243243243246,
      "support": 95.0
    },
    "Health": {
      "precision": 0.6953125,
      "recall": 0.8557692307692307,
      "f1-score": 0.7672413793103449,
      "support": 104.0
    },
    "Family": {
      "precision": 0.6716417910447762,
      "recall": 0.75,
      "f1-score": 0.7086614173228346,
      "support": 120.0
    },
    "Culture": {
      "precision": 0.4178082191780822,
      "recall": 0.5495495495495496,
      "f1-score": 0.47470817120622566,
      "support": 111.0
    },
    "Business": {
      "precision": 0.44776119402985076,
      "recall": 0.35294117647058826,
      "f1-score": 0.39473684210526316,
      "support": 85.0
    },
    "Tech": {
      "precision": 0.7894736842105263,
      "recall": 0.7352941176470589,
      "f1-score": 0.7614213197969543,
      "support": 102.0
    },
    "Sports": {
      "precision": 0.873015873015873,
      "recall": 0.6626506024096386,
      "f1-score": 0.7534246575342466,
      "support": 83.0
    },
    "Politics": {
      "precision": 0.6923076923076923,
      "recall": 0.5046728971962616,
      "f1-score": 0.5837837837837838,
      "support": 107.0
    },
    "Science": {
      "precision": 0.5972222222222222,
      "recall": 0.4942528735632184,
      "f1-score": 0.5408805031446541,
      "support": 87.0
    },
    "micro avg": {
      "precision": 0.6114457831325302,
      "recall": 0.609,
      "f1-score": 0.6102204408817635,
      "support": 1000.0
    },
    "macro avg": {
      "precision": 0.6214353474112004,
      "recall": 0.6005428362203362,
      "f1-score": 0.604611146733543,
      "support": 1000.0
    },
    "weighted avg": {
      "precision": 0.6206388211167523,
      "recall": 0.609,
      "f1-score": 0.6085345048580784,
      "support": 1000.0
    }
  },
  "accuracy": 0.609,
  "confusion_matrix": [
    [
      72,
      4,
      2,
      3,
      15,
      3,
      2,
      1,
      3,
      1
    ],
    [
      6,
      40,
      3,
      5,
      11,
      10,
      4,
      2,
      2,
      11
    ],
    [
      2,
      2,
      89,
      5,
      1,
      0,
      1,
      2,
      1,
      1
    ],
    [
      3,
      4,
      1,
      90,
      19,
      2,
      0,
      0,
      1,
      0
    ],
    [
      11,
      3,
      10,
      9,
      61,
      3,
      0,
      1,
      6,
      4
    ],
    [
      5,
      6,
      7,
      9,
      11,
      30,
      5,
      1,
      7,
      4
    ],
    [
      6,
      2,
      4,
      3,
      2,
      7,
      75,
      0,
      1,
      2
    ],
    [
      6,
      4,
      2,
      1,
      6,
      3,
      2,
      55,
      1,
      3
    ],
    [
      7,
      10,
      2,
      7,
      16,
      7,
      0,
      1,
      54,
      3
    ],
    [
      5,
      15,
      8,
      2,
      4,
      2,
      6,
      0,
      2,
      43
    ]
  ],
  "labels": [
    "Entertainment",
    "Education",
    "Health",
    "Family",
    "Culture",
    "Business",
    "Tech",
    "Sports",
    "Politics",
    "Science"
  ]
}