{
  "classification_report": {
    "Education": {
      "precision": 0.32075471698113206,
      "recall": 0.35789473684210527,
      "f1-score": 0.3383084577114428,
      "support": 95.0
    },
    "Health": {
      "precision": 0.6261682242990654,
      "recall": 0.6442307692307693,
      "f1-score": 0.6350710900473934,
      "support": 104.0
    },
    "Family": {
      "precision": 0.48672566371681414,
      "recall": 0.4583333333333333,
      "f1-score": 0.4721030042918455,
      "support": 120.0
    },
    "Business": {
      "precision": 0.38961038961038963,
      "recall": 0.35294117647058826,
      "f1-score": 0.37037037037037035,
      "support": 85.0
    },
    "Culture": {
      "precision": 0.30434782608695654,
      "recall": 0.5045045045045045,
      "f1-score": 0.37966101694915255,
      "support": 111.0
    },
    "Entertainment": {
      "precision": 0.48214285714285715,
      "recall": 0.5094339622641509,
      "f1-score": 0.4954128440366973,
      "support": 106.0
    },
    "Sports": {
      "precision": 0.7547169811320755,
      "recall": 0.4819277108433735,
      "f1-score": 0.5882352941176471,
      "support": 83.0
    },
    "Tech": {
      "precision": 0.6593406593406593,
      "recall": 0.5882352941176471,
      "f1-score": 0.6217616580310881,
      "support": 102.0
    },
    "Science": {
      "precision": 0.639344262295082,
      "recall": 0.4482758620689655,
      "f1-score": 0.527027027027027,
      "support": 87.0
    },
    "Politics": {
      "precision": 0.7090909090909091,
      "recall": 0.3644859813084112,
      "f1-score": 0.48148148148148145,
      "support": 107.0
    },
    "micro avg": {
      "precision": 0.4942648592283629,
      "recall": 0.474,
      "f1-score": 0.48392036753445633,
      "support": 1000.0
    },
    "macro avg": {
      "precision": 0.5372242489695941,
      "recall": 0.4710263330983849,
      "f1-score": 0.4909432244064146,
      "support": 1000.0
    },
    "weighted avg": {
      "precision": 0.5333968425351152,
      "recall": 0.474,
      "f1-score": 0.49058976159407036,
      "support": 1000.0
    }
  },
  "accuracy": 0.474,
  "confusion_matrix": [
    [
      34,
      4,
      6,
      10,
      21,
      5,
      0,
      5,
      8,
      2
    ],
    [
      6,
      67,
      6,
      2,
      6,
      3,
      2,
      1,
      1,
      1
    ],
    [
      6,
      9,
      55,
      3,
      29,
      5,
      1,
      3,
      0,
      2
    ],
    [
      9,
      7,
      8,
      30,
      13,
      7,
      1,
      8,
      0,
      2
    ],
    [
      8,
      6,
      14,
      1,
      56,
      13,
      3,
      1,
      3,
      5
    ],
    [
      6,
      0,
      8,
      6,
      20,
      54,
      4,
      3,
      4,
      0
    ],
    [
      10,
      0,
      2,
      1,
      6,
      10,
      40,
      3,
      1,
      2
    ],
    [
      3,
      1,
      6,
      8,
      6,
      5,
      0,
      60,
      2,
      1
    ],
    [
      11,
      10,
      1,
      5,
      6,
      5,
      2,
      6,
      39,
      1
    ],
    [
      13,
      3,
      7,
      11,
      21,
      5,
      0,
      1,
      3,
      39
    ]
  ],
  "labels": [
    "Education",
    "Health",
    "Family",
    "Business",
    "Culture",
    "Entertainment",
    "Sports",
    "Tech",
    "Science",
    "Politics"
  ]
}