{
  "classification_report": {
    "Business": {
      "precision": 0.29411764705882354,
      "recall": 0.23529411764705882,
      "f1-score": 0.26143790849673204,
      "support": 85.0
    },
    "Entertainment": {
      "precision": 0.34210526315789475,
      "recall": 0.36792452830188677,
      "f1-score": 0.35454545454545455,
      "support": 106.0
    },
    "Science": {
      "precision": 0.2916666666666667,
      "recall": 0.2413793103448276,
      "f1-score": 0.2641509433962264,
      "support": 87.0
    },
    "Politics": {
      "precision": 0.4878048780487805,
      "recall": 0.37383177570093457,
      "f1-score": 0.42328042328042326,
      "support": 107.0
    },
    "Sports": {
      "precision": 0.7777777777777778,
      "recall": 0.5060240963855421,
      "f1-score": 0.6131386861313869,
      "support": 83.0
    },
    "Health": {
      "precision": 0.48148148148148145,
      "recall": 0.375,
      "f1-score": 0.42162162162162165,
      "support": 104.0
    },
    "Family": {
      "precision": 0.47586206896551725,
      "recall": 0.575,
      "f1-score": 0.5207547169811321,
      "support": 120.0
    },
    "Tech": {
      "precision": 0.47,
      "recall": 0.46078431372549017,
      "f1-score": 0.46534653465346537,
      "support": 102.0
    },
    "Education": {
      "precision": 0.3023255813953488,
      "recall": 0.2736842105263158,
      "f1-score": 0.287292817679558,
      "support": 95.0
    },
    "Culture": {
      "precision": 0.23756906077348067,
      "recall": 0.38738738738738737,
      "f1-score": 0.2945205479452055,
      "support": 111.0
    },
    "micro avg": {
      "precision": 0.392675483214649,
      "recall": 0.386,
      "f1-score": 0.38930912758446795,
      "support": 1000.0
    },
    "macro avg": {
      "precision": 0.4160710425325772,
      "recall": 0.3796309740019443,
      "f1-score": 0.3906089654731206,
      "support": 1000.0
    },
    "weighted avg": {
      "precision": 0.41359745372986256,
      "recall": 0.386,
      "f1-score": 0.39275584844193634,
      "support": 1000.0
    }
  },
  "accuracy": 0.386,
  "confusion_matrix": [
    [
      20,
      10,
      1,
      5,
      0,
      8,
      12,
      8,
      5,
      14
    ],
    [
      6,
      39,
      8,
      5,
      2,
      6,
      10,
      7,
      9,
      13
    ],
    [
      3,
      8,
      21,
      2,
      2,
      8,
      7,
      9,
      12,
      13
    ],
    [
      6,
      6,
      3,
      40,
      2,
      8,
      8,
      6,
      7,
      20
    ],
    [
      3,
      8,
      5,
      2,
      42,
      1,
      3,
      3,
      2,
      14
    ],
    [
      5,
      13,
      8,
      3,
      0,
      39,
      9,
      8,
      5,
      11
    ],
    [
      2,
      3,
      2,
      7,
      0,
      4,
      69,
      1,
      7,
      22
    ],
    [
      13,
      9,
      4,
      1,
      1,
      3,
      7,
      47,
      3,
      12
    ],
    [
      7,
      5,
      11,
      9,
      2,
      0,
      8,
      6,
      26,
      19
    ],
    [
      3,
      13,
      9,
      8,
      3,
      4,
      12,
      5,
      10,
      43
    ]
  ],
  "labels": [
    "Business",
    "Entertainment",
    "Science",
    "Politics",
    "Sports",
    "Health",
    "Family",
    "Tech",
    "Education",
    "Culture"
  ]
}