{
  "classification_report": {
    "Science": {
      "precision": 0.6727272727272727,
      "recall": 0.42528735632183906,
      "f1-score": 0.5211267605633803,
      "support": 87.0
    },
    "Family": {
      "precision": 0.6410256410256411,
      "recall": 0.4166666666666667,
      "f1-score": 0.5050505050505051,
      "support": 120.0
    },
    "Culture": {
      "precision": 0.4875,
      "recall": 0.35135135135135137,
      "f1-score": 0.4083769633507853,
      "support": 111.0
    },
    "Politics": {
      "precision": 0.7321428571428571,
      "recall": 0.38317757009345793,
      "f1-score": 0.5030674846625767,
      "support": 107.0
    },
    "Education": {
      "precision": 0.4411764705882353,
      "recall": 0.47368421052631576,
      "f1-score": 0.45685279187817257,
      "support": 95.0
    },
    "Entertainment": {
      "precision": 0.504,
      "recall": 0.5943396226415094,
      "f1-score": 0.5454545454545454,
      "support": 106.0
    },
    "Business": {
      "precision": 0.44642857142857145,
      "recall": 0.29411764705882354,
      "f1-score": 0.3546099290780142,
      "support": 85.0
    },
    "Tech": {
      "precision": 0.8095238095238095,
      "recall": 0.6666666666666666,
      "f1-score": 0.7311827956989247,
      "support": 102.0
    },
    "Health": {
      "precision": 0.6422018348623854,
      "recall": 0.6730769230769231,
      "f1-score": 0.6572769953051644,
      "support": 104.0
    },
    "Sports": {
      "precision": 0.88,
      "recall": 0.5301204819277109,
      "f1-score": 0.6616541353383458,
      "support": 83.0
    },
    "micro avg": {
      "precision": 0.6062893081761006,
      "recall": 0.482,
      "f1-score": 0.5370473537604457,
      "support": 1000.0
    },
    "macro avg": {
      "precision": 0.6256726457298772,
      "recall": 0.48084884963312646,
      "f1-score": 0.5344652906380414,
      "support": 1000.0
    },
    "weighted avg": {
      "precision": 0.6235847480390629,
      "recall": 0.482,
      "f1-score": 0.534317939490257,
      "support": 1000.0
    }
  },
  "accuracy": 0.482,
  "confusion_matrix": [
    [
      37,
      2,
      1,
      0,
      21,
      6,
      5,
      1,
      7,
      0
    ],
    [
      0,
      50,
      5,
      1,
      3,
      6,
      3,
      0,
      4,
      0
    ],
    [
      3,
      8,
      39,
      6,
      5,
      15,
      1,
      0,
      9,
      3
    ],
    [
      1,
      4,
      8,
      41,
      12,
      8,
      6,
      1,
      5,
      0
    ],
    [
      5,
      3,
      6,
      3,
      45,
      4,
      6,
      3,
      3,
      0
    ],
    [
      1,
      3,
      12,
      1,
      2,
      63,
      2,
      2,
      4,
      0
    ],
    [
      1,
      4,
      3,
      3,
      6,
      9,
      25,
      5,
      5,
      2
    ],
    [
      2,
      2,
      4,
      0,
      2,
      3,
      3,
      68,
      0,
      0
    ],
    [
      2,
      2,
      0,
      0,
      3,
      3,
      1,
      2,
      70,
      1
    ],
    [
      3,
      0,
      2,
      1,
      3,
      8,
      4,
      2,
      2,
      44
    ]
  ],
  "labels": [
    "Science",
    "Family",
    "Culture",
    "Politics",
    "Education",
    "Entertainment",
    "Business",
    "Tech",
    "Health",
    "Sports"
  ]
}