{
  "classification_report": {
    "Science": {
      "precision": 0.6785714285714286,
      "recall": 0.21839080459770116,
      "f1-score": 0.33043478260869563,
      "support": 87.0
    },
    "Entertainment": {
      "precision": 0.7454545454545455,
      "recall": 0.3867924528301887,
      "f1-score": 0.5093167701863354,
      "support": 106.0
    },
    "Business": {
      "precision": 0.5,
      "recall": 0.08235294117647059,
      "f1-score": 0.1414141414141414,
      "support": 85.0
    },
    "Family": {
      "precision": 0.5,
      "recall": 0.03333333333333333,
      "f1-score": 0.0625,
      "support": 120.0
    },
    "Tech": {
      "precision": 0.8936170212765957,
      "recall": 0.4117647058823529,
      "f1-score": 0.5637583892617449,
      "support": 102.0
    },
    "Education": {
      "precision": 0.509090909090909,
      "recall": 0.29473684210526313,
      "f1-score": 0.37333333333333335,
      "support": 95.0
    },
    "Sports": {
      "precision": 0.9583333333333334,
      "recall": 0.5542168674698795,
      "f1-score": 0.7022900763358778,
      "support": 83.0
    },
    "Culture": {
      "precision": 0.38,
      "recall": 0.17117117117117117,
      "f1-score": 0.2360248447204969,
      "support": 111.0
    },
    "Politics": {
      "precision": 0.8333333333333334,
      "recall": 0.2336448598130841,
      "f1-score": 0.36496350364963503,
      "support": 107.0
    },
    "Health": {
      "precision": 0.8192771084337349,
      "recall": 0.6538461538461539,
      "f1-score": 0.7272727272727273,
      "support": 104.0
    },
    "micro avg": {
      "precision": 0.715311004784689,
      "recall": 0.299,
      "f1-score": 0.4217207334273625,
      "support": 1000.0
    },
    "macro avg": {
      "precision": 0.681767767949388,
      "recall": 0.30402501322255987,
      "f1-score": 0.40113085687829886,
      "support": 1000.0
    },
    "weighted avg": {
      "precision": 0.676159621248187,
      "recall": 0.299,
      "f1-score": 0.3944019207450023,
      "support": 1000.0
    }
  },
  "accuracy": 0.299,
  "confusion_matrix": [
    [
      19,
      2,
      0,
      0,
      1,
      9,
      0,
      1,
      1,
      5
    ],
    [
      1,
      41,
      0,
      1,
      0,
      3,
      0,
      8,
      0,
      0
    ],
    [
      1,
      4,
      7,
      1,
      2,
      3,
      0,
      4,
      0,
      3
    ],
    [
      0,
      0,
      0,
      4,
      0,
      2,
      0,
      0,
      0,
      1
    ],
    [
      0,
      1,
      1,
      1,
      42,
      2,
      0,
      1,
      0,
      0
    ],
    [
      2,
      1,
      4,
      0,
      1,
      28,
      0,
      6,
      0,
      2
    ],
    [
      1,
      2,
      0,
      0,
      1,
      1,
      46,
      3,
      0,
      0
    ],
    [
      2,
      0,
      1,
      0,
      0,
      1,
      1,
      19,
      4,
      2
    ],
    [
      1,
      3,
      1,
      1,
      0,
      5,
      0,
      7,
      25,
      2
    ],
    [
      1,
      1,
      0,
      0,
      0,
      1,
      1,
      1,
      0,
      68
    ]
  ],
  "labels": [
    "Science",
    "Entertainment",
    "Business",
    "Family",
    "Tech",
    "Education",
    "Sports",
    "Culture",
    "Politics",
    "Health"
  ]
}