{
  "classification_report": {
    "Business": {
      "precision": 0.4074074074074074,
      "recall": 0.38823529411764707,
      "f1-score": 0.39759036144578314,
      "support": 85.0
    },
    "Politics": {
      "precision": 0.4957983193277311,
      "recall": 0.5514018691588785,
      "f1-score": 0.5221238938053098,
      "support": 107.0
    },
    "Entertainment": {
      "precision": 0.4484848484848485,
      "recall": 0.6981132075471698,
      "f1-score": 0.5461254612546126,
      "support": 106.0
    },
    "Culture": {
      "precision": 0.38144329896907214,
      "recall": 0.3333333333333333,
      "f1-score": 0.3557692307692308,
      "support": 111.0
    },
    "Tech": {
      "precision": 0.6909090909090909,
      "recall": 0.7450980392156863,
      "f1-score": 0.7169811320754716,
      "support": 102.0
    },
    "Sports": {
      "precision": 0.8979591836734694,
      "recall": 0.5301204819277109,
      "f1-score": 0.6666666666666666,
      "support": 83.0
    },
    "Health": {
      "precision": 0.52,
      "recall": 0.75,
      "f1-score": 0.6141732283464567,
      "support": 104.0
    },
    "Science": {
      "precision": 0.47058823529411764,
      "recall": 0.45977011494252873,
      "f1-score": 0.46511627906976744,
      "support": 87.0
    },
    "Education": {
      "precision": 0.45098039215686275,
      "recall": 0.24210526315789474,
      "f1-score": 0.3150684931506849,
      "support": 95.0
    },
    "Family": {
      "precision": 0.5932203389830508,
      "recall": 0.2916666666666667,
      "f1-score": 0.39106145251396646,
      "support": 120.0
    },
    "micro avg": {
      "precision": 0.5165631469979296,
      "recall": 0.499,
      "f1-score": 0.5076297049847406,
      "support": 1000.0
    },
    "macro avg": {
      "precision": 0.5356791115205651,
      "recall": 0.49898442700675166,
      "f1-score": 0.4990676199097949,
      "support": 1000.0
    },
    "weighted avg": {
      "precision": 0.5316137438437393,
      "recall": 0.499,
      "f1-score": 0.496705542851557,
      "support": 1000.0
    }
  },
  "accuracy": 0.499,
  "confusion_matrix": [
    [
      33,
      4,
      9,
      7,
      6,
      1,
      11,
      3,
      3,
      6
    ],
    [
      14,
      59,
      8,
      6,
      0,
      0,
      6,
      5,
      2,
      4
    ],
    [
      0,
      6,
      74,
      11,
      3,
      1,
      3,
      5,
      1,
      1
    ],
    [
      2,
      23,
      16,
      37,
      1,
      0,
      15,
      7,
      2,
      6
    ],
    [
      6,
      2,
      5,
      0,
      76,
      0,
      0,
      5,
      2,
      4
    ],
    [
      5,
      2,
      12,
      5,
      6,
      44,
      2,
      2,
      4,
      0
    ],
    [
      0,
      4,
      4,
      4,
      5,
      1,
      78,
      6,
      1,
      1
    ],
    [
      8,
      5,
      6,
      2,
      2,
      0,
      11,
      40,
      13,
      0
    ],
    [
      12,
      9,
      11,
      7,
      7,
      0,
      7,
      12,
      23,
      2
    ],
    [
      1,
      5,
      20,
      18,
      4,
      2,
      17,
      0,
      0,
      35
    ]
  ],
  "labels": [
    "Business",
    "Politics",
    "Entertainment",
    "Culture",
    "Tech",
    "Sports",
    "Health",
    "Science",
    "Education",
    "Family"
  ]
}