{
  "classification_report": {
    "Business": {
      "precision": 0.5,
      "recall": 0.4588235294117647,
      "f1-score": 0.4785276073619632,
      "support": 85.0
    },
    "Sports": {
      "precision": 0.859375,
      "recall": 0.6626506024096386,
      "f1-score": 0.7482993197278912,
      "support": 83.0
    },
    "Politics": {
      "precision": 0.627906976744186,
      "recall": 0.5046728971962616,
      "f1-score": 0.5595854922279793,
      "support": 107.0
    },
    "Education": {
      "precision": 0.48936170212765956,
      "recall": 0.4842105263157895,
      "f1-score": 0.48677248677248675,
      "support": 95.0
    },
    "Tech": {
      "precision": 0.8620689655172413,
      "recall": 0.7352941176470589,
      "f1-score": 0.7936507936507936,
      "support": 102.0
    },
    "Entertainment": {
      "precision": 0.584070796460177,
      "recall": 0.6226415094339622,
      "f1-score": 0.6027397260273972,
      "support": 106.0
    },
    "Science": {
      "precision": 0.6984126984126984,
      "recall": 0.5057471264367817,
      "f1-score": 0.5866666666666667,
      "support": 87.0
    },
    "Family": {
      "precision": 0.6818181818181818,
      "recall": 0.75,
      "f1-score": 0.7142857142857143,
      "support": 120.0
    },
    "Health": {
      "precision": 0.5974025974025974,
      "recall": 0.8846153846153846,
      "f1-score": 0.7131782945736435,
      "support": 104.0
    },
    "Culture": {
      "precision": 0.4263565891472868,
      "recall": 0.4954954954954955,
      "f1-score": 0.4583333333333333,
      "support": 111.0
    },
    "accuracy": 0.616,
    "macro avg": {
      "precision": 0.6326773507630029,
      "recall": 0.6104151188962137,
      "f1-score": 0.614203943462787,
      "support": 1000.0
    },
    "weighted avg": {
      "precision": 0.6293816102265984,
      "recall": 0.616,
      "f1-score": 0.6155453443361916,
      "support": 1000.0
    }
  },
  "accuracy": 0.616,
  "confusion_matrix": [
    [
      39,
      1,
      6,
      7,
      4,
      5,
      2,
      9,
      7,
      5
    ],
    [
      3,
      55,
      0,
      4,
      3,
      7,
      2,
      2,
      4,
      3
    ],
    [
      11,
      0,
      54,
      7,
      0,
      6,
      3,
      5,
      5,
      16
    ],
    [
      10,
      0,
      4,
      46,
      2,
      4,
      7,
      5,
      4,
      13
    ],
    [
      7,
      1,
      1,
      3,
      75,
      6,
      1,
      1,
      4,
      3
    ],
    [
      1,
      4,
      4,
      5,
      0,
      66,
      1,
      5,
      2,
      18
    ],
    [
      3,
      0,
      2,
      14,
      1,
      4,
      44,
      1,
      13,
      5
    ],
    [
      2,
      0,
      3,
      2,
      0,
      2,
      1,
      90,
      10,
      10
    ],
    [
      0,
      1,
      1,
      4,
      2,
      1,
      0,
      2,
      92,
      1
    ],
    [
      2,
      2,
      11,
      2,
      0,
      12,
      2,
      12,
      13,
      55
    ]
  ],
  "labels": [
    "Business",
    "Sports",
    "Politics",
    "Education",
    "Tech",
    "Entertainment",
    "Science",
    "Family",
    "Health",
    "Culture"
  ]
}