{
  "classification_report": {
    "Science": {
      "precision": 0.7045454545454546,
      "recall": 0.3563218390804598,
      "f1-score": 0.4732824427480916,
      "support": 87.0
    },
    "Family": {
      "precision": 0.71875,
      "recall": 0.19166666666666668,
      "f1-score": 0.3026315789473684,
      "support": 120.0
    },
    "Business": {
      "precision": 0.5319148936170213,
      "recall": 0.29411764705882354,
      "f1-score": 0.3787878787878788,
      "support": 85.0
    },
    "Politics": {
      "precision": 0.734375,
      "recall": 0.4392523364485981,
      "f1-score": 0.5497076023391813,
      "support": 107.0
    },
    "Education": {
      "precision": 0.4489795918367347,
      "recall": 0.4631578947368421,
      "f1-score": 0.45595854922279794,
      "support": 95.0
    },
    "Tech": {
      "precision": 0.7263157894736842,
      "recall": 0.6764705882352942,
      "f1-score": 0.700507614213198,
      "support": 102.0
    },
    "Sports": {
      "precision": 0.9285714285714286,
      "recall": 0.6265060240963856,
      "f1-score": 0.7482014388489209,
      "support": 83.0
    },
    "Health": {
      "precision": 0.7047619047619048,
      "recall": 0.7115384615384616,
      "f1-score": 0.7081339712918661,
      "support": 104.0
    },
    "Culture": {
      "precision": 0.4014084507042254,
      "recall": 0.5135135135135135,
      "f1-score": 0.4505928853754941,
      "support": 111.0
    },
    "Entertainment": {
      "precision": 0.6631578947368421,
      "recall": 0.5943396226415094,
      "f1-score": 0.6268656716417911,
      "support": 106.0
    },
    "micro avg": {
      "precision": 0.6233933161953727,
      "recall": 0.485,
      "f1-score": 0.545556805399325,
      "support": 1000.0
    },
    "macro avg": {
      "precision": 0.6562780408247295,
      "recall": 0.4866884594016554,
      "f1-score": 0.5394669633416589,
      "support": 1000.0
    },
    "weighted avg": {
      "precision": 0.6532913587906479,
      "recall": 0.485,
      "f1-score": 0.5354851078754664,
      "support": 1000.0
    }
  },
  "accuracy": 0.485,
  "confusion_matrix": [
    [
      31,
      0,
      1,
      1,
      20,
      7,
      0,
      8,
      6,
      2
    ],
    [
      1,
      23,
      0,
      1,
      4,
      1,
      0,
      5,
      16,
      4
    ],
    [
      2,
      0,
      25,
      3,
      5,
      5,
      1,
      2,
      10,
      5
    ],
    [
      0,
      4,
      5,
      47,
      6,
      1,
      0,
      5,
      15,
      5
    ],
    [
      7,
      1,
      8,
      3,
      44,
      1,
      0,
      3,
      11,
      4
    ],
    [
      0,
      1,
      4,
      0,
      3,
      69,
      0,
      0,
      4,
      2
    ],
    [
      1,
      0,
      3,
      0,
      6,
      6,
      52,
      0,
      4,
      3
    ],
    [
      0,
      1,
      0,
      1,
      3,
      2,
      1,
      74,
      2,
      1
    ],
    [
      2,
      2,
      1,
      8,
      3,
      0,
      1,
      7,
      57,
      6
    ],
    [
      0,
      0,
      0,
      0,
      4,
      3,
      1,
      1,
      17,
      63
    ]
  ],
  "labels": [
    "Science",
    "Family",
    "Business",
    "Politics",
    "Education",
    "Tech",
    "Sports",
    "Health",
    "Culture",
    "Entertainment"
  ]
}