{
  "classification_report": {
    "Politics": {
      "precision": 0.6590909090909091,
      "recall": 0.5420560747663551,
      "f1-score": 0.5948717948717949,
      "support": 107.0
    },
    "Education": {
      "precision": 0.46846846846846846,
      "recall": 0.5473684210526316,
      "f1-score": 0.5048543689320388,
      "support": 95.0
    },
    "Family": {
      "precision": 0.7480314960629921,
      "recall": 0.7916666666666666,
      "f1-score": 0.7692307692307693,
      "support": 120.0
    },
    "Entertainment": {
      "precision": 0.5766423357664233,
      "recall": 0.7452830188679245,
      "f1-score": 0.6502057613168725,
      "support": 106.0
    },
    "Health": {
      "precision": 0.7131147540983607,
      "recall": 0.8365384615384616,
      "f1-score": 0.7699115044247787,
      "support": 104.0
    },
    "Sports": {
      "precision": 0.8333333333333334,
      "recall": 0.6626506024096386,
      "f1-score": 0.738255033557047,
      "support": 83.0
    },
    "Culture": {
      "precision": 0.4563106796116505,
      "recall": 0.42342342342342343,
      "f1-score": 0.4392523364485981,
      "support": 111.0
    },
    "Business": {
      "precision": 0.5063291139240507,
      "recall": 0.47058823529411764,
      "f1-score": 0.4878048780487805,
      "support": 85.0
    },
    "Tech": {
      "precision": 0.7938144329896907,
      "recall": 0.7549019607843137,
      "f1-score": 0.7738693467336684,
      "support": 102.0
    },
    "Science": {
      "precision": 0.6818181818181818,
      "recall": 0.5172413793103449,
      "f1-score": 0.5882352941176471,
      "support": 87.0
    },
    "micro avg": {
      "precision": 0.6375502008032129,
      "recall": 0.635,
      "f1-score": 0.6362725450901804,
      "support": 1000.0
    },
    "macro avg": {
      "precision": 0.643695370516406,
      "recall": 0.6291718244113877,
      "f1-score": 0.6316491087681996,
      "support": 1000.0
    },
    "weighted avg": {
      "precision": 0.6432214140924957,
      "recall": 0.635,
      "f1-score": 0.6345194822875286,
      "support": 1000.0
    }
  },
  "accuracy": 0.635,
  "confusion_matrix": [
    [
      58,
      8,
      3,
      6,
      3,
      0,
      16,
      10,
      0,
      1
    ],
    [
      4,
      52,
      3,
      6,
      2,
      0,
      9,
      8,
      3,
      7
    ],
    [
      2,
      5,
      95,
      4,
      4,
      2,
      5,
      3,
      0,
      0
    ],
    [
      1,
      5,
      2,
      79,
      2,
      3,
      10,
      3,
      0,
      1
    ],
    [
      2,
      5,
      2,
      0,
      87,
      2,
      1,
      0,
      5,
      0
    ],
    [
      1,
      3,
      1,
      6,
      1,
      55,
      3,
      4,
      4,
      5
    ],
    [
      13,
      4,
      11,
      19,
      9,
      2,
      47,
      1,
      1,
      4
    ],
    [
      5,
      8,
      9,
      6,
      4,
      0,
      7,
      40,
      3,
      2
    ],
    [
      0,
      3,
      1,
      7,
      2,
      1,
      3,
      7,
      77,
      1
    ],
    [
      2,
      18,
      0,
      4,
      8,
      1,
      2,
      3,
      4,
      45
    ]
  ],
  "labels": [
    "Politics",
    "Education",
    "Family",
    "Entertainment",
    "Health",
    "Sports",
    "Culture",
    "Business",
    "Tech",
    "Science"
  ]
}