{
  "classification_report": {
    "Entertainment": {
      "precision": 0.4580152671755725,
      "recall": 0.5660377358490566,
      "f1-score": 0.5063291139240507,
      "support": 106.0
    },
    "Business": {
      "precision": 0.3723404255319149,
      "recall": 0.4117647058823529,
      "f1-score": 0.39106145251396646,
      "support": 85.0
    },
    "Sports": {
      "precision": 0.8809523809523809,
      "recall": 0.4457831325301205,
      "f1-score": 0.592,
      "support": 83.0
    },
    "Tech": {
      "precision": 0.9411764705882353,
      "recall": 0.47058823529411764,
      "f1-score": 0.6274509803921569,
      "support": 102.0
    },
    "Science": {
      "precision": 0.4523809523809524,
      "recall": 0.4367816091954023,
      "f1-score": 0.4444444444444444,
      "support": 87.0
    },
    "Health": {
      "precision": 0.5615384615384615,
      "recall": 0.7019230769230769,
      "f1-score": 0.6239316239316239,
      "support": 104.0
    },
    "Family": {
      "precision": 0.8,
      "recall": 0.1,
      "f1-score": 0.17777777777777778,
      "support": 120.0
    },
    "Politics": {
      "precision": 0.6086956521739131,
      "recall": 0.3925233644859813,
      "f1-score": 0.4772727272727273,
      "support": 107.0
    },
    "Education": {
      "precision": 0.35185185185185186,
      "recall": 0.2,
      "f1-score": 0.2550335570469799,
      "support": 95.0
    },
    "Culture": {
      "precision": 0.2857142857142857,
      "recall": 0.23423423423423423,
      "f1-score": 0.25742574257425743,
      "support": 111.0
    },
    "micro avg": {
      "precision": 0.5124835742444153,
      "recall": 0.39,
      "f1-score": 0.44293015332197616,
      "support": 1000.0
    },
    "macro avg": {
      "precision": 0.5712665747907568,
      "recall": 0.3959636094394342,
      "f1-score": 0.43527274198779853,
      "support": 1000.0
    },
    "weighted avg": {
      "precision": 0.5733453913898342,
      "recall": 0.39,
      "f1-score": 0.4288066255919129,
      "support": 1000.0
    }
  },
  "accuracy": 0.39,
  "confusion_matrix": [
    [
      60,
      3,
      2,
      1,
      3,
      4,
      0,
      1,
      2,
      13
    ],
    [
      8,
      35,
      1,
      1,
      5,
      7,
      1,
      4,
      1,
      3
    ],
    [
      13,
      5,
      37,
      0,
      5,
      2,
      0,
      1,
      3,
      4
    ],
    [
      7,
      10,
      0,
      48,
      3,
      9,
      0,
      1,
      3,
      1
    ],
    [
      1,
      6,
      1,
      0,
      38,
      11,
      0,
      0,
      11,
      7
    ],
    [
      2,
      3,
      1,
      0,
      6,
      73,
      0,
      2,
      3,
      3
    ],
    [
      10,
      5,
      0,
      0,
      0,
      4,
      12,
      2,
      3,
      12
    ],
    [
      5,
      8,
      0,
      0,
      4,
      4,
      1,
      42,
      5,
      13
    ],
    [
      9,
      16,
      0,
      1,
      15,
      8,
      0,
      1,
      19,
      9
    ],
    [
      16,
      3,
      0,
      0,
      5,
      8,
      1,
      15,
      4,
      26
    ]
  ],
  "labels": [
    "Entertainment",
    "Business",
    "Sports",
    "Tech",
    "Science",
    "Health",
    "Family",
    "Politics",
    "Education",
    "Culture"
  ]
}