{
  "classification_report": {
    "Business": {
      "precision": 0.34545454545454546,
      "recall": 0.2235294117647059,
      "f1-score": 0.2714285714285714,
      "support": 85.0
    },
    "Politics": {
      "precision": 0.5901639344262295,
      "recall": 0.3364485981308411,
      "f1-score": 0.42857142857142855,
      "support": 107.0
    },
    "Education": {
      "precision": 0.3434343434343434,
      "recall": 0.35789473684210527,
      "f1-score": 0.35051546391752575,
      "support": 95.0
    },
    "Health": {
      "precision": 0.6666666666666666,
      "recall": 0.6346153846153846,
      "f1-score": 0.6502463054187192,
      "support": 104.0
    },
    "Family": {
      "precision": 0.6081081081081081,
      "recall": 0.75,
      "f1-score": 0.6716417910447762,
      "support": 120.0
    },
    "Sports": {
      "precision": 0.7377049180327869,
      "recall": 0.5421686746987951,
      "f1-score": 0.625,
      "support": 83.0
    },
    "Tech": {
      "precision": 0.6559139784946236,
      "recall": 0.5980392156862745,
      "f1-score": 0.6256410256410256,
      "support": 102.0
    },
    "Entertainment": {
      "precision": 0.4791666666666667,
      "recall": 0.4339622641509434,
      "f1-score": 0.45544554455445546,
      "support": 106.0
    },
    "Science": {
      "precision": 0.5135135135135135,
      "recall": 0.4367816091954023,
      "f1-score": 0.4720496894409938,
      "support": 87.0
    },
    "Culture": {
      "precision": 0.31213872832369943,
      "recall": 0.4864864864864865,
      "f1-score": 0.38028169014084506,
      "support": 111.0
    },
    "micro avg": {
      "precision": 0.5099061522419187,
      "recall": 0.489,
      "f1-score": 0.4992343032159265,
      "support": 1000.0
    },
    "macro avg": {
      "precision": 0.5252265403121184,
      "recall": 0.47999263815709386,
      "f1-score": 0.49308215101583414,
      "support": 1000.0
    },
    "weighted avg": {
      "precision": 0.5256912214692577,
      "recall": 0.489,
      "f1-score": 0.49769737411481346,
      "support": 1000.0
    }
  },
  "accuracy": 0.489,
  "confusion_matrix": [
    [
      19,
      6,
      12,
      6,
      10,
      1,
      7,
      6,
      5,
      11
    ],
    [
      8,
      36,
      15,
      5,
      7,
      0,
      0,
      4,
      3,
      25
    ],
    [
      9,
      1,
      34,
      2,
      4,
      1,
      8,
      4,
      13,
      18
    ],
    [
      0,
      0,
      3,
      66,
      7,
      2,
      4,
      2,
      4,
      6
    ],
    [
      2,
      0,
      3,
      2,
      90,
      0,
      1,
      3,
      0,
      17
    ],
    [
      2,
      2,
      6,
      0,
      2,
      45,
      2,
      9,
      1,
      6
    ],
    [
      5,
      1,
      3,
      1,
      6,
      0,
      61,
      5,
      4,
      5
    ],
    [
      3,
      4,
      6,
      1,
      8,
      7,
      3,
      46,
      3,
      24
    ],
    [
      2,
      4,
      12,
      10,
      2,
      1,
      6,
      4,
      38,
      7
    ],
    [
      5,
      7,
      5,
      6,
      12,
      4,
      1,
      13,
      3,
      54
    ]
  ],
  "labels": [
    "Business",
    "Politics",
    "Education",
    "Health",
    "Family",
    "Sports",
    "Tech",
    "Entertainment",
    "Science",
    "Culture"
  ]
}