{
  "classification_report": {
    "Tech": {
      "precision": 0.8279569892473119,
      "recall": 0.7549019607843137,
      "f1-score": 0.7897435897435897,
      "support": 102.0
    },
    "Family": {
      "precision": 0.77,
      "recall": 0.6416666666666667,
      "f1-score": 0.7,
      "support": 120.0
    },
    "Entertainment": {
      "precision": 0.6363636363636364,
      "recall": 0.660377358490566,
      "f1-score": 0.6481481481481481,
      "support": 106.0
    },
    "Politics": {
      "precision": 0.6626506024096386,
      "recall": 0.514018691588785,
      "f1-score": 0.5789473684210527,
      "support": 107.0
    },
    "Science": {
      "precision": 0.6923076923076923,
      "recall": 0.41379310344827586,
      "f1-score": 0.5179856115107914,
      "support": 87.0
    },
    "Education": {
      "precision": 0.43157894736842106,
      "recall": 0.43157894736842106,
      "f1-score": 0.43157894736842106,
      "support": 95.0
    },
    "Culture": {
      "precision": 0.4316546762589928,
      "recall": 0.5405405405405406,
      "f1-score": 0.48,
      "support": 111.0
    },
    "Sports": {
      "precision": 0.9298245614035088,
      "recall": 0.6385542168674698,
      "f1-score": 0.7571428571428571,
      "support": 83.0
    },
    "Health": {
      "precision": 0.7777777777777778,
      "recall": 0.8076923076923077,
      "f1-score": 0.7924528301886793,
      "support": 104.0
    },
    "Business": {
      "precision": 0.543859649122807,
      "recall": 0.36470588235294116,
      "f1-score": 0.43661971830985913,
      "support": 85.0
    },
    "micro avg": {
      "precision": 0.6532438478747203,
      "recall": 0.584,
      "f1-score": 0.6166842661034847,
      "support": 1000.0
    },
    "macro avg": {
      "precision": 0.6703974532259787,
      "recall": 0.5767829675800287,
      "f1-score": 0.6132619070833398,
      "support": 1000.0
    },
    "weighted avg": {
      "precision": 0.6686466087719387,
      "recall": 0.584,
      "f1-score": 0.6169202940188592,
      "support": 1000.0
    }
  },
  "accuracy": 0.584,
  "confusion_matrix": [
    [
      77,
      2,
      5,
      1,
      1,
      4,
      3,
      0,
      0,
      6
    ],
    [
      0,
      77,
      4,
      2,
      0,
      5,
      14,
      1,
      2,
      1
    ],
    [
      0,
      1,
      70,
      2,
      2,
      4,
      14,
      0,
      1,
      1
    ],
    [
      1,
      3,
      6,
      55,
      2,
      6,
      16,
      0,
      3,
      4
    ],
    [
      1,
      1,
      1,
      3,
      36,
      21,
      7,
      0,
      7,
      3
    ],
    [
      3,
      2,
      4,
      4,
      7,
      41,
      11,
      0,
      2,
      6
    ],
    [
      0,
      5,
      9,
      9,
      2,
      3,
      60,
      1,
      6,
      1
    ],
    [
      4,
      0,
      4,
      0,
      1,
      1,
      4,
      53,
      1,
      3
    ],
    [
      2,
      4,
      1,
      2,
      0,
      3,
      2,
      1,
      84,
      1
    ],
    [
      5,
      5,
      6,
      5,
      1,
      7,
      8,
      1,
      2,
      31
    ]
  ],
  "labels": [
    "Tech",
    "Family",
    "Entertainment",
    "Politics",
    "Science",
    "Education",
    "Culture",
    "Sports",
    "Health",
    "Business"
  ]
}