{
  "classification_report": {
    "Family": {
      "precision": 0.6290322580645161,
      "recall": 0.65,
      "f1-score": 0.639344262295082,
      "support": 120.0
    },
    "Health": {
      "precision": 0.6319444444444444,
      "recall": 0.875,
      "f1-score": 0.7338709677419355,
      "support": 104.0
    },
    "Sports": {
      "precision": 0.8787878787878788,
      "recall": 0.6987951807228916,
      "f1-score": 0.7785234899328859,
      "support": 83.0
    },
    "Business": {
      "precision": 0.46875,
      "recall": 0.35294117647058826,
      "f1-score": 0.40268456375838924,
      "support": 85.0
    },
    "Entertainment": {
      "precision": 0.5981308411214953,
      "recall": 0.6037735849056604,
      "f1-score": 0.6009389671361502,
      "support": 106.0
    },
    "Politics": {
      "precision": 0.6179775280898876,
      "recall": 0.514018691588785,
      "f1-score": 0.5612244897959183,
      "support": 107.0
    },
    "Tech": {
      "precision": 0.8409090909090909,
      "recall": 0.7254901960784313,
      "f1-score": 0.7789473684210526,
      "support": 102.0
    },
    "Science": {
      "precision": 0.6666666666666666,
      "recall": 0.4827586206896552,
      "f1-score": 0.56,
      "support": 87.0
    },
    "Education": {
      "precision": 0.4563106796116505,
      "recall": 0.49473684210526314,
      "f1-score": 0.47474747474747475,
      "support": 95.0
    },
    "Culture": {
      "precision": 0.42,
      "recall": 0.5675675675675675,
      "f1-score": 0.4827586206896552,
      "support": 111.0
    },
    "micro avg": {
      "precision": 0.6032064128256514,
      "recall": 0.602,
      "f1-score": 0.6026026026026026,
      "support": 1000.0
    },
    "macro avg": {
      "precision": 0.6208509387695631,
      "recall": 0.5965081860128842,
      "f1-score": 0.6013040204518544,
      "support": 1000.0
    },
    "weighted avg": {
      "precision": 0.6172569436296886,
      "recall": 0.602,
      "f1-score": 0.602499929205568,
      "support": 1000.0
    }
  },
  "accuracy": 0.602,
  "confusion_matrix": [
    [
      78,
      14,
      0,
      1,
      1,
      2,
      0,
      0,
      6,
      17
    ],
    [
      4,
      91,
      1,
      0,
      1,
      0,
      0,
      2,
      4,
      1
    ],
    [
      2,
      1,
      58,
      1,
      8,
      2,
      4,
      1,
      2,
      4
    ],
    [
      7,
      8,
      1,
      30,
      5,
      11,
      3,
      3,
      8,
      9
    ],
    [
      9,
      0,
      1,
      0,
      64,
      3,
      1,
      1,
      4,
      22
    ],
    [
      5,
      6,
      1,
      8,
      6,
      55,
      0,
      2,
      10,
      14
    ],
    [
      4,
      2,
      0,
      8,
      6,
      0,
      74,
      2,
      2,
      4
    ],
    [
      3,
      9,
      1,
      4,
      3,
      2,
      3,
      42,
      17,
      3
    ],
    [
      2,
      5,
      0,
      9,
      5,
      4,
      3,
      7,
      47,
      13
    ],
    [
      10,
      8,
      3,
      3,
      8,
      10,
      0,
      3,
      3,
      63
    ]
  ],
  "labels": [
    "Family",
    "Health",
    "Sports",
    "Business",
    "Entertainment",
    "Politics",
    "Tech",
    "Science",
    "Education",
    "Culture"
  ]
}