{
  "classification_report": {
    "Sports": {
      "precision": 0.8235294117647058,
      "recall": 0.6746987951807228,
      "f1-score": 0.7417218543046358,
      "support": 83.0
    },
    "Health": {
      "precision": 0.7181818181818181,
      "recall": 0.7596153846153846,
      "f1-score": 0.7383177570093458,
      "support": 104.0
    },
    "Culture": {
      "precision": 0.3855421686746988,
      "recall": 0.5765765765765766,
      "f1-score": 0.4620938628158845,
      "support": 111.0
    },
    "Entertainment": {
      "precision": 0.627906976744186,
      "recall": 0.5094339622641509,
      "f1-score": 0.5625,
      "support": 106.0
    },
    "Education": {
      "precision": 0.4431818181818182,
      "recall": 0.4105263157894737,
      "f1-score": 0.4262295081967213,
      "support": 95.0
    },
    "Tech": {
      "precision": 0.7368421052631579,
      "recall": 0.6862745098039216,
      "f1-score": 0.7106598984771574,
      "support": 102.0
    },
    "Family": {
      "precision": 0.6,
      "recall": 0.7,
      "f1-score": 0.6461538461538462,
      "support": 120.0
    },
    "Business": {
      "precision": 0.5060240963855421,
      "recall": 0.49411764705882355,
      "f1-score": 0.5,
      "support": 85.0
    },
    "Science": {
      "precision": 0.5753424657534246,
      "recall": 0.4827586206896552,
      "f1-score": 0.525,
      "support": 87.0
    },
    "Politics": {
      "precision": 0.5934065934065934,
      "recall": 0.5046728971962616,
      "f1-score": 0.5454545454545454,
      "support": 107.0
    },
    "accuracy": 0.584,
    "macro avg": {
      "precision": 0.6009957454355945,
      "recall": 0.5798674709174969,
      "f1-score": 0.5858131272412136,
      "support": 1000.0
    },
    "weighted avg": {
      "precision": 0.5982186861970943,
      "recall": 0.584,
      "f1-score": 0.5863215902342764,
      "support": 1000.0
    }
  },
  "accuracy": 0.584,
  "confusion_matrix": [
    [
      56,
      0,
      4,
      2,
      3,
      6,
      2,
      4,
      3,
      3
    ],
    [
      1,
      79,
      3,
      2,
      3,
      1,
      9,
      1,
      2,
      3
    ],
    [
      2,
      8,
      64,
      9,
      4,
      1,
      10,
      2,
      4,
      7
    ],
    [
      4,
      2,
      15,
      54,
      8,
      2,
      11,
      2,
      3,
      5
    ],
    [
      1,
      2,
      16,
      2,
      39,
      4,
      5,
      9,
      11,
      6
    ],
    [
      0,
      3,
      6,
      3,
      5,
      70,
      3,
      6,
      3,
      3
    ],
    [
      1,
      3,
      23,
      1,
      0,
      2,
      84,
      2,
      1,
      3
    ],
    [
      2,
      4,
      8,
      5,
      6,
      3,
      10,
      42,
      1,
      4
    ],
    [
      1,
      8,
      6,
      2,
      13,
      4,
      3,
      5,
      42,
      3
    ],
    [
      0,
      1,
      21,
      6,
      7,
      2,
      3,
      10,
      3,
      54
    ]
  ],
  "labels": [
    "Sports",
    "Health",
    "Culture",
    "Entertainment",
    "Education",
    "Tech",
    "Family",
    "Business",
    "Science",
    "Politics"
  ]
}