{
  "classification_report": {
    "Tech": {
      "precision": 0.7564102564102564,
      "recall": 0.5784313725490197,
      "f1-score": 0.6555555555555556,
      "support": 102.0
    },
    "Health": {
      "precision": 0.6637168141592921,
      "recall": 0.7211538461538461,
      "f1-score": 0.6912442396313364,
      "support": 104.0
    },
    "Family": {
      "precision": 0.3333333333333333,
      "recall": 0.15833333333333333,
      "f1-score": 0.21468926553672316,
      "support": 120.0
    },
    "Entertainment": {
      "precision": 0.4573170731707317,
      "recall": 0.7075471698113207,
      "f1-score": 0.5555555555555556,
      "support": 106.0
    },
    "Culture": {
      "precision": 0.2905982905982906,
      "recall": 0.3063063063063063,
      "f1-score": 0.2982456140350877,
      "support": 111.0
    },
    "Education": {
      "precision": 0.3804347826086957,
      "recall": 0.3684210526315789,
      "f1-score": 0.37433155080213903,
      "support": 95.0
    },
    "Politics": {
      "precision": 0.7906976744186046,
      "recall": 0.3177570093457944,
      "f1-score": 0.4533333333333333,
      "support": 107.0
    },
    "Science": {
      "precision": 0.6956521739130435,
      "recall": 0.367816091954023,
      "f1-score": 0.48120300751879697,
      "support": 87.0
    },
    "Sports": {
      "precision": 0.88,
      "recall": 0.5301204819277109,
      "f1-score": 0.6616541353383458,
      "support": 83.0
    },
    "Business": {
      "precision": 0.5,
      "recall": 0.2235294117647059,
      "f1-score": 0.3089430894308943,
      "support": 85.0
    },
    "micro avg": {
      "precision": 0.5338345864661654,
      "recall": 0.426,
      "f1-score": 0.4738598442714127,
      "support": 1000.0
    },
    "macro avg": {
      "precision": 0.5748160398612248,
      "recall": 0.42794160757776395,
      "f1-score": 0.4694755346737768,
      "support": 1000.0
    },
    "weighted avg": {
      "precision": 0.5637201094799719,
      "recall": 0.426,
      "f1-score": 0.46362321298123,
      "support": 1000.0
    }
  },
  "accuracy": 0.426,
  "confusion_matrix": [
    [
      59,
      1,
      3,
      11,
      1,
      5,
      0,
      1,
      0,
      2
    ],
    [
      2,
      75,
      4,
      6,
      4,
      4,
      0,
      0,
      1,
      0
    ],
    [
      0,
      5,
      19,
      10,
      17,
      8,
      0,
      0,
      0,
      1
    ],
    [
      0,
      3,
      1,
      75,
      12,
      3,
      1,
      1,
      0,
      0
    ],
    [
      0,
      5,
      9,
      17,
      34,
      5,
      5,
      4,
      2,
      2
    ],
    [
      4,
      4,
      6,
      5,
      13,
      35,
      1,
      3,
      2,
      6
    ],
    [
      2,
      6,
      3,
      10,
      10,
      7,
      34,
      1,
      0,
      6
    ],
    [
      5,
      7,
      4,
      4,
      10,
      14,
      1,
      32,
      1,
      0
    ],
    [
      1,
      1,
      1,
      13,
      8,
      5,
      1,
      3,
      44,
      2
    ],
    [
      5,
      6,
      7,
      13,
      8,
      6,
      0,
      1,
      0,
      19
    ]
  ],
  "labels": [
    "Tech",
    "Health",
    "Family",
    "Entertainment",
    "Culture",
    "Education",
    "Politics",
    "Science",
    "Sports",
    "Business"
  ]
}