{
  "classification_report": {
    "Education": {
      "precision": 0.3793103448275862,
      "recall": 0.5789473684210527,
      "f1-score": 0.4583333333333333,
      "support": 95.0
    },
    "Entertainment": {
      "precision": 0.5234899328859061,
      "recall": 0.7358490566037735,
      "f1-score": 0.611764705882353,
      "support": 106.0
    },
    "Sports": {
      "precision": 0.8870967741935484,
      "recall": 0.6626506024096386,
      "f1-score": 0.7586206896551724,
      "support": 83.0
    },
    "Health": {
      "precision": 0.6821705426356589,
      "recall": 0.8461538461538461,
      "f1-score": 0.7553648068669528,
      "support": 104.0
    },
    "Culture": {
      "precision": 0.5533980582524272,
      "recall": 0.5135135135135135,
      "f1-score": 0.5327102803738317,
      "support": 111.0
    },
    "Politics": {
      "precision": 0.6973684210526315,
      "recall": 0.4953271028037383,
      "f1-score": 0.5792349726775956,
      "support": 107.0
    },
    "Tech": {
      "precision": 0.8105263157894737,
      "recall": 0.7549019607843137,
      "f1-score": 0.7817258883248731,
      "support": 102.0
    },
    "Science": {
      "precision": 0.6101694915254238,
      "recall": 0.41379310344827586,
      "f1-score": 0.4931506849315068,
      "support": 87.0
    },
    "Family": {
      "precision": 0.8,
      "recall": 0.5666666666666667,
      "f1-score": 0.6634146341463415,
      "support": 120.0
    },
    "Business": {
      "precision": 0.48717948717948717,
      "recall": 0.4470588235294118,
      "f1-score": 0.4662576687116564,
      "support": 85.0
    },
    "micro avg": {
      "precision": 0.6167176350662589,
      "recall": 0.605,
      "f1-score": 0.6108026249369005,
      "support": 1000.0
    },
    "macro avg": {
      "precision": 0.6430709368342142,
      "recall": 0.601486204433423,
      "f1-score": 0.6100577664903616,
      "support": 1000.0
    },
    "weighted avg": {
      "precision": 0.6453134762388454,
      "recall": 0.605,
      "f1-score": 0.6129029739799664,
      "support": 1000.0
    }
  },
  "accuracy": 0.605,
  "confusion_matrix": [
    [
      55,
      8,
      1,
      4,
      6,
      2,
      2,
      7,
      0,
      9
    ],
    [
      9,
      78,
      1,
      2,
      7,
      1,
      0,
      1,
      1,
      3
    ],
    [
      4,
      11,
      55,
      1,
      4,
      0,
      3,
      3,
      0,
      2
    ],
    [
      6,
      1,
      1,
      88,
      1,
      2,
      4,
      1,
      0,
      0
    ],
    [
      4,
      17,
      1,
      9,
      57,
      11,
      1,
      5,
      5,
      1
    ],
    [
      15,
      8,
      0,
      5,
      7,
      53,
      0,
      2,
      2,
      10
    ],
    [
      3,
      7,
      1,
      0,
      4,
      0,
      77,
      2,
      1,
      7
    ],
    [
      25,
      6,
      0,
      9,
      2,
      1,
      2,
      36,
      0,
      6
    ],
    [
      11,
      9,
      2,
      7,
      10,
      2,
      1,
      0,
      68,
      2
    ],
    [
      13,
      4,
      0,
      4,
      5,
      4,
      5,
      2,
      8,
      38
    ]
  ],
  "labels": [
    "Education",
    "Entertainment",
    "Sports",
    "Health",
    "Culture",
    "Politics",
    "Tech",
    "Science",
    "Family",
    "Business"
  ]
}