{
  "classification_report": {
    "Family": {
      "precision": 0.8181818181818182,
      "recall": 0.6,
      "f1-score": 0.6923076923076923,
      "support": 120.0
    },
    "Health": {
      "precision": 0.7058823529411765,
      "recall": 0.8076923076923077,
      "f1-score": 0.7533632286995515,
      "support": 104.0
    },
    "Culture": {
      "precision": 0.39285714285714285,
      "recall": 0.5945945945945946,
      "f1-score": 0.4731182795698925,
      "support": 111.0
    },
    "Politics": {
      "precision": 0.7076923076923077,
      "recall": 0.42990654205607476,
      "f1-score": 0.5348837209302325,
      "support": 107.0
    },
    "Entertainment": {
      "precision": 0.5384615384615384,
      "recall": 0.5283018867924528,
      "f1-score": 0.5333333333333333,
      "support": 106.0
    },
    "Business": {
      "precision": 0.3673469387755102,
      "recall": 0.4235294117647059,
      "f1-score": 0.39344262295081966,
      "support": 85.0
    },
    "Tech": {
      "precision": 0.8426966292134831,
      "recall": 0.7352941176470589,
      "f1-score": 0.7853403141361257,
      "support": 102.0
    },
    "Sports": {
      "precision": 0.8082191780821918,
      "recall": 0.7108433734939759,
      "f1-score": 0.7564102564102564,
      "support": 83.0
    },
    "Education": {
      "precision": 0.40540540540540543,
      "recall": 0.47368421052631576,
      "f1-score": 0.4368932038834951,
      "support": 95.0
    },
    "Science": {
      "precision": 0.5,
      "recall": 0.4827586206896552,
      "f1-score": 0.49122807017543857,
      "support": 87.0
    },
    "micro avg": {
      "precision": 0.5815815815815816,
      "recall": 0.581,
      "f1-score": 0.5812906453226613,
      "support": 1000.0
    },
    "macro avg": {
      "precision": 0.6086743311610574,
      "recall": 0.5786605065257141,
      "f1-score": 0.5850320722396838,
      "support": 1000.0
    },
    "weighted avg": {
      "precision": 0.6142759770148726,
      "recall": 0.581,
      "f1-score": 0.5882798021157537,
      "support": 1000.0
    }
  },
  "accuracy": 0.581,
  "confusion_matrix": [
    [
      72,
      6,
      13,
      1,
      7,
      15,
      0,
      2,
      4,
      0
    ],
    [
      1,
      84,
      4,
      1,
      1,
      2,
      2,
      2,
      3,
      4
    ],
    [
      7,
      5,
      66,
      8,
      9,
      2,
      0,
      2,
      5,
      7
    ],
    [
      2,
      5,
      22,
      46,
      6,
      12,
      0,
      0,
      11,
      3
    ],
    [
      1,
      3,
      21,
      2,
      56,
      7,
      2,
      5,
      5,
      4
    ],
    [
      3,
      4,
      13,
      3,
      6,
      36,
      4,
      1,
      10,
      5
    ],
    [
      1,
      1,
      3,
      1,
      5,
      6,
      75,
      1,
      6,
      3
    ],
    [
      0,
      0,
      5,
      1,
      7,
      4,
      0,
      59,
      4,
      3
    ],
    [
      1,
      3,
      15,
      1,
      3,
      7,
      5,
      1,
      45,
      13
    ],
    [
      0,
      8,
      6,
      1,
      4,
      7,
      1,
      0,
      18,
      42
    ]
  ],
  "labels": [
    "Family",
    "Health",
    "Culture",
    "Politics",
    "Entertainment",
    "Business",
    "Tech",
    "Sports",
    "Education",
    "Science"
  ]
}