{
  "classification_report": {
    "Business & Finance": {
      "precision": 0.45,
      "recall": 0.3176470588235294,
      "f1-score": 0.3724137931034483,
      "support": 85.0
    },
    "Computers & Internet": {
      "precision": 0.6875,
      "recall": 0.6470588235294118,
      "f1-score": 0.6666666666666666,
      "support": 102.0
    },
    "Culture": {
      "precision": 0.3103448275862069,
      "recall": 0.08108108108108109,
      "f1-score": 0.12857142857142856,
      "support": 111.0
    },
    "Education & Reference": {
      "precision": 0.46153846153846156,
      "recall": 0.37894736842105264,
      "f1-score": 0.4161849710982659,
      "support": 95.0
    },
    "Entertainment & Music": {
      "precision": 0.25501432664756446,
      "recall": 0.839622641509434,
      "f1-score": 0.3912087912087912,
      "support": 106.0
    },
    "Family & Relationships": {
      "precision": 0.47619047619047616,
      "recall": 0.75,
      "f1-score": 0.5825242718446602,
      "support": 120.0
    },
    "Health": {
      "precision": 0.5436893203883495,
      "recall": 0.5384615384615384,
      "f1-score": 0.5410628019323671,
      "support": 104.0
    },
    "Politics & Government": {
      "precision": 0.734375,
      "recall": 0.4392523364485981,
      "f1-score": 0.5497076023391813,
      "support": 107.0
    },
    "Science": {
      "precision": 0.6666666666666666,
      "recall": 0.1839080459770115,
      "f1-score": 0.2882882882882883,
      "support": 87.0
    },
    "Sports": {
      "precision": 0.8571428571428571,
      "recall": 0.07228915662650602,
      "f1-score": 0.13333333333333333,
      "support": 83.0
    },
    "micro avg": {
      "precision": 0.44244244244244246,
      "recall": 0.442,
      "f1-score": 0.44222111055527763,
      "support": 1000.0
    },
    "macro avg": {
      "precision": 0.5442461936160583,
      "recall": 0.42482680508781623,
      "f1-score": 0.4069961948386431,
      "support": 1000.0
    },
    "weighted avg": {
      "precision": 0.5351084769389673,
      "recall": 0.442,
      "f1-score": 0.4160722103280543,
      "support": 1000.0
    }
  },
  "accuracy": 0.442,
  "confusion_matrix": [
    [
      27,
      5,
      1,
      7,
      19,
      17,
      9,
      0,
      0,
      0
    ],
    [
      2,
      66,
      1,
      1,
      26,
      3,
      3,
      0,
      0,
      0
    ],
    [
      3,
      2,
      9,
      5,
      48,
      24,
      8,
      10,
      2,
      0
    ],
    [
      10,
      4,
      5,
      36,
      22,
      6,
      3,
      5,
      3,
      1
    ],
    [
      0,
      1,
      2,
      3,
      89,
      7,
      2,
      0,
      2,
      0
    ],
    [
      1,
      0,
      2,
      0,
      26,
      90,
      1,
      0,
      0,
      0
    ],
    [
      0,
      1,
      0,
      7,
      23,
      16,
      56,
      0,
      0,
      0
    ],
    [
      10,
      2,
      2,
      3,
      15,
      16,
      11,
      47,
      1,
      0
    ],
    [
      5,
      10,
      3,
      14,
      26,
      2,
      9,
      2,
      16,
      0
    ],
    [
      2,
      5,
      4,
      2,
      55,
      8,
      1,
      0,
      0,
      6
    ]
  ],
  "labels": [
    "Business & Finance",
    "Computers & Internet",
    "Culture",
    "Education & Reference",
    "Entertainment & Music",
    "Family & Relationships",
    "Health",
    "Politics & Government",
    "Science",
    "Sports"
  ]
}