{
  "classification_report": {
    "Science": {
      "precision": 0.65625,
      "recall": 0.4827586206896552,
      "f1-score": 0.5562913907284768,
      "support": 87.0
    },
    "Politics": {
      "precision": 0.6455696202531646,
      "recall": 0.4766355140186916,
      "f1-score": 0.5483870967741935,
      "support": 107.0
    },
    "Culture": {
      "precision": 0.31176470588235294,
      "recall": 0.4774774774774775,
      "f1-score": 0.37722419928825623,
      "support": 111.0
    },
    "Entertainment": {
      "precision": 0.5172413793103449,
      "recall": 0.5660377358490566,
      "f1-score": 0.5405405405405406,
      "support": 106.0
    },
    "Sports": {
      "precision": 0.8909090909090909,
      "recall": 0.5903614457831325,
      "f1-score": 0.7101449275362319,
      "support": 83.0
    },
    "Health": {
      "precision": 0.5985915492957746,
      "recall": 0.8173076923076923,
      "f1-score": 0.6910569105691057,
      "support": 104.0
    },
    "Business": {
      "precision": 0.5211267605633803,
      "recall": 0.43529411764705883,
      "f1-score": 0.47435897435897434,
      "support": 85.0
    },
    "Family": {
      "precision": 0.5,
      "recall": 0.425,
      "f1-score": 0.4594594594594595,
      "support": 120.0
    },
    "Tech": {
      "precision": 0.7926829268292683,
      "recall": 0.6372549019607843,
      "f1-score": 0.7065217391304348,
      "support": 102.0
    },
    "Education": {
      "precision": 0.5,
      "recall": 0.47368421052631576,
      "f1-score": 0.4864864864864865,
      "support": 95.0
    },
    "micro avg": {
      "precision": 0.5540679711637487,
      "recall": 0.538,
      "f1-score": 0.5459157787924911,
      "support": 1000.0
    },
    "macro avg": {
      "precision": 0.5934136033043377,
      "recall": 0.5381811716259863,
      "f1-score": 0.555047172487216,
      "support": 1000.0
    },
    "weighted avg": {
      "precision": 0.5844515767836141,
      "recall": 0.538,
      "f1-score": 0.5507929830143727,
      "support": 1000.0
    }
  },
  "accuracy": 0.538,
  "confusion_matrix": [
    [
      42,
      2,
      4,
      4,
      0,
      11,
      2,
      1,
      3,
      18
    ],
    [
      2,
      51,
      16,
      8,
      0,
      6,
      10,
      6,
      0,
      6
    ],
    [
      3,
      13,
      53,
      9,
      1,
      8,
      5,
      13,
      0,
      3
    ],
    [
      2,
      1,
      21,
      60,
      3,
      5,
      0,
      8,
      1,
      4
    ],
    [
      1,
      1,
      8,
      10,
      49,
      1,
      4,
      3,
      3,
      3
    ],
    [
      1,
      1,
      5,
      2,
      0,
      85,
      1,
      5,
      1,
      2
    ],
    [
      3,
      2,
      11,
      4,
      0,
      7,
      37,
      12,
      4,
      3
    ],
    [
      0,
      1,
      31,
      7,
      0,
      14,
      1,
      51,
      1,
      3
    ],
    [
      3,
      1,
      6,
      7,
      1,
      2,
      5,
      2,
      65,
      3
    ],
    [
      7,
      6,
      15,
      5,
      1,
      3,
      6,
      1,
      4,
      45
    ]
  ],
  "labels": [
    "Science",
    "Politics",
    "Culture",
    "Entertainment",
    "Sports",
    "Health",
    "Business",
    "Family",
    "Tech",
    "Education"
  ]
}