{
  "classification_report": {
    "Entertainment": {
      "precision": 0.5263157894736842,
      "recall": 0.5660377358490566,
      "f1-score": 0.5454545454545454,
      "support": 106.0
    },
    "Science": {
      "precision": 0.6071428571428571,
      "recall": 0.39080459770114945,
      "f1-score": 0.4755244755244755,
      "support": 87.0
    },
    "Culture": {
      "precision": 0.43157894736842106,
      "recall": 0.36936936936936937,
      "f1-score": 0.39805825242718446,
      "support": 111.0
    },
    "Education": {
      "precision": 0.4673913043478261,
      "recall": 0.45263157894736844,
      "f1-score": 0.45989304812834225,
      "support": 95.0
    },
    "Business": {
      "precision": 0.3392857142857143,
      "recall": 0.2235294117647059,
      "f1-score": 0.2695035460992908,
      "support": 85.0
    },
    "Family": {
      "precision": 0.6065573770491803,
      "recall": 0.30833333333333335,
      "f1-score": 0.4088397790055249,
      "support": 120.0
    },
    "Health": {
      "precision": 0.7009345794392523,
      "recall": 0.7211538461538461,
      "f1-score": 0.7109004739336493,
      "support": 104.0
    },
    "Sports": {
      "precision": 0.828125,
      "recall": 0.6385542168674698,
      "f1-score": 0.7210884353741497,
      "support": 83.0
    },
    "Tech": {
      "precision": 0.8441558441558441,
      "recall": 0.6372549019607843,
      "f1-score": 0.7262569832402235,
      "support": 102.0
    },
    "Politics": {
      "precision": 0.6190476190476191,
      "recall": 0.3644859813084112,
      "f1-score": 0.4588235294117647,
      "support": 107.0
    },
    "micro avg": {
      "precision": 0.5936305732484076,
      "recall": 0.466,
      "f1-score": 0.5221288515406163,
      "support": 1000.0
    },
    "macro avg": {
      "precision": 0.5970535032310398,
      "recall": 0.46721549732554957,
      "f1-score": 0.517434306859915,
      "support": 1000.0
    },
    "weighted avg": {
      "precision": 0.5965180728904383,
      "recall": 0.466,
      "f1-score": 0.5159880110422395,
      "support": 1000.0
    }
  },
  "accuracy": 0.466,
  "confusion_matrix": [
    [
      60,
      1,
      13,
      2,
      3,
      2,
      1,
      1,
      1,
      4
    ],
    [
      5,
      34,
      2,
      17,
      4,
      2,
      6,
      1,
      1,
      0
    ],
    [
      10,
      3,
      41,
      3,
      3,
      6,
      7,
      2,
      0,
      10
    ],
    [
      4,
      6,
      9,
      43,
      7,
      0,
      3,
      2,
      2,
      2
    ],
    [
      7,
      1,
      5,
      8,
      19,
      4,
      5,
      2,
      4,
      3
    ],
    [
      1,
      1,
      6,
      4,
      5,
      37,
      3,
      2,
      0,
      3
    ],
    [
      3,
      3,
      1,
      2,
      1,
      2,
      75,
      0,
      1,
      0
    ],
    [
      10,
      2,
      4,
      1,
      2,
      1,
      1,
      53,
      3,
      2
    ],
    [
      3,
      3,
      2,
      2,
      7,
      3,
      1,
      1,
      65,
      0
    ],
    [
      11,
      2,
      12,
      10,
      5,
      4,
      5,
      0,
      0,
      39
    ]
  ],
  "labels": [
    "Entertainment",
    "Science",
    "Culture",
    "Education",
    "Business",
    "Family",
    "Health",
    "Sports",
    "Tech",
    "Politics"
  ]
}