{
  "classification_report": {
    "Politics": {
      "precision": 0.6515151515151515,
      "recall": 0.40186915887850466,
      "f1-score": 0.49710982658959535,
      "support": 107.0
    },
    "Education": {
      "precision": 0.3793103448275862,
      "recall": 0.3473684210526316,
      "f1-score": 0.3626373626373626,
      "support": 95.0
    },
    "Culture": {
      "precision": 0.27450980392156865,
      "recall": 0.3783783783783784,
      "f1-score": 0.3181818181818182,
      "support": 111.0
    },
    "Science": {
      "precision": 0.5964912280701754,
      "recall": 0.39080459770114945,
      "f1-score": 0.4722222222222222,
      "support": 87.0
    },
    "Business": {
      "precision": 0.38,
      "recall": 0.2235294117647059,
      "f1-score": 0.2814814814814815,
      "support": 85.0
    },
    "Entertainment": {
      "precision": 0.4803921568627451,
      "recall": 0.46226415094339623,
      "f1-score": 0.47115384615384615,
      "support": 106.0
    },
    "Family": {
      "precision": 0.43795620437956206,
      "recall": 0.5,
      "f1-score": 0.4669260700389105,
      "support": 120.0
    },
    "Tech": {
      "precision": 0.6883116883116883,
      "recall": 0.5196078431372549,
      "f1-score": 0.5921787709497207,
      "support": 102.0
    },
    "Health": {
      "precision": 0.5737704918032787,
      "recall": 0.6730769230769231,
      "f1-score": 0.6194690265486725,
      "support": 104.0
    },
    "Sports": {
      "precision": 0.9302325581395349,
      "recall": 0.4819277108433735,
      "f1-score": 0.6349206349206349,
      "support": 83.0
    },
    "micro avg": {
      "precision": 0.4955257270693512,
      "recall": 0.443,
      "f1-score": 0.4677930306230201,
      "support": 1000.0
    },
    "macro avg": {
      "precision": 0.5392489627831291,
      "recall": 0.4378826595776317,
      "f1-score": 0.4716281059724265,
      "support": 1000.0
    },
    "weighted avg": {
      "precision": 0.5309774678820542,
      "recall": 0.443,
      "f1-score": 0.4714676041664003,
      "support": 1000.0
    }
  },
  "accuracy": 0.443,
  "confusion_matrix": [
    [
      43,
      5,
      18,
      1,
      5,
      6,
      8,
      1,
      7,
      0
    ],
    [
      6,
      33,
      16,
      6,
      6,
      5,
      4,
      7,
      3,
      1
    ],
    [
      9,
      9,
      42,
      5,
      3,
      10,
      14,
      1,
      8,
      0
    ],
    [
      1,
      14,
      6,
      34,
      2,
      6,
      6,
      2,
      9,
      0
    ],
    [
      3,
      4,
      14,
      2,
      19,
      6,
      12,
      5,
      5,
      0
    ],
    [
      2,
      8,
      17,
      0,
      1,
      49,
      10,
      3,
      5,
      2
    ],
    [
      2,
      4,
      19,
      0,
      2,
      3,
      60,
      1,
      10,
      0
    ],
    [
      0,
      5,
      2,
      2,
      8,
      6,
      9,
      53,
      3,
      0
    ],
    [
      0,
      2,
      5,
      4,
      0,
      3,
      12,
      1,
      70,
      0
    ],
    [
      0,
      3,
      14,
      3,
      4,
      8,
      2,
      3,
      2,
      40
    ]
  ],
  "labels": [
    "Politics",
    "Education",
    "Culture",
    "Science",
    "Business",
    "Entertainment",
    "Family",
    "Tech",
    "Health",
    "Sports"
  ]
}