{
  "classification_report": {
    "Culture": {
      "precision": 0.32926829268292684,
      "recall": 0.4864864864864865,
      "f1-score": 0.3927272727272727,
      "support": 111.0
    },
    "Family": {
      "precision": 0.6865671641791045,
      "recall": 0.38333333333333336,
      "f1-score": 0.4919786096256685,
      "support": 120.0
    },
    "Business": {
      "precision": 0.5348837209302325,
      "recall": 0.27058823529411763,
      "f1-score": 0.359375,
      "support": 85.0
    },
    "Entertainment": {
      "precision": 0.6261682242990654,
      "recall": 0.6320754716981132,
      "f1-score": 0.6291079812206573,
      "support": 106.0
    },
    "Health": {
      "precision": 0.7476635514018691,
      "recall": 0.7692307692307693,
      "f1-score": 0.7582938388625592,
      "support": 104.0
    },
    "Sports": {
      "precision": 0.9787234042553191,
      "recall": 0.5542168674698795,
      "f1-score": 0.7076923076923077,
      "support": 83.0
    },
    "Education": {
      "precision": 0.42391304347826086,
      "recall": 0.4105263157894737,
      "f1-score": 0.41711229946524064,
      "support": 95.0
    },
    "Tech": {
      "precision": 0.7207207207207207,
      "recall": 0.7843137254901961,
      "f1-score": 0.7511737089201878,
      "support": 102.0
    },
    "Science": {
      "precision": 0.6666666666666666,
      "recall": 0.41379310344827586,
      "f1-score": 0.5106382978723404,
      "support": 87.0
    },
    "Politics": {
      "precision": 0.7142857142857143,
      "recall": 0.4672897196261682,
      "f1-score": 0.5649717514124294,
      "support": 107.0
    },
    "micro avg": {
      "precision": 0.6044083526682135,
      "recall": 0.521,
      "f1-score": 0.5596133190118152,
      "support": 1000.0
    },
    "macro avg": {
      "precision": 0.642886050289988,
      "recall": 0.5171854027866813,
      "f1-score": 0.5583071067798663,
      "support": 1000.0
    },
    "weighted avg": {
      "precision": 0.6379806642155738,
      "recall": 0.521,
      "f1-score": 0.5585863982924453,
      "support": 1000.0
    }
  },
  "accuracy": 0.521,
  "confusion_matrix": [
    [
      54,
      7,
      1,
      9,
      6,
      1,
      5,
      1,
      2,
      11
    ],
    [
      29,
      46,
      0,
      4,
      5,
      0,
      5,
      1,
      0,
      0
    ],
    [
      12,
      5,
      23,
      4,
      2,
      0,
      7,
      7,
      2,
      1
    ],
    [
      14,
      1,
      0,
      67,
      0,
      0,
      5,
      3,
      2,
      1
    ],
    [
      2,
      2,
      1,
      0,
      80,
      0,
      4,
      3,
      1,
      2
    ],
    [
      6,
      1,
      3,
      4,
      2,
      46,
      4,
      4,
      2,
      1
    ],
    [
      16,
      1,
      8,
      5,
      3,
      0,
      39,
      5,
      6,
      2
    ],
    [
      4,
      2,
      2,
      5,
      0,
      0,
      3,
      80,
      2,
      0
    ],
    [
      9,
      1,
      0,
      6,
      5,
      0,
      15,
      6,
      36,
      2
    ],
    [
      18,
      1,
      5,
      3,
      4,
      0,
      5,
      1,
      1,
      50
    ]
  ],
  "labels": [
    "Culture",
    "Family",
    "Business",
    "Entertainment",
    "Health",
    "Sports",
    "Education",
    "Tech",
    "Science",
    "Politics"
  ]
}