{
  "classification_report": {
    "Health": {
      "precision": 0.6774193548387096,
      "recall": 0.8076923076923077,
      "f1-score": 0.7368421052631579,
      "support": 104.0
    },
    "Education": {
      "precision": 0.32903225806451614,
      "recall": 0.5368421052631579,
      "f1-score": 0.408,
      "support": 95.0
    },
    "Family": {
      "precision": 0.5277777777777778,
      "recall": 0.15833333333333333,
      "f1-score": 0.24358974358974358,
      "support": 120.0
    },
    "Science": {
      "precision": 0.7037037037037037,
      "recall": 0.4367816091954023,
      "f1-score": 0.5390070921985816,
      "support": 87.0
    },
    "Culture": {
      "precision": 0.41228070175438597,
      "recall": 0.42342342342342343,
      "f1-score": 0.4177777777777778,
      "support": 111.0
    },
    "Entertainment": {
      "precision": 0.4126984126984127,
      "recall": 0.7358490566037735,
      "f1-score": 0.5288135593220339,
      "support": 106.0
    },
    "Tech": {
      "precision": 0.8271604938271605,
      "recall": 0.6568627450980392,
      "f1-score": 0.73224043715847,
      "support": 102.0
    },
    "Business": {
      "precision": 0.5102040816326531,
      "recall": 0.29411764705882354,
      "f1-score": 0.373134328358209,
      "support": 85.0
    },
    "Politics": {
      "precision": 0.7457627118644068,
      "recall": 0.411214953271028,
      "f1-score": 0.5301204819277109,
      "support": 107.0
    },
    "Sports": {
      "precision": 0.9122807017543859,
      "recall": 0.6265060240963856,
      "f1-score": 0.7428571428571429,
      "support": 83.0
    },
    "micro avg": {
      "precision": 0.5501089324618736,
      "recall": 0.505,
      "f1-score": 0.5265901981230449,
      "support": 1000.0
    },
    "macro avg": {
      "precision": 0.6058320197916112,
      "recall": 0.5087623205035674,
      "f1-score": 0.5252382668452827,
      "support": 1000.0
    },
    "weighted avg": {
      "precision": 0.5990280483399305,
      "recall": 0.505,
      "f1-score": 0.5187285127449028,
      "support": 1000.0
    }
  },
  "accuracy": 0.505,
  "confusion_matrix": [
    [
      84,
      5,
      1,
      3,
      1,
      3,
      3,
      0,
      1,
      1
    ],
    [
      2,
      51,
      1,
      6,
      12,
      8,
      0,
      6,
      2,
      1
    ],
    [
      13,
      12,
      19,
      0,
      17,
      24,
      2,
      2,
      0,
      0
    ],
    [
      6,
      22,
      1,
      38,
      6,
      5,
      2,
      1,
      1,
      0
    ],
    [
      5,
      11,
      2,
      3,
      47,
      23,
      1,
      0,
      9,
      0
    ],
    [
      0,
      7,
      1,
      0,
      11,
      78,
      1,
      0,
      0,
      2
    ],
    [
      0,
      3,
      3,
      0,
      3,
      15,
      67,
      6,
      0,
      0
    ],
    [
      9,
      16,
      4,
      0,
      3,
      15,
      2,
      25,
      0,
      0
    ],
    [
      4,
      20,
      4,
      2,
      10,
      9,
      0,
      8,
      44,
      1
    ],
    [
      1,
      8,
      0,
      2,
      4,
      9,
      3,
      1,
      2,
      52
    ]
  ],
  "labels": [
    "Health",
    "Education",
    "Family",
    "Science",
    "Culture",
    "Entertainment",
    "Tech",
    "Business",
    "Politics",
    "Sports"
  ]
}