{
  "classification_report": {
    "Health": {
      "precision": 0.6129032258064516,
      "recall": 0.7307692307692307,
      "f1-score": 0.6666666666666666,
      "support": 104.0
    },
    "Education": {
      "precision": 0.3867924528301887,
      "recall": 0.43157894736842106,
      "f1-score": 0.4079601990049751,
      "support": 95.0
    },
    "Family": {
      "precision": 0.5871559633027523,
      "recall": 0.5333333333333333,
      "f1-score": 0.5589519650655022,
      "support": 120.0
    },
    "Entertainment": {
      "precision": 0.45161290322580644,
      "recall": 0.5283018867924528,
      "f1-score": 0.48695652173913045,
      "support": 106.0
    },
    "Business": {
      "precision": 0.4909090909090909,
      "recall": 0.3176470588235294,
      "f1-score": 0.38571428571428573,
      "support": 85.0
    },
    "Culture": {
      "precision": 0.38,
      "recall": 0.34234234234234234,
      "f1-score": 0.36018957345971564,
      "support": 111.0
    },
    "Tech": {
      "precision": 0.6956521739130435,
      "recall": 0.6274509803921569,
      "f1-score": 0.6597938144329897,
      "support": 102.0
    },
    "Science": {
      "precision": 0.5614035087719298,
      "recall": 0.367816091954023,
      "f1-score": 0.4444444444444444,
      "support": 87.0
    },
    "Politics": {
      "precision": 0.6909090909090909,
      "recall": 0.35514018691588783,
      "f1-score": 0.4691358024691358,
      "support": 107.0
    },
    "Sports": {
      "precision": 0.9375,
      "recall": 0.5421686746987951,
      "f1-score": 0.6870229007633588,
      "support": 83.0
    },
    "micro avg": {
      "precision": 0.5528735632183908,
      "recall": 0.481,
      "f1-score": 0.5144385026737968,
      "support": 1000.0
    },
    "macro avg": {
      "precision": 0.5794838409668355,
      "recall": 0.4776548733390172,
      "f1-score": 0.5126836173760204,
      "support": 1000.0
    },
    "weighted avg": {
      "precision": 0.5742625742978384,
      "recall": 0.481,
      "f1-score": 0.5127340036571447,
      "support": 1000.0
    }
  },
  "accuracy": 0.481,
  "confusion_matrix": [
    [
      76,
      6,
      6,
      8,
      0,
      1,
      2,
      2,
      0,
      0
    ],
    [
      4,
      41,
      4,
      5,
      5,
      10,
      6,
      6,
      3,
      0
    ],
    [
      8,
      6,
      64,
      8,
      0,
      10,
      2,
      1,
      1,
      0
    ],
    [
      5,
      6,
      6,
      56,
      1,
      11,
      4,
      1,
      2,
      1
    ],
    [
      5,
      8,
      6,
      8,
      27,
      7,
      6,
      1,
      2,
      0
    ],
    [
      7,
      8,
      11,
      10,
      4,
      38,
      2,
      5,
      7,
      2
    ],
    [
      1,
      2,
      3,
      4,
      6,
      3,
      64,
      3,
      0,
      0
    ],
    [
      8,
      18,
      2,
      6,
      3,
      2,
      3,
      32,
      1,
      0
    ],
    [
      8,
      8,
      6,
      9,
      6,
      11,
      1,
      3,
      38,
      0
    ],
    [
      2,
      3,
      1,
      10,
      3,
      7,
      2,
      3,
      1,
      45
    ]
  ],
  "labels": [
    "Health",
    "Education",
    "Family",
    "Entertainment",
    "Business",
    "Culture",
    "Tech",
    "Science",
    "Politics",
    "Sports"
  ]
}