{
  "classification_report": {
    "Tech": {
      "precision": 0.6891891891891891,
      "recall": 0.5,
      "f1-score": 0.5795454545454546,
      "support": 102.0
    },
    "Business": {
      "precision": 0.3958333333333333,
      "recall": 0.2235294117647059,
      "f1-score": 0.2857142857142857,
      "support": 85.0
    },
    "Education": {
      "precision": 0.39759036144578314,
      "recall": 0.3473684210526316,
      "f1-score": 0.3707865168539326,
      "support": 95.0
    },
    "Culture": {
      "precision": 0.2781456953642384,
      "recall": 0.3783783783783784,
      "f1-score": 0.32061068702290074,
      "support": 111.0
    },
    "Sports": {
      "precision": 0.9302325581395349,
      "recall": 0.4819277108433735,
      "f1-score": 0.6349206349206349,
      "support": 83.0
    },
    "Health": {
      "precision": 0.5737704918032787,
      "recall": 0.6730769230769231,
      "f1-score": 0.6194690265486725,
      "support": 104.0
    },
    "Politics": {
      "precision": 0.6515151515151515,
      "recall": 0.40186915887850466,
      "f1-score": 0.49710982658959535,
      "support": 107.0
    },
    "Entertainment": {
      "precision": 0.47058823529411764,
      "recall": 0.4528301886792453,
      "f1-score": 0.46153846153846156,
      "support": 106.0
    },
    "Family": {
      "precision": 0.4172661870503597,
      "recall": 0.48333333333333334,
      "f1-score": 0.44787644787644787,
      "support": 120.0
    },
    "Science": {
      "precision": 0.5737704918032787,
      "recall": 0.40229885057471265,
      "f1-score": 0.47297297297297297,
      "support": 87.0
    },
    "micro avg": {
      "precision": 0.4938132733408324,
      "recall": 0.439,
      "f1-score": 0.4647961884595024,
      "support": 1000.0
    },
    "macro avg": {
      "precision": 0.5377901694938265,
      "recall": 0.4344612376581808,
      "f1-score": 0.46905443145833586,
      "support": 1000.0
    },
    "weighted avg": {
      "precision": 0.529054270012759,
      "recall": 0.439,
      "f1-score": 0.4683426982314769,
      "support": 1000.0
    }
  },
  "accuracy": 0.439,
  "confusion_matrix": [
    [
      51,
      7,
      3,
      2,
      0,
      3,
      0,
      6,
      9,
      3
    ],
    [
      5,
      19,
      4,
      13,
      0,
      5,
      3,
      7,
      13,
      2
    ],
    [
      6,
      6,
      33,
      16,
      1,
      3,
      6,
      5,
      4,
      6
    ],
    [
      1,
      3,
      8,
      42,
      0,
      8,
      9,
      10,
      16,
      5
    ],
    [
      3,
      4,
      3,
      14,
      40,
      2,
      0,
      9,
      2,
      4
    ],
    [
      1,
      0,
      1,
      5,
      0,
      70,
      0,
      3,
      12,
      5
    ],
    [
      1,
      5,
      5,
      18,
      0,
      7,
      43,
      6,
      8,
      1
    ],
    [
      3,
      1,
      8,
      17,
      2,
      5,
      2,
      48,
      11,
      0
    ],
    [
      1,
      2,
      4,
      19,
      0,
      9,
      2,
      3,
      58,
      0
    ],
    [
      2,
      1,
      14,
      5,
      0,
      10,
      1,
      5,
      6,
      35
    ]
  ],
  "labels": [
    "Tech",
    "Business",
    "Education",
    "Culture",
    "Sports",
    "Health",
    "Politics",
    "Entertainment",
    "Family",
    "Science"
  ]
}