{
  "classification_report": {
    "Education": {
      "precision": 0.4631578947368421,
      "recall": 0.4631578947368421,
      "f1-score": 0.4631578947368421,
      "support": 95.0
    },
    "Sports": {
      "precision": 0.9482758620689655,
      "recall": 0.6626506024096386,
      "f1-score": 0.7801418439716312,
      "support": 83.0
    },
    "Tech": {
      "precision": 0.7592592592592593,
      "recall": 0.803921568627451,
      "f1-score": 0.780952380952381,
      "support": 102.0
    },
    "Science": {
      "precision": 0.7142857142857143,
      "recall": 0.45977011494252873,
      "f1-score": 0.5594405594405595,
      "support": 87.0
    },
    "Business": {
      "precision": 0.5344827586206896,
      "recall": 0.36470588235294116,
      "f1-score": 0.43356643356643354,
      "support": 85.0
    },
    "Culture": {
      "precision": 0.4041095890410959,
      "recall": 0.5315315315315315,
      "f1-score": 0.4591439688715953,
      "support": 111.0
    },
    "Entertainment": {
      "precision": 0.6238532110091743,
      "recall": 0.6415094339622641,
      "f1-score": 0.6325581395348837,
      "support": 106.0
    },
    "Politics": {
      "precision": 0.6395348837209303,
      "recall": 0.514018691588785,
      "f1-score": 0.5699481865284974,
      "support": 107.0
    },
    "Family": {
      "precision": 0.6338028169014085,
      "recall": 0.375,
      "f1-score": 0.4712041884816754,
      "support": 120.0
    },
    "Health": {
      "precision": 0.7304347826086957,
      "recall": 0.8076923076923077,
      "f1-score": 0.7671232876712328,
      "support": 104.0
    },
    "micro avg": {
      "precision": 0.6241685144124168,
      "recall": 0.563,
      "f1-score": 0.5920084121976866,
      "support": 1000.0
    },
    "macro avg": {
      "precision": 0.6451196772252776,
      "recall": 0.5623958027844289,
      "f1-score": 0.5917236883755732,
      "support": 1000.0
    },
    "weighted avg": {
      "precision": 0.6391616253499315,
      "recall": 0.563,
      "f1-score": 0.5892593152608671,
      "support": 1000.0
    }
  },
  "accuracy": 0.563,
  "confusion_matrix": [
    [
      44,
      0,
      4,
      6,
      8,
      10,
      5,
      4,
      2,
      3
    ],
    [
      3,
      55,
      6,
      3,
      2,
      5,
      5,
      1,
      0,
      0
    ],
    [
      3,
      0,
      82,
      0,
      5,
      2,
      4,
      1,
      1,
      0
    ],
    [
      16,
      0,
      5,
      40,
      3,
      4,
      4,
      2,
      0,
      7
    ],
    [
      3,
      1,
      6,
      1,
      31,
      9,
      5,
      4,
      8,
      3
    ],
    [
      2,
      1,
      0,
      3,
      0,
      59,
      6,
      12,
      9,
      6
    ],
    [
      6,
      0,
      1,
      0,
      1,
      19,
      68,
      4,
      0,
      0
    ],
    [
      5,
      0,
      0,
      1,
      7,
      16,
      6,
      55,
      5,
      5
    ],
    [
      8,
      0,
      1,
      1,
      1,
      19,
      5,
      1,
      45,
      7
    ],
    [
      5,
      1,
      3,
      1,
      0,
      3,
      1,
      2,
      1,
      84
    ]
  ],
  "labels": [
    "Education",
    "Sports",
    "Tech",
    "Science",
    "Business",
    "Culture",
    "Entertainment",
    "Politics",
    "Family",
    "Health"
  ]
}