{
  "classification_report": {
    "Health": {
      "precision": 0.6423357664233577,
      "recall": 0.8461538461538461,
      "f1-score": 0.7302904564315352,
      "support": 104.0
    },
    "Politics": {
      "precision": 0.6527777777777778,
      "recall": 0.4392523364485981,
      "f1-score": 0.5251396648044693,
      "support": 107.0
    },
    "Family": {
      "precision": 0.6703296703296703,
      "recall": 0.5083333333333333,
      "f1-score": 0.5781990521327014,
      "support": 120.0
    },
    "Culture": {
      "precision": 0.5204081632653061,
      "recall": 0.4594594594594595,
      "f1-score": 0.4880382775119617,
      "support": 111.0
    },
    "Entertainment": {
      "precision": 0.5538461538461539,
      "recall": 0.6792452830188679,
      "f1-score": 0.6101694915254238,
      "support": 106.0
    },
    "Education": {
      "precision": 0.3358208955223881,
      "recall": 0.47368421052631576,
      "f1-score": 0.3930131004366812,
      "support": 95.0
    },
    "Science": {
      "precision": 0.6875,
      "recall": 0.5057471264367817,
      "f1-score": 0.5827814569536424,
      "support": 87.0
    },
    "Sports": {
      "precision": 0.8253968253968254,
      "recall": 0.6265060240963856,
      "f1-score": 0.7123287671232876,
      "support": 83.0
    },
    "Tech": {
      "precision": 0.7755102040816326,
      "recall": 0.7450980392156863,
      "f1-score": 0.76,
      "support": 102.0
    },
    "Business": {
      "precision": 0.5223880597014925,
      "recall": 0.4117647058823529,
      "f1-score": 0.4605263157894737,
      "support": 85.0
    },
    "micro avg": {
      "precision": 0.5985324947589099,
      "recall": 0.571,
      "f1-score": 0.5844421699078812,
      "support": 1000.0
    },
    "macro avg": {
      "precision": 0.6186313516344605,
      "recall": 0.5695244364571628,
      "f1-score": 0.5840486582709177,
      "support": 1000.0
    },
    "weighted avg": {
      "precision": 0.6172911482734699,
      "recall": 0.571,
      "f1-score": 0.5842005085741944,
      "support": 1000.0
    }
  },
  "accuracy": 0.571,
  "confusion_matrix": [
    [
      88,
      2,
      3,
      1,
      0,
      4,
      1,
      1,
      2,
      0
    ],
    [
      5,
      47,
      5,
      10,
      7,
      14,
      2,
      0,
      1,
      7
    ],
    [
      13,
      2,
      61,
      7,
      7,
      9,
      1,
      1,
      3,
      4
    ],
    [
      11,
      11,
      6,
      51,
      11,
      10,
      3,
      2,
      1,
      2
    ],
    [
      3,
      1,
      4,
      7,
      72,
      9,
      1,
      2,
      2,
      2
    ],
    [
      3,
      4,
      3,
      10,
      6,
      45,
      7,
      2,
      4,
      6
    ],
    [
      7,
      0,
      1,
      0,
      4,
      22,
      44,
      1,
      3,
      1
    ],
    [
      1,
      2,
      0,
      3,
      8,
      6,
      3,
      52,
      5,
      3
    ],
    [
      0,
      0,
      3,
      3,
      8,
      3,
      0,
      0,
      76,
      7
    ],
    [
      6,
      3,
      5,
      6,
      7,
      12,
      2,
      2,
      1,
      35
    ]
  ],
  "labels": [
    "Health",
    "Politics",
    "Family",
    "Culture",
    "Entertainment",
    "Education",
    "Science",
    "Sports",
    "Tech",
    "Business"
  ]
}