{
  "classification_report": {
    "Politics": {
      "precision": 0.6875,
      "recall": 0.514018691588785,
      "f1-score": 0.5882352941176471,
      "support": 107.0
    },
    "Health": {
      "precision": 0.5958904109589042,
      "recall": 0.8365384615384616,
      "f1-score": 0.696,
      "support": 104.0
    },
    "Entertainment": {
      "precision": 0.6129032258064516,
      "recall": 0.5377358490566038,
      "f1-score": 0.5728643216080402,
      "support": 106.0
    },
    "Science": {
      "precision": 0.6911764705882353,
      "recall": 0.5402298850574713,
      "f1-score": 0.6064516129032258,
      "support": 87.0
    },
    "Business": {
      "precision": 0.44594594594594594,
      "recall": 0.38823529411764707,
      "f1-score": 0.41509433962264153,
      "support": 85.0
    },
    "Culture": {
      "precision": 0.38271604938271603,
      "recall": 0.5585585585585585,
      "f1-score": 0.4542124542124542,
      "support": 111.0
    },
    "Sports": {
      "precision": 0.9038461538461539,
      "recall": 0.5662650602409639,
      "f1-score": 0.6962962962962963,
      "support": 83.0
    },
    "Family": {
      "precision": 0.5675675675675675,
      "recall": 0.7,
      "f1-score": 0.6268656716417911,
      "support": 120.0
    },
    "Education": {
      "precision": 0.48717948717948717,
      "recall": 0.4,
      "f1-score": 0.4393063583815029,
      "support": 95.0
    },
    "Tech": {
      "precision": 0.7731958762886598,
      "recall": 0.7352941176470589,
      "f1-score": 0.7537688442211056,
      "support": 102.0
    },
    "micro avg": {
      "precision": 0.5861723446893787,
      "recall": 0.585,
      "f1-score": 0.5855855855855856,
      "support": 1000.0
    },
    "macro avg": {
      "precision": 0.6147921187564122,
      "recall": 0.5776875917805551,
      "f1-score": 0.5849095193004705,
      "support": 1000.0
    },
    "weighted avg": {
      "precision": 0.6092974540441066,
      "recall": 0.585,
      "f1-score": 0.5861456855155313,
      "support": 1000.0
    }
  },
  "accuracy": 0.585,
  "confusion_matrix": [
    [
      55,
      7,
      5,
      1,
      9,
      13,
      0,
      7,
      9,
      0
    ],
    [
      2,
      87,
      1,
      1,
      1,
      2,
      0,
      5,
      3,
      2
    ],
    [
      2,
      4,
      57,
      1,
      0,
      22,
      3,
      11,
      3,
      3
    ],
    [
      1,
      10,
      4,
      47,
      1,
      5,
      0,
      5,
      12,
      2
    ],
    [
      2,
      7,
      2,
      3,
      33,
      14,
      0,
      13,
      4,
      7
    ],
    [
      11,
      8,
      8,
      3,
      4,
      62,
      1,
      13,
      1,
      0
    ],
    [
      1,
      2,
      7,
      3,
      4,
      8,
      47,
      6,
      2,
      3
    ],
    [
      1,
      12,
      3,
      1,
      0,
      15,
      0,
      84,
      3,
      0
    ],
    [
      5,
      6,
      4,
      6,
      13,
      15,
      1,
      2,
      38,
      5
    ],
    [
      0,
      3,
      2,
      2,
      9,
      6,
      0,
      2,
      3,
      75
    ]
  ],
  "labels": [
    "Politics",
    "Health",
    "Entertainment",
    "Science",
    "Business",
    "Culture",
    "Sports",
    "Family",
    "Education",
    "Tech"
  ]
}