{
  "classification_report": {
    "Politics": {
      "precision": 0.68,
      "recall": 0.4766355140186916,
      "f1-score": 0.5604395604395604,
      "support": 107.0
    },
    "Science": {
      "precision": 0.5416666666666666,
      "recall": 0.4482758620689655,
      "f1-score": 0.49056603773584906,
      "support": 87.0
    },
    "Entertainment": {
      "precision": 0.5436893203883495,
      "recall": 0.5283018867924528,
      "f1-score": 0.5358851674641149,
      "support": 106.0
    },
    "Sports": {
      "precision": 0.8490566037735849,
      "recall": 0.5421686746987951,
      "f1-score": 0.6617647058823529,
      "support": 83.0
    },
    "Tech": {
      "precision": 0.7471264367816092,
      "recall": 0.6372549019607843,
      "f1-score": 0.6878306878306878,
      "support": 102.0
    },
    "Health": {
      "precision": 0.6016949152542372,
      "recall": 0.6826923076923077,
      "f1-score": 0.6396396396396397,
      "support": 104.0
    },
    "Education": {
      "precision": 0.3978494623655914,
      "recall": 0.3894736842105263,
      "f1-score": 0.39361702127659576,
      "support": 95.0
    },
    "Business": {
      "precision": 0.4342105263157895,
      "recall": 0.38823529411764707,
      "f1-score": 0.40993788819875776,
      "support": 85.0
    },
    "Family": {
      "precision": 0.5,
      "recall": 0.7416666666666667,
      "f1-score": 0.5973154362416108,
      "support": 120.0
    },
    "Culture": {
      "precision": 0.36428571428571427,
      "recall": 0.4594594594594595,
      "f1-score": 0.4063745019920319,
      "support": 111.0
    },
    "micro avg": {
      "precision": 0.5396984924623116,
      "recall": 0.537,
      "f1-score": 0.5383458646616541,
      "support": 1000.0
    },
    "macro avg": {
      "precision": 0.5659579645831542,
      "recall": 0.5294164251686297,
      "f1-score": 0.5383370646701201,
      "support": 1000.0
    },
    "weighted avg": {
      "precision": 0.561910241759825,
      "recall": 0.537,
      "f1-score": 0.5400815888590158,
      "support": 1000.0
    }
  },
  "accuracy": 0.537,
  "confusion_matrix": [
    [
      51,
      6,
      5,
      0,
      2,
      9,
      5,
      11,
      6,
      12
    ],
    [
      1,
      39,
      5,
      0,
      2,
      8,
      14,
      4,
      7,
      6
    ],
    [
      1,
      1,
      56,
      3,
      2,
      5,
      9,
      3,
      11,
      14
    ],
    [
      0,
      1,
      9,
      45,
      3,
      1,
      4,
      5,
      6,
      9
    ],
    [
      1,
      5,
      4,
      0,
      65,
      2,
      4,
      6,
      9,
      4
    ],
    [
      0,
      4,
      2,
      0,
      2,
      71,
      4,
      0,
      17,
      4
    ],
    [
      6,
      10,
      3,
      0,
      4,
      4,
      37,
      10,
      5,
      16
    ],
    [
      3,
      2,
      7,
      1,
      5,
      7,
      5,
      33,
      12,
      9
    ],
    [
      4,
      0,
      1,
      0,
      1,
      4,
      6,
      0,
      89,
      15
    ],
    [
      8,
      4,
      11,
      4,
      1,
      7,
      5,
      4,
      16,
      51
    ]
  ],
  "labels": [
    "Politics",
    "Science",
    "Entertainment",
    "Sports",
    "Tech",
    "Health",
    "Education",
    "Business",
    "Family",
    "Culture"
  ]
}