{
  "classification_report": {
    "Entertainment": {
      "precision": 0.5051546391752577,
      "recall": 0.46226415094339623,
      "f1-score": 0.4827586206896552,
      "support": 106.0
    },
    "Health": {
      "precision": 0.7079646017699115,
      "recall": 0.7692307692307693,
      "f1-score": 0.7373271889400922,
      "support": 104.0
    },
    "Science": {
      "precision": 0.6326530612244898,
      "recall": 0.3563218390804598,
      "f1-score": 0.45588235294117646,
      "support": 87.0
    },
    "Politics": {
      "precision": 0.7804878048780488,
      "recall": 0.29906542056074764,
      "f1-score": 0.43243243243243246,
      "support": 107.0
    },
    "Business": {
      "precision": 0.40476190476190477,
      "recall": 0.2,
      "f1-score": 0.2677165354330709,
      "support": 85.0
    },
    "Culture": {
      "precision": 0.3764705882352941,
      "recall": 0.2882882882882883,
      "f1-score": 0.32653061224489793,
      "support": 111.0
    },
    "Tech": {
      "precision": 0.75,
      "recall": 0.5588235294117647,
      "f1-score": 0.6404494382022472,
      "support": 102.0
    },
    "Family": {
      "precision": 0.5645161290322581,
      "recall": 0.2916666666666667,
      "f1-score": 0.38461538461538464,
      "support": 120.0
    },
    "Sports": {
      "precision": 0.9423076923076923,
      "recall": 0.5903614457831325,
      "f1-score": 0.725925925925926,
      "support": 83.0
    },
    "Education": {
      "precision": 0.43010752688172044,
      "recall": 0.42105263157894735,
      "f1-score": 0.425531914893617,
      "support": 95.0
    },
    "micro avg": {
      "precision": 0.5943661971830986,
      "recall": 0.422,
      "f1-score": 0.4935672514619883,
      "support": 1000.0
    },
    "macro avg": {
      "precision": 0.6094423948266577,
      "recall": 0.4237074741544172,
      "f1-score": 0.48791704063185,
      "support": 1000.0
    },
    "weighted avg": {
      "precision": 0.6052344079831824,
      "recall": 0.422,
      "f1-score": 0.48494435250724116,
      "support": 1000.0
    }
  },
  "accuracy": 0.422,
  "confusion_matrix": [
    [
      49,
      3,
      0,
      1,
      1,
      15,
      1,
      3,
      2,
      6
    ],
    [
      4,
      80,
      1,
      0,
      1,
      1,
      0,
      5,
      0,
      1
    ],
    [
      7,
      7,
      31,
      1,
      1,
      2,
      3,
      1,
      1,
      17
    ],
    [
      5,
      6,
      1,
      32,
      4,
      10,
      1,
      5,
      0,
      7
    ],
    [
      8,
      4,
      1,
      1,
      17,
      6,
      6,
      2,
      0,
      5
    ],
    [
      9,
      3,
      5,
      4,
      2,
      32,
      1,
      6,
      0,
      6
    ],
    [
      2,
      1,
      1,
      0,
      8,
      0,
      57,
      2,
      0,
      2
    ],
    [
      3,
      5,
      1,
      0,
      2,
      6,
      0,
      35,
      0,
      6
    ],
    [
      6,
      1,
      2,
      0,
      2,
      4,
      2,
      3,
      49,
      3
    ],
    [
      4,
      3,
      6,
      2,
      4,
      9,
      5,
      0,
      0,
      40
    ]
  ],
  "labels": [
    "Entertainment",
    "Health",
    "Science",
    "Politics",
    "Business",
    "Culture",
    "Tech",
    "Family",
    "Sports",
    "Education"
  ]
}