{
  "classification_report": {
    "Family": {
      "precision": 0.4883720930232558,
      "recall": 0.175,
      "f1-score": 0.25766871165644173,
      "support": 120.0
    },
    "Politics": {
      "precision": 0.7608695652173914,
      "recall": 0.32710280373831774,
      "f1-score": 0.45751633986928103,
      "support": 107.0
    },
    "Business": {
      "precision": 0.5135135135135135,
      "recall": 0.2235294117647059,
      "f1-score": 0.3114754098360656,
      "support": 85.0
    },
    "Entertainment": {
      "precision": 0.4689655172413793,
      "recall": 0.6415094339622641,
      "f1-score": 0.5418326693227091,
      "support": 106.0
    },
    "Health": {
      "precision": 0.6981132075471698,
      "recall": 0.7115384615384616,
      "f1-score": 0.7047619047619048,
      "support": 104.0
    },
    "Sports": {
      "precision": 0.8775510204081632,
      "recall": 0.5180722891566265,
      "f1-score": 0.6515151515151515,
      "support": 83.0
    },
    "Science": {
      "precision": 0.66,
      "recall": 0.3793103448275862,
      "f1-score": 0.48175182481751827,
      "support": 87.0
    },
    "Tech": {
      "precision": 0.7073170731707317,
      "recall": 0.5686274509803921,
      "f1-score": 0.6304347826086957,
      "support": 102.0
    },
    "Education": {
      "precision": 0.40384615384615385,
      "recall": 0.4421052631578947,
      "f1-score": 0.4221105527638191,
      "support": 95.0
    },
    "Culture": {
      "precision": 0.3211009174311927,
      "recall": 0.3153153153153153,
      "f1-score": 0.3181818181818182,
      "support": 111.0
    },
    "micro avg": {
      "precision": 0.5551232166018158,
      "recall": 0.428,
      "f1-score": 0.48334274421230944,
      "support": 1000.0
    },
    "macro avg": {
      "precision": 0.5899649061398952,
      "recall": 0.43021107744415643,
      "f1-score": 0.4777249165333405,
      "support": 1000.0
    },
    "weighted avg": {
      "precision": 0.5823911243097313,
      "recall": 0.428,
      "f1-score": 0.4727906031360101,
      "support": 1000.0
    }
  },
  "accuracy": 0.428,
  "confusion_matrix": [
    [
      21,
      0,
      0,
      9,
      3,
      0,
      0,
      0,
      7,
      14
    ],
    [
      3,
      35,
      5,
      9,
      4,
      0,
      2,
      1,
      8,
      14
    ],
    [
      4,
      1,
      19,
      11,
      6,
      0,
      1,
      6,
      7,
      5
    ],
    [
      2,
      1,
      1,
      68,
      2,
      1,
      1,
      1,
      4,
      12
    ],
    [
      1,
      0,
      0,
      3,
      74,
      1,
      2,
      4,
      6,
      3
    ],
    [
      1,
      2,
      1,
      10,
      2,
      43,
      1,
      3,
      6,
      6
    ],
    [
      1,
      1,
      0,
      9,
      7,
      0,
      33,
      4,
      10,
      6
    ],
    [
      2,
      1,
      4,
      8,
      0,
      0,
      1,
      58,
      5,
      1
    ],
    [
      2,
      1,
      6,
      4,
      3,
      2,
      4,
      5,
      42,
      13
    ],
    [
      6,
      4,
      1,
      14,
      5,
      2,
      5,
      0,
      9,
      35
    ]
  ],
  "labels": [
    "Family",
    "Politics",
    "Business",
    "Entertainment",
    "Health",
    "Sports",
    "Science",
    "Tech",
    "Education",
    "Culture"
  ]
}