{
  "classification_report": {
    "Entertainment": {
      "precision": 0.6145833333333334,
      "recall": 0.5566037735849056,
      "f1-score": 0.5841584158415841,
      "support": 106.0
    },
    "Family": {
      "precision": 0.5522388059701493,
      "recall": 0.30833333333333335,
      "f1-score": 0.39572192513368987,
      "support": 120.0
    },
    "Health": {
      "precision": 0.6545454545454545,
      "recall": 0.6923076923076923,
      "f1-score": 0.6728971962616822,
      "support": 104.0
    },
    "Education": {
      "precision": 0.4631578947368421,
      "recall": 0.4631578947368421,
      "f1-score": 0.4631578947368421,
      "support": 95.0
    },
    "Culture": {
      "precision": 0.5373134328358209,
      "recall": 0.32432432432432434,
      "f1-score": 0.4044943820224719,
      "support": 111.0
    },
    "Science": {
      "precision": 0.5918367346938775,
      "recall": 0.3333333333333333,
      "f1-score": 0.4264705882352941,
      "support": 87.0
    },
    "Sports": {
      "precision": 0.8888888888888888,
      "recall": 0.6746987951807228,
      "f1-score": 0.7671232876712328,
      "support": 83.0
    },
    "Tech": {
      "precision": 0.8607594936708861,
      "recall": 0.6666666666666666,
      "f1-score": 0.7513812154696132,
      "support": 102.0
    },
    "Business": {
      "precision": 0.42105263157894735,
      "recall": 0.2823529411764706,
      "f1-score": 0.3380281690140845,
      "support": 85.0
    },
    "Politics": {
      "precision": 0.6981132075471698,
      "recall": 0.34579439252336447,
      "f1-score": 0.4625,
      "support": 107.0
    },
    "micro avg": {
      "precision": 0.6277173913043478,
      "recall": 0.462,
      "f1-score": 0.532258064516129,
      "support": 1000.0
    },
    "macro avg": {
      "precision": 0.6282489877801369,
      "recall": 0.4647573147167655,
      "f1-score": 0.5265933074386495,
      "support": 1000.0
    },
    "weighted avg": {
      "precision": 0.6266816373095878,
      "recall": 0.462,
      "f1-score": 0.5239225603082407,
      "support": 1000.0
    }
  },
  "accuracy": 0.462,
  "confusion_matrix": [
    [
      59,
      2,
      4,
      5,
      11,
      1,
      1,
      0,
      3,
      2
    ],
    [
      0,
      37,
      6,
      3,
      5,
      0,
      0,
      0,
      2,
      2
    ],
    [
      2,
      5,
      72,
      4,
      0,
      3,
      2,
      2,
      2,
      0
    ],
    [
      4,
      0,
      3,
      44,
      3,
      6,
      0,
      3,
      5,
      3
    ],
    [
      8,
      9,
      7,
      2,
      36,
      3,
      3,
      0,
      3,
      4
    ],
    [
      2,
      2,
      8,
      18,
      0,
      29,
      0,
      1,
      2,
      1
    ],
    [
      5,
      2,
      2,
      1,
      1,
      2,
      56,
      2,
      3,
      1
    ],
    [
      3,
      1,
      1,
      3,
      3,
      0,
      0,
      68,
      8,
      1
    ],
    [
      5,
      4,
      4,
      6,
      1,
      3,
      1,
      3,
      24,
      2
    ],
    [
      8,
      5,
      3,
      9,
      7,
      2,
      0,
      0,
      5,
      37
    ]
  ],
  "labels": [
    "Entertainment",
    "Family",
    "Health",
    "Education",
    "Culture",
    "Science",
    "Sports",
    "Tech",
    "Business",
    "Politics"
  ]
}