{
  "classification_report": {
    "Politics": {
      "precision": 0.6666666666666666,
      "recall": 0.4672897196261682,
      "f1-score": 0.5494505494505495,
      "support": 107.0
    },
    "Sports": {
      "precision": 0.819672131147541,
      "recall": 0.6024096385542169,
      "f1-score": 0.6944444444444444,
      "support": 83.0
    },
    "Family": {
      "precision": 0.7083333333333334,
      "recall": 0.425,
      "f1-score": 0.53125,
      "support": 120.0
    },
    "Business": {
      "precision": 0.4805194805194805,
      "recall": 0.43529411764705883,
      "f1-score": 0.4567901234567901,
      "support": 85.0
    },
    "Education": {
      "precision": 0.3942307692307692,
      "recall": 0.43157894736842106,
      "f1-score": 0.4120603015075377,
      "support": 95.0
    },
    "Tech": {
      "precision": 0.77,
      "recall": 0.7549019607843137,
      "f1-score": 0.7623762376237624,
      "support": 102.0
    },
    "Culture": {
      "precision": 0.3684210526315789,
      "recall": 0.44144144144144143,
      "f1-score": 0.4016393442622951,
      "support": 111.0
    },
    "Health": {
      "precision": 0.6496350364963503,
      "recall": 0.8557692307692307,
      "f1-score": 0.7385892116182573,
      "support": 104.0
    },
    "Entertainment": {
      "precision": 0.5365853658536586,
      "recall": 0.6226415094339622,
      "f1-score": 0.5764192139737991,
      "support": 106.0
    },
    "Science": {
      "precision": 0.6268656716417911,
      "recall": 0.4827586206896552,
      "f1-score": 0.5454545454545454,
      "support": 87.0
    },
    "micro avg": {
      "precision": 0.5816649104320337,
      "recall": 0.552,
      "f1-score": 0.5664443304258594,
      "support": 1000.0
    },
    "macro avg": {
      "precision": 0.6020929507521171,
      "recall": 0.5519085186314469,
      "f1-score": 0.5668473971791981,
      "support": 1000.0
    },
    "weighted avg": {
      "precision": 0.6010743419907074,
      "recall": 0.552,
      "f1-score": 0.5658655904119464,
      "support": 1000.0
    }
  },
  "accuracy": 0.552,
  "confusion_matrix": [
    [
      50,
      1,
      3,
      12,
      10,
      2,
      10,
      5,
      8,
      1
    ],
    [
      3,
      50,
      0,
      1,
      6,
      5,
      4,
      3,
      8,
      1
    ],
    [
      2,
      0,
      51,
      3,
      8,
      1,
      24,
      7,
      5,
      1
    ],
    [
      3,
      0,
      5,
      37,
      9,
      4,
      7,
      5,
      8,
      2
    ],
    [
      6,
      0,
      0,
      6,
      41,
      5,
      14,
      4,
      5,
      8
    ],
    [
      0,
      3,
      2,
      5,
      3,
      77,
      4,
      2,
      2,
      1
    ],
    [
      9,
      3,
      8,
      5,
      4,
      1,
      49,
      10,
      12,
      6
    ],
    [
      1,
      0,
      1,
      2,
      3,
      2,
      0,
      89,
      2,
      3
    ],
    [
      0,
      3,
      2,
      3,
      5,
      1,
      16,
      4,
      66,
      2
    ],
    [
      1,
      1,
      0,
      3,
      15,
      2,
      5,
      8,
      7,
      42
    ]
  ],
  "labels": [
    "Politics",
    "Sports",
    "Family",
    "Business",
    "Education",
    "Tech",
    "Culture",
    "Health",
    "Entertainment",
    "Science"
  ]
}