{
  "classification_report": {
    "Entertainment": {
      "precision": 0.4878048780487805,
      "recall": 0.5660377358490566,
      "f1-score": 0.5240174672489083,
      "support": 106.0
    },
    "Politics": {
      "precision": 0.8333333333333334,
      "recall": 0.18691588785046728,
      "f1-score": 0.3053435114503817,
      "support": 107.0
    },
    "Sports": {
      "precision": 0.8431372549019608,
      "recall": 0.5180722891566265,
      "f1-score": 0.6417910447761194,
      "support": 83.0
    },
    "Culture": {
      "precision": 0.4318181818181818,
      "recall": 0.17117117117117117,
      "f1-score": 0.24516129032258063,
      "support": 111.0
    },
    "Education": {
      "precision": 0.5238095238095238,
      "recall": 0.3473684210526316,
      "f1-score": 0.4177215189873418,
      "support": 95.0
    },
    "Family": {
      "precision": 0.4375,
      "recall": 0.058333333333333334,
      "f1-score": 0.10294117647058823,
      "support": 120.0
    },
    "Business": {
      "precision": 0.4444444444444444,
      "recall": 0.09411764705882353,
      "f1-score": 0.1553398058252427,
      "support": 85.0
    },
    "Health": {
      "precision": 0.7528089887640449,
      "recall": 0.6442307692307693,
      "f1-score": 0.694300518134715,
      "support": 104.0
    },
    "Science": {
      "precision": 0.5555555555555556,
      "recall": 0.1724137931034483,
      "f1-score": 0.2631578947368421,
      "support": 87.0
    },
    "Tech": {
      "precision": 0.9,
      "recall": 0.4411764705882353,
      "f1-score": 0.5921052631578947,
      "support": 102.0
    },
    "micro avg": {
      "precision": 0.6277227722772277,
      "recall": 0.317,
      "f1-score": 0.4212624584717608,
      "support": 1000.0
    },
    "macro avg": {
      "precision": 0.6210212160675825,
      "recall": 0.3199837518394563,
      "f1-score": 0.3941879491110614,
      "support": 1000.0
    },
    "weighted avg": {
      "precision": 0.6172513447829948,
      "recall": 0.317,
      "f1-score": 0.3894362637414341,
      "support": 1000.0
    }
  },
  "accuracy": 0.317,
  "confusion_matrix": [
    [
      60,
      0,
      2,
      7,
      1,
      0,
      0,
      2,
      1,
      1
    ],
    [
      10,
      20,
      1,
      4,
      4,
      2,
      1,
      5,
      1,
      0
    ],
    [
      9,
      1,
      43,
      3,
      1,
      0,
      2,
      1,
      2,
      1
    ],
    [
      9,
      2,
      1,
      19,
      2,
      2,
      0,
      1,
      4,
      0
    ],
    [
      5,
      1,
      2,
      5,
      33,
      1,
      5,
      2,
      2,
      0
    ],
    [
      3,
      0,
      0,
      1,
      3,
      7,
      0,
      2,
      1,
      0
    ],
    [
      8,
      0,
      1,
      2,
      4,
      0,
      8,
      4,
      1,
      2
    ],
    [
      3,
      0,
      1,
      1,
      3,
      1,
      0,
      67,
      0,
      0
    ],
    [
      6,
      0,
      0,
      0,
      10,
      0,
      0,
      5,
      15,
      1
    ],
    [
      10,
      0,
      0,
      2,
      2,
      3,
      2,
      0,
      0,
      45
    ]
  ],
  "labels": [
    "Entertainment",
    "Politics",
    "Sports",
    "Culture",
    "Education",
    "Family",
    "Business",
    "Health",
    "Science",
    "Tech"
  ]
}