{
  "classification_report": {
    "Culture": {
      "precision": 0.4,
      "recall": 0.3783783783783784,
      "f1-score": 0.3888888888888889,
      "support": 111.0
    },
    "Health": {
      "precision": 0.7053571428571429,
      "recall": 0.7596153846153846,
      "f1-score": 0.7314814814814815,
      "support": 104.0
    },
    "Politics": {
      "precision": 0.7777777777777778,
      "recall": 0.32710280373831774,
      "f1-score": 0.4605263157894737,
      "support": 107.0
    },
    "Business": {
      "precision": 0.574468085106383,
      "recall": 0.3176470588235294,
      "f1-score": 0.4090909090909091,
      "support": 85.0
    },
    "Tech": {
      "precision": 0.8125,
      "recall": 0.6372549019607843,
      "f1-score": 0.7142857142857143,
      "support": 102.0
    },
    "Science": {
      "precision": 0.7307692307692307,
      "recall": 0.4367816091954023,
      "f1-score": 0.5467625899280576,
      "support": 87.0
    },
    "Family": {
      "precision": 0.5,
      "recall": 0.1,
      "f1-score": 0.16666666666666666,
      "support": 120.0
    },
    "Sports": {
      "precision": 0.9259259259259259,
      "recall": 0.6024096385542169,
      "f1-score": 0.7299270072992701,
      "support": 83.0
    },
    "Entertainment": {
      "precision": 0.4074074074074074,
      "recall": 0.7264150943396226,
      "f1-score": 0.5220338983050847,
      "support": 106.0
    },
    "Education": {
      "precision": 0.3879310344827586,
      "recall": 0.47368421052631576,
      "f1-score": 0.4265402843601896,
      "support": 95.0
    },
    "micro avg": {
      "precision": 0.5703883495145631,
      "recall": 0.47,
      "f1-score": 0.5153508771929824,
      "support": 1000.0
    },
    "macro avg": {
      "precision": 0.6222136604326627,
      "recall": 0.47592890801319526,
      "f1-score": 0.5096203756095737,
      "support": 1000.0
    },
    "weighted avg": {
      "precision": 0.61315156070323,
      "recall": 0.47,
      "f1-score": 0.500156133824222,
      "support": 1000.0
    }
  },
  "accuracy": 0.47,
  "confusion_matrix": [
    [
      42,
      5,
      5,
      2,
      1,
      4,
      4,
      1,
      18,
      7
    ],
    [
      3,
      79,
      1,
      1,
      1,
      0,
      1,
      1,
      5,
      5
    ],
    [
      12,
      4,
      35,
      3,
      1,
      2,
      1,
      0,
      11,
      12
    ],
    [
      5,
      6,
      0,
      27,
      3,
      0,
      1,
      0,
      12,
      12
    ],
    [
      1,
      1,
      0,
      4,
      65,
      1,
      1,
      0,
      17,
      6
    ],
    [
      5,
      4,
      1,
      2,
      2,
      38,
      0,
      1,
      12,
      14
    ],
    [
      14,
      5,
      0,
      1,
      0,
      2,
      12,
      0,
      18,
      6
    ],
    [
      5,
      2,
      2,
      1,
      3,
      1,
      1,
      50,
      9,
      5
    ],
    [
      10,
      1,
      0,
      0,
      2,
      2,
      0,
      1,
      77,
      4
    ],
    [
      8,
      5,
      1,
      6,
      2,
      2,
      3,
      0,
      10,
      45
    ]
  ],
  "labels": [
    "Culture",
    "Health",
    "Politics",
    "Business",
    "Tech",
    "Science",
    "Family",
    "Sports",
    "Entertainment",
    "Education"
  ]
}