{
  "classification_report": {
    "Science": {
      "precision": 0.7049180327868853,
      "recall": 0.4942528735632184,
      "f1-score": 0.581081081081081,
      "support": 87.0
    },
    "Entertainment": {
      "precision": 0.5244755244755245,
      "recall": 0.7075471698113207,
      "f1-score": 0.6024096385542169,
      "support": 106.0
    },
    "Business": {
      "precision": 0.5,
      "recall": 0.3764705882352941,
      "f1-score": 0.42953020134228187,
      "support": 85.0
    },
    "Tech": {
      "precision": 0.75,
      "recall": 0.7647058823529411,
      "f1-score": 0.7572815533980582,
      "support": 102.0
    },
    "Culture": {
      "precision": 0.4897959183673469,
      "recall": 0.43243243243243246,
      "f1-score": 0.45933014354066987,
      "support": 111.0
    },
    "Health": {
      "precision": 0.6742424242424242,
      "recall": 0.8557692307692307,
      "f1-score": 0.7542372881355932,
      "support": 104.0
    },
    "Politics": {
      "precision": 0.7397260273972602,
      "recall": 0.5046728971962616,
      "f1-score": 0.6,
      "support": 107.0
    },
    "Education": {
      "precision": 0.38738738738738737,
      "recall": 0.45263157894736844,
      "f1-score": 0.4174757281553398,
      "support": 95.0
    },
    "Sports": {
      "precision": 0.85,
      "recall": 0.6144578313253012,
      "f1-score": 0.7132867132867133,
      "support": 83.0
    },
    "Family": {
      "precision": 0.6415094339622641,
      "recall": 0.5666666666666667,
      "f1-score": 0.6017699115044248,
      "support": 120.0
    },
    "micro avg": {
      "precision": 0.6102941176470589,
      "recall": 0.581,
      "f1-score": 0.5952868852459017,
      "support": 1000.0
    },
    "macro avg": {
      "precision": 0.6262054748619093,
      "recall": 0.5769607151300036,
      "f1-score": 0.5916402258998379,
      "support": 1000.0
    },
    "weighted avg": {
      "precision": 0.6238944523156326,
      "recall": 0.581,
      "f1-score": 0.5928639659586985,
      "support": 1000.0
    }
  },
  "accuracy": 0.581,
  "confusion_matrix": [
    [
      43,
      6,
      1,
      2,
      2,
      10,
      1,
      16,
      1,
      1
    ],
    [
      0,
      75,
      1,
      3,
      7,
      3,
      1,
      8,
      1,
      3
    ],
    [
      1,
      10,
      32,
      6,
      5,
      6,
      3,
      9,
      0,
      7
    ],
    [
      1,
      6,
      5,
      78,
      5,
      0,
      0,
      3,
      0,
      2
    ],
    [
      6,
      11,
      5,
      0,
      48,
      9,
      8,
      5,
      4,
      12
    ],
    [
      1,
      3,
      0,
      1,
      2,
      89,
      1,
      3,
      1,
      3
    ],
    [
      2,
      9,
      9,
      0,
      6,
      5,
      54,
      9,
      0,
      4
    ],
    [
      5,
      7,
      7,
      6,
      8,
      3,
      3,
      43,
      2,
      5
    ],
    [
      1,
      7,
      3,
      6,
      3,
      1,
      2,
      5,
      51,
      1
    ],
    [
      1,
      9,
      1,
      2,
      12,
      6,
      0,
      10,
      0,
      68
    ]
  ],
  "labels": [
    "Science",
    "Entertainment",
    "Business",
    "Tech",
    "Culture",
    "Health",
    "Politics",
    "Education",
    "Sports",
    "Family"
  ]
}