{
  "classification_report": {
    "Business & Finance": {
      "precision": 0.5074626865671642,
      "recall": 0.4,
      "f1-score": 0.4473684210526316,
      "support": 85.0
    },
    "Computers & Internet": {
      "precision": 0.8387096774193549,
      "recall": 0.7647058823529411,
      "f1-score": 0.8,
      "support": 102.0
    },
    "Culture": {
      "precision": 0.7333333333333333,
      "recall": 0.0990990990990991,
      "f1-score": 0.1746031746031746,
      "support": 111.0
    },
    "Education & Reference": {
      "precision": 0.424,
      "recall": 0.5578947368421052,
      "f1-score": 0.4818181818181818,
      "support": 95.0
    },
    "Entertainment & Music": {
      "precision": 0.4431818181818182,
      "recall": 0.7358490566037735,
      "f1-score": 0.5531914893617021,
      "support": 106.0
    },
    "Family & Relationships": {
      "precision": 0.5882352941176471,
      "recall": 0.75,
      "f1-score": 0.6593406593406593,
      "support": 120.0
    },
    "Health": {
      "precision": 0.5408805031446541,
      "recall": 0.8269230769230769,
      "f1-score": 0.6539923954372624,
      "support": 104.0
    },
    "Politics & Government": {
      "precision": 0.6363636363636364,
      "recall": 0.45794392523364486,
      "f1-score": 0.532608695652174,
      "support": 107.0
    },
    "Science": {
      "precision": 0.7659574468085106,
      "recall": 0.41379310344827586,
      "f1-score": 0.5373134328358209,
      "support": 87.0
    },
    "Sports": {
      "precision": 0.9767441860465116,
      "recall": 0.5060240963855421,
      "f1-score": 0.6666666666666666,
      "support": 83.0
    },
    "micro avg": {
      "precision": 0.5832460732984294,
      "recall": 0.557,
      "f1-score": 0.5698209718670076,
      "support": 1000.0
    },
    "macro avg": {
      "precision": 0.645486858198263,
      "recall": 0.5512232976888458,
      "f1-score": 0.5506903116768274,
      "support": 1000.0
    },
    "weighted avg": {
      "precision": 0.6399787702085276,
      "recall": 0.557,
      "f1-score": 0.5496231139866806,
      "support": 1000.0
    }
  },
  "accuracy": 0.557,
  "confusion_matrix": [
    [
      34,
      5,
      0,
      9,
      8,
      12,
      7,
      1,
      0,
      0
    ],
    [
      7,
      78,
      0,
      3,
      4,
      7,
      2,
      0,
      1,
      0
    ],
    [
      1,
      1,
      11,
      6,
      24,
      13,
      19,
      16,
      4,
      0
    ],
    [
      10,
      2,
      1,
      53,
      7,
      4,
      4,
      6,
      4,
      0
    ],
    [
      1,
      1,
      1,
      6,
      78,
      7,
      8,
      1,
      1,
      0
    ],
    [
      1,
      0,
      1,
      5,
      15,
      90,
      7,
      1,
      0,
      0
    ],
    [
      0,
      1,
      0,
      3,
      4,
      5,
      86,
      2,
      0,
      1
    ],
    [
      8,
      0,
      0,
      11,
      11,
      12,
      10,
      49,
      1,
      0
    ],
    [
      2,
      2,
      0,
      20,
      6,
      2,
      13,
      0,
      36,
      0
    ],
    [
      3,
      3,
      1,
      9,
      19,
      1,
      3,
      1,
      0,
      42
    ]
  ],
  "labels": [
    "Business & Finance",
    "Computers & Internet",
    "Culture",
    "Education & Reference",
    "Entertainment & Music",
    "Family & Relationships",
    "Health",
    "Politics & Government",
    "Science",
    "Sports"
  ]
}