{
  "classification_report": {
    "Politics": {
      "precision": 0.7090909090909091,
      "recall": 0.3644859813084112,
      "f1-score": 0.48148148148148145,
      "support": 107.0
    },
    "Family": {
      "precision": 0.48514851485148514,
      "recall": 0.4083333333333333,
      "f1-score": 0.4434389140271493,
      "support": 120.0
    },
    "Sports": {
      "precision": 0.8461538461538461,
      "recall": 0.5301204819277109,
      "f1-score": 0.6518518518518519,
      "support": 83.0
    },
    "Science": {
      "precision": 0.6142857142857143,
      "recall": 0.4942528735632184,
      "f1-score": 0.5477707006369427,
      "support": 87.0
    },
    "Education": {
      "precision": 0.3137254901960784,
      "recall": 0.3368421052631579,
      "f1-score": 0.3248730964467005,
      "support": 95.0
    },
    "Business": {
      "precision": 0.4266666666666667,
      "recall": 0.3764705882352941,
      "f1-score": 0.4,
      "support": 85.0
    },
    "Tech": {
      "precision": 0.71,
      "recall": 0.696078431372549,
      "f1-score": 0.7029702970297029,
      "support": 102.0
    },
    "Entertainment": {
      "precision": 0.5339805825242718,
      "recall": 0.5188679245283019,
      "f1-score": 0.5263157894736842,
      "support": 106.0
    },
    "Culture": {
      "precision": 0.26732673267326734,
      "recall": 0.4864864864864865,
      "f1-score": 0.3450479233226837,
      "support": 111.0
    },
    "Health": {
      "precision": 0.6634615384615384,
      "recall": 0.6634615384615384,
      "f1-score": 0.6634615384615384,
      "support": 104.0
    },
    "micro avg": {
      "precision": 0.5062240663900415,
      "recall": 0.488,
      "f1-score": 0.4969450101832994,
      "support": 1000.0
    },
    "macro avg": {
      "precision": 0.5569839994903778,
      "recall": 0.4875399744480002,
      "f1-score": 0.5087211592731735,
      "support": 1000.0
    },
    "weighted avg": {
      "precision": 0.5515299727381315,
      "recall": 0.488,
      "f1-score": 0.5061466504933888,
      "support": 1000.0
    }
  },
  "accuracy": 0.488,
  "confusion_matrix": [
    [
      39,
      7,
      0,
      4,
      11,
      10,
      1,
      4,
      25,
      3
    ],
    [
      2,
      49,
      0,
      0,
      7,
      4,
      3,
      5,
      28,
      7
    ],
    [
      2,
      3,
      44,
      2,
      7,
      1,
      4,
      11,
      7,
      0
    ],
    [
      1,
      1,
      1,
      43,
      12,
      4,
      5,
      4,
      5,
      11
    ],
    [
      2,
      3,
      0,
      12,
      32,
      10,
      4,
      2,
      28,
      2
    ],
    [
      1,
      6,
      0,
      0,
      10,
      32,
      6,
      9,
      15,
      5
    ],
    [
      1,
      4,
      1,
      3,
      2,
      7,
      71,
      2,
      6,
      1
    ],
    [
      0,
      7,
      1,
      2,
      7,
      6,
      3,
      55,
      23,
      0
    ],
    [
      7,
      14,
      4,
      3,
      8,
      1,
      1,
      10,
      54,
      6
    ],
    [
      0,
      7,
      1,
      1,
      6,
      0,
      2,
      1,
      11,
      69
    ]
  ],
  "labels": [
    "Politics",
    "Family",
    "Sports",
    "Science",
    "Education",
    "Business",
    "Tech",
    "Entertainment",
    "Culture",
    "Health"
  ]
}