{
  "classification_report": {
    "Business": {
      "precision": 0.3050847457627119,
      "recall": 0.21176470588235294,
      "f1-score": 0.25,
      "support": 85.0
    },
    "Education": {
      "precision": 0.31645569620253167,
      "recall": 0.2631578947368421,
      "f1-score": 0.28735632183908044,
      "support": 95.0
    },
    "Politics": {
      "precision": 0.47560975609756095,
      "recall": 0.3644859813084112,
      "f1-score": 0.4126984126984127,
      "support": 107.0
    },
    "Science": {
      "precision": 0.3466666666666667,
      "recall": 0.2988505747126437,
      "f1-score": 0.32098765432098764,
      "support": 87.0
    },
    "Sports": {
      "precision": 0.82,
      "recall": 0.4939759036144578,
      "f1-score": 0.6165413533834586,
      "support": 83.0
    },
    "Tech": {
      "precision": 0.53125,
      "recall": 0.5,
      "f1-score": 0.5151515151515151,
      "support": 102.0
    },
    "Entertainment": {
      "precision": 0.3565217391304348,
      "recall": 0.3867924528301887,
      "f1-score": 0.37104072398190047,
      "support": 106.0
    },
    "Culture": {
      "precision": 0.22660098522167488,
      "recall": 0.4144144144144144,
      "f1-score": 0.2929936305732484,
      "support": 111.0
    },
    "Family": {
      "precision": 0.4180327868852459,
      "recall": 0.425,
      "f1-score": 0.4214876033057851,
      "support": 120.0
    },
    "Health": {
      "precision": 0.49382716049382713,
      "recall": 0.38461538461538464,
      "f1-score": 0.43243243243243246,
      "support": 104.0
    },
    "micro avg": {
      "precision": 0.39293139293139295,
      "recall": 0.378,
      "f1-score": 0.3853211009174312,
      "support": 1000.0
    },
    "macro avg": {
      "precision": 0.42900495364606533,
      "recall": 0.3743057312114695,
      "f1-score": 0.39206896476868214,
      "support": 1000.0
    },
    "weighted avg": {
      "precision": 0.42375921125652954,
      "recall": 0.378,
      "f1-score": 0.39175598864102956,
      "support": 1000.0
    }
  },
  "accuracy": 0.378,
  "confusion_matrix": [
    [
      18,
      3,
      5,
      3,
      0,
      7,
      8,
      18,
      8,
      9
    ],
    [
      5,
      25,
      9,
      10,
      1,
      7,
      7,
      22,
      4,
      3
    ],
    [
      6,
      5,
      39,
      5,
      0,
      5,
      7,
      25,
      8,
      6
    ],
    [
      4,
      14,
      2,
      26,
      2,
      4,
      9,
      13,
      5,
      5
    ],
    [
      4,
      2,
      1,
      5,
      41,
      4,
      9,
      14,
      1,
      2
    ],
    [
      8,
      3,
      0,
      5,
      0,
      51,
      7,
      8,
      8,
      5
    ],
    [
      4,
      10,
      3,
      4,
      4,
      7,
      41,
      20,
      8,
      3
    ],
    [
      4,
      6,
      12,
      8,
      2,
      4,
      11,
      46,
      14,
      2
    ],
    [
      2,
      7,
      8,
      0,
      0,
      2,
      4,
      27,
      51,
      6
    ],
    [
      4,
      4,
      3,
      9,
      0,
      5,
      12,
      10,
      15,
      40
    ]
  ],
  "labels": [
    "Business",
    "Education",
    "Politics",
    "Science",
    "Sports",
    "Tech",
    "Entertainment",
    "Culture",
    "Family",
    "Health"
  ]
}