{
  "classification_report": {
    "Entertainment": {
      "precision": 0.6739130434782609,
      "recall": 0.5849056603773585,
      "f1-score": 0.6262626262626263,
      "support": 106.0
    },
    "Culture": {
      "precision": 0.36363636363636365,
      "recall": 0.5765765765765766,
      "f1-score": 0.445993031358885,
      "support": 111.0
    },
    "Business": {
      "precision": 0.6086956521739131,
      "recall": 0.32941176470588235,
      "f1-score": 0.42748091603053434,
      "support": 85.0
    },
    "Science": {
      "precision": 0.7446808510638298,
      "recall": 0.40229885057471265,
      "f1-score": 0.5223880597014925,
      "support": 87.0
    },
    "Sports": {
      "precision": 0.9310344827586207,
      "recall": 0.6506024096385542,
      "f1-score": 0.7659574468085106,
      "support": 83.0
    },
    "Politics": {
      "precision": 0.6617647058823529,
      "recall": 0.4205607476635514,
      "f1-score": 0.5142857142857142,
      "support": 107.0
    },
    "Health": {
      "precision": 0.7217391304347827,
      "recall": 0.7980769230769231,
      "f1-score": 0.7579908675799086,
      "support": 104.0
    },
    "Education": {
      "precision": 0.4351851851851852,
      "recall": 0.49473684210526314,
      "f1-score": 0.4630541871921182,
      "support": 95.0
    },
    "Family": {
      "precision": 0.7846153846153846,
      "recall": 0.425,
      "f1-score": 0.5513513513513514,
      "support": 120.0
    },
    "Tech": {
      "precision": 0.794392523364486,
      "recall": 0.8333333333333334,
      "f1-score": 0.8133971291866029,
      "support": 102.0
    },
    "micro avg": {
      "precision": 0.6281179138321995,
      "recall": 0.554,
      "f1-score": 0.5887353878852285,
      "support": 1000.0
    },
    "macro avg": {
      "precision": 0.671965732259318,
      "recall": 0.5515503108052154,
      "f1-score": 0.5888161329757744,
      "support": 1000.0
    },
    "weighted avg": {
      "precision": 0.6679948147428788,
      "recall": 0.554,
      "f1-score": 0.5882256107857351,
      "support": 1000.0
    }
  },
  "accuracy": 0.554,
  "confusion_matrix": [
    [
      62,
      24,
      2,
      1,
      0,
      1,
      0,
      4,
      0,
      1
    ],
    [
      5,
      64,
      1,
      1,
      2,
      9,
      6,
      3,
      3,
      0
    ],
    [
      5,
      11,
      28,
      2,
      1,
      5,
      4,
      7,
      5,
      5
    ],
    [
      4,
      3,
      2,
      35,
      0,
      1,
      8,
      21,
      1,
      5
    ],
    [
      3,
      9,
      1,
      2,
      54,
      1,
      1,
      5,
      0,
      2
    ],
    [
      4,
      20,
      4,
      1,
      0,
      45,
      6,
      7,
      3,
      1
    ],
    [
      1,
      2,
      0,
      0,
      1,
      1,
      83,
      6,
      0,
      3
    ],
    [
      3,
      14,
      5,
      5,
      0,
      5,
      4,
      47,
      1,
      3
    ],
    [
      4,
      25,
      0,
      0,
      0,
      0,
      3,
      5,
      51,
      2
    ],
    [
      1,
      4,
      3,
      0,
      0,
      0,
      0,
      3,
      1,
      85
    ]
  ],
  "labels": [
    "Entertainment",
    "Culture",
    "Business",
    "Science",
    "Sports",
    "Politics",
    "Health",
    "Education",
    "Family",
    "Tech"
  ]
}