{
  "classification_report": {
    "Family": {
      "precision": 0.45,
      "recall": 0.075,
      "f1-score": 0.12857142857142856,
      "support": 120.0
    },
    "Entertainment": {
      "precision": 0.5211267605633803,
      "recall": 0.6981132075471698,
      "f1-score": 0.5967741935483871,
      "support": 106.0
    },
    "Business": {
      "precision": 0.5476190476190477,
      "recall": 0.27058823529411763,
      "f1-score": 0.36220472440944884,
      "support": 85.0
    },
    "Education": {
      "precision": 0.45544554455445546,
      "recall": 0.4842105263157895,
      "f1-score": 0.46938775510204084,
      "support": 95.0
    },
    "Health": {
      "precision": 0.7068965517241379,
      "recall": 0.7884615384615384,
      "f1-score": 0.7454545454545455,
      "support": 104.0
    },
    "Culture": {
      "precision": 0.48,
      "recall": 0.32432432432432434,
      "f1-score": 0.3870967741935484,
      "support": 111.0
    },
    "Sports": {
      "precision": 0.8947368421052632,
      "recall": 0.6144578313253012,
      "f1-score": 0.7285714285714285,
      "support": 83.0
    },
    "Politics": {
      "precision": 0.6904761904761905,
      "recall": 0.27102803738317754,
      "f1-score": 0.38926174496644295,
      "support": 107.0
    },
    "Science": {
      "precision": 0.7647058823529411,
      "recall": 0.2988505747126437,
      "f1-score": 0.4297520661157025,
      "support": 87.0
    },
    "Tech": {
      "precision": 0.9041095890410958,
      "recall": 0.6470588235294118,
      "f1-score": 0.7542857142857143,
      "support": 102.0
    },
    "micro avg": {
      "precision": 0.6296296296296297,
      "recall": 0.442,
      "f1-score": 0.5193889541715628,
      "support": 1000.0
    },
    "macro avg": {
      "precision": 0.6415116408436512,
      "recall": 0.4472093098893474,
      "f1-score": 0.49913603752186875,
      "support": 1000.0
    },
    "weighted avg": {
      "precision": 0.6327443239019079,
      "recall": 0.442,
      "f1-score": 0.491008896809001,
      "support": 1000.0
    }
  },
  "accuracy": 0.442,
  "confusion_matrix": [
    [
      9,
      5,
      2,
      7,
      4,
      5,
      0,
      0,
      0,
      1
    ],
    [
      0,
      74,
      0,
      4,
      1,
      11,
      1,
      2,
      0,
      0
    ],
    [
      2,
      11,
      23,
      5,
      6,
      3,
      0,
      0,
      0,
      1
    ],
    [
      1,
      7,
      4,
      46,
      2,
      6,
      2,
      3,
      4,
      2
    ],
    [
      1,
      2,
      1,
      2,
      82,
      2,
      1,
      2,
      0,
      0
    ],
    [
      3,
      12,
      1,
      4,
      5,
      36,
      1,
      4,
      2,
      0
    ],
    [
      0,
      9,
      1,
      4,
      1,
      2,
      51,
      2,
      1,
      2
    ],
    [
      4,
      11,
      2,
      7,
      5,
      6,
      0,
      29,
      1,
      0
    ],
    [
      0,
      3,
      2,
      18,
      9,
      2,
      0,
      0,
      26,
      1
    ],
    [
      0,
      8,
      6,
      4,
      1,
      2,
      1,
      0,
      0,
      66
    ]
  ],
  "labels": [
    "Family",
    "Entertainment",
    "Business",
    "Education",
    "Health",
    "Culture",
    "Sports",
    "Politics",
    "Science",
    "Tech"
  ]
}