{
  "classification_report": {
    "Culture": {
      "precision": 0.40217391304347827,
      "recall": 0.3333333333333333,
      "f1-score": 0.3645320197044335,
      "support": 111.0
    },
    "Science": {
      "precision": 0.45454545454545453,
      "recall": 0.45977011494252873,
      "f1-score": 0.45714285714285713,
      "support": 87.0
    },
    "Health": {
      "precision": 0.5434782608695652,
      "recall": 0.7211538461538461,
      "f1-score": 0.6198347107438017,
      "support": 104.0
    },
    "Sports": {
      "precision": 0.8974358974358975,
      "recall": 0.42168674698795183,
      "f1-score": 0.5737704918032787,
      "support": 83.0
    },
    "Education": {
      "precision": 0.3404255319148936,
      "recall": 0.16842105263157894,
      "f1-score": 0.22535211267605634,
      "support": 95.0
    },
    "Family": {
      "precision": 0.5957446808510638,
      "recall": 0.23333333333333334,
      "f1-score": 0.33532934131736525,
      "support": 120.0
    },
    "Politics": {
      "precision": 0.6091954022988506,
      "recall": 0.4953271028037383,
      "f1-score": 0.5463917525773195,
      "support": 107.0
    },
    "Entertainment": {
      "precision": 0.4928571428571429,
      "recall": 0.6509433962264151,
      "f1-score": 0.5609756097560976,
      "support": 106.0
    },
    "Tech": {
      "precision": 0.6363636363636364,
      "recall": 0.5490196078431373,
      "f1-score": 0.5894736842105263,
      "support": 102.0
    },
    "Business": {
      "precision": 0.47058823529411764,
      "recall": 0.3764705882352941,
      "f1-score": 0.41830065359477125,
      "support": 85.0
    },
    "micro avg": {
      "precision": 0.5287769784172662,
      "recall": 0.441,
      "f1-score": 0.48091603053435117,
      "support": 1000.0
    },
    "macro avg": {
      "precision": 0.5442808155474101,
      "recall": 0.44094591224911567,
      "f1-score": 0.46911032335265074,
      "support": 1000.0
    },
    "weighted avg": {
      "precision": 0.5413613208428625,
      "recall": 0.441,
      "f1-score": 0.4675774186629061,
      "support": 1000.0
    }
  },
  "accuracy": 0.441,
  "confusion_matrix": [
    [
      37,
      12,
      11,
      0,
      3,
      1,
      11,
      14,
      2,
      4
    ],
    [
      6,
      40,
      10,
      0,
      9,
      1,
      5,
      2,
      2,
      3
    ],
    [
      3,
      4,
      75,
      2,
      1,
      3,
      2,
      0,
      4,
      0
    ],
    [
      3,
      3,
      2,
      35,
      5,
      1,
      3,
      10,
      3,
      4
    ],
    [
      13,
      16,
      7,
      0,
      16,
      2,
      3,
      8,
      5,
      14
    ],
    [
      11,
      2,
      7,
      0,
      1,
      28,
      2,
      9,
      2,
      1
    ],
    [
      7,
      4,
      3,
      0,
      5,
      2,
      53,
      10,
      1,
      6
    ],
    [
      6,
      4,
      4,
      2,
      3,
      1,
      1,
      69,
      8,
      0
    ],
    [
      2,
      2,
      8,
      0,
      1,
      2,
      1,
      7,
      56,
      4
    ],
    [
      4,
      1,
      11,
      0,
      3,
      6,
      6,
      11,
      5,
      32
    ]
  ],
  "labels": [
    "Culture",
    "Science",
    "Health",
    "Sports",
    "Education",
    "Family",
    "Politics",
    "Entertainment",
    "Tech",
    "Business"
  ]
}