{
  "classification_report": {
    "Culture": {
      "precision": 0.27522935779816515,
      "recall": 0.2702702702702703,
      "f1-score": 0.2727272727272727,
      "support": 111.0
    },
    "Health": {
      "precision": 0.6403508771929824,
      "recall": 0.7019230769230769,
      "f1-score": 0.6697247706422018,
      "support": 104.0
    },
    "Sports": {
      "precision": 0.9074074074074074,
      "recall": 0.5903614457831325,
      "f1-score": 0.7153284671532847,
      "support": 83.0
    },
    "Family": {
      "precision": 0.45161290322580644,
      "recall": 0.23333333333333334,
      "f1-score": 0.3076923076923077,
      "support": 120.0
    },
    "Education": {
      "precision": 0.3614457831325301,
      "recall": 0.3157894736842105,
      "f1-score": 0.33707865168539325,
      "support": 95.0
    },
    "Entertainment": {
      "precision": 0.5555555555555556,
      "recall": 0.42452830188679247,
      "f1-score": 0.48128342245989303,
      "support": 106.0
    },
    "Tech": {
      "precision": 0.6984126984126984,
      "recall": 0.43137254901960786,
      "f1-score": 0.5333333333333333,
      "support": 102.0
    },
    "Politics": {
      "precision": 0.6956521739130435,
      "recall": 0.29906542056074764,
      "f1-score": 0.41830065359477125,
      "support": 107.0
    },
    "Science": {
      "precision": 0.5384615384615384,
      "recall": 0.3218390804597701,
      "f1-score": 0.4028776978417266,
      "support": 87.0
    },
    "Business": {
      "precision": 0.30952380952380953,
      "recall": 0.15294117647058825,
      "f1-score": 0.2047244094488189,
      "support": 85.0
    },
    "micro avg": {
      "precision": 0.5269121813031161,
      "recall": 0.372,
      "f1-score": 0.4361078546307151,
      "support": 1000.0
    },
    "macro avg": {
      "precision": 0.5433652104623536,
      "recall": 0.37414241283915295,
      "f1-score": 0.43430709865790024,
      "support": 1000.0
    },
    "weighted avg": {
      "precision": 0.5387101069345259,
      "recall": 0.372,
      "f1-score": 0.4308680622571972,
      "support": 1000.0
    }
  },
  "accuracy": 0.372,
  "confusion_matrix": [
    [
      30,
      5,
      1,
      12,
      8,
      4,
      1,
      6,
      4,
      5
    ],
    [
      2,
      73,
      0,
      2,
      1,
      3,
      1,
      0,
      2,
      0
    ],
    [
      8,
      1,
      49,
      2,
      2,
      4,
      3,
      0,
      1,
      4
    ],
    [
      12,
      8,
      0,
      28,
      4,
      2,
      0,
      2,
      1,
      2
    ],
    [
      13,
      2,
      1,
      0,
      30,
      4,
      5,
      2,
      9,
      5
    ],
    [
      13,
      4,
      1,
      5,
      4,
      45,
      2,
      2,
      2,
      1
    ],
    [
      5,
      1,
      0,
      5,
      4,
      2,
      44,
      0,
      2,
      7
    ],
    [
      14,
      5,
      1,
      3,
      8,
      8,
      1,
      32,
      2,
      4
    ],
    [
      5,
      10,
      1,
      1,
      16,
      3,
      2,
      1,
      28,
      1
    ],
    [
      7,
      5,
      0,
      4,
      6,
      6,
      4,
      1,
      1,
      13
    ]
  ],
  "labels": [
    "Culture",
    "Health",
    "Sports",
    "Family",
    "Education",
    "Entertainment",
    "Tech",
    "Politics",
    "Science",
    "Business"
  ]
}