{
  "classification_report": {
    "Science": {
      "precision": 0.5283018867924528,
      "recall": 0.3218390804597701,
      "f1-score": 0.4,
      "support": 87.0
    },
    "Business": {
      "precision": 0.3170731707317073,
      "recall": 0.15294117647058825,
      "f1-score": 0.20634920634920634,
      "support": 85.0
    },
    "Health": {
      "precision": 0.6576576576576577,
      "recall": 0.7019230769230769,
      "f1-score": 0.6790697674418604,
      "support": 104.0
    },
    "Culture": {
      "precision": 0.2818181818181818,
      "recall": 0.27927927927927926,
      "f1-score": 0.28054298642533937,
      "support": 111.0
    },
    "Politics": {
      "precision": 0.7021276595744681,
      "recall": 0.308411214953271,
      "f1-score": 0.42857142857142855,
      "support": 107.0
    },
    "Family": {
      "precision": 0.4426229508196721,
      "recall": 0.225,
      "f1-score": 0.2983425414364641,
      "support": 120.0
    },
    "Tech": {
      "precision": 0.7,
      "recall": 0.4117647058823529,
      "f1-score": 0.5185185185185185,
      "support": 102.0
    },
    "Entertainment": {
      "precision": 0.5542168674698795,
      "recall": 0.4339622641509434,
      "f1-score": 0.48677248677248675,
      "support": 106.0
    },
    "Sports": {
      "precision": 0.9074074074074074,
      "recall": 0.5903614457831325,
      "f1-score": 0.7153284671532847,
      "support": 83.0
    },
    "Education": {
      "precision": 0.36585365853658536,
      "recall": 0.3157894736842105,
      "f1-score": 0.3389830508474576,
      "support": 95.0
    },
    "micro avg": {
      "precision": 0.5299145299145299,
      "recall": 0.372,
      "f1-score": 0.4371327849588719,
      "support": 1000.0
    },
    "macro avg": {
      "precision": 0.5457079440808013,
      "recall": 0.3741271717586625,
      "f1-score": 0.43524784535160455,
      "support": 1000.0
    },
    "weighted avg": {
      "precision": 0.5410520122417796,
      "recall": 0.372,
      "f1-score": 0.4318238827673708,
      "support": 1000.0
    }
  },
  "accuracy": 0.372,
  "confusion_matrix": [
    [
      28,
      1,
      9,
      5,
      1,
      2,
      2,
      3,
      1,
      16
    ],
    [
      1,
      13,
      5,
      7,
      1,
      4,
      4,
      6,
      0,
      6
    ],
    [
      2,
      0,
      73,
      2,
      0,
      2,
      1,
      3,
      0,
      1
    ],
    [
      4,
      5,
      4,
      31,
      6,
      12,
      1,
      5,
      1,
      8
    ],
    [
      2,
      4,
      4,
      14,
      33,
      3,
      1,
      8,
      1,
      8
    ],
    [
      1,
      2,
      8,
      13,
      2,
      27,
      0,
      2,
      0,
      4
    ],
    [
      2,
      6,
      1,
      5,
      0,
      4,
      42,
      2,
      0,
      3
    ],
    [
      2,
      1,
      4,
      12,
      2,
      5,
      2,
      46,
      1,
      4
    ],
    [
      2,
      4,
      1,
      8,
      0,
      2,
      3,
      4,
      49,
      2
    ],
    [
      9,
      5,
      2,
      13,
      2,
      0,
      4,
      4,
      1,
      30
    ]
  ],
  "labels": [
    "Science",
    "Business",
    "Health",
    "Culture",
    "Politics",
    "Family",
    "Tech",
    "Entertainment",
    "Sports",
    "Education"
  ]
}