{
  "classification_report": {
    "Tech": {
      "precision": 0.7835051546391752,
      "recall": 0.7450980392156863,
      "f1-score": 0.7638190954773869,
      "support": 102.0
    },
    "Science": {
      "precision": 0.7049180327868853,
      "recall": 0.4942528735632184,
      "f1-score": 0.581081081081081,
      "support": 87.0
    },
    "Entertainment": {
      "precision": 0.5703125,
      "recall": 0.6886792452830188,
      "f1-score": 0.6239316239316239,
      "support": 106.0
    },
    "Sports": {
      "precision": 0.8307692307692308,
      "recall": 0.6506024096385542,
      "f1-score": 0.7297297297297297,
      "support": 83.0
    },
    "Family": {
      "precision": 0.6304347826086957,
      "recall": 0.48333333333333334,
      "f1-score": 0.5471698113207547,
      "support": 120.0
    },
    "Business": {
      "precision": 0.53125,
      "recall": 0.4,
      "f1-score": 0.4563758389261745,
      "support": 85.0
    },
    "Culture": {
      "precision": 0.5151515151515151,
      "recall": 0.4594594594594595,
      "f1-score": 0.4857142857142857,
      "support": 111.0
    },
    "Politics": {
      "precision": 0.6527777777777778,
      "recall": 0.4392523364485981,
      "f1-score": 0.5251396648044693,
      "support": 107.0
    },
    "Health": {
      "precision": 0.6330935251798561,
      "recall": 0.8461538461538461,
      "f1-score": 0.7242798353909465,
      "support": 104.0
    },
    "Education": {
      "precision": 0.35036496350364965,
      "recall": 0.5052631578947369,
      "f1-score": 0.41379310344827586,
      "support": 95.0
    },
    "micro avg": {
      "precision": 0.59958071278826,
      "recall": 0.572,
      "f1-score": 0.5854657113613101,
      "support": 1000.0
    },
    "macro avg": {
      "precision": 0.6202577482416786,
      "recall": 0.5712094700990451,
      "f1-score": 0.5851034069824729,
      "support": 1000.0
    },
    "weighted avg": {
      "precision": 0.6176162282481367,
      "recall": 0.572,
      "f1-score": 0.5843599227208911,
      "support": 1000.0
    }
  },
  "accuracy": 0.572,
  "confusion_matrix": [
    [
      76,
      0,
      8,
      0,
      3,
      7,
      3,
      0,
      0,
      3
    ],
    [
      3,
      43,
      4,
      1,
      1,
      1,
      1,
      0,
      7,
      22
    ],
    [
      2,
      1,
      73,
      1,
      5,
      1,
      6,
      1,
      3,
      10
    ],
    [
      4,
      3,
      7,
      54,
      0,
      3,
      3,
      2,
      1,
      6
    ],
    [
      3,
      1,
      7,
      1,
      58,
      4,
      8,
      2,
      14,
      9
    ],
    [
      1,
      2,
      7,
      2,
      7,
      34,
      6,
      3,
      7,
      11
    ],
    [
      1,
      3,
      10,
      3,
      7,
      2,
      51,
      11,
      11,
      9
    ],
    [
      1,
      1,
      7,
      0,
      5,
      7,
      10,
      47,
      5,
      15
    ],
    [
      2,
      1,
      0,
      1,
      3,
      0,
      1,
      2,
      88,
      4
    ],
    [
      4,
      6,
      5,
      2,
      3,
      5,
      10,
      4,
      3,
      48
    ]
  ],
  "labels": [
    "Tech",
    "Science",
    "Entertainment",
    "Sports",
    "Family",
    "Business",
    "Culture",
    "Politics",
    "Health",
    "Education"
  ]
}