{
  "classification_report": {
    "Health": {
      "precision": 0.75,
      "recall": 0.7788461538461539,
      "f1-score": 0.7641509433962265,
      "support": 104.0
    },
    "Business": {
      "precision": 0.6097560975609756,
      "recall": 0.29411764705882354,
      "f1-score": 0.3968253968253968,
      "support": 85.0
    },
    "Tech": {
      "precision": 0.7314814814814815,
      "recall": 0.7745098039215687,
      "f1-score": 0.7523809523809524,
      "support": 102.0
    },
    "Science": {
      "precision": 0.6851851851851852,
      "recall": 0.42528735632183906,
      "f1-score": 0.524822695035461,
      "support": 87.0
    },
    "Family": {
      "precision": 0.6886792452830188,
      "recall": 0.6083333333333333,
      "f1-score": 0.6460176991150443,
      "support": 120.0
    },
    "Education": {
      "precision": 0.42045454545454547,
      "recall": 0.3894736842105263,
      "f1-score": 0.40437158469945356,
      "support": 95.0
    },
    "Culture": {
      "precision": 0.3431952662721893,
      "recall": 0.5225225225225225,
      "f1-score": 0.4142857142857143,
      "support": 111.0
    },
    "Entertainment": {
      "precision": 0.6388888888888888,
      "recall": 0.6509433962264151,
      "f1-score": 0.6448598130841121,
      "support": 106.0
    },
    "Politics": {
      "precision": 0.6835443037974683,
      "recall": 0.5046728971962616,
      "f1-score": 0.5806451612903226,
      "support": 107.0
    },
    "Sports": {
      "precision": 0.98,
      "recall": 0.5903614457831325,
      "f1-score": 0.7368421052631579,
      "support": 83.0
    },
    "micro avg": {
      "precision": 0.6169045005488474,
      "recall": 0.562,
      "f1-score": 0.5881737310308739,
      "support": 1000.0
    },
    "macro avg": {
      "precision": 0.6531185013923754,
      "recall": 0.5539068240420576,
      "f1-score": 0.5865202065375842,
      "support": 1000.0
    },
    "weighted avg": {
      "precision": 0.6469323190518136,
      "recall": 0.562,
      "f1-score": 0.5891694943620988,
      "support": 1000.0
    }
  },
  "accuracy": 0.562,
  "confusion_matrix": [
    [
      81,
      1,
      3,
      0,
      6,
      3,
      4,
      1,
      2,
      0
    ],
    [
      3,
      25,
      6,
      2,
      5,
      7,
      12,
      6,
      4,
      0
    ],
    [
      0,
      3,
      79,
      2,
      3,
      2,
      5,
      5,
      0,
      0
    ],
    [
      5,
      0,
      3,
      37,
      2,
      16,
      8,
      4,
      2,
      0
    ],
    [
      4,
      0,
      1,
      0,
      73,
      5,
      21,
      5,
      0,
      0
    ],
    [
      4,
      6,
      5,
      5,
      2,
      37,
      18,
      2,
      4,
      0
    ],
    [
      6,
      2,
      0,
      2,
      7,
      5,
      58,
      11,
      11,
      1
    ],
    [
      0,
      0,
      2,
      2,
      1,
      4,
      16,
      69,
      1,
      0
    ],
    [
      3,
      2,
      2,
      1,
      5,
      6,
      18,
      2,
      54,
      0
    ],
    [
      2,
      2,
      7,
      3,
      2,
      3,
      9,
      3,
      1,
      49
    ]
  ],
  "labels": [
    "Health",
    "Business",
    "Tech",
    "Science",
    "Family",
    "Education",
    "Culture",
    "Entertainment",
    "Politics",
    "Sports"
  ]
}