{
  "classification_report": {
    "Education": {
      "precision": 0.4,
      "recall": 0.37894736842105264,
      "f1-score": 0.3891891891891892,
      "support": 95.0
    },
    "Entertainment": {
      "precision": 0.4666666666666667,
      "recall": 0.7264150943396226,
      "f1-score": 0.5682656826568265,
      "support": 106.0
    },
    "Business": {
      "precision": 0.5,
      "recall": 0.2235294117647059,
      "f1-score": 0.3089430894308943,
      "support": 85.0
    },
    "Health": {
      "precision": 0.6695652173913044,
      "recall": 0.7403846153846154,
      "f1-score": 0.7031963470319634,
      "support": 104.0
    },
    "Science": {
      "precision": 0.6888888888888889,
      "recall": 0.3563218390804598,
      "f1-score": 0.4696969696969697,
      "support": 87.0
    },
    "Family": {
      "precision": 0.32142857142857145,
      "recall": 0.15,
      "f1-score": 0.20454545454545456,
      "support": 120.0
    },
    "Culture": {
      "precision": 0.3157894736842105,
      "recall": 0.32432432432432434,
      "f1-score": 0.32,
      "support": 111.0
    },
    "Sports": {
      "precision": 0.88,
      "recall": 0.5301204819277109,
      "f1-score": 0.6616541353383458,
      "support": 83.0
    },
    "Tech": {
      "precision": 0.7619047619047619,
      "recall": 0.6274509803921569,
      "f1-score": 0.6881720430107527,
      "support": 102.0
    },
    "Politics": {
      "precision": 0.7857142857142857,
      "recall": 0.308411214953271,
      "f1-score": 0.4429530201342282,
      "support": 107.0
    },
    "micro avg": {
      "precision": 0.5444305381727159,
      "recall": 0.435,
      "f1-score": 0.48360200111172874,
      "support": 1000.0
    },
    "macro avg": {
      "precision": 0.5789957865678689,
      "recall": 0.4365905330587919,
      "f1-score": 0.47566159310346257,
      "support": 1000.0
    },
    "weighted avg": {
      "precision": 0.5679845570447859,
      "recall": 0.435,
      "f1-score": 0.47003762371117963,
      "support": 1000.0
    }
  },
  "accuracy": 0.435,
  "confusion_matrix": [
    [
      36,
      5,
      6,
      4,
      3,
      6,
      12,
      2,
      4,
      1
    ],
    [
      3,
      77,
      0,
      3,
      1,
      1,
      10,
      0,
      0,
      1
    ],
    [
      6,
      12,
      19,
      6,
      1,
      7,
      8,
      0,
      5,
      0
    ],
    [
      3,
      5,
      0,
      77,
      0,
      4,
      3,
      1,
      2,
      0
    ],
    [
      14,
      6,
      0,
      7,
      31,
      3,
      10,
      1,
      5,
      1
    ],
    [
      8,
      9,
      2,
      5,
      0,
      18,
      16,
      0,
      1,
      0
    ],
    [
      3,
      17,
      2,
      5,
      4,
      9,
      36,
      2,
      0,
      5
    ],
    [
      5,
      14,
      2,
      1,
      3,
      1,
      8,
      44,
      1,
      1
    ],
    [
      5,
      11,
      2,
      1,
      1,
      3,
      1,
      0,
      64,
      0
    ],
    [
      7,
      9,
      5,
      6,
      1,
      4,
      10,
      0,
      2,
      33
    ]
  ],
  "labels": [
    "Education",
    "Entertainment",
    "Business",
    "Health",
    "Science",
    "Family",
    "Culture",
    "Sports",
    "Tech",
    "Politics"
  ]
}