{
  "classification_report": {
    "Culture": {
      "precision": 0.5346534653465347,
      "recall": 0.4864864864864865,
      "f1-score": 0.5094339622641509,
      "support": 111.0
    },
    "Family": {
      "precision": 0.7684210526315789,
      "recall": 0.6083333333333333,
      "f1-score": 0.6790697674418604,
      "support": 120.0
    },
    "Tech": {
      "precision": 0.8241758241758241,
      "recall": 0.7352941176470589,
      "f1-score": 0.7772020725388601,
      "support": 102.0
    },
    "Politics": {
      "precision": 0.7297297297297297,
      "recall": 0.5046728971962616,
      "f1-score": 0.5966850828729282,
      "support": 107.0
    },
    "Entertainment": {
      "precision": 0.5579710144927537,
      "recall": 0.7264150943396226,
      "f1-score": 0.6311475409836066,
      "support": 106.0
    },
    "Science": {
      "precision": 0.6349206349206349,
      "recall": 0.45977011494252873,
      "f1-score": 0.5333333333333333,
      "support": 87.0
    },
    "Business": {
      "precision": 0.48,
      "recall": 0.4235294117647059,
      "f1-score": 0.45,
      "support": 85.0
    },
    "Sports": {
      "precision": 0.8461538461538461,
      "recall": 0.6626506024096386,
      "f1-score": 0.7432432432432432,
      "support": 83.0
    },
    "Health": {
      "precision": 0.6691729323308271,
      "recall": 0.8557692307692307,
      "f1-score": 0.7510548523206751,
      "support": 104.0
    },
    "Education": {
      "precision": 0.39436619718309857,
      "recall": 0.5894736842105263,
      "f1-score": 0.47257383966244726,
      "support": 95.0
    },
    "micro avg": {
      "precision": 0.623336745138178,
      "recall": 0.609,
      "f1-score": 0.6160849772382397,
      "support": 1000.0
    },
    "macro avg": {
      "precision": 0.6439564696964828,
      "recall": 0.6052394973099393,
      "f1-score": 0.6143743694661106,
      "support": 1000.0
    },
    "weighted avg": {
      "precision": 0.6461766418161667,
      "recall": 0.609,
      "f1-score": 0.6174005051134454,
      "support": 1000.0
    }
  },
  "accuracy": 0.609,
  "confusion_matrix": [
    [
      54,
      4,
      1,
      11,
      16,
      4,
      0,
      2,
      8,
      8
    ],
    [
      11,
      73,
      1,
      2,
      8,
      0,
      2,
      2,
      10,
      6
    ],
    [
      2,
      2,
      75,
      0,
      7,
      2,
      7,
      1,
      0,
      5
    ],
    [
      7,
      3,
      0,
      54,
      8,
      1,
      10,
      0,
      3,
      14
    ],
    [
      7,
      2,
      0,
      1,
      77,
      1,
      4,
      2,
      3,
      8
    ],
    [
      2,
      0,
      3,
      1,
      4,
      40,
      4,
      1,
      10,
      22
    ],
    [
      7,
      9,
      5,
      2,
      5,
      1,
      36,
      1,
      5,
      12
    ],
    [
      2,
      1,
      3,
      0,
      8,
      4,
      3,
      55,
      2,
      5
    ],
    [
      2,
      0,
      1,
      2,
      0,
      1,
      0,
      1,
      89,
      6
    ],
    [
      7,
      1,
      2,
      1,
      5,
      9,
      9,
      0,
      3,
      56
    ]
  ],
  "labels": [
    "Culture",
    "Family",
    "Tech",
    "Politics",
    "Entertainment",
    "Science",
    "Business",
    "Sports",
    "Health",
    "Education"
  ]
}