{
  "classification_report": {
    "Education": {
      "precision": 0.3944954128440367,
      "recall": 0.45263157894736844,
      "f1-score": 0.4215686274509804,
      "support": 95.0
    },
    "Politics": {
      "precision": 0.7605633802816901,
      "recall": 0.5046728971962616,
      "f1-score": 0.6067415730337079,
      "support": 107.0
    },
    "Business": {
      "precision": 0.4927536231884058,
      "recall": 0.4,
      "f1-score": 0.44155844155844154,
      "support": 85.0
    },
    "Culture": {
      "precision": 0.47115384615384615,
      "recall": 0.44144144144144143,
      "f1-score": 0.4558139534883721,
      "support": 111.0
    },
    "Family": {
      "precision": 0.6203703703703703,
      "recall": 0.5583333333333333,
      "f1-score": 0.5877192982456141,
      "support": 120.0
    },
    "Science": {
      "precision": 0.703125,
      "recall": 0.5172413793103449,
      "f1-score": 0.5960264900662252,
      "support": 87.0
    },
    "Tech": {
      "precision": 0.7623762376237624,
      "recall": 0.7549019607843137,
      "f1-score": 0.7586206896551724,
      "support": 102.0
    },
    "Health": {
      "precision": 0.6692307692307692,
      "recall": 0.8365384615384616,
      "f1-score": 0.7435897435897436,
      "support": 104.0
    },
    "Entertainment": {
      "precision": 0.5107913669064749,
      "recall": 0.6698113207547169,
      "f1-score": 0.5795918367346938,
      "support": 106.0
    },
    "Sports": {
      "precision": 0.85,
      "recall": 0.6144578313253012,
      "f1-score": 0.7132867132867133,
      "support": 83.0
    },
    "micro avg": {
      "precision": 0.6052356020942409,
      "recall": 0.578,
      "f1-score": 0.591304347826087,
      "support": 1000.0
    },
    "macro avg": {
      "precision": 0.6234860006599356,
      "recall": 0.5750030204631543,
      "f1-score": 0.5904517367109665,
      "support": 1000.0
    },
    "weighted avg": {
      "precision": 0.6207120613785703,
      "recall": 0.578,
      "f1-score": 0.5908309802921976,
      "support": 1000.0
    }
  },
  "accuracy": 0.578,
  "confusion_matrix": [
    [
      43,
      3,
      7,
      7,
      4,
      4,
      7,
      3,
      9,
      2
    ],
    [
      9,
      54,
      9,
      8,
      4,
      2,
      0,
      4,
      9,
      0
    ],
    [
      7,
      2,
      34,
      5,
      9,
      2,
      6,
      5,
      8,
      0
    ],
    [
      5,
      7,
      6,
      49,
      12,
      5,
      0,
      11,
      10,
      4
    ],
    [
      10,
      0,
      2,
      15,
      67,
      1,
      1,
      8,
      7,
      0
    ],
    [
      14,
      1,
      1,
      3,
      1,
      45,
      2,
      9,
      7,
      1
    ],
    [
      4,
      0,
      5,
      4,
      3,
      1,
      77,
      0,
      6,
      0
    ],
    [
      3,
      1,
      1,
      2,
      4,
      1,
      1,
      87,
      3,
      1
    ],
    [
      10,
      1,
      1,
      8,
      3,
      0,
      5,
      2,
      71,
      1
    ],
    [
      4,
      2,
      3,
      3,
      1,
      3,
      2,
      1,
      9,
      51
    ]
  ],
  "labels": [
    "Education",
    "Politics",
    "Business",
    "Culture",
    "Family",
    "Science",
    "Tech",
    "Health",
    "Entertainment",
    "Sports"
  ]
}