{
  "classification_report": {
    "Politics": {
      "precision": 0.671875,
      "recall": 0.40186915887850466,
      "f1-score": 0.5029239766081871,
      "support": 107.0
    },
    "Tech": {
      "precision": 0.7477477477477478,
      "recall": 0.8137254901960784,
      "f1-score": 0.7793427230046949,
      "support": 102.0
    },
    "Science": {
      "precision": 0.6724137931034483,
      "recall": 0.4482758620689655,
      "f1-score": 0.5379310344827586,
      "support": 87.0
    },
    "Family": {
      "precision": 0.620253164556962,
      "recall": 0.4083333333333333,
      "f1-score": 0.49246231155778897,
      "support": 120.0
    },
    "Business": {
      "precision": 0.5581395348837209,
      "recall": 0.2823529411764706,
      "f1-score": 0.375,
      "support": 85.0
    },
    "Culture": {
      "precision": 0.3313253012048193,
      "recall": 0.4954954954954955,
      "f1-score": 0.3971119133574007,
      "support": 111.0
    },
    "Sports": {
      "precision": 0.9298245614035088,
      "recall": 0.6385542168674698,
      "f1-score": 0.7571428571428571,
      "support": 83.0
    },
    "Entertainment": {
      "precision": 0.6304347826086957,
      "recall": 0.5471698113207547,
      "f1-score": 0.5858585858585859,
      "support": 106.0
    },
    "Education": {
      "precision": 0.40816326530612246,
      "recall": 0.42105263157894735,
      "f1-score": 0.41450777202072536,
      "support": 95.0
    },
    "Health": {
      "precision": 0.7094017094017094,
      "recall": 0.7980769230769231,
      "f1-score": 0.751131221719457,
      "support": 104.0
    },
    "micro avg": {
      "precision": 0.5954802259887005,
      "recall": 0.527,
      "f1-score": 0.5591511936339523,
      "support": 1000.0
    },
    "macro avg": {
      "precision": 0.6279578860216735,
      "recall": 0.5254905863992944,
      "f1-score": 0.5593412395752455,
      "support": 1000.0
    },
    "weighted avg": {
      "precision": 0.6218650574508294,
      "recall": 0.527,
      "f1-score": 0.5575954756578207,
      "support": 1000.0
    }
  },
  "accuracy": 0.527,
  "confusion_matrix": [
    [
      43,
      1,
      1,
      7,
      6,
      17,
      0,
      6,
      8,
      4
    ],
    [
      0,
      83,
      0,
      3,
      2,
      2,
      0,
      2,
      2,
      0
    ],
    [
      0,
      6,
      39,
      1,
      2,
      2,
      0,
      3,
      16,
      8
    ],
    [
      1,
      2,
      0,
      49,
      0,
      25,
      0,
      3,
      5,
      6
    ],
    [
      5,
      5,
      2,
      8,
      24,
      13,
      0,
      4,
      7,
      3
    ],
    [
      11,
      0,
      3,
      7,
      1,
      55,
      3,
      7,
      7,
      7
    ],
    [
      1,
      6,
      2,
      0,
      1,
      3,
      53,
      4,
      5,
      3
    ],
    [
      0,
      2,
      2,
      2,
      1,
      26,
      0,
      58,
      4,
      0
    ],
    [
      3,
      2,
      7,
      1,
      6,
      21,
      0,
      3,
      40,
      3
    ],
    [
      0,
      4,
      2,
      1,
      0,
      2,
      1,
      2,
      4,
      83
    ]
  ],
  "labels": [
    "Politics",
    "Tech",
    "Science",
    "Family",
    "Business",
    "Culture",
    "Sports",
    "Entertainment",
    "Education",
    "Health"
  ]
}