{
  "classification_report": {
    "Entertainment": {
      "precision": 0.5641025641025641,
      "recall": 0.6226415094339622,
      "f1-score": 0.5919282511210763,
      "support": 106.0
    },
    "Health": {
      "precision": 0.6044776119402985,
      "recall": 0.7788461538461539,
      "f1-score": 0.680672268907563,
      "support": 104.0
    },
    "Science": {
      "precision": 0.6029411764705882,
      "recall": 0.47126436781609193,
      "f1-score": 0.5290322580645161,
      "support": 87.0
    },
    "Culture": {
      "precision": 0.4774774774774775,
      "recall": 0.4774774774774775,
      "f1-score": 0.4774774774774775,
      "support": 111.0
    },
    "Education": {
      "precision": 0.3958333333333333,
      "recall": 0.4,
      "f1-score": 0.39790575916230364,
      "support": 95.0
    },
    "Tech": {
      "precision": 0.8235294117647058,
      "recall": 0.6862745098039216,
      "f1-score": 0.7486631016042781,
      "support": 102.0
    },
    "Family": {
      "precision": 0.648,
      "recall": 0.675,
      "f1-score": 0.6612244897959184,
      "support": 120.0
    },
    "Politics": {
      "precision": 0.6333333333333333,
      "recall": 0.5327102803738317,
      "f1-score": 0.5786802030456852,
      "support": 107.0
    },
    "Business": {
      "precision": 0.45569620253164556,
      "recall": 0.4235294117647059,
      "f1-score": 0.43902439024390244,
      "support": 85.0
    },
    "Sports": {
      "precision": 0.8028169014084507,
      "recall": 0.6867469879518072,
      "f1-score": 0.7402597402597403,
      "support": 83.0
    },
    "micro avg": {
      "precision": 0.5942622950819673,
      "recall": 0.58,
      "f1-score": 0.5870445344129555,
      "support": 1000.0
    },
    "macro avg": {
      "precision": 0.6008208012362397,
      "recall": 0.5754490698467952,
      "f1-score": 0.5844867939682462,
      "support": 1000.0
    },
    "weighted avg": {
      "precision": 0.6006152391550286,
      "recall": 0.58,
      "f1-score": 0.5867491526345774,
      "support": 1000.0
    }
  },
  "accuracy": 0.58,
  "confusion_matrix": [
    [
      66,
      5,
      0,
      15,
      3,
      1,
      3,
      3,
      5,
      2
    ],
    [
      1,
      81,
      2,
      1,
      4,
      1,
      5,
      2,
      3,
      3
    ],
    [
      2,
      9,
      41,
      2,
      21,
      1,
      2,
      3,
      3,
      2
    ],
    [
      9,
      11,
      3,
      53,
      3,
      0,
      11,
      9,
      5,
      1
    ],
    [
      4,
      4,
      11,
      9,
      38,
      6,
      4,
      6,
      8,
      2
    ],
    [
      8,
      1,
      1,
      3,
      5,
      70,
      2,
      1,
      7,
      1
    ],
    [
      2,
      10,
      0,
      13,
      3,
      0,
      81,
      4,
      3,
      1
    ],
    [
      10,
      4,
      4,
      10,
      8,
      0,
      7,
      57,
      6,
      1
    ],
    [
      7,
      5,
      3,
      3,
      9,
      4,
      10,
      5,
      36,
      1
    ],
    [
      8,
      4,
      3,
      2,
      2,
      2,
      0,
      0,
      3,
      57
    ]
  ],
  "labels": [
    "Entertainment",
    "Health",
    "Science",
    "Culture",
    "Education",
    "Tech",
    "Family",
    "Politics",
    "Business",
    "Sports"
  ]
}