{
  "classification_report": {
    "Politics": {
      "precision": 0.59,
      "recall": 0.5514018691588785,
      "f1-score": 0.5700483091787439,
      "support": 107.0
    },
    "Culture": {
      "precision": 0.4421052631578947,
      "recall": 0.3783783783783784,
      "f1-score": 0.4077669902912621,
      "support": 111.0
    },
    "Education": {
      "precision": 0.46511627906976744,
      "recall": 0.21052631578947367,
      "f1-score": 0.2898550724637681,
      "support": 95.0
    },
    "Science": {
      "precision": 0.6268656716417911,
      "recall": 0.4827586206896552,
      "f1-score": 0.5454545454545454,
      "support": 87.0
    },
    "Entertainment": {
      "precision": 0.37280701754385964,
      "recall": 0.8018867924528302,
      "f1-score": 0.5089820359281437,
      "support": 106.0
    },
    "Business": {
      "precision": 0.43037974683544306,
      "recall": 0.4,
      "f1-score": 0.4146341463414634,
      "support": 85.0
    },
    "Family": {
      "precision": 0.578125,
      "recall": 0.30833333333333335,
      "f1-score": 0.40217391304347827,
      "support": 120.0
    },
    "Health": {
      "precision": 0.5359477124183006,
      "recall": 0.7884615384615384,
      "f1-score": 0.6381322957198443,
      "support": 104.0
    },
    "Sports": {
      "precision": 0.8,
      "recall": 0.3855421686746988,
      "f1-score": 0.5203252032520326,
      "support": 83.0
    },
    "Tech": {
      "precision": 0.67,
      "recall": 0.6568627450980392,
      "f1-score": 0.6633663366336634,
      "support": 102.0
    },
    "micro avg": {
      "precision": 0.5159958720330238,
      "recall": 0.5,
      "f1-score": 0.5078720162519045,
      "support": 1000.0
    },
    "macro avg": {
      "precision": 0.5511346690667056,
      "recall": 0.4964151762036827,
      "f1-score": 0.4960738848306945,
      "support": 1000.0
    },
    "weighted avg": {
      "precision": 0.5468804285871551,
      "recall": 0.5,
      "f1-score": 0.4959210671171003,
      "support": 1000.0
    }
  },
  "accuracy": 0.5,
  "confusion_matrix": [
    [
      59,
      5,
      6,
      2,
      12,
      9,
      0,
      5,
      0,
      5
    ],
    [
      16,
      42,
      1,
      6,
      23,
      2,
      10,
      8,
      2,
      0
    ],
    [
      3,
      7,
      20,
      10,
      17,
      15,
      4,
      8,
      0,
      5
    ],
    [
      4,
      8,
      7,
      42,
      9,
      2,
      0,
      12,
      0,
      3
    ],
    [
      0,
      7,
      1,
      2,
      85,
      0,
      1,
      2,
      3,
      3
    ],
    [
      4,
      6,
      3,
      1,
      11,
      34,
      5,
      7,
      1,
      8
    ],
    [
      5,
      13,
      2,
      0,
      26,
      2,
      37,
      21,
      0,
      1
    ],
    [
      3,
      2,
      1,
      0,
      12,
      1,
      2,
      82,
      0,
      1
    ],
    [
      4,
      4,
      1,
      2,
      19,
      7,
      2,
      5,
      32,
      7
    ],
    [
      2,
      1,
      1,
      2,
      14,
      7,
      3,
      3,
      2,
      67
    ]
  ],
  "labels": [
    "Politics",
    "Culture",
    "Education",
    "Science",
    "Entertainment",
    "Business",
    "Family",
    "Health",
    "Sports",
    "Tech"
  ]
}