{
  "classification_report": {
    "Science": {
      "precision": 0.5,
      "recall": 0.5172413793103449,
      "f1-score": 0.5084745762711864,
      "support": 87.0
    },
    "Sports": {
      "precision": 0.8775510204081632,
      "recall": 0.5180722891566265,
      "f1-score": 0.6515151515151515,
      "support": 83.0
    },
    "Culture": {
      "precision": 0.45555555555555555,
      "recall": 0.36936936936936937,
      "f1-score": 0.4079601990049751,
      "support": 111.0
    },
    "Business": {
      "precision": 0.42105263157894735,
      "recall": 0.3764705882352941,
      "f1-score": 0.39751552795031053,
      "support": 85.0
    },
    "Education": {
      "precision": 0.4888888888888889,
      "recall": 0.23157894736842105,
      "f1-score": 0.3142857142857143,
      "support": 95.0
    },
    "Family": {
      "precision": 0.5974025974025974,
      "recall": 0.38333333333333336,
      "f1-score": 0.467005076142132,
      "support": 120.0
    },
    "Tech": {
      "precision": 0.6826923076923077,
      "recall": 0.696078431372549,
      "f1-score": 0.6893203883495146,
      "support": 102.0
    },
    "Politics": {
      "precision": 0.496,
      "recall": 0.5794392523364486,
      "f1-score": 0.5344827586206896,
      "support": 107.0
    },
    "Entertainment": {
      "precision": 0.41714285714285715,
      "recall": 0.6886792452830188,
      "f1-score": 0.5195729537366548,
      "support": 106.0
    },
    "Health": {
      "precision": 0.5693430656934306,
      "recall": 0.75,
      "f1-score": 0.6473029045643154,
      "support": 104.0
    },
    "micro avg": {
      "precision": 0.5299586776859504,
      "recall": 0.513,
      "f1-score": 0.5213414634146342,
      "support": 1000.0
    },
    "macro avg": {
      "precision": 0.5505628924362748,
      "recall": 0.5110262835765406,
      "f1-score": 0.5137435250440644,
      "support": 1000.0
    },
    "weighted avg": {
      "precision": 0.5469610682513859,
      "recall": 0.513,
      "f1-score": 0.5131777696257166,
      "support": 1000.0
    }
  },
  "accuracy": 0.513,
  "confusion_matrix": [
    [
      45,
      0,
      5,
      3,
      9,
      0,
      3,
      5,
      4,
      11
    ],
    [
      3,
      43,
      1,
      2,
      4,
      2,
      6,
      3,
      15,
      4
    ],
    [
      9,
      0,
      41,
      3,
      3,
      8,
      0,
      19,
      16,
      7
    ],
    [
      3,
      0,
      2,
      32,
      0,
      7,
      6,
      12,
      9,
      11
    ],
    [
      9,
      1,
      14,
      15,
      22,
      3,
      5,
      5,
      9,
      9
    ],
    [
      0,
      0,
      15,
      2,
      2,
      46,
      5,
      8,
      24,
      9
    ],
    [
      4,
      0,
      2,
      6,
      1,
      3,
      71,
      1,
      10,
      2
    ],
    [
      5,
      0,
      2,
      11,
      1,
      4,
      2,
      62,
      10,
      4
    ],
    [
      4,
      4,
      6,
      2,
      2,
      1,
      3,
      7,
      73,
      2
    ],
    [
      8,
      1,
      2,
      0,
      1,
      3,
      3,
      3,
      5,
      78
    ]
  ],
  "labels": [
    "Science",
    "Sports",
    "Culture",
    "Business",
    "Education",
    "Family",
    "Tech",
    "Politics",
    "Entertainment",
    "Health"
  ]
}