{
  "classification_report": {
    "Tech": {
      "precision": 0.8369565217391305,
      "recall": 0.7549019607843137,
      "f1-score": 0.7938144329896907,
      "support": 102.0
    },
    "Business": {
      "precision": 0.4782608695652174,
      "recall": 0.5176470588235295,
      "f1-score": 0.4971751412429379,
      "support": 85.0
    },
    "Education": {
      "precision": 0.4606741573033708,
      "recall": 0.43157894736842106,
      "f1-score": 0.44565217391304346,
      "support": 95.0
    },
    "Family": {
      "precision": 0.6319444444444444,
      "recall": 0.7583333333333333,
      "f1-score": 0.6893939393939394,
      "support": 120.0
    },
    "Science": {
      "precision": 0.6219512195121951,
      "recall": 0.5862068965517241,
      "f1-score": 0.6035502958579881,
      "support": 87.0
    },
    "Culture": {
      "precision": 0.4230769230769231,
      "recall": 0.5945945945945946,
      "f1-score": 0.4943820224719101,
      "support": 111.0
    },
    "Health": {
      "precision": 0.7431192660550459,
      "recall": 0.7788461538461539,
      "f1-score": 0.7605633802816901,
      "support": 104.0
    },
    "Politics": {
      "precision": 0.618421052631579,
      "recall": 0.4392523364485981,
      "f1-score": 0.5136612021857924,
      "support": 107.0
    },
    "Sports": {
      "precision": 0.8194444444444444,
      "recall": 0.7108433734939759,
      "f1-score": 0.7612903225806451,
      "support": 83.0
    },
    "Entertainment": {
      "precision": 0.7272727272727273,
      "recall": 0.6037735849056604,
      "f1-score": 0.6597938144329897,
      "support": 106.0
    },
    "accuracy": 0.621,
    "macro avg": {
      "precision": 0.6361121626045079,
      "recall": 0.6175978240150304,
      "f1-score": 0.6219276725350628,
      "support": 1000.0
    },
    "weighted avg": {
      "precision": 0.6352506662477895,
      "recall": 0.621,
      "f1-score": 0.6228640499409029,
      "support": 1000.0
    }
  },
  "accuracy": 0.621,
  "confusion_matrix": [
    [
      77,
      7,
      2,
      5,
      4,
      4,
      1,
      0,
      0,
      2
    ],
    [
      4,
      44,
      5,
      9,
      3,
      10,
      2,
      4,
      1,
      3
    ],
    [
      2,
      12,
      41,
      3,
      11,
      15,
      2,
      7,
      1,
      1
    ],
    [
      3,
      3,
      3,
      91,
      1,
      11,
      3,
      4,
      0,
      1
    ],
    [
      1,
      5,
      10,
      1,
      51,
      7,
      9,
      3,
      0,
      0
    ],
    [
      0,
      4,
      3,
      12,
      3,
      66,
      8,
      4,
      4,
      7
    ],
    [
      1,
      2,
      4,
      6,
      1,
      4,
      81,
      2,
      2,
      1
    ],
    [
      0,
      10,
      10,
      8,
      4,
      24,
      1,
      47,
      0,
      3
    ],
    [
      3,
      3,
      5,
      2,
      2,
      2,
      1,
      0,
      59,
      6
    ],
    [
      1,
      2,
      6,
      7,
      2,
      13,
      1,
      5,
      5,
      64
    ]
  ],
  "labels": [
    "Tech",
    "Business",
    "Education",
    "Family",
    "Science",
    "Culture",
    "Health",
    "Politics",
    "Sports",
    "Entertainment"
  ]
}