{
  "classification_report": {
    "Sports": {
      "precision": 0.9302325581395349,
      "recall": 0.4819277108433735,
      "f1-score": 0.6349206349206349,
      "support": 83.0
    },
    "Family": {
      "precision": 0.4228187919463087,
      "recall": 0.525,
      "f1-score": 0.4684014869888476,
      "support": 120.0
    },
    "Culture": {
      "precision": 0.2789115646258503,
      "recall": 0.36936936936936937,
      "f1-score": 0.3178294573643411,
      "support": 111.0
    },
    "Business": {
      "precision": 0.3877551020408163,
      "recall": 0.2235294117647059,
      "f1-score": 0.2835820895522388,
      "support": 85.0
    },
    "Entertainment": {
      "precision": 0.4752475247524752,
      "recall": 0.4528301886792453,
      "f1-score": 0.463768115942029,
      "support": 106.0
    },
    "Science": {
      "precision": 0.5964912280701754,
      "recall": 0.39080459770114945,
      "f1-score": 0.4722222222222222,
      "support": 87.0
    },
    "Tech": {
      "precision": 0.6883116883116883,
      "recall": 0.5196078431372549,
      "f1-score": 0.5921787709497207,
      "support": 102.0
    },
    "Health": {
      "precision": 0.5806451612903226,
      "recall": 0.6923076923076923,
      "f1-score": 0.631578947368421,
      "support": 104.0
    },
    "Politics": {
      "precision": 0.6615384615384615,
      "recall": 0.40186915887850466,
      "f1-score": 0.5,
      "support": 107.0
    },
    "Education": {
      "precision": 0.38372093023255816,
      "recall": 0.3473684210526316,
      "f1-score": 0.36464088397790057,
      "support": 95.0
    },
    "micro avg": {
      "precision": 0.49665924276169265,
      "recall": 0.446,
      "f1-score": 0.46996838777660693,
      "support": 1000.0
    },
    "macro avg": {
      "precision": 0.5405673010948191,
      "recall": 0.44046143937339266,
      "f1-score": 0.4729122609286356,
      "support": 1000.0
    },
    "weighted avg": {
      "precision": 0.531969891910639,
      "recall": 0.446,
      "f1-score": 0.4727602212807328,
      "support": 1000.0
    }
  },
  "accuracy": 0.446,
  "confusion_matrix": [
    [
      40,
      3,
      13,
      4,
      8,
      3,
      3,
      2,
      0,
      3
    ],
    [
      0,
      63,
      19,
      2,
      3,
      0,
      1,
      10,
      2,
      4
    ],
    [
      0,
      19,
      41,
      3,
      10,
      5,
      1,
      7,
      8,
      8
    ],
    [
      0,
      13,
      13,
      19,
      6,
      2,
      5,
      5,
      3,
      4
    ],
    [
      2,
      11,
      16,
      1,
      48,
      0,
      3,
      5,
      2,
      8
    ],
    [
      0,
      6,
      6,
      1,
      6,
      34,
      2,
      10,
      1,
      14
    ],
    [
      0,
      9,
      2,
      8,
      6,
      2,
      53,
      3,
      0,
      5
    ],
    [
      0,
      11,
      5,
      0,
      3,
      4,
      1,
      72,
      0,
      2
    ],
    [
      0,
      10,
      16,
      5,
      6,
      1,
      1,
      7,
      43,
      5
    ],
    [
      1,
      4,
      16,
      6,
      5,
      6,
      7,
      3,
      6,
      33
    ]
  ],
  "labels": [
    "Sports",
    "Family",
    "Culture",
    "Business",
    "Entertainment",
    "Science",
    "Tech",
    "Health",
    "Politics",
    "Education"
  ]
}