{
  "classification_report": {
    "Tech": {
      "precision": 0.6132075471698113,
      "recall": 0.6372549019607843,
      "f1-score": 0.625,
      "support": 102.0
    },
    "Entertainment": {
      "precision": 0.5797101449275363,
      "recall": 0.37735849056603776,
      "f1-score": 0.45714285714285713,
      "support": 106.0
    },
    "Education": {
      "precision": 0.3835616438356164,
      "recall": 0.29473684210526313,
      "f1-score": 0.3333333333333333,
      "support": 95.0
    },
    "Culture": {
      "precision": 0.25,
      "recall": 0.5855855855855856,
      "f1-score": 0.3504043126684636,
      "support": 111.0
    },
    "Health": {
      "precision": 0.5436893203883495,
      "recall": 0.5384615384615384,
      "f1-score": 0.5410628019323671,
      "support": 104.0
    },
    "Politics": {
      "precision": 0.5625,
      "recall": 0.4205607476635514,
      "f1-score": 0.48128342245989303,
      "support": 107.0
    },
    "Business": {
      "precision": 0.3409090909090909,
      "recall": 0.35294117647058826,
      "f1-score": 0.3468208092485549,
      "support": 85.0
    },
    "Sports": {
      "precision": 0.803921568627451,
      "recall": 0.4939759036144578,
      "f1-score": 0.6119402985074627,
      "support": 83.0
    },
    "Family": {
      "precision": 0.5739130434782609,
      "recall": 0.55,
      "f1-score": 0.5617021276595745,
      "support": 120.0
    },
    "Science": {
      "precision": 0.5740740740740741,
      "recall": 0.3563218390804598,
      "f1-score": 0.4397163120567376,
      "support": 87.0
    },
    "micro avg": {
      "precision": 0.4674674674674675,
      "recall": 0.467,
      "f1-score": 0.4672336168084042,
      "support": 1000.0
    },
    "macro avg": {
      "precision": 0.522548643341019,
      "recall": 0.4607197025508266,
      "f1-score": 0.4748406275009244,
      "support": 1000.0
    },
    "weighted avg": {
      "precision": 0.5194327632435984,
      "recall": 0.467,
      "f1-score": 0.4764669338645154,
      "support": 1000.0
    }
  },
  "accuracy": 0.467,
  "confusion_matrix": [
    [
      65,
      3,
      3,
      12,
      5,
      0,
      8,
      1,
      3,
      2
    ],
    [
      5,
      40,
      5,
      32,
      3,
      2,
      9,
      2,
      6,
      2
    ],
    [
      5,
      7,
      28,
      25,
      3,
      6,
      12,
      1,
      3,
      5
    ],
    [
      2,
      1,
      3,
      65,
      5,
      12,
      4,
      5,
      10,
      4
    ],
    [
      3,
      4,
      4,
      13,
      56,
      3,
      4,
      0,
      13,
      4
    ],
    [
      4,
      2,
      6,
      27,
      8,
      45,
      7,
      1,
      6,
      1
    ],
    [
      8,
      4,
      5,
      20,
      6,
      3,
      30,
      0,
      6,
      3
    ],
    [
      5,
      2,
      2,
      17,
      2,
      4,
      7,
      41,
      1,
      2
    ],
    [
      3,
      3,
      2,
      31,
      7,
      3,
      4,
      0,
      66,
      0
    ],
    [
      6,
      3,
      15,
      18,
      8,
      2,
      3,
      0,
      1,
      31
    ]
  ],
  "labels": [
    "Tech",
    "Entertainment",
    "Education",
    "Culture",
    "Health",
    "Politics",
    "Business",
    "Sports",
    "Family",
    "Science"
  ]
}