{
  "classification_report": {
    "Politics": {
      "precision": 0.7073170731707317,
      "recall": 0.5420560747663551,
      "f1-score": 0.6137566137566137,
      "support": 107.0
    },
    "Education": {
      "precision": 0.4152542372881356,
      "recall": 0.5157894736842106,
      "f1-score": 0.460093896713615,
      "support": 95.0
    },
    "Health": {
      "precision": 0.6742424242424242,
      "recall": 0.8557692307692307,
      "f1-score": 0.7542372881355932,
      "support": 104.0
    },
    "Family": {
      "precision": 0.7672413793103449,
      "recall": 0.7416666666666667,
      "f1-score": 0.7542372881355932,
      "support": 120.0
    },
    "Culture": {
      "precision": 0.52,
      "recall": 0.46846846846846846,
      "f1-score": 0.4928909952606635,
      "support": 111.0
    },
    "Science": {
      "precision": 0.6461538461538462,
      "recall": 0.4827586206896552,
      "f1-score": 0.5526315789473685,
      "support": 87.0
    },
    "Business": {
      "precision": 0.4805194805194805,
      "recall": 0.43529411764705883,
      "f1-score": 0.4567901234567901,
      "support": 85.0
    },
    "Sports": {
      "precision": 0.8507462686567164,
      "recall": 0.6867469879518072,
      "f1-score": 0.76,
      "support": 83.0
    },
    "Entertainment": {
      "precision": 0.5755395683453237,
      "recall": 0.7547169811320755,
      "f1-score": 0.6530612244897959,
      "support": 106.0
    },
    "Tech": {
      "precision": 0.7835051546391752,
      "recall": 0.7450980392156863,
      "f1-score": 0.7638190954773869,
      "support": 102.0
    },
    "micro avg": {
      "precision": 0.6334340382678751,
      "recall": 0.629,
      "f1-score": 0.6312092323130958,
      "support": 1000.0
    },
    "macro avg": {
      "precision": 0.6420519432326178,
      "recall": 0.6228364660991215,
      "f1-score": 0.6261518104373419,
      "support": 1000.0
    },
    "weighted avg": {
      "precision": 0.6436384577859428,
      "recall": 0.629,
      "f1-score": 0.6301610762729176,
      "support": 1000.0
    }
  },
  "accuracy": 0.629,
  "confusion_matrix": [
    [
      58,
      10,
      3,
      3,
      11,
      1,
      10,
      0,
      7,
      0
    ],
    [
      3,
      49,
      4,
      1,
      11,
      7,
      10,
      1,
      6,
      2
    ],
    [
      1,
      4,
      89,
      1,
      1,
      1,
      0,
      2,
      0,
      5
    ],
    [
      3,
      5,
      7,
      89,
      7,
      1,
      2,
      1,
      5,
      0
    ],
    [
      9,
      4,
      9,
      9,
      52,
      5,
      1,
      2,
      18,
      1
    ],
    [
      1,
      23,
      8,
      0,
      1,
      42,
      5,
      1,
      3,
      3
    ],
    [
      6,
      12,
      5,
      9,
      4,
      0,
      37,
      1,
      5,
      6
    ],
    [
      0,
      1,
      2,
      1,
      2,
      5,
      3,
      57,
      8,
      4
    ],
    [
      1,
      6,
      3,
      1,
      9,
      1,
      2,
      2,
      80,
      0
    ],
    [
      0,
      4,
      2,
      2,
      2,
      2,
      7,
      0,
      7,
      76
    ]
  ],
  "labels": [
    "Politics",
    "Education",
    "Health",
    "Family",
    "Culture",
    "Science",
    "Business",
    "Sports",
    "Entertainment",
    "Tech"
  ]
}