{
  "classification_report": {
    "Entertainment": {
      "precision": 0.6153846153846154,
      "recall": 0.6037735849056604,
      "f1-score": 0.6095238095238096,
      "support": 106.0
    },
    "Culture": {
      "precision": 0.3614457831325301,
      "recall": 0.5405405405405406,
      "f1-score": 0.4332129963898917,
      "support": 111.0
    },
    "Health": {
      "precision": 0.7592592592592593,
      "recall": 0.7884615384615384,
      "f1-score": 0.7735849056603774,
      "support": 104.0
    },
    "Sports": {
      "precision": 0.9803921568627451,
      "recall": 0.6024096385542169,
      "f1-score": 0.746268656716418,
      "support": 83.0
    },
    "Tech": {
      "precision": 0.7297297297297297,
      "recall": 0.7941176470588235,
      "f1-score": 0.7605633802816901,
      "support": 102.0
    },
    "Science": {
      "precision": 0.7115384615384616,
      "recall": 0.42528735632183906,
      "f1-score": 0.5323741007194245,
      "support": 87.0
    },
    "Politics": {
      "precision": 0.6933333333333334,
      "recall": 0.48598130841121495,
      "f1-score": 0.5714285714285714,
      "support": 107.0
    },
    "Education": {
      "precision": 0.4222222222222222,
      "recall": 0.4,
      "f1-score": 0.41081081081081083,
      "support": 95.0
    },
    "Business": {
      "precision": 0.6097560975609756,
      "recall": 0.29411764705882354,
      "f1-score": 0.3968253968253968,
      "support": 85.0
    },
    "Family": {
      "precision": 0.6666666666666666,
      "recall": 0.5833333333333334,
      "f1-score": 0.6222222222222222,
      "support": 120.0
    },
    "micro avg": {
      "precision": 0.6190476190476191,
      "recall": 0.559,
      "f1-score": 0.5874934314240673,
      "support": 1000.0
    },
    "macro avg": {
      "precision": 0.6549728325690538,
      "recall": 0.5518022594645989,
      "f1-score": 0.5856814850578612,
      "support": 1000.0
    },
    "weighted avg": {
      "precision": 0.6481500877977902,
      "recall": 0.559,
      "f1-score": 0.5875500162229756,
      "support": 1000.0
    }
  },
  "accuracy": 0.559,
  "confusion_matrix": [
    [
      64,
      18,
      0,
      0,
      2,
      2,
      1,
      5,
      0,
      3
    ],
    [
      9,
      60,
      6,
      1,
      1,
      2,
      10,
      5,
      2,
      8
    ],
    [
      1,
      4,
      82,
      0,
      3,
      0,
      2,
      3,
      1,
      4
    ],
    [
      3,
      7,
      2,
      50,
      5,
      3,
      1,
      3,
      2,
      2
    ],
    [
      4,
      4,
      0,
      0,
      81,
      1,
      0,
      3,
      3,
      3
    ],
    [
      5,
      8,
      5,
      0,
      5,
      37,
      2,
      14,
      0,
      3
    ],
    [
      3,
      17,
      3,
      0,
      1,
      1,
      52,
      6,
      1,
      4
    ],
    [
      2,
      18,
      4,
      0,
      5,
      4,
      3,
      38,
      7,
      3
    ],
    [
      7,
      12,
      3,
      0,
      7,
      2,
      4,
      7,
      25,
      5
    ],
    [
      6,
      18,
      3,
      0,
      1,
      0,
      0,
      6,
      0,
      70
    ]
  ],
  "labels": [
    "Entertainment",
    "Culture",
    "Health",
    "Sports",
    "Tech",
    "Science",
    "Politics",
    "Education",
    "Business",
    "Family"
  ]
}