{
  "classification_report": {
    "Tech": {
      "precision": 0.5111111111111111,
      "recall": 0.45098039215686275,
      "f1-score": 0.4791666666666667,
      "support": 102.0
    },
    "Sports": {
      "precision": 0.8076923076923077,
      "recall": 0.5060240963855421,
      "f1-score": 0.6222222222222222,
      "support": 83.0
    },
    "Culture": {
      "precision": 0.21658986175115208,
      "recall": 0.42342342342342343,
      "f1-score": 0.2865853658536585,
      "support": 111.0
    },
    "Business": {
      "precision": 0.3235294117647059,
      "recall": 0.25882352941176473,
      "f1-score": 0.2875816993464052,
      "support": 85.0
    },
    "Health": {
      "precision": 0.45121951219512196,
      "recall": 0.3557692307692308,
      "f1-score": 0.3978494623655914,
      "support": 104.0
    },
    "Family": {
      "precision": 0.4642857142857143,
      "recall": 0.325,
      "f1-score": 0.38235294117647056,
      "support": 120.0
    },
    "Science": {
      "precision": 0.43283582089552236,
      "recall": 0.3333333333333333,
      "f1-score": 0.37662337662337664,
      "support": 87.0
    },
    "Entertainment": {
      "precision": 0.3904761904761905,
      "recall": 0.3867924528301887,
      "f1-score": 0.3886255924170616,
      "support": 106.0
    },
    "Politics": {
      "precision": 0.5352112676056338,
      "recall": 0.35514018691588783,
      "f1-score": 0.42696629213483145,
      "support": 107.0
    },
    "Education": {
      "precision": 0.3132530120481928,
      "recall": 0.2736842105263158,
      "f1-score": 0.29213483146067415,
      "support": 95.0
    },
    "micro avg": {
      "precision": 0.39934711643090315,
      "recall": 0.367,
      "f1-score": 0.3824908806670141,
      "support": 1000.0
    },
    "macro avg": {
      "precision": 0.44462042098256527,
      "recall": 0.36689708557525497,
      "f1-score": 0.3940108450266958,
      "support": 1000.0
    },
    "weighted avg": {
      "precision": 0.4394282188955189,
      "recall": 0.367,
      "f1-score": 0.3914323103354763,
      "support": 1000.0
    }
  },
  "accuracy": 0.367,
  "confusion_matrix": [
    [
      46,
      0,
      9,
      8,
      8,
      2,
      4,
      8,
      1,
      1
    ],
    [
      2,
      42,
      16,
      4,
      1,
      0,
      3,
      7,
      1,
      4
    ],
    [
      4,
      3,
      47,
      8,
      3,
      10,
      7,
      10,
      8,
      6
    ],
    [
      7,
      0,
      19,
      22,
      8,
      5,
      3,
      7,
      3,
      5
    ],
    [
      8,
      0,
      13,
      3,
      37,
      12,
      4,
      9,
      2,
      5
    ],
    [
      0,
      2,
      28,
      3,
      6,
      39,
      1,
      2,
      3,
      7
    ],
    [
      4,
      1,
      13,
      5,
      5,
      2,
      29,
      6,
      3,
      15
    ],
    [
      6,
      3,
      22,
      3,
      6,
      6,
      3,
      41,
      4,
      8
    ],
    [
      5,
      0,
      26,
      6,
      6,
      7,
      5,
      7,
      38,
      6
    ],
    [
      8,
      1,
      24,
      6,
      2,
      1,
      8,
      8,
      8,
      26
    ]
  ],
  "labels": [
    "Tech",
    "Sports",
    "Culture",
    "Business",
    "Health",
    "Family",
    "Science",
    "Entertainment",
    "Politics",
    "Education"
  ]
}