{
  "classification_report": {
    "Politics": {
      "precision": 0.6382978723404256,
      "recall": 0.5607476635514018,
      "f1-score": 0.5970149253731343,
      "support": 107.0
    },
    "Education": {
      "precision": 0.449438202247191,
      "recall": 0.42105263157894735,
      "f1-score": 0.43478260869565216,
      "support": 95.0
    },
    "Business": {
      "precision": 0.43478260869565216,
      "recall": 0.35294117647058826,
      "f1-score": 0.38961038961038963,
      "support": 85.0
    },
    "Sports": {
      "precision": 0.9032258064516129,
      "recall": 0.6746987951807228,
      "f1-score": 0.7724137931034483,
      "support": 83.0
    },
    "Entertainment": {
      "precision": 0.6435643564356436,
      "recall": 0.6132075471698113,
      "f1-score": 0.6280193236714976,
      "support": 106.0
    },
    "Health": {
      "precision": 0.6285714285714286,
      "recall": 0.8461538461538461,
      "f1-score": 0.7213114754098361,
      "support": 104.0
    },
    "Culture": {
      "precision": 0.4050632911392405,
      "recall": 0.5765765765765766,
      "f1-score": 0.4758364312267658,
      "support": 111.0
    },
    "Science": {
      "precision": 0.6521739130434783,
      "recall": 0.5172413793103449,
      "f1-score": 0.5769230769230769,
      "support": 87.0
    },
    "Tech": {
      "precision": 0.7816091954022989,
      "recall": 0.6666666666666666,
      "f1-score": 0.7195767195767195,
      "support": 102.0
    },
    "Family": {
      "precision": 0.6377952755905512,
      "recall": 0.675,
      "f1-score": 0.6558704453441295,
      "support": 120.0
    },
    "micro avg": {
      "precision": 0.5993975903614458,
      "recall": 0.597,
      "f1-score": 0.5981963927855711,
      "support": 1000.0
    },
    "macro avg": {
      "precision": 0.6174521949917523,
      "recall": 0.5904286282658906,
      "f1-score": 0.5971359188934651,
      "support": 1000.0
    },
    "weighted avg": {
      "precision": 0.6144687423352687,
      "recall": 0.597,
      "f1-score": 0.599110044933883,
      "support": 1000.0
    }
  },
  "accuracy": 0.597,
  "confusion_matrix": [
    [
      60,
      10,
      7,
      1,
      5,
      4,
      13,
      2,
      0,
      5
    ],
    [
      4,
      40,
      9,
      1,
      5,
      5,
      15,
      8,
      4,
      3
    ],
    [
      9,
      6,
      30,
      1,
      4,
      6,
      11,
      3,
      4,
      11
    ],
    [
      3,
      5,
      2,
      56,
      4,
      1,
      4,
      2,
      5,
      1
    ],
    [
      4,
      4,
      1,
      0,
      65,
      1,
      23,
      0,
      1,
      5
    ],
    [
      2,
      2,
      1,
      1,
      0,
      88,
      3,
      2,
      0,
      5
    ],
    [
      9,
      1,
      6,
      1,
      6,
      10,
      64,
      3,
      0,
      10
    ],
    [
      0,
      16,
      4,
      1,
      3,
      10,
      3,
      45,
      4,
      1
    ],
    [
      1,
      1,
      8,
      0,
      7,
      5,
      3,
      4,
      68,
      5
    ],
    [
      2,
      4,
      1,
      0,
      2,
      10,
      19,
      0,
      1,
      81
    ]
  ],
  "labels": [
    "Politics",
    "Education",
    "Business",
    "Sports",
    "Entertainment",
    "Health",
    "Culture",
    "Science",
    "Tech",
    "Family"
  ]
}