{
  "classification_report": {
    "Culture": {
      "precision": 0.31543624161073824,
      "recall": 0.42342342342342343,
      "f1-score": 0.36153846153846153,
      "support": 111.0
    },
    "Sports": {
      "precision": 0.9782608695652174,
      "recall": 0.5421686746987951,
      "f1-score": 0.6976744186046512,
      "support": 83.0
    },
    "Education": {
      "precision": 0.4266666666666667,
      "recall": 0.3368421052631579,
      "f1-score": 0.3764705882352941,
      "support": 95.0
    },
    "Health": {
      "precision": 0.7142857142857143,
      "recall": 0.7211538461538461,
      "f1-score": 0.7177033492822966,
      "support": 104.0
    },
    "Politics": {
      "precision": 0.6666666666666666,
      "recall": 0.4485981308411215,
      "f1-score": 0.5363128491620112,
      "support": 107.0
    },
    "Tech": {
      "precision": 0.6581196581196581,
      "recall": 0.7549019607843137,
      "f1-score": 0.7031963470319634,
      "support": 102.0
    },
    "Family": {
      "precision": 0.648936170212766,
      "recall": 0.5083333333333333,
      "f1-score": 0.5700934579439252,
      "support": 120.0
    },
    "Science": {
      "precision": 0.625,
      "recall": 0.3448275862068966,
      "f1-score": 0.4444444444444444,
      "support": 87.0
    },
    "Entertainment": {
      "precision": 0.59375,
      "recall": 0.5377358490566038,
      "f1-score": 0.5643564356435643,
      "support": 106.0
    },
    "Business": {
      "precision": 0.5945945945945946,
      "recall": 0.25882352941176473,
      "f1-score": 0.36065573770491804,
      "support": 85.0
    },
    "micro avg": {
      "precision": 0.5887961859356377,
      "recall": 0.494,
      "f1-score": 0.5372485046220772,
      "support": 1000.0
    },
    "macro avg": {
      "precision": 0.6221716581722022,
      "recall": 0.4876808439173256,
      "f1-score": 0.5332446089591529,
      "support": 1000.0
    },
    "weighted avg": {
      "precision": 0.6152150420393635,
      "recall": 0.494,
      "f1-score": 0.535110503943336,
      "support": 1000.0
    }
  },
  "accuracy": 0.494,
  "confusion_matrix": [
    [
      47,
      1,
      5,
      4,
      8,
      2,
      8,
      3,
      8,
      1
    ],
    [
      9,
      45,
      2,
      2,
      2,
      2,
      2,
      2,
      5,
      1
    ],
    [
      19,
      0,
      32,
      3,
      6,
      5,
      3,
      6,
      3,
      7
    ],
    [
      2,
      0,
      3,
      75,
      1,
      2,
      4,
      1,
      3,
      0
    ],
    [
      17,
      0,
      4,
      5,
      48,
      3,
      3,
      1,
      3,
      4
    ],
    [
      4,
      0,
      1,
      0,
      1,
      77,
      4,
      2,
      3,
      0
    ],
    [
      17,
      0,
      6,
      4,
      1,
      3,
      61,
      0,
      4,
      0
    ],
    [
      7,
      0,
      14,
      7,
      1,
      9,
      2,
      30,
      6,
      0
    ],
    [
      17,
      0,
      2,
      1,
      1,
      3,
      2,
      2,
      57,
      2
    ],
    [
      10,
      0,
      6,
      4,
      3,
      11,
      5,
      1,
      4,
      22
    ]
  ],
  "labels": [
    "Culture",
    "Sports",
    "Education",
    "Health",
    "Politics",
    "Tech",
    "Family",
    "Science",
    "Entertainment",
    "Business"
  ]
}