{
  "classification_report": {
    "Tech": {
      "precision": 0.625,
      "recall": 0.6372549019607843,
      "f1-score": 0.6310679611650486,
      "support": 102.0
    },
    "Education": {
      "precision": 0.3625,
      "recall": 0.30526315789473685,
      "f1-score": 0.3314285714285714,
      "support": 95.0
    },
    "Culture": {
      "precision": 0.2563176895306859,
      "recall": 0.6396396396396397,
      "f1-score": 0.36597938144329895,
      "support": 111.0
    },
    "Science": {
      "precision": 0.532258064516129,
      "recall": 0.3793103448275862,
      "f1-score": 0.4429530201342282,
      "support": 87.0
    },
    "Health": {
      "precision": 0.5888888888888889,
      "recall": 0.5096153846153846,
      "f1-score": 0.5463917525773195,
      "support": 104.0
    },
    "Sports": {
      "precision": 0.82,
      "recall": 0.4939759036144578,
      "f1-score": 0.6165413533834586,
      "support": 83.0
    },
    "Business": {
      "precision": 0.358974358974359,
      "recall": 0.32941176470588235,
      "f1-score": 0.34355828220858897,
      "support": 85.0
    },
    "Family": {
      "precision": 0.6057692307692307,
      "recall": 0.525,
      "f1-score": 0.5625,
      "support": 120.0
    },
    "Politics": {
      "precision": 0.6097560975609756,
      "recall": 0.4672897196261682,
      "f1-score": 0.5291005291005291,
      "support": 107.0
    },
    "Entertainment": {
      "precision": 0.5915492957746479,
      "recall": 0.39622641509433965,
      "f1-score": 0.4745762711864407,
      "support": 106.0
    },
    "micro avg": {
      "precision": 0.4759519038076152,
      "recall": 0.475,
      "f1-score": 0.4754754754754755,
      "support": 1000.0
    },
    "macro avg": {
      "precision": 0.5351013626014917,
      "recall": 0.468298723197898,
      "f1-score": 0.48440971226274837,
      "support": 1000.0
    },
    "weighted avg": {
      "precision": 0.5334029155915191,
      "recall": 0.475,
      "f1-score": 0.48663424036255093,
      "support": 1000.0
    }
  },
  "accuracy": 0.475,
  "confusion_matrix": [
    [
      65,
      5,
      12,
      4,
      3,
      2,
      7,
      3,
      0,
      1
    ],
    [
      5,
      29,
      27,
      7,
      2,
      1,
      6,
      4,
      7,
      7
    ],
    [
      3,
      3,
      71,
      3,
      3,
      4,
      3,
      9,
      10,
      2
    ],
    [
      5,
      13,
      17,
      33,
      7,
      0,
      4,
      2,
      2,
      4
    ],
    [
      4,
      5,
      15,
      3,
      53,
      0,
      5,
      11,
      3,
      4
    ],
    [
      3,
      2,
      18,
      4,
      1,
      41,
      8,
      1,
      4,
      1
    ],
    [
      9,
      7,
      21,
      4,
      5,
      0,
      28,
      5,
      3,
      3
    ],
    [
      2,
      4,
      37,
      0,
      4,
      0,
      3,
      63,
      2,
      4
    ],
    [
      2,
      6,
      26,
      2,
      9,
      1,
      7,
      1,
      50,
      3
    ],
    [
      6,
      6,
      33,
      2,
      3,
      1,
      7,
      5,
      1,
      42
    ]
  ],
  "labels": [
    "Tech",
    "Education",
    "Culture",
    "Science",
    "Health",
    "Sports",
    "Business",
    "Family",
    "Politics",
    "Entertainment"
  ]
}