{
  "classification_report": {
    "Family": {
      "precision": 0.6796116504854369,
      "recall": 0.5833333333333334,
      "f1-score": 0.6278026905829597,
      "support": 120.0
    },
    "Business": {
      "precision": 0.4567901234567901,
      "recall": 0.43529411764705883,
      "f1-score": 0.4457831325301205,
      "support": 85.0
    },
    "Health": {
      "precision": 0.6261682242990654,
      "recall": 0.6442307692307693,
      "f1-score": 0.6350710900473934,
      "support": 104.0
    },
    "Entertainment": {
      "precision": 0.5378787878787878,
      "recall": 0.6698113207547169,
      "f1-score": 0.5966386554621849,
      "support": 106.0
    },
    "Education": {
      "precision": 0.37,
      "recall": 0.3894736842105263,
      "f1-score": 0.37948717948717947,
      "support": 95.0
    },
    "Science": {
      "precision": 0.6333333333333333,
      "recall": 0.4367816091954023,
      "f1-score": 0.5170068027210885,
      "support": 87.0
    },
    "Sports": {
      "precision": 0.7432432432432432,
      "recall": 0.6626506024096386,
      "f1-score": 0.7006369426751592,
      "support": 83.0
    },
    "Politics": {
      "precision": 0.5617977528089888,
      "recall": 0.4672897196261682,
      "f1-score": 0.5102040816326531,
      "support": 107.0
    },
    "Culture": {
      "precision": 0.373134328358209,
      "recall": 0.45045045045045046,
      "f1-score": 0.40816326530612246,
      "support": 111.0
    },
    "Tech": {
      "precision": 0.7972972972972973,
      "recall": 0.5784313725490197,
      "f1-score": 0.6704545454545454,
      "support": 102.0
    },
    "micro avg": {
      "precision": 0.559748427672956,
      "recall": 0.534,
      "f1-score": 0.5465711361310133,
      "support": 1000.0
    },
    "macro avg": {
      "precision": 0.5779254741161153,
      "recall": 0.5317746979407083,
      "f1-score": 0.5491248385899405,
      "support": 1000.0
    },
    "weighted avg": {
      "precision": 0.5773109889061705,
      "recall": 0.534,
      "f1-score": 0.5499870429290279,
      "support": 1000.0
    }
  },
  "accuracy": 0.534,
  "confusion_matrix": [
    [
      70,
      4,
      6,
      3,
      5,
      1,
      0,
      8,
      16,
      1
    ],
    [
      7,
      37,
      5,
      6,
      7,
      1,
      2,
      6,
      8,
      3
    ],
    [
      4,
      2,
      67,
      2,
      4,
      2,
      3,
      3,
      3,
      2
    ],
    [
      3,
      3,
      1,
      71,
      6,
      0,
      4,
      3,
      13,
      1
    ],
    [
      2,
      10,
      3,
      8,
      37,
      9,
      2,
      8,
      11,
      4
    ],
    [
      1,
      3,
      6,
      3,
      20,
      38,
      1,
      3,
      9,
      1
    ],
    [
      0,
      2,
      5,
      8,
      3,
      4,
      55,
      1,
      1,
      2
    ],
    [
      3,
      8,
      3,
      11,
      8,
      3,
      0,
      50,
      18,
      1
    ],
    [
      12,
      4,
      9,
      16,
      4,
      1,
      5,
      7,
      50,
      0
    ],
    [
      1,
      8,
      2,
      4,
      6,
      1,
      2,
      0,
      5,
      59
    ]
  ],
  "labels": [
    "Family",
    "Business",
    "Health",
    "Entertainment",
    "Education",
    "Science",
    "Sports",
    "Politics",
    "Culture",
    "Tech"
  ]
}