{
  "classification_report": {
    "Tech": {
      "precision": 0.75,
      "recall": 0.7647058823529411,
      "f1-score": 0.7572815533980582,
      "support": 102.0
    },
    "Health": {
      "precision": 0.7522123893805309,
      "recall": 0.8173076923076923,
      "f1-score": 0.783410138248848,
      "support": 104.0
    },
    "Politics": {
      "precision": 0.63,
      "recall": 0.5887850467289719,
      "f1-score": 0.6086956521739131,
      "support": 107.0
    },
    "Culture": {
      "precision": 0.41216216216216217,
      "recall": 0.5495495495495496,
      "f1-score": 0.47104247104247104,
      "support": 111.0
    },
    "Sports": {
      "precision": 0.9482758620689655,
      "recall": 0.6626506024096386,
      "f1-score": 0.7801418439716312,
      "support": 83.0
    },
    "Education": {
      "precision": 0.4943820224719101,
      "recall": 0.4631578947368421,
      "f1-score": 0.4782608695652174,
      "support": 95.0
    },
    "Entertainment": {
      "precision": 0.6120689655172413,
      "recall": 0.6698113207547169,
      "f1-score": 0.6396396396396397,
      "support": 106.0
    },
    "Business": {
      "precision": 0.5166666666666667,
      "recall": 0.36470588235294116,
      "f1-score": 0.42758620689655175,
      "support": 85.0
    },
    "Family": {
      "precision": 0.7155963302752294,
      "recall": 0.65,
      "f1-score": 0.6812227074235808,
      "support": 120.0
    },
    "Science": {
      "precision": 0.7192982456140351,
      "recall": 0.47126436781609193,
      "f1-score": 0.5694444444444444,
      "support": 87.0
    },
    "micro avg": {
      "precision": 0.6362683438155137,
      "recall": 0.607,
      "f1-score": 0.6212896622313203,
      "support": 1000.0
    },
    "macro avg": {
      "precision": 0.6550662644156742,
      "recall": 0.6001938239009386,
      "f1-score": 0.6196725526804355,
      "support": 1000.0
    },
    "weighted avg": {
      "precision": 0.6508097611950737,
      "recall": 0.607,
      "f1-score": 0.6217550984966511,
      "support": 1000.0
    }
  },
  "accuracy": 0.607,
  "confusion_matrix": [
    [
      78,
      2,
      0,
      3,
      0,
      5,
      6,
      4,
      2,
      0
    ],
    [
      4,
      85,
      2,
      2,
      1,
      4,
      1,
      0,
      2,
      1
    ],
    [
      1,
      3,
      63,
      14,
      0,
      5,
      6,
      7,
      4,
      2
    ],
    [
      0,
      5,
      12,
      61,
      1,
      1,
      9,
      1,
      10,
      2
    ],
    [
      5,
      0,
      1,
      7,
      55,
      6,
      3,
      2,
      0,
      1
    ],
    [
      4,
      4,
      7,
      13,
      0,
      44,
      3,
      6,
      2,
      6
    ],
    [
      2,
      0,
      4,
      12,
      0,
      3,
      71,
      2,
      2,
      2
    ],
    [
      5,
      2,
      8,
      12,
      1,
      6,
      8,
      31,
      7,
      2
    ],
    [
      0,
      4,
      2,
      18,
      0,
      3,
      6,
      2,
      78,
      0
    ],
    [
      5,
      8,
      1,
      6,
      0,
      12,
      3,
      5,
      2,
      41
    ]
  ],
  "labels": [
    "Tech",
    "Health",
    "Politics",
    "Culture",
    "Sports",
    "Education",
    "Entertainment",
    "Business",
    "Family",
    "Science"
  ]
}