{
  "classification_report": {
    "Sports": {
      "precision": 0.9193548387096774,
      "recall": 0.6867469879518072,
      "f1-score": 0.7862068965517242,
      "support": 83.0
    },
    "Education": {
      "precision": 0.36054421768707484,
      "recall": 0.5578947368421052,
      "f1-score": 0.4380165289256198,
      "support": 95.0
    },
    "Business": {
      "precision": 0.5285714285714286,
      "recall": 0.43529411764705883,
      "f1-score": 0.4774193548387097,
      "support": 85.0
    },
    "Health": {
      "precision": 0.7083333333333334,
      "recall": 0.8173076923076923,
      "f1-score": 0.7589285714285714,
      "support": 104.0
    },
    "Family": {
      "precision": 0.6666666666666666,
      "recall": 0.2833333333333333,
      "f1-score": 0.39766081871345027,
      "support": 120.0
    },
    "Culture": {
      "precision": 0.3959731543624161,
      "recall": 0.5315315315315315,
      "f1-score": 0.45384615384615384,
      "support": 111.0
    },
    "Science": {
      "precision": 0.7115384615384616,
      "recall": 0.42528735632183906,
      "f1-score": 0.5323741007194245,
      "support": 87.0
    },
    "Tech": {
      "precision": 0.8554216867469879,
      "recall": 0.696078431372549,
      "f1-score": 0.7675675675675676,
      "support": 102.0
    },
    "Entertainment": {
      "precision": 0.4875,
      "recall": 0.7358490566037735,
      "f1-score": 0.5864661654135338,
      "support": 106.0
    },
    "Politics": {
      "precision": 0.75,
      "recall": 0.4205607476635514,
      "f1-score": 0.5389221556886228,
      "support": 107.0
    },
    "micro avg": {
      "precision": 0.5828092243186582,
      "recall": 0.556,
      "f1-score": 0.5690890481064483,
      "support": 1000.0
    },
    "macro avg": {
      "precision": 0.6383903787616046,
      "recall": 0.5589883991575242,
      "f1-score": 0.5737408313693377,
      "support": 1000.0
    },
    "weighted avg": {
      "precision": 0.6341882687246805,
      "recall": 0.556,
      "f1-score": 0.5689107034211249,
      "support": 1000.0
    }
  },
  "accuracy": 0.556,
  "confusion_matrix": [
    [
      57,
      6,
      3,
      0,
      0,
      4,
      1,
      2,
      8,
      1
    ],
    [
      1,
      53,
      8,
      3,
      1,
      12,
      6,
      2,
      5,
      3
    ],
    [
      0,
      10,
      37,
      5,
      5,
      8,
      1,
      4,
      8,
      1
    ],
    [
      2,
      7,
      0,
      85,
      1,
      3,
      0,
      0,
      3,
      1
    ],
    [
      0,
      10,
      2,
      6,
      34,
      27,
      1,
      1,
      15,
      1
    ],
    [
      1,
      10,
      2,
      7,
      4,
      59,
      3,
      1,
      18,
      5
    ],
    [
      0,
      23,
      2,
      7,
      0,
      7,
      37,
      1,
      5,
      2
    ],
    [
      0,
      6,
      7,
      1,
      2,
      3,
      1,
      71,
      11,
      0
    ],
    [
      1,
      5,
      0,
      2,
      1,
      12,
      1,
      1,
      78,
      1
    ],
    [
      0,
      17,
      9,
      4,
      3,
      14,
      1,
      0,
      9,
      45
    ]
  ],
  "labels": [
    "Sports",
    "Education",
    "Business",
    "Health",
    "Family",
    "Culture",
    "Science",
    "Tech",
    "Entertainment",
    "Politics"
  ]
}