{
  "classification_report": {
    "Entertainment": {
      "precision": 0.46564885496183206,
      "recall": 0.5754716981132075,
      "f1-score": 0.5147679324894515,
      "support": 106.0
    },
    "Family": {
      "precision": 0.6476190476190476,
      "recall": 0.5666666666666667,
      "f1-score": 0.6044444444444445,
      "support": 120.0
    },
    "Health": {
      "precision": 0.6320754716981132,
      "recall": 0.6442307692307693,
      "f1-score": 0.638095238095238,
      "support": 104.0
    },
    "Sports": {
      "precision": 0.7714285714285715,
      "recall": 0.6506024096385542,
      "f1-score": 0.7058823529411765,
      "support": 83.0
    },
    "Education": {
      "precision": 0.391304347826087,
      "recall": 0.37894736842105264,
      "f1-score": 0.3850267379679144,
      "support": 95.0
    },
    "Politics": {
      "precision": 0.5324675324675324,
      "recall": 0.38317757009345793,
      "f1-score": 0.44565217391304346,
      "support": 107.0
    },
    "Tech": {
      "precision": 0.7954545454545454,
      "recall": 0.6862745098039216,
      "f1-score": 0.7368421052631579,
      "support": 102.0
    },
    "Business": {
      "precision": 0.4,
      "recall": 0.35294117647058826,
      "f1-score": 0.375,
      "support": 85.0
    },
    "Science": {
      "precision": 0.5131578947368421,
      "recall": 0.4482758620689655,
      "f1-score": 0.4785276073619632,
      "support": 87.0
    },
    "Culture": {
      "precision": 0.3695652173913043,
      "recall": 0.4594594594594595,
      "f1-score": 0.40963855421686746,
      "support": 111.0
    },
    "micro avg": {
      "precision": 0.5396659707724426,
      "recall": 0.517,
      "f1-score": 0.5280898876404494,
      "support": 1000.0
    },
    "macro avg": {
      "precision": 0.5518721483583876,
      "recall": 0.5146047489966643,
      "f1-score": 0.5293877146693257,
      "support": 1000.0
    },
    "weighted avg": {
      "precision": 0.551788263451823,
      "recall": 0.517,
      "f1-score": 0.5304458730442904,
      "support": 1000.0
    }
  },
  "accuracy": 0.517,
  "confusion_matrix": [
    [
      61,
      4,
      3,
      2,
      3,
      5,
      2,
      6,
      6,
      13
    ],
    [
      5,
      68,
      3,
      2,
      5,
      6,
      0,
      5,
      0,
      10
    ],
    [
      2,
      4,
      67,
      1,
      4,
      3,
      2,
      3,
      4,
      6
    ],
    [
      9,
      0,
      2,
      54,
      2,
      2,
      2,
      4,
      3,
      3
    ],
    [
      5,
      3,
      3,
      1,
      36,
      4,
      3,
      8,
      12,
      17
    ],
    [
      9,
      6,
      5,
      1,
      13,
      41,
      1,
      7,
      2,
      18
    ],
    [
      3,
      2,
      2,
      1,
      3,
      1,
      70,
      5,
      4,
      8
    ],
    [
      12,
      6,
      5,
      3,
      9,
      5,
      4,
      30,
      3,
      6
    ],
    [
      9,
      1,
      8,
      1,
      13,
      3,
      3,
      4,
      39,
      6
    ],
    [
      16,
      11,
      8,
      4,
      4,
      7,
      1,
      3,
      3,
      51
    ]
  ],
  "labels": [
    "Entertainment",
    "Family",
    "Health",
    "Sports",
    "Education",
    "Politics",
    "Tech",
    "Business",
    "Science",
    "Culture"
  ]
}