{
  "classification_report": {
    "Business": {
      "precision": 0.43859649122807015,
      "recall": 0.29411764705882354,
      "f1-score": 0.352112676056338,
      "support": 85.0
    },
    "Entertainment": {
      "precision": 0.5032679738562091,
      "recall": 0.7264150943396226,
      "f1-score": 0.5945945945945946,
      "support": 106.0
    },
    "Politics": {
      "precision": 0.7959183673469388,
      "recall": 0.3644859813084112,
      "f1-score": 0.5,
      "support": 107.0
    },
    "Tech": {
      "precision": 0.75,
      "recall": 0.7058823529411765,
      "f1-score": 0.7272727272727273,
      "support": 102.0
    },
    "Culture": {
      "precision": 0.36423841059602646,
      "recall": 0.4954954954954955,
      "f1-score": 0.4198473282442748,
      "support": 111.0
    },
    "Health": {
      "precision": 0.7391304347826086,
      "recall": 0.8173076923076923,
      "f1-score": 0.776255707762557,
      "support": 104.0
    },
    "Sports": {
      "precision": 0.9038461538461539,
      "recall": 0.5662650602409639,
      "f1-score": 0.6962962962962963,
      "support": 83.0
    },
    "Education": {
      "precision": 0.38333333333333336,
      "recall": 0.4842105263157895,
      "f1-score": 0.42790697674418604,
      "support": 95.0
    },
    "Family": {
      "precision": 0.6410256410256411,
      "recall": 0.20833333333333334,
      "f1-score": 0.31446540880503143,
      "support": 120.0
    },
    "Science": {
      "precision": 0.7192982456140351,
      "recall": 0.47126436781609193,
      "f1-score": 0.5694444444444444,
      "support": 87.0
    },
    "micro avg": {
      "precision": 0.5759280089988752,
      "recall": 0.512,
      "f1-score": 0.5420857596611964,
      "support": 1000.0
    },
    "macro avg": {
      "precision": 0.6238655051629017,
      "recall": 0.51337775511574,
      "f1-score": 0.537819616022045,
      "support": 1000.0
    },
    "weighted avg": {
      "precision": 0.6205283228102122,
      "recall": 0.512,
      "f1-score": 0.533693340822615,
      "support": 1000.0
    }
  },
  "accuracy": 0.512,
  "confusion_matrix": [
    [
      25,
      10,
      1,
      6,
      11,
      7,
      0,
      12,
      0,
      1
    ],
    [
      0,
      77,
      0,
      2,
      12,
      0,
      1,
      3,
      0,
      3
    ],
    [
      7,
      10,
      39,
      1,
      19,
      5,
      0,
      11,
      2,
      1
    ],
    [
      8,
      5,
      0,
      72,
      4,
      0,
      0,
      7,
      2,
      1
    ],
    [
      3,
      14,
      4,
      1,
      55,
      5,
      1,
      8,
      5,
      3
    ],
    [
      1,
      2,
      0,
      2,
      3,
      85,
      1,
      2,
      3,
      1
    ],
    [
      2,
      8,
      3,
      6,
      5,
      1,
      47,
      7,
      1,
      2
    ],
    [
      7,
      8,
      1,
      3,
      14,
      4,
      2,
      46,
      1,
      4
    ],
    [
      3,
      12,
      0,
      1,
      21,
      4,
      0,
      8,
      25,
      0
    ],
    [
      1,
      7,
      1,
      2,
      7,
      4,
      0,
      16,
      0,
      41
    ]
  ],
  "labels": [
    "Business",
    "Entertainment",
    "Politics",
    "Tech",
    "Culture",
    "Health",
    "Sports",
    "Education",
    "Family",
    "Science"
  ]
}