{
  "classification_report": {
    "Science": {
      "precision": 0.5714285714285714,
      "recall": 0.27586206896551724,
      "f1-score": 0.37209302325581395,
      "support": 87.0
    },
    "Tech": {
      "precision": 0.6410256410256411,
      "recall": 0.49019607843137253,
      "f1-score": 0.5555555555555556,
      "support": 102.0
    },
    "Education": {
      "precision": 0.3867924528301887,
      "recall": 0.43157894736842106,
      "f1-score": 0.4079601990049751,
      "support": 95.0
    },
    "Business": {
      "precision": 0.4318181818181818,
      "recall": 0.2235294117647059,
      "f1-score": 0.29457364341085274,
      "support": 85.0
    },
    "Health": {
      "precision": 0.7207207207207207,
      "recall": 0.7692307692307693,
      "f1-score": 0.7441860465116279,
      "support": 104.0
    },
    "Culture": {
      "precision": 0.3902439024390244,
      "recall": 0.2882882882882883,
      "f1-score": 0.3316062176165803,
      "support": 111.0
    },
    "Sports": {
      "precision": 0.9215686274509803,
      "recall": 0.5662650602409639,
      "f1-score": 0.7014925373134329,
      "support": 83.0
    },
    "Politics": {
      "precision": 0.8421052631578947,
      "recall": 0.29906542056074764,
      "f1-score": 0.4413793103448276,
      "support": 107.0
    },
    "Entertainment": {
      "precision": 0.532608695652174,
      "recall": 0.46226415094339623,
      "f1-score": 0.494949494949495,
      "support": 106.0
    },
    "Family": {
      "precision": 0.6097560975609756,
      "recall": 0.4166666666666667,
      "f1-score": 0.49504950495049505,
      "support": 120.0
    },
    "micro avg": {
      "precision": 0.5840220385674931,
      "recall": 0.424,
      "f1-score": 0.49130938586326767,
      "support": 1000.0
    },
    "macro avg": {
      "precision": 0.6048068154084353,
      "recall": 0.4222946862460849,
      "f1-score": 0.48388455329136554,
      "support": 1000.0
    },
    "weighted avg": {
      "precision": 0.6030434703807747,
      "recall": 0.424,
      "f1-score": 0.4843594311405847,
      "support": 1000.0
    }
  },
  "accuracy": 0.424,
  "confusion_matrix": [
    [
      24,
      7,
      17,
      0,
      9,
      4,
      1,
      0,
      7,
      1
    ],
    [
      1,
      50,
      2,
      7,
      1,
      4,
      0,
      0,
      2,
      2
    ],
    [
      5,
      5,
      41,
      5,
      2,
      8,
      0,
      0,
      3,
      2
    ],
    [
      0,
      4,
      9,
      19,
      4,
      6,
      0,
      1,
      4,
      6
    ],
    [
      2,
      1,
      3,
      0,
      80,
      2,
      0,
      0,
      1,
      4
    ],
    [
      4,
      3,
      9,
      2,
      2,
      32,
      1,
      3,
      10,
      9
    ],
    [
      3,
      4,
      4,
      3,
      2,
      5,
      47,
      1,
      6,
      1
    ],
    [
      1,
      2,
      8,
      4,
      5,
      8,
      0,
      32,
      5,
      3
    ],
    [
      1,
      2,
      8,
      3,
      3,
      8,
      2,
      1,
      49,
      4
    ],
    [
      1,
      0,
      5,
      1,
      3,
      5,
      0,
      0,
      5,
      50
    ]
  ],
  "labels": [
    "Science",
    "Tech",
    "Education",
    "Business",
    "Health",
    "Culture",
    "Sports",
    "Politics",
    "Entertainment",
    "Family"
  ]
}