{
  "classification_report": {
    "Business": {
      "precision": 0.56,
      "recall": 0.16470588235294117,
      "f1-score": 0.2545454545454545,
      "support": 85.0
    },
    "Entertainment": {
      "precision": 0.5,
      "recall": 0.4056603773584906,
      "f1-score": 0.4479166666666667,
      "support": 106.0
    },
    "Science": {
      "precision": 0.5263157894736842,
      "recall": 0.22988505747126436,
      "f1-score": 0.32,
      "support": 87.0
    },
    "Education": {
      "precision": 0.56,
      "recall": 0.14736842105263157,
      "f1-score": 0.23333333333333334,
      "support": 95.0
    },
    "Family": {
      "precision": 0.5714285714285714,
      "recall": 0.03333333333333333,
      "f1-score": 0.06299212598425197,
      "support": 120.0
    },
    "Culture": {
      "precision": 0.2631578947368421,
      "recall": 0.04504504504504504,
      "f1-score": 0.07692307692307693,
      "support": 111.0
    },
    "Politics": {
      "precision": 0.5757575757575758,
      "recall": 0.17757009345794392,
      "f1-score": 0.2714285714285714,
      "support": 107.0
    },
    "Tech": {
      "precision": 0.8979591836734694,
      "recall": 0.43137254901960786,
      "f1-score": 0.5827814569536424,
      "support": 102.0
    },
    "Sports": {
      "precision": 0.9333333333333333,
      "recall": 0.3373493975903614,
      "f1-score": 0.49557522123893805,
      "support": 83.0
    },
    "Health": {
      "precision": 0.576271186440678,
      "recall": 0.6538461538461539,
      "f1-score": 0.6126126126126126,
      "support": 104.0
    },
    "micro avg": {
      "precision": 0.6023255813953489,
      "recall": 0.259,
      "f1-score": 0.3622377622377622,
      "support": 1000.0
    },
    "macro avg": {
      "precision": 0.5964223534844154,
      "recall": 0.2626136310527773,
      "f1-score": 0.3358108519686548,
      "support": 1000.0
    },
    "weighted avg": {
      "precision": 0.5879681959686802,
      "recall": 0.259,
      "f1-score": 0.328550734452941,
      "support": 1000.0
    }
  },
  "accuracy": 0.259,
  "confusion_matrix": [
    [
      14,
      6,
      1,
      1,
      1,
      1,
      0,
      1,
      0,
      7
    ],
    [
      0,
      43,
      1,
      3,
      0,
      3,
      1,
      0,
      0,
      2
    ],
    [
      2,
      1,
      20,
      1,
      0,
      0,
      0,
      1,
      0,
      8
    ],
    [
      2,
      0,
      4,
      14,
      0,
      4,
      3,
      1,
      0,
      5
    ],
    [
      0,
      3,
      0,
      0,
      4,
      2,
      1,
      0,
      1,
      3
    ],
    [
      1,
      3,
      2,
      0,
      0,
      5,
      8,
      0,
      0,
      6
    ],
    [
      2,
      9,
      3,
      2,
      0,
      1,
      19,
      0,
      0,
      7
    ],
    [
      2,
      5,
      1,
      1,
      1,
      0,
      0,
      44,
      0,
      9
    ],
    [
      2,
      12,
      5,
      2,
      0,
      2,
      1,
      1,
      28,
      3
    ],
    [
      0,
      4,
      1,
      1,
      1,
      1,
      0,
      1,
      1,
      68
    ]
  ],
  "labels": [
    "Business",
    "Entertainment",
    "Science",
    "Education",
    "Family",
    "Culture",
    "Politics",
    "Tech",
    "Sports",
    "Health"
  ]
}