{
  "classification_report": {
    "Culture": {
      "precision": 0.45,
      "recall": 0.08108108108108109,
      "f1-score": 0.13740458015267176,
      "support": 111.0
    },
    "Science": {
      "precision": 0.38461538461538464,
      "recall": 0.1724137931034483,
      "f1-score": 0.23809523809523808,
      "support": 87.0
    },
    "Education": {
      "precision": 0.43333333333333335,
      "recall": 0.1368421052631579,
      "f1-score": 0.208,
      "support": 95.0
    },
    "Sports": {
      "precision": 0.9523809523809523,
      "recall": 0.24096385542168675,
      "f1-score": 0.38461538461538464,
      "support": 83.0
    },
    "Entertainment": {
      "precision": 0.4470588235294118,
      "recall": 0.3584905660377358,
      "f1-score": 0.39790575916230364,
      "support": 106.0
    },
    "Politics": {
      "precision": 0.48717948717948717,
      "recall": 0.17757009345794392,
      "f1-score": 0.2602739726027397,
      "support": 107.0
    },
    "Health": {
      "precision": 0.5350877192982456,
      "recall": 0.5865384615384616,
      "f1-score": 0.5596330275229358,
      "support": 104.0
    },
    "Family": {
      "precision": 0.625,
      "recall": 0.041666666666666664,
      "f1-score": 0.078125,
      "support": 120.0
    },
    "Business": {
      "precision": 0.37037037037037035,
      "recall": 0.11764705882352941,
      "f1-score": 0.17857142857142858,
      "support": 85.0
    },
    "Tech": {
      "precision": 0.8157894736842105,
      "recall": 0.30392156862745096,
      "f1-score": 0.44285714285714284,
      "support": 102.0
    },
    "micro avg": {
      "precision": 0.5249406175771971,
      "recall": 0.221,
      "f1-score": 0.3110485573539761,
      "support": 1000.0
    },
    "macro avg": {
      "precision": 0.5500815544391396,
      "recall": 0.22171352500211622,
      "f1-score": 0.28854815335798445,
      "support": 1000.0
    },
    "weighted avg": {
      "precision": 0.5484833952024354,
      "recall": 0.221,
      "f1-score": 0.28560343143639183,
      "support": 1000.0
    }
  },
  "accuracy": 0.221,
  "confusion_matrix": [
    [
      9,
      9,
      1,
      0,
      4,
      9,
      9,
      0,
      2,
      1
    ],
    [
      1,
      15,
      6,
      0,
      4,
      0,
      7,
      0,
      4,
      1
    ],
    [
      1,
      5,
      13,
      1,
      5,
      2,
      8,
      1,
      6,
      0
    ],
    [
      2,
      1,
      0,
      20,
      13,
      4,
      1,
      0,
      2,
      3
    ],
    [
      6,
      3,
      0,
      0,
      38,
      1,
      4,
      0,
      0,
      0
    ],
    [
      1,
      2,
      3,
      0,
      8,
      19,
      5,
      1,
      2,
      0
    ],
    [
      0,
      2,
      1,
      0,
      1,
      1,
      61,
      0,
      0,
      1
    ],
    [
      0,
      0,
      0,
      0,
      6,
      3,
      8,
      5,
      1,
      1
    ],
    [
      0,
      2,
      4,
      0,
      3,
      0,
      7,
      1,
      10,
      0
    ],
    [
      0,
      0,
      2,
      0,
      3,
      0,
      4,
      0,
      0,
      31
    ]
  ],
  "labels": [
    "Culture",
    "Science",
    "Education",
    "Sports",
    "Entertainment",
    "Politics",
    "Health",
    "Family",
    "Business",
    "Tech"
  ]
}