{
  "classification_report": {
    "Science": {
      "precision": 0.7014925373134329,
      "recall": 0.5402298850574713,
      "f1-score": 0.6103896103896104,
      "support": 87.0
    },
    "Sports": {
      "precision": 0.835820895522388,
      "recall": 0.6746987951807228,
      "f1-score": 0.7466666666666667,
      "support": 83.0
    },
    "Entertainment": {
      "precision": 0.549618320610687,
      "recall": 0.6792452830188679,
      "f1-score": 0.6075949367088608,
      "support": 106.0
    },
    "Tech": {
      "precision": 0.7623762376237624,
      "recall": 0.7549019607843137,
      "f1-score": 0.7586206896551724,
      "support": 102.0
    },
    "Family": {
      "precision": 0.6371681415929203,
      "recall": 0.6,
      "f1-score": 0.6180257510729614,
      "support": 120.0
    },
    "Health": {
      "precision": 0.6567164179104478,
      "recall": 0.8461538461538461,
      "f1-score": 0.7394957983193278,
      "support": 104.0
    },
    "Politics": {
      "precision": 0.6857142857142857,
      "recall": 0.4485981308411215,
      "f1-score": 0.5423728813559322,
      "support": 107.0
    },
    "Culture": {
      "precision": 0.5,
      "recall": 0.5045045045045045,
      "f1-score": 0.5022421524663677,
      "support": 111.0
    },
    "Business": {
      "precision": 0.4605263157894737,
      "recall": 0.4117647058823529,
      "f1-score": 0.43478260869565216,
      "support": 85.0
    },
    "Education": {
      "precision": 0.3793103448275862,
      "recall": 0.4631578947368421,
      "f1-score": 0.41706161137440756,
      "support": 95.0
    },
    "micro avg": {
      "precision": 0.6028368794326241,
      "recall": 0.595,
      "f1-score": 0.5988928032209361,
      "support": 1000.0
    },
    "macro avg": {
      "precision": 0.6168743496904984,
      "recall": 0.5923255006160042,
      "f1-score": 0.597725270670496,
      "support": 1000.0
    },
    "weighted avg": {
      "precision": 0.6152342359229749,
      "recall": 0.595,
      "f1-score": 0.5982924082757125,
      "support": 1000.0
    }
  },
  "accuracy": 0.595,
  "confusion_matrix": [
    [
      47,
      2,
      3,
      4,
      2,
      7,
      0,
      2,
      2,
      15
    ],
    [
      1,
      56,
      9,
      5,
      1,
      1,
      0,
      3,
      3,
      4
    ],
    [
      2,
      3,
      72,
      1,
      6,
      2,
      0,
      7,
      6,
      6
    ],
    [
      0,
      0,
      7,
      77,
      4,
      1,
      0,
      3,
      6,
      3
    ],
    [
      0,
      0,
      8,
      3,
      72,
      11,
      1,
      12,
      5,
      7
    ],
    [
      0,
      1,
      1,
      3,
      3,
      88,
      1,
      3,
      0,
      4
    ],
    [
      1,
      0,
      8,
      0,
      4,
      4,
      48,
      12,
      12,
      16
    ],
    [
      3,
      2,
      11,
      0,
      6,
      11,
      10,
      56,
      2,
      9
    ],
    [
      4,
      1,
      5,
      3,
      12,
      6,
      4,
      6,
      35,
      8
    ],
    [
      9,
      2,
      7,
      5,
      3,
      3,
      6,
      8,
      5,
      44
    ]
  ],
  "labels": [
    "Science",
    "Sports",
    "Entertainment",
    "Tech",
    "Family",
    "Health",
    "Politics",
    "Culture",
    "Business",
    "Education"
  ]
}