{
  "classification_report": {
    "Science": {
      "precision": 0.543859649122807,
      "recall": 0.3563218390804598,
      "f1-score": 0.4305555555555556,
      "support": 87.0
    },
    "Family": {
      "precision": 0.37438423645320196,
      "recall": 0.6333333333333333,
      "f1-score": 0.47058823529411764,
      "support": 120.0
    },
    "Business": {
      "precision": 0.36666666666666664,
      "recall": 0.38823529411764707,
      "f1-score": 0.37714285714285717,
      "support": 85.0
    },
    "Sports": {
      "precision": 0.8571428571428571,
      "recall": 0.5060240963855421,
      "f1-score": 0.6363636363636364,
      "support": 83.0
    },
    "Entertainment": {
      "precision": 0.6444444444444445,
      "recall": 0.27358490566037735,
      "f1-score": 0.3841059602649007,
      "support": 106.0
    },
    "Tech": {
      "precision": 0.7215189873417721,
      "recall": 0.5588235294117647,
      "f1-score": 0.6298342541436464,
      "support": 102.0
    },
    "Health": {
      "precision": 0.6022727272727273,
      "recall": 0.5096153846153846,
      "f1-score": 0.5520833333333334,
      "support": 104.0
    },
    "Culture": {
      "precision": 0.2222222222222222,
      "recall": 0.5225225225225225,
      "f1-score": 0.3118279569892473,
      "support": 111.0
    },
    "Politics": {
      "precision": 0.5833333333333334,
      "recall": 0.3925233644859813,
      "f1-score": 0.4692737430167598,
      "support": 107.0
    },
    "Education": {
      "precision": 0.37735849056603776,
      "recall": 0.21052631578947367,
      "f1-score": 0.2702702702702703,
      "support": 95.0
    },
    "micro avg": {
      "precision": 0.44232698094282846,
      "recall": 0.441,
      "f1-score": 0.4416624937406109,
      "support": 1000.0
    },
    "macro avg": {
      "precision": 0.5293203614566069,
      "recall": 0.43515105854024866,
      "f1-score": 0.45320458023743243,
      "support": 1000.0
    },
    "weighted avg": {
      "precision": 0.5220262230510347,
      "recall": 0.441,
      "f1-score": 0.45168010802562564,
      "support": 1000.0
    }
  },
  "accuracy": 0.441,
  "confusion_matrix": [
    [
      31,
      6,
      1,
      0,
      7,
      4,
      8,
      18,
      3,
      9
    ],
    [
      1,
      76,
      3,
      0,
      1,
      0,
      7,
      28,
      1,
      2
    ],
    [
      4,
      12,
      33,
      0,
      0,
      3,
      5,
      21,
      4,
      3
    ],
    [
      2,
      6,
      7,
      42,
      1,
      2,
      1,
      16,
      3,
      3
    ],
    [
      2,
      25,
      3,
      2,
      29,
      4,
      2,
      30,
      3,
      5
    ],
    [
      1,
      10,
      12,
      0,
      2,
      57,
      3,
      14,
      1,
      2
    ],
    [
      1,
      21,
      5,
      0,
      0,
      4,
      53,
      15,
      3,
      2
    ],
    [
      3,
      27,
      4,
      4,
      2,
      1,
      3,
      58,
      7,
      2
    ],
    [
      1,
      11,
      9,
      1,
      1,
      1,
      5,
      31,
      42,
      5
    ],
    [
      11,
      9,
      13,
      0,
      2,
      3,
      1,
      30,
      5,
      20
    ]
  ],
  "labels": [
    "Science",
    "Family",
    "Business",
    "Sports",
    "Entertainment",
    "Tech",
    "Health",
    "Culture",
    "Politics",
    "Education"
  ]
}