{
  "classification_report": {
    "Health": {
      "precision": 0.7264957264957265,
      "recall": 0.8173076923076923,
      "f1-score": 0.7692307692307693,
      "support": 104.0
    },
    "Culture": {
      "precision": 0.42,
      "recall": 0.5675675675675675,
      "f1-score": 0.4827586206896552,
      "support": 111.0
    },
    "Science": {
      "precision": 0.6923076923076923,
      "recall": 0.41379310344827586,
      "f1-score": 0.5179856115107914,
      "support": 87.0
    },
    "Sports": {
      "precision": 0.9444444444444444,
      "recall": 0.6144578313253012,
      "f1-score": 0.7445255474452555,
      "support": 83.0
    },
    "Politics": {
      "precision": 0.6746987951807228,
      "recall": 0.5233644859813084,
      "f1-score": 0.5894736842105263,
      "support": 107.0
    },
    "Entertainment": {
      "precision": 0.5853658536585366,
      "recall": 0.6792452830188679,
      "f1-score": 0.62882096069869,
      "support": 106.0
    },
    "Education": {
      "precision": 0.43137254901960786,
      "recall": 0.4631578947368421,
      "f1-score": 0.4467005076142132,
      "support": 95.0
    },
    "Business": {
      "precision": 0.49122807017543857,
      "recall": 0.32941176470588235,
      "f1-score": 0.39436619718309857,
      "support": 85.0
    },
    "Tech": {
      "precision": 0.7272727272727273,
      "recall": 0.7843137254901961,
      "f1-score": 0.7547169811320755,
      "support": 102.0
    },
    "Family": {
      "precision": 0.7941176470588235,
      "recall": 0.45,
      "f1-score": 0.574468085106383,
      "support": 120.0
    },
    "micro avg": {
      "precision": 0.62117903930131,
      "recall": 0.569,
      "f1-score": 0.593945720250522,
      "support": 1000.0
    },
    "macro avg": {
      "precision": 0.6487303505613721,
      "recall": 0.5642619348581934,
      "f1-score": 0.5903046964821457,
      "support": 1000.0
    },
    "weighted avg": {
      "precision": 0.6472474791980078,
      "recall": 0.569,
      "f1-score": 0.5920502588526856,
      "support": 1000.0
    }
  },
  "accuracy": 0.569,
  "confusion_matrix": [
    [
      85,
      3,
      1,
      1,
      2,
      1,
      5,
      0,
      3,
      1
    ],
    [
      8,
      63,
      3,
      1,
      11,
      8,
      2,
      1,
      1,
      4
    ],
    [
      8,
      2,
      36,
      0,
      2,
      6,
      19,
      3,
      6,
      0
    ],
    [
      0,
      5,
      3,
      51,
      0,
      7,
      5,
      1,
      6,
      0
    ],
    [
      4,
      15,
      2,
      0,
      56,
      6,
      6,
      10,
      0,
      3
    ],
    [
      0,
      17,
      0,
      0,
      2,
      72,
      5,
      2,
      1,
      0
    ],
    [
      4,
      13,
      6,
      0,
      4,
      4,
      44,
      7,
      3,
      0
    ],
    [
      3,
      10,
      0,
      1,
      5,
      6,
      8,
      28,
      8,
      4
    ],
    [
      1,
      2,
      1,
      0,
      1,
      4,
      4,
      4,
      80,
      2
    ],
    [
      4,
      20,
      0,
      0,
      0,
      9,
      4,
      1,
      2,
      54
    ]
  ],
  "labels": [
    "Health",
    "Culture",
    "Science",
    "Sports",
    "Politics",
    "Entertainment",
    "Education",
    "Business",
    "Tech",
    "Family"
  ]
}