{
  "classification_report": {
    "Entertainment": {
      "precision": 0.5321100917431193,
      "recall": 0.5471698113207547,
      "f1-score": 0.5395348837209303,
      "support": 106.0
    },
    "Health": {
      "precision": 0.6137931034482759,
      "recall": 0.8557692307692307,
      "f1-score": 0.714859437751004,
      "support": 104.0
    },
    "Sports": {
      "precision": 0.92,
      "recall": 0.5542168674698795,
      "f1-score": 0.6917293233082706,
      "support": 83.0
    },
    "Science": {
      "precision": 0.65625,
      "recall": 0.4827586206896552,
      "f1-score": 0.5562913907284768,
      "support": 87.0
    },
    "Business": {
      "precision": 0.43373493975903615,
      "recall": 0.4235294117647059,
      "f1-score": 0.42857142857142855,
      "support": 85.0
    },
    "Education": {
      "precision": 0.4588235294117647,
      "recall": 0.4105263157894737,
      "f1-score": 0.43333333333333335,
      "support": 95.0
    },
    "Family": {
      "precision": 0.5303030303030303,
      "recall": 0.5833333333333334,
      "f1-score": 0.5555555555555556,
      "support": 120.0
    },
    "Culture": {
      "precision": 0.34782608695652173,
      "recall": 0.5045045045045045,
      "f1-score": 0.4117647058823529,
      "support": 111.0
    },
    "Tech": {
      "precision": 0.7802197802197802,
      "recall": 0.696078431372549,
      "f1-score": 0.7357512953367875,
      "support": 102.0
    },
    "Politics": {
      "precision": 0.72,
      "recall": 0.5046728971962616,
      "f1-score": 0.5934065934065934,
      "support": 107.0
    },
    "micro avg": {
      "precision": 0.563819095477387,
      "recall": 0.561,
      "f1-score": 0.562406015037594,
      "support": 1000.0
    },
    "macro avg": {
      "precision": 0.5993060561841528,
      "recall": 0.5562559424210348,
      "f1-score": 0.5660797947594733,
      "support": 1000.0
    },
    "weighted avg": {
      "precision": 0.5930150845279821,
      "recall": 0.561,
      "f1-score": 0.5658558887621907,
      "support": 1000.0
    }
  },
  "accuracy": 0.561,
  "confusion_matrix": [
    [
      58,
      3,
      2,
      1,
      0,
      5,
      9,
      23,
      3,
      1
    ],
    [
      2,
      89,
      0,
      0,
      0,
      1,
      6,
      3,
      2,
      1
    ],
    [
      10,
      3,
      46,
      1,
      5,
      4,
      2,
      7,
      4,
      1
    ],
    [
      4,
      9,
      0,
      42,
      3,
      15,
      6,
      5,
      2,
      1
    ],
    [
      4,
      8,
      0,
      3,
      36,
      4,
      10,
      14,
      5,
      1
    ],
    [
      4,
      2,
      1,
      8,
      13,
      39,
      2,
      15,
      4,
      7
    ],
    [
      4,
      15,
      0,
      1,
      3,
      3,
      70,
      21,
      0,
      1
    ],
    [
      9,
      6,
      1,
      4,
      7,
      3,
      16,
      56,
      0,
      8
    ],
    [
      7,
      4,
      0,
      3,
      8,
      3,
      3,
      3,
      71,
      0
    ],
    [
      7,
      6,
      0,
      1,
      8,
      8,
      8,
      14,
      0,
      54
    ]
  ],
  "labels": [
    "Entertainment",
    "Health",
    "Sports",
    "Science",
    "Business",
    "Education",
    "Family",
    "Culture",
    "Tech",
    "Politics"
  ]
}