{
  "classification_report": {
    "Family": {
      "precision": 0.4,
      "recall": 0.016666666666666666,
      "f1-score": 0.032,
      "support": 120.0
    },
    "Health": {
      "precision": 0.3924050632911392,
      "recall": 0.2980769230769231,
      "f1-score": 0.33879781420765026,
      "support": 104.0
    },
    "Politics": {
      "precision": 0.42105263157894735,
      "recall": 0.07476635514018691,
      "f1-score": 0.12698412698412698,
      "support": 107.0
    },
    "Tech": {
      "precision": 0.7619047619047619,
      "recall": 0.1568627450980392,
      "f1-score": 0.2601626016260163,
      "support": 102.0
    },
    "Science": {
      "precision": 0.45,
      "recall": 0.20689655172413793,
      "f1-score": 0.28346456692913385,
      "support": 87.0
    },
    "Education": {
      "precision": 0.43478260869565216,
      "recall": 0.10526315789473684,
      "f1-score": 0.1694915254237288,
      "support": 95.0
    },
    "Culture": {
      "precision": 0.26666666666666666,
      "recall": 0.036036036036036036,
      "f1-score": 0.06349206349206349,
      "support": 111.0
    },
    "Sports": {
      "precision": 0.8666666666666667,
      "recall": 0.1566265060240964,
      "f1-score": 0.2653061224489796,
      "support": 83.0
    },
    "Business": {
      "precision": 0.48,
      "recall": 0.1411764705882353,
      "f1-score": 0.21818181818181817,
      "support": 85.0
    },
    "Entertainment": {
      "precision": 0.5151515151515151,
      "recall": 0.32075471698113206,
      "f1-score": 0.3953488372093023,
      "support": 106.0
    },
    "micro avg": {
      "precision": 0.4805194805194805,
      "recall": 0.148,
      "f1-score": 0.22629969418960244,
      "support": 1000.0
    },
    "macro avg": {
      "precision": 0.498862991395535,
      "recall": 0.15131261292301904,
      "f1-score": 0.21532294765028198,
      "support": 1000.0
    },
    "weighted avg": {
      "precision": 0.48897078564099244,
      "recall": 0.148,
      "f1-score": 0.2094824303693647,
      "support": 1000.0
    }
  },
  "accuracy": 0.148,
  "confusion_matrix": [
    [
      2,
      5,
      1,
      0,
      0,
      2,
      0,
      1,
      0,
      2
    ],
    [
      1,
      31,
      0,
      2,
      2,
      1,
      1,
      1,
      0,
      1
    ],
    [
      1,
      5,
      8,
      0,
      2,
      2,
      1,
      0,
      4,
      6
    ],
    [
      1,
      4,
      0,
      16,
      1,
      1,
      0,
      0,
      2,
      2
    ],
    [
      0,
      6,
      0,
      2,
      18,
      2,
      0,
      0,
      2,
      1
    ],
    [
      0,
      11,
      3,
      0,
      6,
      10,
      4,
      0,
      3,
      5
    ],
    [
      0,
      7,
      5,
      0,
      5,
      0,
      4,
      0,
      1,
      3
    ],
    [
      0,
      4,
      0,
      0,
      4,
      3,
      2,
      13,
      1,
      6
    ],
    [
      0,
      5,
      0,
      1,
      1,
      1,
      1,
      0,
      12,
      6
    ],
    [
      0,
      1,
      2,
      0,
      1,
      1,
      2,
      0,
      0,
      34
    ]
  ],
  "labels": [
    "Family",
    "Health",
    "Politics",
    "Tech",
    "Science",
    "Education",
    "Culture",
    "Sports",
    "Business",
    "Entertainment"
  ]
}