{
  "classification_report": {
    "Business": {
      "precision": 0.42696629213483145,
      "recall": 0.4470588235294118,
      "f1-score": 0.4367816091954023,
      "support": 85.0
    },
    "Tech": {
      "precision": 0.6379310344827587,
      "recall": 0.7254901960784313,
      "f1-score": 0.6788990825688074,
      "support": 102.0
    },
    "Politics": {
      "precision": 0.49019607843137253,
      "recall": 0.4672897196261682,
      "f1-score": 0.4784688995215311,
      "support": 107.0
    },
    "Science": {
      "precision": 0.5308641975308642,
      "recall": 0.4942528735632184,
      "f1-score": 0.5119047619047619,
      "support": 87.0
    },
    "Entertainment": {
      "precision": 0.49635036496350365,
      "recall": 0.6415094339622641,
      "f1-score": 0.5596707818930041,
      "support": 106.0
    },
    "Family": {
      "precision": 0.5833333333333334,
      "recall": 0.2916666666666667,
      "f1-score": 0.3888888888888889,
      "support": 120.0
    },
    "Sports": {
      "precision": 0.8157894736842105,
      "recall": 0.37349397590361444,
      "f1-score": 0.512396694214876,
      "support": 83.0
    },
    "Culture": {
      "precision": 0.35833333333333334,
      "recall": 0.38738738738738737,
      "f1-score": 0.3722943722943723,
      "support": 111.0
    },
    "Education": {
      "precision": 0.4107142857142857,
      "recall": 0.24210526315789474,
      "f1-score": 0.304635761589404,
      "support": 95.0
    },
    "Health": {
      "precision": 0.6015037593984962,
      "recall": 0.7692307692307693,
      "f1-score": 0.6751054852320675,
      "support": 104.0
    },
    "micro avg": {
      "precision": 0.5203862660944206,
      "recall": 0.485,
      "f1-score": 0.5020703933747412,
      "support": 1000.0
    },
    "macro avg": {
      "precision": 0.5351982153006989,
      "recall": 0.48394851091058266,
      "f1-score": 0.49190463373031157,
      "support": 1000.0
    },
    "weighted avg": {
      "precision": 0.5316701790482656,
      "recall": 0.485,
      "f1-score": 0.4911027680451092,
      "support": 1000.0
    }
  },
  "accuracy": 0.485,
  "confusion_matrix": [
    [
      38,
      6,
      4,
      4,
      4,
      4,
      2,
      9,
      3,
      8
    ],
    [
      7,
      74,
      3,
      2,
      3,
      2,
      1,
      3,
      4,
      2
    ],
    [
      11,
      2,
      50,
      5,
      10,
      3,
      1,
      7,
      7,
      4
    ],
    [
      2,
      5,
      5,
      43,
      7,
      0,
      0,
      7,
      8,
      9
    ],
    [
      3,
      8,
      1,
      2,
      68,
      2,
      1,
      14,
      2,
      3
    ],
    [
      3,
      1,
      4,
      1,
      9,
      35,
      1,
      14,
      2,
      7
    ],
    [
      6,
      11,
      8,
      3,
      12,
      0,
      31,
      6,
      4,
      2
    ],
    [
      2,
      2,
      15,
      6,
      14,
      9,
      1,
      43,
      2,
      11
    ],
    [
      16,
      6,
      8,
      14,
      7,
      1,
      0,
      12,
      23,
      7
    ],
    [
      1,
      1,
      4,
      1,
      3,
      4,
      0,
      5,
      1,
      80
    ]
  ],
  "labels": [
    "Business",
    "Tech",
    "Politics",
    "Science",
    "Entertainment",
    "Family",
    "Sports",
    "Culture",
    "Education",
    "Health"
  ]
}