{
  "classification_report": {
    "Education": {
      "precision": 0.4,
      "recall": 0.35789473684210527,
      "f1-score": 0.37777777777777777,
      "support": 95.0
    },
    "Politics": {
      "precision": 0.875,
      "recall": 0.2616822429906542,
      "f1-score": 0.4028776978417266,
      "support": 107.0
    },
    "Tech": {
      "precision": 0.7931034482758621,
      "recall": 0.45098039215686275,
      "f1-score": 0.575,
      "support": 102.0
    },
    "Sports": {
      "precision": 0.94,
      "recall": 0.5662650602409639,
      "f1-score": 0.706766917293233,
      "support": 83.0
    },
    "Business": {
      "precision": 0.43333333333333335,
      "recall": 0.15294117647058825,
      "f1-score": 0.22608695652173913,
      "support": 85.0
    },
    "Culture": {
      "precision": 0.37142857142857144,
      "recall": 0.23423423423423423,
      "f1-score": 0.287292817679558,
      "support": 111.0
    },
    "Entertainment": {
      "precision": 0.45038167938931295,
      "recall": 0.5566037735849056,
      "f1-score": 0.4978902953586498,
      "support": 106.0
    },
    "Health": {
      "precision": 0.7326732673267327,
      "recall": 0.7115384615384616,
      "f1-score": 0.7219512195121951,
      "support": 104.0
    },
    "Family": {
      "precision": 0.41379310344827586,
      "recall": 0.1,
      "f1-score": 0.1610738255033557,
      "support": 120.0
    },
    "Science": {
      "precision": 0.6176470588235294,
      "recall": 0.2413793103448276,
      "f1-score": 0.34710743801652894,
      "support": 87.0
    },
    "micro avg": {
      "precision": 0.5806451612903226,
      "recall": 0.36,
      "f1-score": 0.4444444444444444,
      "support": 1000.0
    },
    "macro avg": {
      "precision": 0.6027360462025617,
      "recall": 0.3633519388403603,
      "f1-score": 0.4303824945504764,
      "support": 1000.0
    },
    "weighted avg": {
      "precision": 0.5959324008347303,
      "recall": 0.36,
      "f1-score": 0.42480185506519663,
      "support": 1000.0
    }
  },
  "accuracy": 0.36,
  "confusion_matrix": [
    [
      34,
      1,
      2,
      0,
      6,
      8,
      7,
      3,
      1,
      4
    ],
    [
      9,
      28,
      0,
      0,
      5,
      7,
      6,
      4,
      3,
      1
    ],
    [
      3,
      0,
      46,
      0,
      3,
      0,
      9,
      0,
      2,
      0
    ],
    [
      6,
      0,
      1,
      47,
      1,
      4,
      8,
      0,
      1,
      1
    ],
    [
      3,
      0,
      5,
      0,
      13,
      5,
      10,
      6,
      1,
      0
    ],
    [
      3,
      2,
      0,
      1,
      1,
      26,
      17,
      2,
      4,
      6
    ],
    [
      5,
      0,
      2,
      0,
      0,
      7,
      59,
      2,
      2,
      1
    ],
    [
      2,
      0,
      1,
      1,
      0,
      3,
      3,
      74,
      2,
      0
    ],
    [
      7,
      0,
      0,
      0,
      0,
      6,
      6,
      4,
      12,
      0
    ],
    [
      13,
      1,
      1,
      1,
      1,
      4,
      6,
      6,
      1,
      21
    ]
  ],
  "labels": [
    "Education",
    "Politics",
    "Tech",
    "Sports",
    "Business",
    "Culture",
    "Entertainment",
    "Health",
    "Family",
    "Science"
  ]
}