{
  "classification_report": {
    "Education": {
      "precision": 0.4895833333333333,
      "recall": 0.49473684210526314,
      "f1-score": 0.49214659685863876,
      "support": 95.0
    },
    "Politics": {
      "precision": 0.6,
      "recall": 0.5046728971962616,
      "f1-score": 0.5482233502538071,
      "support": 107.0
    },
    "Tech": {
      "precision": 0.8780487804878049,
      "recall": 0.7058823529411765,
      "f1-score": 0.782608695652174,
      "support": 102.0
    },
    "Sports": {
      "precision": 0.8333333333333334,
      "recall": 0.6626506024096386,
      "f1-score": 0.738255033557047,
      "support": 83.0
    },
    "Business": {
      "precision": 0.5,
      "recall": 0.4470588235294118,
      "f1-score": 0.4720496894409938,
      "support": 85.0
    },
    "Culture": {
      "precision": 0.40559440559440557,
      "recall": 0.5225225225225225,
      "f1-score": 0.4566929133858268,
      "support": 111.0
    },
    "Entertainment": {
      "precision": 0.5714285714285714,
      "recall": 0.5660377358490566,
      "f1-score": 0.5687203791469194,
      "support": 106.0
    },
    "Health": {
      "precision": 0.6052631578947368,
      "recall": 0.8846153846153846,
      "f1-score": 0.71875,
      "support": 104.0
    },
    "Family": {
      "precision": 0.6612903225806451,
      "recall": 0.6833333333333333,
      "f1-score": 0.6721311475409836,
      "support": 120.0
    },
    "Science": {
      "precision": 0.6666666666666666,
      "recall": 0.4827586206896552,
      "f1-score": 0.56,
      "support": 87.0
    },
    "micro avg": {
      "precision": 0.6018054162487463,
      "recall": 0.6,
      "f1-score": 0.6009013520280421,
      "support": 1000.0
    },
    "macro avg": {
      "precision": 0.6211208571319498,
      "recall": 0.5954269115191704,
      "f1-score": 0.600957780583639,
      "support": 1000.0
    },
    "weighted avg": {
      "precision": 0.6178326736662271,
      "recall": 0.6,
      "f1-score": 0.6017423148032875,
      "support": 1000.0
    }
  },
  "accuracy": 0.6,
  "confusion_matrix": [
    [
      47,
      5,
      1,
      0,
      10,
      14,
      3,
      3,
      1,
      10
    ],
    [
      8,
      54,
      0,
      0,
      11,
      14,
      8,
      3,
      7,
      2
    ],
    [
      4,
      0,
      72,
      1,
      7,
      3,
      7,
      3,
      4,
      1
    ],
    [
      4,
      0,
      2,
      55,
      3,
      3,
      9,
      4,
      1,
      2
    ],
    [
      4,
      7,
      3,
      1,
      38,
      10,
      5,
      7,
      10,
      0
    ],
    [
      3,
      12,
      0,
      3,
      1,
      58,
      9,
      13,
      9,
      3
    ],
    [
      4,
      4,
      1,
      2,
      1,
      22,
      60,
      4,
      7,
      0
    ],
    [
      2,
      2,
      1,
      0,
      0,
      1,
      1,
      92,
      3,
      2
    ],
    [
      3,
      4,
      0,
      1,
      1,
      14,
      2,
      11,
      82,
      1
    ],
    [
      17,
      2,
      2,
      3,
      4,
      4,
      1,
      12,
      0,
      42
    ]
  ],
  "labels": [
    "Education",
    "Politics",
    "Tech",
    "Sports",
    "Business",
    "Culture",
    "Entertainment",
    "Health",
    "Family",
    "Science"
  ]
}