{
  "classification_report": {
    "Health": {
      "precision": 0.6875,
      "recall": 0.6346153846153846,
      "f1-score": 0.66,
      "support": 104.0
    },
    "Family": {
      "precision": 0.6239316239316239,
      "recall": 0.6083333333333333,
      "f1-score": 0.6160337552742616,
      "support": 120.0
    },
    "Politics": {
      "precision": 0.5774647887323944,
      "recall": 0.38317757009345793,
      "f1-score": 0.4606741573033708,
      "support": 107.0
    },
    "Tech": {
      "precision": 0.7272727272727273,
      "recall": 0.7058823529411765,
      "f1-score": 0.7164179104477612,
      "support": 102.0
    },
    "Business": {
      "precision": 0.42857142857142855,
      "recall": 0.2823529411764706,
      "f1-score": 0.3404255319148936,
      "support": 85.0
    },
    "Entertainment": {
      "precision": 0.504424778761062,
      "recall": 0.5377358490566038,
      "f1-score": 0.5205479452054794,
      "support": 106.0
    },
    "Education": {
      "precision": 0.35714285714285715,
      "recall": 0.3684210526315789,
      "f1-score": 0.3626943005181347,
      "support": 95.0
    },
    "Culture": {
      "precision": 0.3216374269005848,
      "recall": 0.4954954954954955,
      "f1-score": 0.3900709219858156,
      "support": 111.0
    },
    "Sports": {
      "precision": 0.8253968253968254,
      "recall": 0.6265060240963856,
      "f1-score": 0.7123287671232876,
      "support": 83.0
    },
    "Science": {
      "precision": 0.5121951219512195,
      "recall": 0.4827586206896552,
      "f1-score": 0.4970414201183432,
      "support": 87.0
    },
    "micro avg": {
      "precision": 0.5351966873706004,
      "recall": 0.517,
      "f1-score": 0.525940996948118,
      "support": 1000.0
    },
    "macro avg": {
      "precision": 0.5565537578660722,
      "recall": 0.5125278624129541,
      "f1-score": 0.5276234709891348,
      "support": 1000.0
    },
    "weighted avg": {
      "precision": 0.5549391813574522,
      "recall": 0.517,
      "f1-score": 0.5291647868457676,
      "support": 1000.0
    }
  },
  "accuracy": 0.517,
  "confusion_matrix": [
    [
      66,
      7,
      4,
      3,
      1,
      1,
      3,
      7,
      0,
      5
    ],
    [
      4,
      73,
      3,
      0,
      3,
      4,
      4,
      16,
      0,
      0
    ],
    [
      2,
      5,
      41,
      1,
      7,
      8,
      11,
      25,
      1,
      4
    ],
    [
      1,
      3,
      1,
      72,
      4,
      2,
      3,
      8,
      1,
      2
    ],
    [
      6,
      9,
      3,
      4,
      24,
      9,
      12,
      10,
      3,
      4
    ],
    [
      2,
      4,
      3,
      3,
      3,
      57,
      5,
      21,
      3,
      4
    ],
    [
      2,
      3,
      4,
      7,
      6,
      3,
      35,
      17,
      1,
      16
    ],
    [
      6,
      11,
      7,
      1,
      4,
      15,
      5,
      55,
      2,
      3
    ],
    [
      0,
      2,
      1,
      3,
      2,
      7,
      7,
      5,
      52,
      2
    ],
    [
      7,
      0,
      4,
      5,
      2,
      7,
      13,
      7,
      0,
      42
    ]
  ],
  "labels": [
    "Health",
    "Family",
    "Politics",
    "Tech",
    "Business",
    "Entertainment",
    "Education",
    "Culture",
    "Sports",
    "Science"
  ]
}