{
  "classification_report": {
    "Business": {
      "precision": 0.47058823529411764,
      "recall": 0.09411764705882353,
      "f1-score": 0.1568627450980392,
      "support": 85.0
    },
    "Tech": {
      "precision": 0.8888888888888888,
      "recall": 0.39215686274509803,
      "f1-score": 0.54421768707483,
      "support": 102.0
    },
    "Family": {
      "precision": 0.4375,
      "recall": 0.058333333333333334,
      "f1-score": 0.10294117647058823,
      "support": 120.0
    },
    "Education": {
      "precision": 0.515625,
      "recall": 0.3473684210526316,
      "f1-score": 0.41509433962264153,
      "support": 95.0
    },
    "Science": {
      "precision": 0.5769230769230769,
      "recall": 0.1724137931034483,
      "f1-score": 0.26548672566371684,
      "support": 87.0
    },
    "Culture": {
      "precision": 0.4594594594594595,
      "recall": 0.15315315315315314,
      "f1-score": 0.22972972972972974,
      "support": 111.0
    },
    "Politics": {
      "precision": 0.8333333333333334,
      "recall": 0.18691588785046728,
      "f1-score": 0.3053435114503817,
      "support": 107.0
    },
    "Sports": {
      "precision": 0.8297872340425532,
      "recall": 0.46987951807228917,
      "f1-score": 0.6,
      "support": 83.0
    },
    "Entertainment": {
      "precision": 0.4793388429752066,
      "recall": 0.5471698113207547,
      "f1-score": 0.5110132158590308,
      "support": 106.0
    },
    "Health": {
      "precision": 0.7386363636363636,
      "recall": 0.625,
      "f1-score": 0.6770833333333334,
      "support": 104.0
    },
    "micro avg": {
      "precision": 0.622680412371134,
      "recall": 0.302,
      "f1-score": 0.4067340067340067,
      "support": 1000.0
    },
    "macro avg": {
      "precision": 0.6230080434552999,
      "recall": 0.3046508427689999,
      "f1-score": 0.38077724643022914,
      "support": 1000.0
    },
    "weighted avg": {
      "precision": 0.6190104556247266,
      "recall": 0.302,
      "f1-score": 0.37628360926124566,
      "support": 1000.0
    }
  },
  "accuracy": 0.302,
  "confusion_matrix": [
    [
      8,
      2,
      0,
      4,
      1,
      2,
      0,
      1,
      8,
      4
    ],
    [
      1,
      40,
      3,
      2,
      0,
      1,
      0,
      0,
      9,
      0
    ],
    [
      0,
      0,
      7,
      3,
      0,
      1,
      0,
      0,
      3,
      3
    ],
    [
      5,
      0,
      1,
      33,
      2,
      3,
      1,
      2,
      5,
      2
    ],
    [
      0,
      1,
      0,
      9,
      15,
      0,
      0,
      0,
      6,
      5
    ],
    [
      0,
      0,
      2,
      4,
      4,
      17,
      2,
      1,
      9,
      1
    ],
    [
      1,
      0,
      2,
      4,
      1,
      3,
      20,
      1,
      10,
      5
    ],
    [
      2,
      1,
      0,
      1,
      2,
      3,
      1,
      39,
      8,
      1
    ],
    [
      0,
      1,
      0,
      1,
      1,
      7,
      0,
      2,
      58,
      2
    ],
    [
      0,
      0,
      1,
      3,
      0,
      0,
      0,
      1,
      5,
      65
    ]
  ],
  "labels": [
    "Business",
    "Tech",
    "Family",
    "Education",
    "Science",
    "Culture",
    "Politics",
    "Sports",
    "Entertainment",
    "Health"
  ]
}