{
  "classification_report": {
    "Tech": {
      "precision": 0.776595744680851,
      "recall": 0.7156862745098039,
      "f1-score": 0.7448979591836735,
      "support": 102.0
    },
    "Business": {
      "precision": 0.463768115942029,
      "recall": 0.3764705882352941,
      "f1-score": 0.4155844155844156,
      "support": 85.0
    },
    "Science": {
      "precision": 0.676923076923077,
      "recall": 0.5057471264367817,
      "f1-score": 0.5789473684210527,
      "support": 87.0
    },
    "Health": {
      "precision": 0.6363636363636364,
      "recall": 0.8076923076923077,
      "f1-score": 0.711864406779661,
      "support": 104.0
    },
    "Entertainment": {
      "precision": 0.5285714285714286,
      "recall": 0.6981132075471698,
      "f1-score": 0.6016260162601627,
      "support": 106.0
    },
    "Family": {
      "precision": 0.6530612244897959,
      "recall": 0.5333333333333333,
      "f1-score": 0.5871559633027523,
      "support": 120.0
    },
    "Education": {
      "precision": 0.36134453781512604,
      "recall": 0.45263157894736844,
      "f1-score": 0.40186915887850466,
      "support": 95.0
    },
    "Sports": {
      "precision": 0.9310344827586207,
      "recall": 0.6506024096385542,
      "f1-score": 0.7659574468085106,
      "support": 83.0
    },
    "Culture": {
      "precision": 0.45794392523364486,
      "recall": 0.44144144144144143,
      "f1-score": 0.44954128440366975,
      "support": 111.0
    },
    "Politics": {
      "precision": 0.6790123456790124,
      "recall": 0.514018691588785,
      "f1-score": 0.5851063829787234,
      "support": 107.0
    },
    "micro avg": {
      "precision": 0.5939771547248183,
      "recall": 0.572,
      "f1-score": 0.5827814569536424,
      "support": 1000.0
    },
    "macro avg": {
      "precision": 0.6164618518457221,
      "recall": 0.5695736959370841,
      "f1-score": 0.5842550402601125,
      "support": 1000.0
    },
    "weighted avg": {
      "precision": 0.6131927899039834,
      "recall": 0.572,
      "f1-score": 0.5841951635651289,
      "support": 1000.0
    }
  },
  "accuracy": 0.572,
  "confusion_matrix": [
    [
      73,
      5,
      2,
      0,
      8,
      5,
      5,
      0,
      2,
      1
    ],
    [
      2,
      32,
      1,
      5,
      8,
      6,
      10,
      1,
      9,
      5
    ],
    [
      4,
      1,
      44,
      8,
      2,
      1,
      21,
      0,
      3,
      0
    ],
    [
      2,
      0,
      0,
      84,
      3,
      4,
      5,
      2,
      0,
      2
    ],
    [
      2,
      3,
      1,
      3,
      74,
      2,
      9,
      1,
      10,
      0
    ],
    [
      2,
      8,
      0,
      10,
      15,
      64,
      4,
      0,
      13,
      2
    ],
    [
      2,
      9,
      10,
      4,
      6,
      3,
      43,
      0,
      10,
      4
    ],
    [
      7,
      1,
      1,
      2,
      6,
      1,
      6,
      54,
      4,
      1
    ],
    [
      0,
      2,
      4,
      10,
      13,
      5,
      7,
      0,
      49,
      11
    ],
    [
      0,
      8,
      2,
      6,
      5,
      7,
      9,
      0,
      7,
      55
    ]
  ],
  "labels": [
    "Tech",
    "Business",
    "Science",
    "Health",
    "Entertainment",
    "Family",
    "Education",
    "Sports",
    "Culture",
    "Politics"
  ]
}