{
  "classification_report": {
    "Entertainment": {
      "precision": 0.5609756097560976,
      "recall": 0.6509433962264151,
      "f1-score": 0.6026200873362445,
      "support": 106.0
    },
    "Family": {
      "precision": 0.8055555555555556,
      "recall": 0.48333333333333334,
      "f1-score": 0.6041666666666666,
      "support": 120.0
    },
    "Science": {
      "precision": 0.6363636363636364,
      "recall": 0.4827586206896552,
      "f1-score": 0.5490196078431373,
      "support": 87.0
    },
    "Culture": {
      "precision": 0.40298507462686567,
      "recall": 0.4864864864864865,
      "f1-score": 0.44081632653061226,
      "support": 111.0
    },
    "Tech": {
      "precision": 0.7821782178217822,
      "recall": 0.7745098039215687,
      "f1-score": 0.7783251231527094,
      "support": 102.0
    },
    "Health": {
      "precision": 0.6666666666666666,
      "recall": 0.8461538461538461,
      "f1-score": 0.7457627118644068,
      "support": 104.0
    },
    "Business": {
      "precision": 0.46835443037974683,
      "recall": 0.43529411764705883,
      "f1-score": 0.45121951219512196,
      "support": 85.0
    },
    "Sports": {
      "precision": 0.85,
      "recall": 0.6144578313253012,
      "f1-score": 0.7132867132867133,
      "support": 83.0
    },
    "Politics": {
      "precision": 0.6575342465753424,
      "recall": 0.4485981308411215,
      "f1-score": 0.5333333333333333,
      "support": 107.0
    },
    "Education": {
      "precision": 0.3652173913043478,
      "recall": 0.4421052631578947,
      "f1-score": 0.4,
      "support": 95.0
    },
    "micro avg": {
      "precision": 0.5947643979057592,
      "recall": 0.568,
      "f1-score": 0.5810741687979539,
      "support": 1000.0
    },
    "macro avg": {
      "precision": 0.619583082905004,
      "recall": 0.5664640829782681,
      "f1-score": 0.5818550082208945,
      "support": 1000.0
    },
    "weighted avg": {
      "precision": 0.6207525156389397,
      "recall": 0.568,
      "f1-score": 0.5826446543864168,
      "support": 1000.0
    }
  },
  "accuracy": 0.568,
  "confusion_matrix": [
    [
      69,
      1,
      1,
      15,
      2,
      3,
      2,
      2,
      0,
      7
    ],
    [
      4,
      58,
      1,
      22,
      1,
      7,
      3,
      0,
      2,
      9
    ],
    [
      6,
      0,
      42,
      5,
      3,
      6,
      2,
      0,
      1,
      20
    ],
    [
      10,
      4,
      5,
      54,
      1,
      10,
      6,
      4,
      9,
      6
    ],
    [
      2,
      3,
      1,
      5,
      79,
      1,
      5,
      2,
      0,
      3
    ],
    [
      3,
      2,
      3,
      1,
      1,
      88,
      2,
      0,
      1,
      2
    ],
    [
      10,
      3,
      3,
      7,
      3,
      5,
      37,
      0,
      3,
      9
    ],
    [
      7,
      0,
      2,
      2,
      5,
      2,
      2,
      51,
      3,
      5
    ],
    [
      7,
      1,
      1,
      10,
      2,
      6,
      12,
      1,
      48,
      12
    ],
    [
      5,
      0,
      7,
      13,
      4,
      4,
      8,
      0,
      6,
      42
    ]
  ],
  "labels": [
    "Entertainment",
    "Family",
    "Science",
    "Culture",
    "Tech",
    "Health",
    "Business",
    "Sports",
    "Politics",
    "Education"
  ]
}