{
  "classification_report": {
    "Culture": {
      "precision": 0.4489795918367347,
      "recall": 0.5945945945945946,
      "f1-score": 0.5116279069767442,
      "support": 111.0
    },
    "Entertainment": {
      "precision": 0.5135135135135135,
      "recall": 0.7169811320754716,
      "f1-score": 0.5984251968503937,
      "support": 106.0
    },
    "Education": {
      "precision": 0.38571428571428573,
      "recall": 0.5684210526315789,
      "f1-score": 0.4595744680851064,
      "support": 95.0
    },
    "Tech": {
      "precision": 0.8571428571428571,
      "recall": 0.7058823529411765,
      "f1-score": 0.7741935483870968,
      "support": 102.0
    },
    "Health": {
      "precision": 0.7235772357723578,
      "recall": 0.8557692307692307,
      "f1-score": 0.7841409691629956,
      "support": 104.0
    },
    "Science": {
      "precision": 0.7358490566037735,
      "recall": 0.4482758620689655,
      "f1-score": 0.5571428571428572,
      "support": 87.0
    },
    "Family": {
      "precision": 0.7051282051282052,
      "recall": 0.4583333333333333,
      "f1-score": 0.5555555555555556,
      "support": 120.0
    },
    "Sports": {
      "precision": 0.8833333333333333,
      "recall": 0.6385542168674698,
      "f1-score": 0.7412587412587412,
      "support": 83.0
    },
    "Politics": {
      "precision": 0.7142857142857143,
      "recall": 0.4205607476635514,
      "f1-score": 0.5294117647058824,
      "support": 107.0
    },
    "Business": {
      "precision": 0.5416666666666666,
      "recall": 0.4588235294117647,
      "f1-score": 0.4968152866242038,
      "support": 85.0
    },
    "micro avg": {
      "precision": 0.6074380165289256,
      "recall": 0.588,
      "f1-score": 0.5975609756097561,
      "support": 1000.0
    },
    "macro avg": {
      "precision": 0.6509190459997443,
      "recall": 0.5866196052357137,
      "f1-score": 0.6008146294749578,
      "support": 1000.0
    },
    "weighted avg": {
      "precision": 0.6480137855198815,
      "recall": 0.588,
      "f1-score": 0.5999406746862384,
      "support": 1000.0
    }
  },
  "accuracy": 0.588,
  "confusion_matrix": [
    [
      66,
      14,
      5,
      1,
      4,
      3,
      7,
      1,
      7,
      2
    ],
    [
      11,
      76,
      7,
      1,
      1,
      1,
      2,
      2,
      1,
      0
    ],
    [
      13,
      4,
      54,
      2,
      1,
      5,
      2,
      1,
      3,
      8
    ],
    [
      4,
      9,
      4,
      72,
      2,
      2,
      2,
      0,
      0,
      7
    ],
    [
      3,
      2,
      5,
      1,
      89,
      0,
      0,
      1,
      1,
      1
    ],
    [
      5,
      6,
      24,
      1,
      8,
      39,
      0,
      0,
      2,
      1
    ],
    [
      19,
      10,
      9,
      1,
      8,
      0,
      55,
      0,
      1,
      1
    ],
    [
      4,
      10,
      6,
      3,
      0,
      1,
      0,
      53,
      2,
      3
    ],
    [
      14,
      8,
      17,
      0,
      4,
      1,
      4,
      0,
      45,
      10
    ],
    [
      8,
      9,
      9,
      2,
      6,
      1,
      6,
      2,
      1,
      39
    ]
  ],
  "labels": [
    "Culture",
    "Entertainment",
    "Education",
    "Tech",
    "Health",
    "Science",
    "Family",
    "Sports",
    "Politics",
    "Business"
  ]
}