{
  "classification_report": {
    "Business": {
      "precision": 0.5245901639344263,
      "recall": 0.3764705882352941,
      "f1-score": 0.4383561643835616,
      "support": 85.0
    },
    "Education": {
      "precision": 0.45263157894736844,
      "recall": 0.45263157894736844,
      "f1-score": 0.45263157894736844,
      "support": 95.0
    },
    "Science": {
      "precision": 0.696969696969697,
      "recall": 0.5287356321839081,
      "f1-score": 0.6013071895424836,
      "support": 87.0
    },
    "Family": {
      "precision": 0.7368421052631579,
      "recall": 0.7,
      "f1-score": 0.717948717948718,
      "support": 120.0
    },
    "Entertainment": {
      "precision": 0.6454545454545455,
      "recall": 0.6698113207547169,
      "f1-score": 0.6574074074074074,
      "support": 106.0
    },
    "Sports": {
      "precision": 0.9344262295081968,
      "recall": 0.6867469879518072,
      "f1-score": 0.7916666666666666,
      "support": 83.0
    },
    "Tech": {
      "precision": 0.8181818181818182,
      "recall": 0.7941176470588235,
      "f1-score": 0.8059701492537313,
      "support": 102.0
    },
    "Health": {
      "precision": 0.7685185185185185,
      "recall": 0.7980769230769231,
      "f1-score": 0.7830188679245284,
      "support": 104.0
    },
    "Politics": {
      "precision": 0.6276595744680851,
      "recall": 0.5514018691588785,
      "f1-score": 0.5870646766169154,
      "support": 107.0
    },
    "Culture": {
      "precision": 0.47183098591549294,
      "recall": 0.6036036036036037,
      "f1-score": 0.5296442687747036,
      "support": 111.0
    },
    "micro avg": {
      "precision": 0.6557894736842105,
      "recall": 0.623,
      "f1-score": 0.638974358974359,
      "support": 1000.0
    },
    "macro avg": {
      "precision": 0.6677105217161305,
      "recall": 0.6161596150971324,
      "f1-score": 0.6365015687466083,
      "support": 1000.0
    },
    "weighted avg": {
      "precision": 0.6655364243549072,
      "recall": 0.623,
      "f1-score": 0.6393707158551971,
      "support": 1000.0
    }
  },
  "accuracy": 0.623,
  "confusion_matrix": [
    [
      32,
      10,
      1,
      6,
      6,
      1,
      4,
      3,
      7,
      9
    ],
    [
      5,
      43,
      7,
      3,
      3,
      0,
      4,
      3,
      7,
      14
    ],
    [
      5,
      14,
      46,
      1,
      0,
      0,
      2,
      8,
      1,
      5
    ],
    [
      1,
      6,
      0,
      84,
      6,
      0,
      0,
      1,
      2,
      11
    ],
    [
      1,
      4,
      2,
      2,
      71,
      0,
      0,
      1,
      6,
      13
    ],
    [
      2,
      5,
      3,
      0,
      4,
      57,
      4,
      1,
      0,
      5
    ],
    [
      4,
      4,
      1,
      1,
      3,
      0,
      81,
      0,
      0,
      5
    ],
    [
      0,
      4,
      0,
      5,
      1,
      1,
      2,
      83,
      3,
      2
    ],
    [
      10,
      3,
      3,
      5,
      7,
      1,
      2,
      3,
      59,
      11
    ],
    [
      1,
      2,
      3,
      7,
      9,
      1,
      0,
      5,
      9,
      67
    ]
  ],
  "labels": [
    "Business",
    "Education",
    "Science",
    "Family",
    "Entertainment",
    "Sports",
    "Tech",
    "Health",
    "Politics",
    "Culture"
  ]
}