{
  "classification_report": {
    "Education": {
      "precision": 0.5217391304347826,
      "recall": 0.5052631578947369,
      "f1-score": 0.5133689839572193,
      "support": 95.0
    },
    "Business": {
      "precision": 0.5421686746987951,
      "recall": 0.5294117647058824,
      "f1-score": 0.5357142857142857,
      "support": 85.0
    },
    "Culture": {
      "precision": 0.4,
      "recall": 0.4864864864864865,
      "f1-score": 0.43902439024390244,
      "support": 111.0
    },
    "Science": {
      "precision": 0.7096774193548387,
      "recall": 0.5057471264367817,
      "f1-score": 0.5906040268456376,
      "support": 87.0
    },
    "Tech": {
      "precision": 0.8777777777777778,
      "recall": 0.7745098039215687,
      "f1-score": 0.8229166666666666,
      "support": 102.0
    },
    "Health": {
      "precision": 0.6206896551724138,
      "recall": 0.8653846153846154,
      "f1-score": 0.7228915662650602,
      "support": 104.0
    },
    "Entertainment": {
      "precision": 0.5871559633027523,
      "recall": 0.6037735849056604,
      "f1-score": 0.5953488372093023,
      "support": 106.0
    },
    "Sports": {
      "precision": 0.8260869565217391,
      "recall": 0.6867469879518072,
      "f1-score": 0.75,
      "support": 83.0
    },
    "Family": {
      "precision": 0.6984126984126984,
      "recall": 0.7333333333333333,
      "f1-score": 0.7154471544715447,
      "support": 120.0
    },
    "Politics": {
      "precision": 0.6292134831460674,
      "recall": 0.5233644859813084,
      "f1-score": 0.5714285714285714,
      "support": 107.0
    },
    "accuracy": 0.625,
    "macro avg": {
      "precision": 0.6412921758821866,
      "recall": 0.6214021347002181,
      "f1-score": 0.625674448280219,
      "support": 1000.0
    },
    "weighted avg": {
      "precision": 0.6378156637033864,
      "recall": 0.625,
      "f1-score": 0.6258917407294886,
      "support": 1000.0
    }
  },
  "accuracy": 0.625,
  "confusion_matrix": [
    [
      48,
      10,
      12,
      8,
      2,
      3,
      5,
      0,
      2,
      5
    ],
    [
      5,
      45,
      5,
      0,
      3,
      7,
      6,
      1,
      8,
      5
    ],
    [
      3,
      3,
      54,
      2,
      0,
      12,
      12,
      2,
      13,
      10
    ],
    [
      14,
      3,
      5,
      44,
      2,
      12,
      4,
      0,
      1,
      2
    ],
    [
      3,
      7,
      2,
      1,
      79,
      2,
      3,
      2,
      2,
      1
    ],
    [
      4,
      0,
      1,
      0,
      2,
      90,
      1,
      2,
      3,
      1
    ],
    [
      4,
      0,
      23,
      1,
      0,
      3,
      64,
      4,
      3,
      4
    ],
    [
      2,
      3,
      4,
      3,
      2,
      4,
      6,
      57,
      1,
      1
    ],
    [
      2,
      1,
      14,
      1,
      0,
      8,
      2,
      0,
      88,
      4
    ],
    [
      7,
      11,
      15,
      2,
      0,
      4,
      6,
      1,
      5,
      56
    ]
  ],
  "labels": [
    "Education",
    "Business",
    "Culture",
    "Science",
    "Tech",
    "Health",
    "Entertainment",
    "Sports",
    "Family",
    "Politics"
  ]
}