{
  "classification_report": {
    "Tech": {
      "precision": 0.7941176470588235,
      "recall": 0.5294117647058824,
      "f1-score": 0.6352941176470588,
      "support": 102.0
    },
    "Sports": {
      "precision": 0.8208955223880597,
      "recall": 0.6626506024096386,
      "f1-score": 0.7333333333333333,
      "support": 83.0
    },
    "Education": {
      "precision": 0.45263157894736844,
      "recall": 0.45263157894736844,
      "f1-score": 0.45263157894736844,
      "support": 95.0
    },
    "Family": {
      "precision": 0.7024793388429752,
      "recall": 0.7083333333333334,
      "f1-score": 0.7053941908713693,
      "support": 120.0
    },
    "Culture": {
      "precision": 0.4406779661016949,
      "recall": 0.46846846846846846,
      "f1-score": 0.45414847161572053,
      "support": 111.0
    },
    "Health": {
      "precision": 0.5983606557377049,
      "recall": 0.7019230769230769,
      "f1-score": 0.6460176991150443,
      "support": 104.0
    },
    "Politics": {
      "precision": 0.5268817204301075,
      "recall": 0.45794392523364486,
      "f1-score": 0.49,
      "support": 107.0
    },
    "Entertainment": {
      "precision": 0.5887096774193549,
      "recall": 0.6886792452830188,
      "f1-score": 0.6347826086956522,
      "support": 106.0
    },
    "Science": {
      "precision": 0.7121212121212122,
      "recall": 0.5402298850574713,
      "f1-score": 0.6143790849673203,
      "support": 87.0
    },
    "Business": {
      "precision": 0.5072463768115942,
      "recall": 0.4117647058823529,
      "f1-score": 0.45454545454545453,
      "support": 85.0
    },
    "micro avg": {
      "precision": 0.6002120890774125,
      "recall": 0.566,
      "f1-score": 0.5826042202779207,
      "support": 1000.0
    },
    "macro avg": {
      "precision": 0.6144121695858896,
      "recall": 0.5622036586244256,
      "f1-score": 0.5820526539738322,
      "support": 1000.0
    },
    "weighted avg": {
      "precision": 0.6114266688293796,
      "recall": 0.566,
      "f1-score": 0.5827145911788002,
      "support": 1000.0
    }
  },
  "accuracy": 0.566,
  "confusion_matrix": [
    [
      54,
      1,
      3,
      1,
      5,
      2,
      1,
      3,
      2,
      7
    ],
    [
      3,
      55,
      3,
      0,
      2,
      3,
      0,
      8,
      3,
      2
    ],
    [
      1,
      0,
      43,
      1,
      13,
      5,
      9,
      6,
      7,
      8
    ],
    [
      2,
      0,
      4,
      85,
      8,
      6,
      6,
      4,
      0,
      2
    ],
    [
      0,
      3,
      2,
      11,
      52,
      15,
      11,
      12,
      2,
      3
    ],
    [
      2,
      2,
      3,
      3,
      0,
      73,
      4,
      1,
      0,
      0
    ],
    [
      1,
      0,
      10,
      4,
      13,
      3,
      49,
      8,
      3,
      10
    ],
    [
      0,
      3,
      3,
      4,
      14,
      1,
      5,
      73,
      2,
      0
    ],
    [
      1,
      1,
      15,
      2,
      4,
      8,
      2,
      4,
      47,
      2
    ],
    [
      4,
      2,
      9,
      10,
      7,
      6,
      6,
      5,
      0,
      35
    ]
  ],
  "labels": [
    "Tech",
    "Sports",
    "Education",
    "Family",
    "Culture",
    "Health",
    "Politics",
    "Entertainment",
    "Science",
    "Business"
  ]
}