{
  "classification_report": {
    "Entertainment": {
      "precision": 0.6016949152542372,
      "recall": 0.6698113207547169,
      "f1-score": 0.6339285714285714,
      "support": 106.0
    },
    "Sports": {
      "precision": 0.8472222222222222,
      "recall": 0.7349397590361446,
      "f1-score": 0.7870967741935484,
      "support": 83.0
    },
    "Family": {
      "precision": 0.6692307692307692,
      "recall": 0.725,
      "f1-score": 0.696,
      "support": 120.0
    },
    "Business": {
      "precision": 0.5416666666666666,
      "recall": 0.4588235294117647,
      "f1-score": 0.4968152866242038,
      "support": 85.0
    },
    "Health": {
      "precision": 0.6417910447761194,
      "recall": 0.8269230769230769,
      "f1-score": 0.7226890756302521,
      "support": 104.0
    },
    "Culture": {
      "precision": 0.4583333333333333,
      "recall": 0.4954954954954955,
      "f1-score": 0.47619047619047616,
      "support": 111.0
    },
    "Science": {
      "precision": 0.6865671641791045,
      "recall": 0.5287356321839081,
      "f1-score": 0.5974025974025974,
      "support": 87.0
    },
    "Education": {
      "precision": 0.45544554455445546,
      "recall": 0.4842105263157895,
      "f1-score": 0.46938775510204084,
      "support": 95.0
    },
    "Politics": {
      "precision": 0.5789473684210527,
      "recall": 0.514018691588785,
      "f1-score": 0.5445544554455446,
      "support": 107.0
    },
    "Tech": {
      "precision": 0.8295454545454546,
      "recall": 0.7156862745098039,
      "f1-score": 0.7684210526315789,
      "support": 102.0
    },
    "micro avg": {
      "precision": 0.6208625877632898,
      "recall": 0.619,
      "f1-score": 0.6199298948422634,
      "support": 1000.0
    },
    "macro avg": {
      "precision": 0.6310444483183415,
      "recall": 0.6153644306219486,
      "f1-score": 0.6192486044648813,
      "support": 1000.0
    },
    "weighted avg": {
      "precision": 0.6276294078934134,
      "recall": 0.619,
      "f1-score": 0.6195037037250536,
      "support": 1000.0
    }
  },
  "accuracy": 0.619,
  "confusion_matrix": [
    [
      71,
      3,
      3,
      2,
      4,
      16,
      0,
      2,
      4,
      0
    ],
    [
      5,
      61,
      0,
      2,
      4,
      3,
      3,
      2,
      0,
      3
    ],
    [
      3,
      0,
      87,
      2,
      7,
      10,
      0,
      5,
      4,
      1
    ],
    [
      6,
      2,
      10,
      39,
      5,
      4,
      2,
      8,
      5,
      4
    ],
    [
      1,
      2,
      3,
      2,
      86,
      4,
      0,
      2,
      2,
      2
    ],
    [
      10,
      1,
      12,
      3,
      11,
      55,
      2,
      5,
      12,
      0
    ],
    [
      2,
      1,
      2,
      3,
      9,
      2,
      46,
      16,
      4,
      2
    ],
    [
      4,
      1,
      4,
      5,
      4,
      11,
      9,
      46,
      8,
      2
    ],
    [
      10,
      0,
      7,
      7,
      3,
      11,
      3,
      10,
      55,
      1
    ],
    [
      6,
      1,
      2,
      7,
      1,
      4,
      2,
      5,
      1,
      73
    ]
  ],
  "labels": [
    "Entertainment",
    "Sports",
    "Family",
    "Business",
    "Health",
    "Culture",
    "Science",
    "Education",
    "Politics",
    "Tech"
  ]
}