{
  "classification_report": {
    "Business": {
      "precision": 0.5606060606060606,
      "recall": 0.43529411764705883,
      "f1-score": 0.4900662251655629,
      "support": 85.0
    },
    "Entertainment": {
      "precision": 0.5241379310344828,
      "recall": 0.7169811320754716,
      "f1-score": 0.6055776892430279,
      "support": 106.0
    },
    "Politics": {
      "precision": 0.7058823529411765,
      "recall": 0.4485981308411215,
      "f1-score": 0.5485714285714286,
      "support": 107.0
    },
    "Science": {
      "precision": 0.6949152542372882,
      "recall": 0.47126436781609193,
      "f1-score": 0.5616438356164384,
      "support": 87.0
    },
    "Culture": {
      "precision": 0.5086206896551724,
      "recall": 0.5315315315315315,
      "f1-score": 0.5198237885462555,
      "support": 111.0
    },
    "Family": {
      "precision": 0.7162162162162162,
      "recall": 0.44166666666666665,
      "f1-score": 0.5463917525773195,
      "support": 120.0
    },
    "Education": {
      "precision": 0.4146341463414634,
      "recall": 0.5368421052631579,
      "f1-score": 0.46788990825688076,
      "support": 95.0
    },
    "Health": {
      "precision": 0.6810344827586207,
      "recall": 0.7596153846153846,
      "f1-score": 0.7181818181818181,
      "support": 104.0
    },
    "Sports": {
      "precision": 0.8939393939393939,
      "recall": 0.7108433734939759,
      "f1-score": 0.7919463087248322,
      "support": 83.0
    },
    "Tech": {
      "precision": 0.8181818181818182,
      "recall": 0.7058823529411765,
      "f1-score": 0.7578947368421053,
      "support": 102.0
    },
    "micro avg": {
      "precision": 0.6243213897937026,
      "recall": 0.575,
      "f1-score": 0.5986465382613222,
      "support": 1000.0
    },
    "macro avg": {
      "precision": 0.6518168345911692,
      "recall": 0.5758519162891637,
      "f1-score": 0.6007987491725669,
      "support": 1000.0
    },
    "weighted avg": {
      "precision": 0.6494693624830412,
      "recall": 0.575,
      "f1-score": 0.5988517287498881,
      "support": 1000.0
    }
  },
  "accuracy": 0.575,
  "confusion_matrix": [
    [
      37,
      9,
      2,
      0,
      5,
      3,
      11,
      5,
      1,
      3
    ],
    [
      1,
      76,
      3,
      2,
      8,
      3,
      3,
      1,
      1,
      1
    ],
    [
      7,
      7,
      48,
      2,
      12,
      4,
      11,
      5,
      0,
      2
    ],
    [
      3,
      4,
      1,
      41,
      3,
      0,
      22,
      7,
      0,
      1
    ],
    [
      2,
      16,
      7,
      3,
      59,
      7,
      3,
      6,
      1,
      1
    ],
    [
      1,
      10,
      2,
      0,
      11,
      53,
      6,
      7,
      0,
      0
    ],
    [
      5,
      4,
      4,
      5,
      9,
      1,
      51,
      4,
      2,
      4
    ],
    [
      0,
      4,
      1,
      2,
      3,
      2,
      6,
      79,
      2,
      2
    ],
    [
      2,
      6,
      0,
      3,
      4,
      0,
      6,
      0,
      59,
      2
    ],
    [
      8,
      9,
      0,
      1,
      2,
      1,
      4,
      2,
      0,
      72
    ]
  ],
  "labels": [
    "Business",
    "Entertainment",
    "Politics",
    "Science",
    "Culture",
    "Family",
    "Education",
    "Health",
    "Sports",
    "Tech"
  ]
}