{
  "classification_report": {
    "Sports": {
      "precision": 0.8769230769230769,
      "recall": 0.6867469879518072,
      "f1-score": 0.7702702702702703,
      "support": 83.0
    },
    "Family": {
      "precision": 0.6496350364963503,
      "recall": 0.7416666666666667,
      "f1-score": 0.6926070038910506,
      "support": 120.0
    },
    "Business": {
      "precision": 0.4307692307692308,
      "recall": 0.32941176470588235,
      "f1-score": 0.37333333333333335,
      "support": 85.0
    },
    "Culture": {
      "precision": 0.43243243243243246,
      "recall": 0.5765765765765766,
      "f1-score": 0.4942084942084942,
      "support": 111.0
    },
    "Tech": {
      "precision": 0.7938144329896907,
      "recall": 0.7549019607843137,
      "f1-score": 0.7738693467336684,
      "support": 102.0
    },
    "Health": {
      "precision": 0.6546762589928058,
      "recall": 0.875,
      "f1-score": 0.7489711934156379,
      "support": 104.0
    },
    "Politics": {
      "precision": 0.6666666666666666,
      "recall": 0.5233644859813084,
      "f1-score": 0.5863874345549738,
      "support": 107.0
    },
    "Education": {
      "precision": 0.47368421052631576,
      "recall": 0.47368421052631576,
      "f1-score": 0.47368421052631576,
      "support": 95.0
    },
    "Entertainment": {
      "precision": 0.5887850467289719,
      "recall": 0.5943396226415094,
      "f1-score": 0.5915492957746479,
      "support": 106.0
    },
    "Science": {
      "precision": 0.6774193548387096,
      "recall": 0.4827586206896552,
      "f1-score": 0.5637583892617449,
      "support": 87.0
    },
    "micro avg": {
      "precision": 0.6126126126126126,
      "recall": 0.612,
      "f1-score": 0.6123061530765382,
      "support": 1000.0
    },
    "macro avg": {
      "precision": 0.6244805747364252,
      "recall": 0.6038450896524036,
      "f1-score": 0.6068638971970136,
      "support": 1000.0
    },
    "weighted avg": {
      "precision": 0.6220916396373343,
      "recall": 0.612,
      "f1-score": 0.6099580872871619,
      "support": 1000.0
    }
  },
  "accuracy": 0.612,
  "confusion_matrix": [
    [
      57,
      0,
      2,
      6,
      3,
      1,
      2,
      4,
      7,
      1
    ],
    [
      0,
      89,
      4,
      15,
      0,
      6,
      2,
      2,
      2,
      0
    ],
    [
      1,
      12,
      28,
      9,
      5,
      7,
      8,
      7,
      6,
      2
    ],
    [
      3,
      9,
      1,
      64,
      0,
      13,
      8,
      2,
      8,
      3
    ],
    [
      0,
      4,
      8,
      4,
      77,
      3,
      0,
      1,
      4,
      1
    ],
    [
      1,
      3,
      0,
      2,
      2,
      91,
      0,
      2,
      1,
      2
    ],
    [
      0,
      6,
      8,
      11,
      1,
      4,
      56,
      10,
      9,
      2
    ],
    [
      1,
      3,
      10,
      15,
      3,
      4,
      3,
      45,
      3,
      8
    ],
    [
      2,
      8,
      1,
      19,
      2,
      1,
      3,
      5,
      63,
      1
    ],
    [
      0,
      3,
      3,
      3,
      4,
      9,
      2,
      17,
      4,
      42
    ]
  ],
  "labels": [
    "Sports",
    "Family",
    "Business",
    "Culture",
    "Tech",
    "Health",
    "Politics",
    "Education",
    "Entertainment",
    "Science"
  ]
}