{
  "classification_report": {
    "Entertainment": {
      "precision": 0.5555555555555556,
      "recall": 0.5660377358490566,
      "f1-score": 0.5607476635514018,
      "support": 106.0
    },
    "Education": {
      "precision": 0.44680851063829785,
      "recall": 0.4421052631578947,
      "f1-score": 0.4444444444444444,
      "support": 95.0
    },
    "Sports": {
      "precision": 0.9122807017543859,
      "recall": 0.6265060240963856,
      "f1-score": 0.7428571428571429,
      "support": 83.0
    },
    "Culture": {
      "precision": 0.5151515151515151,
      "recall": 0.3063063063063063,
      "f1-score": 0.384180790960452,
      "support": 111.0
    },
    "Health": {
      "precision": 0.6428571428571429,
      "recall": 0.6923076923076923,
      "f1-score": 0.6666666666666666,
      "support": 104.0
    },
    "Politics": {
      "precision": 0.673469387755102,
      "recall": 0.308411214953271,
      "f1-score": 0.4230769230769231,
      "support": 107.0
    },
    "Business": {
      "precision": 0.4642857142857143,
      "recall": 0.3058823529411765,
      "f1-score": 0.36879432624113473,
      "support": 85.0
    },
    "Family": {
      "precision": 0.5714285714285714,
      "recall": 0.23333333333333334,
      "f1-score": 0.33136094674556216,
      "support": 120.0
    },
    "Science": {
      "precision": 0.6808510638297872,
      "recall": 0.367816091954023,
      "f1-score": 0.47761194029850745,
      "support": 87.0
    },
    "Tech": {
      "precision": 0.9047619047619048,
      "recall": 0.5588235294117647,
      "f1-score": 0.6909090909090909,
      "support": 102.0
    },
    "micro avg": {
      "precision": 0.6219686162624821,
      "recall": 0.436,
      "f1-score": 0.5126396237507349,
      "support": 1000.0
    },
    "macro avg": {
      "precision": 0.6367450068017978,
      "recall": 0.4407529544310904,
      "f1-score": 0.5090649935751326,
      "support": 1000.0
    },
    "weighted avg": {
      "precision": 0.6327106522985183,
      "recall": 0.436,
      "f1-score": 0.5037010467336492,
      "support": 1000.0
    }
  },
  "accuracy": 0.436,
  "confusion_matrix": [
    [
      60,
      4,
      1,
      10,
      3,
      2,
      1,
      3,
      0,
      0
    ],
    [
      8,
      42,
      0,
      5,
      3,
      3,
      3,
      0,
      4,
      1
    ],
    [
      4,
      2,
      52,
      1,
      1,
      1,
      3,
      0,
      2,
      2
    ],
    [
      10,
      2,
      2,
      34,
      10,
      5,
      3,
      7,
      3,
      0
    ],
    [
      1,
      3,
      1,
      0,
      72,
      0,
      1,
      2,
      2,
      1
    ],
    [
      10,
      8,
      0,
      7,
      5,
      33,
      6,
      4,
      2,
      0
    ],
    [
      6,
      6,
      1,
      2,
      4,
      2,
      26,
      5,
      1,
      1
    ],
    [
      1,
      4,
      0,
      5,
      5,
      2,
      2,
      28,
      1,
      0
    ],
    [
      3,
      18,
      0,
      0,
      8,
      1,
      2,
      0,
      32,
      1
    ],
    [
      5,
      5,
      0,
      2,
      1,
      0,
      9,
      0,
      0,
      57
    ]
  ],
  "labels": [
    "Entertainment",
    "Education",
    "Sports",
    "Culture",
    "Health",
    "Politics",
    "Business",
    "Family",
    "Science",
    "Tech"
  ]
}