{
  "classification_report": {
    "Business": {
      "precision": 0.3978494623655914,
      "recall": 0.43529411764705883,
      "f1-score": 0.4157303370786517,
      "support": 85.0
    },
    "Science": {
      "precision": 0.5444444444444444,
      "recall": 0.5632183908045977,
      "f1-score": 0.5536723163841808,
      "support": 87.0
    },
    "Entertainment": {
      "precision": 0.4931506849315068,
      "recall": 0.6792452830188679,
      "f1-score": 0.5714285714285714,
      "support": 106.0
    },
    "Sports": {
      "precision": 0.8367346938775511,
      "recall": 0.4939759036144578,
      "f1-score": 0.6212121212121212,
      "support": 83.0
    },
    "Culture": {
      "precision": 0.3482142857142857,
      "recall": 0.35135135135135137,
      "f1-score": 0.34977578475336324,
      "support": 111.0
    },
    "Health": {
      "precision": 0.5571428571428572,
      "recall": 0.75,
      "f1-score": 0.639344262295082,
      "support": 104.0
    },
    "Politics": {
      "precision": 0.5486725663716814,
      "recall": 0.5794392523364486,
      "f1-score": 0.5636363636363636,
      "support": 107.0
    },
    "Tech": {
      "precision": 0.7422680412371134,
      "recall": 0.7058823529411765,
      "f1-score": 0.7236180904522613,
      "support": 102.0
    },
    "Family": {
      "precision": 0.5833333333333334,
      "recall": 0.23333333333333334,
      "f1-score": 0.3333333333333333,
      "support": 120.0
    },
    "Education": {
      "precision": 0.3617021276595745,
      "recall": 0.17894736842105263,
      "f1-score": 0.23943661971830985,
      "support": 95.0
    },
    "micro avg": {
      "precision": 0.5294117647058824,
      "recall": 0.495,
      "f1-score": 0.5116279069767442,
      "support": 1000.0
    },
    "macro avg": {
      "precision": 0.5413512497077939,
      "recall": 0.4970687353468345,
      "f1-score": 0.5011187800292238,
      "support": 1000.0
    },
    "weighted avg": {
      "precision": 0.5382824729550763,
      "recall": 0.495,
      "f1-score": 0.4978201352039166,
      "support": 1000.0
    }
  },
  "accuracy": 0.495,
  "confusion_matrix": [
    [
      37,
      3,
      6,
      2,
      6,
      11,
      7,
      4,
      3,
      3
    ],
    [
      5,
      49,
      2,
      0,
      5,
      12,
      3,
      1,
      0,
      8
    ],
    [
      4,
      2,
      72,
      2,
      11,
      5,
      2,
      6,
      1,
      1
    ],
    [
      4,
      4,
      15,
      41,
      3,
      2,
      3,
      4,
      1,
      6
    ],
    [
      5,
      8,
      15,
      1,
      39,
      9,
      19,
      0,
      5,
      4
    ],
    [
      0,
      4,
      1,
      1,
      4,
      78,
      3,
      6,
      3,
      2
    ],
    [
      7,
      6,
      9,
      0,
      9,
      4,
      62,
      0,
      1,
      3
    ],
    [
      7,
      2,
      7,
      1,
      2,
      4,
      2,
      72,
      3,
      1
    ],
    [
      6,
      0,
      11,
      1,
      16,
      8,
      6,
      1,
      28,
      2
    ],
    [
      18,
      12,
      8,
      0,
      17,
      7,
      6,
      3,
      3,
      17
    ]
  ],
  "labels": [
    "Business",
    "Science",
    "Entertainment",
    "Sports",
    "Culture",
    "Health",
    "Politics",
    "Tech",
    "Family",
    "Education"
  ]
}