{
  "classification_report": {
    "Politics": {
      "precision": 0.7450980392156863,
      "recall": 0.35514018691588783,
      "f1-score": 0.4810126582278481,
      "support": 107.0
    },
    "Entertainment": {
      "precision": 0.4591194968553459,
      "recall": 0.6886792452830188,
      "f1-score": 0.5509433962264151,
      "support": 106.0
    },
    "Family": {
      "precision": 0.62,
      "recall": 0.25833333333333336,
      "f1-score": 0.36470588235294116,
      "support": 120.0
    },
    "Sports": {
      "precision": 0.8214285714285714,
      "recall": 0.5542168674698795,
      "f1-score": 0.6618705035971223,
      "support": 83.0
    },
    "Science": {
      "precision": 0.6730769230769231,
      "recall": 0.40229885057471265,
      "f1-score": 0.5035971223021583,
      "support": 87.0
    },
    "Business": {
      "precision": 0.45454545454545453,
      "recall": 0.23529411764705882,
      "f1-score": 0.31007751937984496,
      "support": 85.0
    },
    "Health": {
      "precision": 0.6862745098039216,
      "recall": 0.6730769230769231,
      "f1-score": 0.6796116504854369,
      "support": 104.0
    },
    "Education": {
      "precision": 0.3904761904761905,
      "recall": 0.43157894736842106,
      "f1-score": 0.41,
      "support": 95.0
    },
    "Tech": {
      "precision": 0.7283950617283951,
      "recall": 0.5784313725490197,
      "f1-score": 0.644808743169399,
      "support": 102.0
    },
    "Culture": {
      "precision": 0.44954128440366975,
      "recall": 0.44144144144144143,
      "f1-score": 0.44545454545454544,
      "support": 111.0
    },
    "micro avg": {
      "precision": 0.5710754017305315,
      "recall": 0.462,
      "f1-score": 0.5107794361525705,
      "support": 1000.0
    },
    "macro avg": {
      "precision": 0.6027955531534157,
      "recall": 0.46184912856596966,
      "f1-score": 0.5052082021195712,
      "support": 1000.0
    },
    "weighted avg": {
      "precision": 0.6008279502153221,
      "recall": 0.462,
      "f1-score": 0.5035834088980871,
      "support": 1000.0
    }
  },
  "accuracy": 0.462,
  "confusion_matrix": [
    [
      38,
      11,
      3,
      0,
      2,
      7,
      3,
      13,
      1,
      11
    ],
    [
      1,
      73,
      2,
      1,
      1,
      0,
      0,
      3,
      2,
      11
    ],
    [
      0,
      8,
      31,
      0,
      0,
      0,
      7,
      5,
      2,
      9
    ],
    [
      4,
      7,
      0,
      46,
      2,
      1,
      0,
      3,
      2,
      4
    ],
    [
      1,
      9,
      0,
      0,
      35,
      2,
      7,
      18,
      4,
      2
    ],
    [
      0,
      13,
      4,
      3,
      0,
      20,
      6,
      9,
      5,
      6
    ],
    [
      0,
      2,
      1,
      2,
      2,
      0,
      70,
      4,
      4,
      5
    ],
    [
      2,
      5,
      1,
      2,
      6,
      7,
      3,
      41,
      2,
      9
    ],
    [
      0,
      8,
      3,
      0,
      1,
      5,
      1,
      3,
      59,
      3
    ],
    [
      5,
      23,
      5,
      2,
      3,
      2,
      5,
      6,
      0,
      49
    ]
  ],
  "labels": [
    "Politics",
    "Entertainment",
    "Family",
    "Sports",
    "Science",
    "Business",
    "Health",
    "Education",
    "Tech",
    "Culture"
  ]
}