{
  "classification_report": {
    "Tech": {
      "precision": 0.7857142857142857,
      "recall": 0.6470588235294118,
      "f1-score": 0.7096774193548387,
      "support": 102.0
    },
    "Politics": {
      "precision": 0.5131578947368421,
      "recall": 0.3644859813084112,
      "f1-score": 0.4262295081967213,
      "support": 107.0
    },
    "Entertainment": {
      "precision": 0.49122807017543857,
      "recall": 0.5283018867924528,
      "f1-score": 0.509090909090909,
      "support": 106.0
    },
    "Education": {
      "precision": 0.3595505617977528,
      "recall": 0.3368421052631579,
      "f1-score": 0.34782608695652173,
      "support": 95.0
    },
    "Business": {
      "precision": 0.2839506172839506,
      "recall": 0.27058823529411763,
      "f1-score": 0.27710843373493976,
      "support": 85.0
    },
    "Science": {
      "precision": 0.48484848484848486,
      "recall": 0.367816091954023,
      "f1-score": 0.41830065359477125,
      "support": 87.0
    },
    "Sports": {
      "precision": 0.7571428571428571,
      "recall": 0.6385542168674698,
      "f1-score": 0.6928104575163399,
      "support": 83.0
    },
    "Health": {
      "precision": 0.6428571428571429,
      "recall": 0.6057692307692307,
      "f1-score": 0.6237623762376238,
      "support": 104.0
    },
    "Family": {
      "precision": 0.5176470588235295,
      "recall": 0.36666666666666664,
      "f1-score": 0.4292682926829268,
      "support": 120.0
    },
    "Culture": {
      "precision": 0.4,
      "recall": 0.36036036036036034,
      "f1-score": 0.3791469194312796,
      "support": 111.0
    },
    "micro avg": {
      "precision": 0.5191193511008111,
      "recall": 0.448,
      "f1-score": 0.4809447128287708,
      "support": 1000.0
    },
    "macro avg": {
      "precision": 0.5236096973380284,
      "recall": 0.4486443598805302,
      "f1-score": 0.48132210567968725,
      "support": 1000.0
    },
    "weighted avg": {
      "precision": 0.5238134983988598,
      "recall": 0.448,
      "f1-score": 0.48091920078735595,
      "support": 1000.0
    }
  },
  "accuracy": 0.448,
  "confusion_matrix": [
    [
      66,
      2,
      2,
      3,
      9,
      3,
      0,
      2,
      4,
      4
    ],
    [
      1,
      39,
      11,
      8,
      8,
      2,
      0,
      5,
      3,
      14
    ],
    [
      2,
      5,
      56,
      3,
      7,
      3,
      5,
      3,
      4,
      13
    ],
    [
      4,
      6,
      5,
      32,
      11,
      10,
      2,
      3,
      4,
      10
    ],
    [
      4,
      8,
      8,
      10,
      23,
      3,
      2,
      3,
      5,
      5
    ],
    [
      2,
      1,
      6,
      18,
      5,
      32,
      1,
      6,
      3,
      3
    ],
    [
      3,
      1,
      9,
      2,
      2,
      4,
      53,
      2,
      0,
      3
    ],
    [
      1,
      1,
      2,
      5,
      4,
      3,
      1,
      63,
      7,
      3
    ],
    [
      1,
      2,
      1,
      4,
      8,
      1,
      2,
      3,
      44,
      5
    ],
    [
      0,
      11,
      14,
      4,
      4,
      5,
      4,
      8,
      11,
      40
    ]
  ],
  "labels": [
    "Tech",
    "Politics",
    "Entertainment",
    "Education",
    "Business",
    "Science",
    "Sports",
    "Health",
    "Family",
    "Culture"
  ]
}