{
  "classification_report": {
    "Education": {
      "precision": 0.44660194174757284,
      "recall": 0.4842105263157895,
      "f1-score": 0.46464646464646464,
      "support": 95.0
    },
    "Family": {
      "precision": 0.45,
      "recall": 0.075,
      "f1-score": 0.12857142857142856,
      "support": 120.0
    },
    "Culture": {
      "precision": 0.4864864864864865,
      "recall": 0.32432432432432434,
      "f1-score": 0.3891891891891892,
      "support": 111.0
    },
    "Science": {
      "precision": 0.7647058823529411,
      "recall": 0.2988505747126437,
      "f1-score": 0.4297520661157025,
      "support": 87.0
    },
    "Business": {
      "precision": 0.575,
      "recall": 0.27058823529411763,
      "f1-score": 0.368,
      "support": 85.0
    },
    "Health": {
      "precision": 0.7130434782608696,
      "recall": 0.7884615384615384,
      "f1-score": 0.7488584474885844,
      "support": 104.0
    },
    "Tech": {
      "precision": 0.9041095890410958,
      "recall": 0.6470588235294118,
      "f1-score": 0.7542857142857143,
      "support": 102.0
    },
    "Sports": {
      "precision": 0.8947368421052632,
      "recall": 0.6144578313253012,
      "f1-score": 0.7285714285714285,
      "support": 83.0
    },
    "Politics": {
      "precision": 0.6904761904761905,
      "recall": 0.27102803738317754,
      "f1-score": 0.38926174496644295,
      "support": 107.0
    },
    "Entertainment": {
      "precision": 0.5211267605633803,
      "recall": 0.6981132075471698,
      "f1-score": 0.5967741935483871,
      "support": 106.0
    },
    "micro avg": {
      "precision": 0.6314285714285715,
      "recall": 0.442,
      "f1-score": 0.52,
      "support": 1000.0
    },
    "macro avg": {
      "precision": 0.64462871710338,
      "recall": 0.4472093098893474,
      "f1-score": 0.49979106773833426,
      "support": 1000.0
    },
    "weighted avg": {
      "precision": 0.635590842947455,
      "recall": 0.442,
      "f1-score": 0.4916373365169743,
      "support": 1000.0
    }
  },
  "accuracy": 0.442,
  "confusion_matrix": [
    [
      46,
      1,
      6,
      4,
      4,
      2,
      2,
      2,
      3,
      6
    ],
    [
      8,
      9,
      5,
      0,
      1,
      3,
      1,
      0,
      0,
      5
    ],
    [
      4,
      3,
      36,
      2,
      1,
      5,
      0,
      1,
      4,
      12
    ],
    [
      18,
      0,
      2,
      26,
      1,
      9,
      1,
      0,
      0,
      4
    ],
    [
      5,
      2,
      3,
      0,
      23,
      6,
      1,
      0,
      0,
      11
    ],
    [
      2,
      1,
      2,
      0,
      1,
      82,
      0,
      1,
      2,
      2
    ],
    [
      4,
      0,
      2,
      0,
      6,
      1,
      66,
      1,
      0,
      8
    ],
    [
      4,
      0,
      2,
      1,
      1,
      1,
      2,
      51,
      2,
      9
    ],
    [
      7,
      4,
      6,
      1,
      2,
      5,
      0,
      0,
      29,
      11
    ],
    [
      5,
      0,
      10,
      0,
      0,
      1,
      0,
      1,
      2,
      74
    ]
  ],
  "labels": [
    "Education",
    "Family",
    "Culture",
    "Science",
    "Business",
    "Health",
    "Tech",
    "Sports",
    "Politics",
    "Entertainment"
  ]
}