{
  "classification_report": {
    "Politics": {
      "precision": 0.5595238095238095,
      "recall": 0.4392523364485981,
      "f1-score": 0.49214659685863876,
      "support": 107.0
    },
    "Science": {
      "precision": 0.6607142857142857,
      "recall": 0.42528735632183906,
      "f1-score": 0.5174825174825175,
      "support": 87.0
    },
    "Family": {
      "precision": 0.75,
      "recall": 0.6,
      "f1-score": 0.6666666666666666,
      "support": 120.0
    },
    "Business": {
      "precision": 0.4935064935064935,
      "recall": 0.4470588235294118,
      "f1-score": 0.4691358024691358,
      "support": 85.0
    },
    "Entertainment": {
      "precision": 0.5213675213675214,
      "recall": 0.5754716981132075,
      "f1-score": 0.547085201793722,
      "support": 106.0
    },
    "Culture": {
      "precision": 0.45454545454545453,
      "recall": 0.45045045045045046,
      "f1-score": 0.45248868778280543,
      "support": 111.0
    },
    "Tech": {
      "precision": 0.7727272727272727,
      "recall": 0.3333333333333333,
      "f1-score": 0.4657534246575342,
      "support": 102.0
    },
    "Health": {
      "precision": 0.5473684210526316,
      "recall": 0.5,
      "f1-score": 0.5226130653266332,
      "support": 104.0
    },
    "Education": {
      "precision": 0.4205607476635514,
      "recall": 0.47368421052631576,
      "f1-score": 0.44554455445544555,
      "support": 95.0
    },
    "Sports": {
      "precision": 0.7777777777777778,
      "recall": 0.5060240963855421,
      "f1-score": 0.6131386861313869,
      "support": 83.0
    },
    "micro avg": {
      "precision": 0.569047619047619,
      "recall": 0.478,
      "f1-score": 0.5195652173913043,
      "support": 1000.0
    },
    "macro avg": {
      "precision": 0.5958091783878798,
      "recall": 0.47505623051086987,
      "f1-score": 0.5192055203624486,
      "support": 1000.0
    },
    "weighted avg": {
      "precision": 0.5952720693349935,
      "recall": 0.478,
      "f1-score": 0.5208503355599666,
      "support": 1000.0
    }
  },
  "accuracy": 0.478,
  "confusion_matrix": [
    [
      47,
      4,
      3,
      7,
      8,
      11,
      0,
      4,
      9,
      0
    ],
    [
      3,
      37,
      1,
      3,
      3,
      3,
      2,
      7,
      22,
      2
    ],
    [
      3,
      0,
      72,
      5,
      2,
      10,
      0,
      5,
      5,
      1
    ],
    [
      7,
      0,
      7,
      38,
      6,
      5,
      2,
      2,
      8,
      1
    ],
    [
      3,
      0,
      1,
      2,
      61,
      15,
      0,
      2,
      5,
      3
    ],
    [
      11,
      2,
      7,
      3,
      13,
      50,
      0,
      12,
      3,
      2
    ],
    [
      0,
      1,
      1,
      9,
      6,
      3,
      34,
      2,
      5,
      1
    ],
    [
      2,
      1,
      2,
      1,
      1,
      5,
      1,
      52,
      3,
      2
    ],
    [
      8,
      8,
      2,
      6,
      8,
      7,
      3,
      4,
      45,
      0
    ],
    [
      0,
      3,
      0,
      3,
      9,
      1,
      2,
      5,
      2,
      42
    ]
  ],
  "labels": [
    "Politics",
    "Science",
    "Family",
    "Business",
    "Entertainment",
    "Culture",
    "Tech",
    "Health",
    "Education",
    "Sports"
  ]
}