{
  "classification_report": {
    "Science": {
      "precision": 0.6086956521739131,
      "recall": 0.4827586206896552,
      "f1-score": 0.5384615384615384,
      "support": 87.0
    },
    "Education": {
      "precision": 0.45121951219512196,
      "recall": 0.3894736842105263,
      "f1-score": 0.4180790960451977,
      "support": 95.0
    },
    "Health": {
      "precision": 0.6095890410958904,
      "recall": 0.8557692307692307,
      "f1-score": 0.712,
      "support": 104.0
    },
    "Culture": {
      "precision": 0.3353658536585366,
      "recall": 0.4954954954954955,
      "f1-score": 0.4,
      "support": 111.0
    },
    "Politics": {
      "precision": 0.7012987012987013,
      "recall": 0.5046728971962616,
      "f1-score": 0.5869565217391305,
      "support": 107.0
    },
    "Tech": {
      "precision": 0.7888888888888889,
      "recall": 0.696078431372549,
      "f1-score": 0.7395833333333334,
      "support": 102.0
    },
    "Business": {
      "precision": 0.42857142857142855,
      "recall": 0.4588235294117647,
      "f1-score": 0.4431818181818182,
      "support": 85.0
    },
    "Entertainment": {
      "precision": 0.5514018691588785,
      "recall": 0.5566037735849056,
      "f1-score": 0.5539906103286385,
      "support": 106.0
    },
    "Sports": {
      "precision": 0.92,
      "recall": 0.5542168674698795,
      "f1-score": 0.6917293233082706,
      "support": 83.0
    },
    "Family": {
      "precision": 0.5378151260504201,
      "recall": 0.5333333333333333,
      "f1-score": 0.5355648535564853,
      "support": 120.0
    },
    "micro avg": {
      "precision": 0.5587939698492462,
      "recall": 0.556,
      "f1-score": 0.5573934837092732,
      "support": 1000.0
    },
    "macro avg": {
      "precision": 0.593284607309178,
      "recall": 0.5527225863533601,
      "f1-score": 0.5619547094954412,
      "support": 1000.0
    },
    "weighted avg": {
      "precision": 0.5877258578188279,
      "recall": 0.556,
      "f1-score": 0.5613282912981896,
      "support": 1000.0
    }
  },
  "accuracy": 0.556,
  "confusion_matrix": [
    [
      42,
      15,
      10,
      6,
      1,
      2,
      3,
      4,
      0,
      4
    ],
    [
      8,
      37,
      5,
      16,
      7,
      3,
      13,
      3,
      1,
      2
    ],
    [
      0,
      1,
      89,
      4,
      0,
      2,
      1,
      1,
      0,
      6
    ],
    [
      6,
      2,
      5,
      55,
      11,
      0,
      7,
      9,
      1,
      14
    ],
    [
      1,
      9,
      6,
      13,
      54,
      0,
      8,
      8,
      0,
      7
    ],
    [
      4,
      3,
      3,
      3,
      0,
      71,
      9,
      6,
      0,
      3
    ],
    [
      3,
      4,
      6,
      14,
      1,
      4,
      39,
      4,
      0,
      10
    ],
    [
      2,
      5,
      3,
      20,
      1,
      3,
      2,
      59,
      2,
      7
    ],
    [
      2,
      3,
      1,
      7,
      1,
      5,
      6,
      10,
      46,
      2
    ],
    [
      1,
      3,
      18,
      26,
      1,
      0,
      3,
      3,
      0,
      64
    ]
  ],
  "labels": [
    "Science",
    "Education",
    "Health",
    "Culture",
    "Politics",
    "Tech",
    "Business",
    "Entertainment",
    "Sports",
    "Family"
  ]
}