{
  "classification_report": {
    "Entertainment": {
      "precision": 0.35802469135802467,
      "recall": 0.8207547169811321,
      "f1-score": 0.498567335243553,
      "support": 106.0
    },
    "Culture": {
      "precision": 0.5,
      "recall": 0.36036036036036034,
      "f1-score": 0.418848167539267,
      "support": 111.0
    },
    "Health": {
      "precision": 0.5159235668789809,
      "recall": 0.7788461538461539,
      "f1-score": 0.6206896551724138,
      "support": 104.0
    },
    "Education": {
      "precision": 0.5238095238095238,
      "recall": 0.23157894736842105,
      "f1-score": 0.32116788321167883,
      "support": 95.0
    },
    "Family": {
      "precision": 0.6153846153846154,
      "recall": 0.3333333333333333,
      "f1-score": 0.43243243243243246,
      "support": 120.0
    },
    "Politics": {
      "precision": 0.5909090909090909,
      "recall": 0.6074766355140186,
      "f1-score": 0.5990783410138248,
      "support": 107.0
    },
    "Science": {
      "precision": 0.6216216216216216,
      "recall": 0.5287356321839081,
      "f1-score": 0.5714285714285714,
      "support": 87.0
    },
    "Sports": {
      "precision": 0.9210526315789473,
      "recall": 0.42168674698795183,
      "f1-score": 0.5785123966942148,
      "support": 83.0
    },
    "Tech": {
      "precision": 0.6701030927835051,
      "recall": 0.6372549019607843,
      "f1-score": 0.6532663316582915,
      "support": 102.0
    },
    "Business": {
      "precision": 0.5352112676056338,
      "recall": 0.4470588235294118,
      "f1-score": 0.48717948717948717,
      "support": 85.0
    },
    "micro avg": {
      "precision": 0.5312180143295804,
      "recall": 0.519,
      "f1-score": 0.5250379362670713,
      "support": 1000.0
    },
    "macro avg": {
      "precision": 0.5852040101929944,
      "recall": 0.5167086252065476,
      "f1-score": 0.5181170601573735,
      "support": 1000.0
    },
    "weighted avg": {
      "precision": 0.5783139222872261,
      "recall": 0.519,
      "f1-score": 0.5161704684353947,
      "support": 1000.0
    }
  },
  "accuracy": 0.519,
  "confusion_matrix": [
    [
      87,
      6,
      3,
      2,
      1,
      1,
      2,
      1,
      1,
      0
    ],
    [
      23,
      40,
      8,
      1,
      11,
      16,
      6,
      1,
      0,
      1
    ],
    [
      10,
      1,
      81,
      1,
      2,
      4,
      1,
      0,
      3,
      1
    ],
    [
      16,
      10,
      8,
      22,
      4,
      7,
      9,
      0,
      3,
      14
    ],
    [
      32,
      8,
      26,
      3,
      40,
      4,
      0,
      0,
      3,
      0
    ],
    [
      16,
      4,
      4,
      4,
      0,
      65,
      2,
      0,
      3,
      6
    ],
    [
      10,
      4,
      9,
      6,
      0,
      4,
      46,
      0,
      4,
      2
    ],
    [
      21,
      3,
      4,
      1,
      4,
      1,
      2,
      35,
      9,
      3
    ],
    [
      16,
      0,
      6,
      0,
      2,
      3,
      4,
      0,
      65,
      6
    ],
    [
      12,
      4,
      8,
      2,
      1,
      5,
      2,
      1,
      6,
      38
    ]
  ],
  "labels": [
    "Entertainment",
    "Culture",
    "Health",
    "Education",
    "Family",
    "Politics",
    "Science",
    "Sports",
    "Tech",
    "Business"
  ]
}