{
  "classification_report": {
    "Culture": {
      "precision": 0.40540540540540543,
      "recall": 0.2702702702702703,
      "f1-score": 0.32432432432432434,
      "support": 111.0
    },
    "Politics": {
      "precision": 0.5967741935483871,
      "recall": 0.34579439252336447,
      "f1-score": 0.4378698224852071,
      "support": 107.0
    },
    "Education": {
      "precision": 0.3902439024390244,
      "recall": 0.16842105263157894,
      "f1-score": 0.23529411764705882,
      "support": 95.0
    },
    "Family": {
      "precision": 0.6538461538461539,
      "recall": 0.14166666666666666,
      "f1-score": 0.2328767123287671,
      "support": 120.0
    },
    "Tech": {
      "precision": 0.6794871794871795,
      "recall": 0.5196078431372549,
      "f1-score": 0.5888888888888889,
      "support": 102.0
    },
    "Sports": {
      "precision": 0.9210526315789473,
      "recall": 0.42168674698795183,
      "f1-score": 0.5785123966942148,
      "support": 83.0
    },
    "Entertainment": {
      "precision": 0.49586776859504134,
      "recall": 0.5660377358490566,
      "f1-score": 0.5286343612334802,
      "support": 106.0
    },
    "Science": {
      "precision": 0.5135135135135135,
      "recall": 0.4367816091954023,
      "f1-score": 0.4720496894409938,
      "support": 87.0
    },
    "Business": {
      "precision": 0.5294117647058824,
      "recall": 0.3176470588235294,
      "f1-score": 0.39705882352941174,
      "support": 85.0
    },
    "Health": {
      "precision": 0.553030303030303,
      "recall": 0.7019230769230769,
      "f1-score": 0.6186440677966102,
      "support": 104.0
    },
    "micro avg": {
      "precision": 0.5538020086083214,
      "recall": 0.386,
      "f1-score": 0.45492044784914554,
      "support": 1000.0
    },
    "macro avg": {
      "precision": 0.5738632816149838,
      "recall": 0.3889836453008152,
      "f1-score": 0.4414153204368957,
      "support": 1000.0
    },
    "weighted avg": {
      "precision": 0.5698974192935696,
      "recall": 0.386,
      "f1-score": 0.43642596157708907,
      "support": 1000.0
    }
  },
  "accuracy": 0.386,
  "confusion_matrix": [
    [
      30,
      11,
      7,
      1,
      2,
      0,
      9,
      6,
      1,
      8
    ],
    [
      8,
      37,
      3,
      2,
      0,
      0,
      8,
      3,
      5,
      5
    ],
    [
      7,
      3,
      16,
      0,
      5,
      1,
      6,
      10,
      8,
      7
    ],
    [
      7,
      4,
      1,
      17,
      3,
      0,
      3,
      0,
      2,
      6
    ],
    [
      4,
      0,
      1,
      1,
      53,
      0,
      6,
      2,
      3,
      10
    ],
    [
      3,
      0,
      1,
      0,
      4,
      35,
      18,
      6,
      2,
      3
    ],
    [
      7,
      2,
      3,
      1,
      1,
      0,
      60,
      1,
      0,
      4
    ],
    [
      3,
      2,
      2,
      0,
      3,
      0,
      4,
      38,
      2,
      9
    ],
    [
      2,
      2,
      4,
      2,
      4,
      1,
      5,
      3,
      27,
      7
    ],
    [
      3,
      1,
      3,
      2,
      3,
      1,
      2,
      5,
      1,
      73
    ]
  ],
  "labels": [
    "Culture",
    "Politics",
    "Education",
    "Family",
    "Tech",
    "Sports",
    "Entertainment",
    "Science",
    "Business",
    "Health"
  ]
}