{
  "classification_report": {
    "Family": {
      "precision": 0.5,
      "recall": 0.03333333333333333,
      "f1-score": 0.0625,
      "support": 120.0
    },
    "Sports": {
      "precision": 0.9583333333333334,
      "recall": 0.5542168674698795,
      "f1-score": 0.7022900763358778,
      "support": 83.0
    },
    "Entertainment": {
      "precision": 0.7454545454545455,
      "recall": 0.3867924528301887,
      "f1-score": 0.5093167701863354,
      "support": 106.0
    },
    "Education": {
      "precision": 0.509090909090909,
      "recall": 0.29473684210526313,
      "f1-score": 0.37333333333333335,
      "support": 95.0
    },
    "Health": {
      "precision": 0.8192771084337349,
      "recall": 0.6538461538461539,
      "f1-score": 0.7272727272727273,
      "support": 104.0
    },
    "Tech": {
      "precision": 0.9111111111111111,
      "recall": 0.4019607843137255,
      "f1-score": 0.5578231292517006,
      "support": 102.0
    },
    "Business": {
      "precision": 0.5,
      "recall": 0.08235294117647059,
      "f1-score": 0.1414141414141414,
      "support": 85.0
    },
    "Culture": {
      "precision": 0.37254901960784315,
      "recall": 0.17117117117117117,
      "f1-score": 0.2345679012345679,
      "support": 111.0
    },
    "Science": {
      "precision": 0.6785714285714286,
      "recall": 0.21839080459770116,
      "f1-score": 0.33043478260869563,
      "support": 87.0
    },
    "Politics": {
      "precision": 0.8387096774193549,
      "recall": 0.24299065420560748,
      "f1-score": 0.37681159420289856,
      "support": 107.0
    },
    "micro avg": {
      "precision": 0.715311004784689,
      "recall": 0.299,
      "f1-score": 0.4217207334273625,
      "support": 1000.0
    },
    "macro avg": {
      "precision": 0.6833097133022261,
      "recall": 0.3039792005049494,
      "f1-score": 0.4015764455840277,
      "support": 1000.0
    },
    "weighted avg": {
      "precision": 0.6776922284049826,
      "recall": 0.299,
      "f1-score": 0.3949025491862389,
      "support": 1000.0
    }
  },
  "accuracy": 0.299,
  "confusion_matrix": [
    [
      4,
      0,
      0,
      2,
      1,
      0,
      0,
      0,
      0,
      0
    ],
    [
      0,
      46,
      2,
      1,
      0,
      1,
      0,
      3,
      1,
      0
    ],
    [
      1,
      0,
      41,
      3,
      0,
      0,
      0,
      8,
      1,
      0
    ],
    [
      0,
      0,
      1,
      28,
      2,
      0,
      4,
      6,
      2,
      0
    ],
    [
      0,
      1,
      1,
      1,
      68,
      0,
      0,
      2,
      1,
      0
    ],
    [
      1,
      0,
      1,
      2,
      0,
      41,
      1,
      1,
      0,
      0
    ],
    [
      1,
      0,
      4,
      3,
      3,
      2,
      7,
      4,
      1,
      0
    ],
    [
      0,
      1,
      0,
      1,
      2,
      0,
      1,
      19,
      2,
      4
    ],
    [
      0,
      0,
      2,
      9,
      5,
      1,
      0,
      1,
      19,
      1
    ],
    [
      1,
      0,
      3,
      5,
      2,
      0,
      1,
      7,
      1,
      26
    ]
  ],
  "labels": [
    "Family",
    "Sports",
    "Entertainment",
    "Education",
    "Health",
    "Tech",
    "Business",
    "Culture",
    "Science",
    "Politics"
  ]
}