{
  "classification_report": {
    "Family": {
      "precision": 0.4909090909090909,
      "recall": 0.675,
      "f1-score": 0.5684210526315789,
      "support": 120.0
    },
    "Culture": {
      "precision": 0.3422818791946309,
      "recall": 0.4594594594594595,
      "f1-score": 0.3923076923076923,
      "support": 111.0
    },
    "Sports": {
      "precision": 0.8431372549019608,
      "recall": 0.5180722891566265,
      "f1-score": 0.6417910447761194,
      "support": 83.0
    },
    "Health": {
      "precision": 0.625,
      "recall": 0.7211538461538461,
      "f1-score": 0.6696428571428571,
      "support": 104.0
    },
    "Education": {
      "precision": 0.4444444444444444,
      "recall": 0.37894736842105264,
      "f1-score": 0.4090909090909091,
      "support": 95.0
    },
    "Science": {
      "precision": 0.5692307692307692,
      "recall": 0.42528735632183906,
      "f1-score": 0.4868421052631579,
      "support": 87.0
    },
    "Business": {
      "precision": 0.4864864864864865,
      "recall": 0.4235294117647059,
      "f1-score": 0.4528301886792453,
      "support": 85.0
    },
    "Tech": {
      "precision": 0.6966292134831461,
      "recall": 0.6078431372549019,
      "f1-score": 0.6492146596858639,
      "support": 102.0
    },
    "Politics": {
      "precision": 0.6419753086419753,
      "recall": 0.48598130841121495,
      "f1-score": 0.5531914893617021,
      "support": 107.0
    },
    "Entertainment": {
      "precision": 0.514018691588785,
      "recall": 0.5188679245283019,
      "f1-score": 0.5164319248826291,
      "support": 106.0
    },
    "micro avg": {
      "precision": 0.5376782077393075,
      "recall": 0.528,
      "f1-score": 0.5327951564076691,
      "support": 1000.0
    },
    "macro avg": {
      "precision": 0.5654113138881289,
      "recall": 0.5214142101471948,
      "f1-score": 0.5339763923821754,
      "support": 1000.0
    },
    "weighted avg": {
      "precision": 0.5592129412615916,
      "recall": 0.528,
      "f1-score": 0.5345308282677043,
      "support": 1000.0
    }
  },
  "accuracy": 0.528,
  "confusion_matrix": [
    [
      81,
      14,
      0,
      5,
      3,
      1,
      0,
      1,
      3,
      3
    ],
    [
      17,
      51,
      3,
      8,
      5,
      3,
      3,
      0,
      11,
      9
    ],
    [
      6,
      9,
      43,
      4,
      3,
      2,
      3,
      1,
      1,
      11
    ],
    [
      16,
      3,
      0,
      75,
      3,
      2,
      1,
      3,
      1,
      0
    ],
    [
      5,
      17,
      1,
      1,
      36,
      8,
      9,
      6,
      8,
      4
    ],
    [
      5,
      7,
      1,
      7,
      15,
      37,
      3,
      4,
      1,
      7
    ],
    [
      10,
      12,
      0,
      7,
      4,
      3,
      36,
      5,
      3,
      5
    ],
    [
      6,
      5,
      0,
      2,
      1,
      4,
      9,
      62,
      0,
      5
    ],
    [
      7,
      15,
      1,
      6,
      4,
      3,
      8,
      3,
      52,
      8
    ],
    [
      12,
      16,
      2,
      5,
      7,
      2,
      2,
      4,
      1,
      55
    ]
  ],
  "labels": [
    "Family",
    "Culture",
    "Sports",
    "Health",
    "Education",
    "Science",
    "Business",
    "Tech",
    "Politics",
    "Entertainment"
  ]
}