{
  "classification_report": {
    "Science": {
      "precision": 0.6595744680851063,
      "recall": 0.3563218390804598,
      "f1-score": 0.4626865671641791,
      "support": 87.0
    },
    "Family": {
      "precision": 0.5,
      "recall": 0.13333333333333333,
      "f1-score": 0.21052631578947367,
      "support": 120.0
    },
    "Tech": {
      "precision": 0.7452830188679245,
      "recall": 0.7745098039215687,
      "f1-score": 0.7596153846153846,
      "support": 102.0
    },
    "Politics": {
      "precision": 0.7241379310344828,
      "recall": 0.3925233644859813,
      "f1-score": 0.509090909090909,
      "support": 107.0
    },
    "Education": {
      "precision": 0.42857142857142855,
      "recall": 0.37894736842105264,
      "f1-score": 0.4022346368715084,
      "support": 95.0
    },
    "Entertainment": {
      "precision": 0.6095238095238096,
      "recall": 0.6037735849056604,
      "f1-score": 0.6066350710900474,
      "support": 106.0
    },
    "Health": {
      "precision": 0.7272727272727273,
      "recall": 0.6923076923076923,
      "f1-score": 0.7093596059113301,
      "support": 104.0
    },
    "Sports": {
      "precision": 0.9795918367346939,
      "recall": 0.5783132530120482,
      "f1-score": 0.7272727272727273,
      "support": 83.0
    },
    "Culture": {
      "precision": 0.3629032258064516,
      "recall": 0.40540540540540543,
      "f1-score": 0.3829787234042553,
      "support": 111.0
    },
    "Business": {
      "precision": 0.6363636363636364,
      "recall": 0.24705882352941178,
      "f1-score": 0.3559322033898305,
      "support": 85.0
    },
    "micro avg": {
      "precision": 0.6160108548168249,
      "recall": 0.454,
      "f1-score": 0.5227403569372481,
      "support": 1000.0
    },
    "macro avg": {
      "precision": 0.6373222082260261,
      "recall": 0.45624944684026136,
      "f1-score": 0.5126332144599646,
      "support": 1000.0
    },
    "weighted avg": {
      "precision": 0.6275240680332002,
      "recall": 0.454,
      "f1-score": 0.5068879047442779,
      "support": 1000.0
    }
  },
  "accuracy": 0.454,
  "confusion_matrix": [
    [
      31,
      0,
      4,
      0,
      17,
      6,
      6,
      0,
      3,
      2
    ],
    [
      0,
      16,
      1,
      0,
      4,
      4,
      4,
      0,
      15,
      0
    ],
    [
      2,
      2,
      79,
      0,
      2,
      4,
      0,
      0,
      4,
      2
    ],
    [
      1,
      2,
      2,
      42,
      5,
      6,
      5,
      0,
      15,
      1
    ],
    [
      5,
      3,
      2,
      2,
      36,
      5,
      4,
      0,
      13,
      3
    ],
    [
      3,
      2,
      2,
      0,
      3,
      64,
      1,
      0,
      12,
      0
    ],
    [
      0,
      3,
      4,
      1,
      3,
      2,
      72,
      0,
      3,
      1
    ],
    [
      1,
      1,
      7,
      2,
      4,
      3,
      1,
      48,
      6,
      1
    ],
    [
      2,
      2,
      0,
      9,
      3,
      7,
      1,
      1,
      45,
      2
    ],
    [
      2,
      1,
      5,
      2,
      7,
      4,
      5,
      0,
      8,
      21
    ]
  ],
  "labels": [
    "Science",
    "Family",
    "Tech",
    "Politics",
    "Education",
    "Entertainment",
    "Health",
    "Sports",
    "Culture",
    "Business"
  ]
}