{
  "classification_report": {
    "Science": {
      "precision": 0.7,
      "recall": 0.3218390804597701,
      "f1-score": 0.4409448818897638,
      "support": 87.0
    },
    "Education": {
      "precision": 0.42045454545454547,
      "recall": 0.3894736842105263,
      "f1-score": 0.40437158469945356,
      "support": 95.0
    },
    "Family": {
      "precision": 0.75,
      "recall": 0.15,
      "f1-score": 0.25,
      "support": 120.0
    },
    "Tech": {
      "precision": 0.7941176470588235,
      "recall": 0.2647058823529412,
      "f1-score": 0.39705882352941174,
      "support": 102.0
    },
    "Culture": {
      "precision": 0.39361702127659576,
      "recall": 0.3333333333333333,
      "f1-score": 0.36097560975609755,
      "support": 111.0
    },
    "Business": {
      "precision": 0.4482758620689655,
      "recall": 0.15294117647058825,
      "f1-score": 0.22807017543859648,
      "support": 85.0
    },
    "Entertainment": {
      "precision": 0.625,
      "recall": 0.4716981132075472,
      "f1-score": 0.5376344086021505,
      "support": 106.0
    },
    "Sports": {
      "precision": 0.9333333333333333,
      "recall": 0.3373493975903614,
      "f1-score": 0.49557522123893805,
      "support": 83.0
    },
    "Health": {
      "precision": 0.6779661016949152,
      "recall": 0.38461538461538464,
      "f1-score": 0.49079754601226994,
      "support": 104.0
    },
    "Politics": {
      "precision": 0.6976744186046512,
      "recall": 0.2803738317757009,
      "f1-score": 0.4,
      "support": 107.0
    },
    "micro avg": {
      "precision": 0.5911708253358925,
      "recall": 0.308,
      "f1-score": 0.4049967126890204,
      "support": 1000.0
    },
    "macro avg": {
      "precision": 0.644043892949183,
      "recall": 0.3086329884016153,
      "f1-score": 0.40054282511666817,
      "support": 1000.0
    },
    "weighted avg": {
      "precision": 0.6425144234893816,
      "recall": 0.308,
      "f1-score": 0.39869669832600096,
      "support": 1000.0
    }
  },
  "accuracy": 0.308,
  "confusion_matrix": [
    [
      28,
      16,
      0,
      1,
      7,
      3,
      4,
      0,
      5,
      1
    ],
    [
      6,
      37,
      0,
      1,
      5,
      6,
      2,
      1,
      1,
      1
    ],
    [
      0,
      3,
      18,
      0,
      9,
      1,
      2,
      0,
      0,
      0
    ],
    [
      0,
      2,
      1,
      27,
      4,
      2,
      3,
      0,
      0,
      0
    ],
    [
      0,
      5,
      3,
      0,
      37,
      1,
      6,
      1,
      2,
      5
    ],
    [
      1,
      5,
      0,
      2,
      6,
      13,
      7,
      0,
      3,
      2
    ],
    [
      1,
      3,
      0,
      1,
      12,
      0,
      50,
      0,
      1,
      1
    ],
    [
      1,
      4,
      0,
      0,
      3,
      1,
      2,
      28,
      1,
      2
    ],
    [
      2,
      3,
      0,
      2,
      1,
      0,
      0,
      0,
      40,
      1
    ],
    [
      1,
      10,
      2,
      0,
      10,
      2,
      4,
      0,
      6,
      30
    ]
  ],
  "labels": [
    "Science",
    "Education",
    "Family",
    "Tech",
    "Culture",
    "Business",
    "Entertainment",
    "Sports",
    "Health",
    "Politics"
  ]
}