{
  "classification_report": {
    "Tech": {
      "precision": 0.651685393258427,
      "recall": 0.5686274509803921,
      "f1-score": 0.6073298429319371,
      "support": 102.0
    },
    "Entertainment": {
      "precision": 0.6166666666666667,
      "recall": 0.3490566037735849,
      "f1-score": 0.4457831325301205,
      "support": 106.0
    },
    "Family": {
      "precision": 0.3783783783783784,
      "recall": 0.5833333333333334,
      "f1-score": 0.45901639344262296,
      "support": 120.0
    },
    "Culture": {
      "precision": 0.22310756972111553,
      "recall": 0.5045045045045045,
      "f1-score": 0.30939226519337015,
      "support": 111.0
    },
    "Politics": {
      "precision": 0.5974025974025974,
      "recall": 0.42990654205607476,
      "f1-score": 0.5,
      "support": 107.0
    },
    "Science": {
      "precision": 0.6296296296296297,
      "recall": 0.39080459770114945,
      "f1-score": 0.48226950354609927,
      "support": 87.0
    },
    "Business": {
      "precision": 0.3950617283950617,
      "recall": 0.3764705882352941,
      "f1-score": 0.3855421686746988,
      "support": 85.0
    },
    "Sports": {
      "precision": 0.8367346938775511,
      "recall": 0.4939759036144578,
      "f1-score": 0.6212121212121212,
      "support": 83.0
    },
    "Health": {
      "precision": 0.5425531914893617,
      "recall": 0.49038461538461536,
      "f1-score": 0.5151515151515151,
      "support": 104.0
    },
    "Education": {
      "precision": 0.4166666666666667,
      "recall": 0.2631578947368421,
      "f1-score": 0.3225806451612903,
      "support": 95.0
    },
    "accuracy": 0.45,
    "macro avg": {
      "precision": 0.5287886515485456,
      "recall": 0.4450222034320248,
      "f1-score": 0.46482775878437754,
      "support": 1000.0
    },
    "weighted avg": {
      "precision": 0.519746869876975,
      "recall": 0.45,
      "f1-score": 0.46263522074937546,
      "support": 1000.0
    }
  },
  "accuracy": 0.45,
  "confusion_matrix": [
    [
      58,
      4,
      10,
      12,
      0,
      1,
      9,
      1,
      4,
      3
    ],
    [
      4,
      37,
      20,
      27,
      2,
      2,
      4,
      1,
      4,
      5
    ],
    [
      1,
      1,
      70,
      30,
      3,
      1,
      2,
      0,
      9,
      3
    ],
    [
      3,
      4,
      22,
      56,
      7,
      4,
      5,
      5,
      2,
      3
    ],
    [
      3,
      0,
      11,
      28,
      46,
      1,
      6,
      1,
      6,
      5
    ],
    [
      5,
      4,
      8,
      14,
      2,
      34,
      2,
      0,
      8,
      10
    ],
    [
      7,
      0,
      11,
      22,
      3,
      2,
      32,
      0,
      6,
      2
    ],
    [
      2,
      2,
      4,
      15,
      6,
      2,
      7,
      41,
      2,
      2
    ],
    [
      3,
      4,
      21,
      17,
      0,
      2,
      4,
      0,
      51,
      2
    ],
    [
      3,
      4,
      8,
      30,
      8,
      5,
      10,
      0,
      2,
      25
    ]
  ],
  "labels": [
    "Tech",
    "Entertainment",
    "Family",
    "Culture",
    "Politics",
    "Science",
    "Business",
    "Sports",
    "Health",
    "Education"
  ]
}