{
  "classification_report": {
    "Entertainment": {
      "precision": 0.4819277108433735,
      "recall": 0.7547169811320755,
      "f1-score": 0.5882352941176471,
      "support": 106.0
    },
    "Family": {
      "precision": 0.6666666666666666,
      "recall": 0.4166666666666667,
      "f1-score": 0.5128205128205128,
      "support": 120.0
    },
    "Culture": {
      "precision": 0.42105263157894735,
      "recall": 0.5765765765765766,
      "f1-score": 0.4866920152091255,
      "support": 111.0
    },
    "Politics": {
      "precision": 0.7288135593220338,
      "recall": 0.40186915887850466,
      "f1-score": 0.5180722891566265,
      "support": 107.0
    },
    "Tech": {
      "precision": 0.8488372093023255,
      "recall": 0.7156862745098039,
      "f1-score": 0.776595744680851,
      "support": 102.0
    },
    "Sports": {
      "precision": 0.9107142857142857,
      "recall": 0.6144578313253012,
      "f1-score": 0.7338129496402878,
      "support": 83.0
    },
    "Health": {
      "precision": 0.7433628318584071,
      "recall": 0.8076923076923077,
      "f1-score": 0.7741935483870968,
      "support": 104.0
    },
    "Education": {
      "precision": 0.3712121212121212,
      "recall": 0.5157894736842106,
      "f1-score": 0.43171806167400884,
      "support": 95.0
    },
    "Science": {
      "precision": 0.65,
      "recall": 0.4482758620689655,
      "f1-score": 0.5306122448979592,
      "support": 87.0
    },
    "Business": {
      "precision": 0.53125,
      "recall": 0.4,
      "f1-score": 0.4563758389261745,
      "support": 85.0
    },
    "micro avg": {
      "precision": 0.5887850467289719,
      "recall": 0.567,
      "f1-score": 0.5776872134488028,
      "support": 1000.0
    },
    "macro avg": {
      "precision": 0.6353837016498162,
      "recall": 0.5651731132534412,
      "f1-score": 0.580912849951029,
      "support": 1000.0
    },
    "weighted avg": {
      "precision": 0.6322560473936671,
      "recall": 0.567,
      "f1-score": 0.579951748626631,
      "support": 1000.0
    }
  },
  "accuracy": 0.567,
  "confusion_matrix": [
    [
      80,
      2,
      13,
      2,
      1,
      0,
      0,
      3,
      1,
      0
    ],
    [
      11,
      50,
      21,
      1,
      1,
      0,
      7,
      6,
      1,
      3
    ],
    [
      18,
      7,
      64,
      5,
      0,
      0,
      3,
      9,
      3,
      1
    ],
    [
      8,
      4,
      19,
      43,
      0,
      0,
      2,
      17,
      2,
      9
    ],
    [
      10,
      2,
      4,
      0,
      73,
      0,
      0,
      4,
      1,
      6
    ],
    [
      11,
      0,
      5,
      3,
      2,
      51,
      0,
      5,
      4,
      1
    ],
    [
      1,
      4,
      3,
      1,
      4,
      2,
      84,
      5,
      0,
      0
    ],
    [
      7,
      2,
      12,
      2,
      1,
      2,
      3,
      49,
      7,
      8
    ],
    [
      5,
      0,
      7,
      1,
      3,
      0,
      8,
      22,
      39,
      2
    ],
    [
      15,
      4,
      4,
      1,
      1,
      1,
      6,
      12,
      2,
      34
    ]
  ],
  "labels": [
    "Entertainment",
    "Family",
    "Culture",
    "Politics",
    "Tech",
    "Sports",
    "Health",
    "Education",
    "Science",
    "Business"
  ]
}