{
  "classification_report": {
    "Sports": {
      "precision": 0.8604651162790697,
      "recall": 0.4457831325301205,
      "f1-score": 0.5873015873015873,
      "support": 83.0
    },
    "Education": {
      "precision": 0.34146341463414637,
      "recall": 0.14736842105263157,
      "f1-score": 0.20588235294117646,
      "support": 95.0
    },
    "Entertainment": {
      "precision": 0.49673202614379086,
      "recall": 0.7169811320754716,
      "f1-score": 0.5868725868725869,
      "support": 106.0
    },
    "Science": {
      "precision": 0.5,
      "recall": 0.4942528735632184,
      "f1-score": 0.49710982658959535,
      "support": 87.0
    },
    "Culture": {
      "precision": 0.41346153846153844,
      "recall": 0.38738738738738737,
      "f1-score": 0.4,
      "support": 111.0
    },
    "Politics": {
      "precision": 0.5698924731182796,
      "recall": 0.4953271028037383,
      "f1-score": 0.53,
      "support": 107.0
    },
    "Business": {
      "precision": 0.40298507462686567,
      "recall": 0.3176470588235294,
      "f1-score": 0.35526315789473684,
      "support": 85.0
    },
    "Family": {
      "precision": 0.6170212765957447,
      "recall": 0.24166666666666667,
      "f1-score": 0.3473053892215569,
      "support": 120.0
    },
    "Health": {
      "precision": 0.547945205479452,
      "recall": 0.7692307692307693,
      "f1-score": 0.64,
      "support": 104.0
    },
    "Tech": {
      "precision": 0.6847826086956522,
      "recall": 0.6176470588235294,
      "f1-score": 0.6494845360824743,
      "support": 102.0
    },
    "micro avg": {
      "precision": 0.533256880733945,
      "recall": 0.465,
      "f1-score": 0.4967948717948718,
      "support": 1000.0
    },
    "macro avg": {
      "precision": 0.543474873403454,
      "recall": 0.4633291602957062,
      "f1-score": 0.4799219436903714,
      "support": 1000.0
    },
    "weighted avg": {
      "precision": 0.5420143611971276,
      "recall": 0.465,
      "f1-score": 0.47955334220528434,
      "support": 1000.0
    }
  },
  "accuracy": 0.465,
  "confusion_matrix": [
    [
      37,
      3,
      16,
      3,
      3,
      6,
      2,
      1,
      3,
      5
    ],
    [
      0,
      14,
      9,
      15,
      14,
      5,
      14,
      1,
      6,
      4
    ],
    [
      2,
      2,
      76,
      0,
      8,
      1,
      0,
      1,
      6,
      3
    ],
    [
      0,
      8,
      5,
      43,
      4,
      3,
      4,
      0,
      12,
      1
    ],
    [
      0,
      4,
      10,
      9,
      43,
      13,
      3,
      4,
      9,
      3
    ],
    [
      0,
      5,
      7,
      8,
      7,
      53,
      8,
      1,
      4,
      1
    ],
    [
      2,
      2,
      7,
      1,
      8,
      7,
      27,
      5,
      10,
      7
    ],
    [
      0,
      2,
      9,
      0,
      13,
      3,
      1,
      29,
      10,
      2
    ],
    [
      2,
      1,
      2,
      4,
      1,
      2,
      2,
      4,
      80,
      3
    ],
    [
      0,
      0,
      12,
      3,
      3,
      0,
      6,
      1,
      6,
      63
    ]
  ],
  "labels": [
    "Sports",
    "Education",
    "Entertainment",
    "Science",
    "Culture",
    "Politics",
    "Business",
    "Family",
    "Health",
    "Tech"
  ]
}