{
  "classification_report": {
    "Health": {
      "precision": 0.512,
      "recall": 0.6153846153846154,
      "f1-score": 0.5589519650655022,
      "support": 104.0
    },
    "Culture": {
      "precision": 0.38095238095238093,
      "recall": 0.07207207207207207,
      "f1-score": 0.12121212121212122,
      "support": 111.0
    },
    "Family": {
      "precision": 0.625,
      "recall": 0.041666666666666664,
      "f1-score": 0.078125,
      "support": 120.0
    },
    "Education": {
      "precision": 0.4375,
      "recall": 0.14736842105263157,
      "f1-score": 0.2204724409448819,
      "support": 95.0
    },
    "Tech": {
      "precision": 0.8095238095238095,
      "recall": 0.3333333333333333,
      "f1-score": 0.4722222222222222,
      "support": 102.0
    },
    "Science": {
      "precision": 0.4166666666666667,
      "recall": 0.1724137931034483,
      "f1-score": 0.24390243902439024,
      "support": 87.0
    },
    "Business": {
      "precision": 0.35714285714285715,
      "recall": 0.11764705882352941,
      "f1-score": 0.17699115044247787,
      "support": 85.0
    },
    "Sports": {
      "precision": 0.9565217391304348,
      "recall": 0.26506024096385544,
      "f1-score": 0.41509433962264153,
      "support": 83.0
    },
    "Politics": {
      "precision": 0.5128205128205128,
      "recall": 0.18691588785046728,
      "f1-score": 0.273972602739726,
      "support": 107.0
    },
    "Entertainment": {
      "precision": 0.43529411764705883,
      "recall": 0.3490566037735849,
      "f1-score": 0.387434554973822,
      "support": 106.0
    },
    "micro avg": {
      "precision": 0.5216400911161732,
      "recall": 0.229,
      "f1-score": 0.3182765809589993,
      "support": 1000.0
    },
    "macro avg": {
      "precision": 0.5443422083883721,
      "recall": 0.23009186930242045,
      "f1-score": 0.29483788362477853,
      "support": 1000.0
    },
    "weighted avg": {
      "precision": 0.541679061404495,
      "recall": 0.229,
      "f1-score": 0.29117181986957574,
      "support": 1000.0
    }
  },
  "accuracy": 0.229,
  "confusion_matrix": [
    [
      64,
      0,
      0,
      1,
      1,
      2,
      0,
      0,
      1,
      1
    ],
    [
      10,
      8,
      0,
      1,
      1,
      7,
      2,
      0,
      8,
      5
    ],
    [
      9,
      0,
      5,
      0,
      1,
      0,
      1,
      0,
      3,
      6
    ],
    [
      10,
      2,
      1,
      14,
      0,
      5,
      6,
      1,
      2,
      6
    ],
    [
      5,
      0,
      0,
      2,
      34,
      0,
      1,
      0,
      0,
      3
    ],
    [
      8,
      1,
      0,
      7,
      1,
      15,
      4,
      0,
      0,
      3
    ],
    [
      7,
      0,
      1,
      4,
      1,
      2,
      10,
      0,
      0,
      4
    ],
    [
      1,
      2,
      0,
      0,
      3,
      1,
      2,
      22,
      4,
      12
    ],
    [
      6,
      2,
      1,
      3,
      0,
      2,
      2,
      0,
      20,
      8
    ],
    [
      5,
      6,
      0,
      0,
      0,
      2,
      0,
      0,
      1,
      37
    ]
  ],
  "labels": [
    "Health",
    "Culture",
    "Family",
    "Education",
    "Tech",
    "Science",
    "Business",
    "Sports",
    "Politics",
    "Entertainment"
  ]
}