{
  "classification_report": {
    "Health": {
      "precision": 0.7075471698113207,
      "recall": 0.7211538461538461,
      "f1-score": 0.7142857142857143,
      "support": 104.0
    },
    "Tech": {
      "precision": 0.7450980392156863,
      "recall": 0.7450980392156863,
      "f1-score": 0.7450980392156863,
      "support": 102.0
    },
    "Education": {
      "precision": 0.4235294117647059,
      "recall": 0.37894736842105264,
      "f1-score": 0.4,
      "support": 95.0
    },
    "Entertainment": {
      "precision": 0.6063829787234043,
      "recall": 0.5377358490566038,
      "f1-score": 0.57,
      "support": 106.0
    },
    "Politics": {
      "precision": 0.6385542168674698,
      "recall": 0.4953271028037383,
      "f1-score": 0.5578947368421052,
      "support": 107.0
    },
    "Science": {
      "precision": 0.5512820512820513,
      "recall": 0.4942528735632184,
      "f1-score": 0.5212121212121212,
      "support": 87.0
    },
    "Culture": {
      "precision": 0.3699421965317919,
      "recall": 0.5765765765765766,
      "f1-score": 0.4507042253521127,
      "support": 111.0
    },
    "Sports": {
      "precision": 0.8225806451612904,
      "recall": 0.6144578313253012,
      "f1-score": 0.7034482758620689,
      "support": 83.0
    },
    "Business": {
      "precision": 0.4025974025974026,
      "recall": 0.36470588235294116,
      "f1-score": 0.38271604938271603,
      "support": 85.0
    },
    "Family": {
      "precision": 0.6142857142857143,
      "recall": 0.7166666666666667,
      "f1-score": 0.6615384615384615,
      "support": 120.0
    },
    "accuracy": 0.572,
    "macro avg": {
      "precision": 0.5881799826240839,
      "recall": 0.5644922036135631,
      "f1-score": 0.5706897623690986,
      "support": 1000.0
    },
    "weighted avg": {
      "precision": 0.5876564774875439,
      "recall": 0.572,
      "f1-score": 0.5740757611660565,
      "support": 1000.0
    }
  },
  "accuracy": 0.572,
  "confusion_matrix": [
    [
      75,
      4,
      4,
      2,
      2,
      3,
      3,
      1,
      3,
      7
    ],
    [
      1,
      76,
      2,
      3,
      3,
      2,
      5,
      0,
      6,
      4
    ],
    [
      2,
      6,
      36,
      2,
      2,
      14,
      17,
      2,
      8,
      6
    ],
    [
      1,
      2,
      5,
      57,
      5,
      1,
      22,
      2,
      4,
      7
    ],
    [
      5,
      0,
      9,
      3,
      53,
      2,
      20,
      0,
      8,
      7
    ],
    [
      9,
      4,
      9,
      4,
      2,
      43,
      7,
      0,
      4,
      5
    ],
    [
      6,
      1,
      2,
      9,
      4,
      6,
      64,
      3,
      7,
      9
    ],
    [
      2,
      3,
      4,
      8,
      1,
      3,
      7,
      51,
      4,
      0
    ],
    [
      3,
      5,
      12,
      4,
      7,
      3,
      10,
      1,
      31,
      9
    ],
    [
      2,
      1,
      2,
      2,
      4,
      1,
      18,
      2,
      2,
      86
    ]
  ],
  "labels": [
    "Health",
    "Tech",
    "Education",
    "Entertainment",
    "Politics",
    "Science",
    "Culture",
    "Sports",
    "Business",
    "Family"
  ]
}