{
  "classification_report": {
    "Sports": {
      "precision": 0.8421052631578947,
      "recall": 0.3855421686746988,
      "f1-score": 0.5289256198347108,
      "support": 83.0
    },
    "Politics": {
      "precision": 0.5494505494505495,
      "recall": 0.4672897196261682,
      "f1-score": 0.5050505050505051,
      "support": 107.0
    },
    "Health": {
      "precision": 0.5952380952380952,
      "recall": 0.7211538461538461,
      "f1-score": 0.6521739130434783,
      "support": 104.0
    },
    "Business": {
      "precision": 0.4782608695652174,
      "recall": 0.38823529411764707,
      "f1-score": 0.42857142857142855,
      "support": 85.0
    },
    "Family": {
      "precision": 0.5,
      "recall": 0.16666666666666666,
      "f1-score": 0.25,
      "support": 120.0
    },
    "Education": {
      "precision": 0.4406779661016949,
      "recall": 0.2736842105263158,
      "f1-score": 0.33766233766233766,
      "support": 95.0
    },
    "Culture": {
      "precision": 0.3764705882352941,
      "recall": 0.2882882882882883,
      "f1-score": 0.32653061224489793,
      "support": 111.0
    },
    "Science": {
      "precision": 0.5679012345679012,
      "recall": 0.5287356321839081,
      "f1-score": 0.5476190476190477,
      "support": 87.0
    },
    "Tech": {
      "precision": 0.5855855855855856,
      "recall": 0.6372549019607843,
      "f1-score": 0.6103286384976526,
      "support": 102.0
    },
    "Entertainment": {
      "precision": 0.4,
      "recall": 0.6415094339622641,
      "f1-score": 0.4927536231884058,
      "support": 106.0
    },
    "micro avg": {
      "precision": 0.5137931034482759,
      "recall": 0.447,
      "f1-score": 0.47807486631016044,
      "support": 1000.0
    },
    "macro avg": {
      "precision": 0.5335690151902233,
      "recall": 0.44983601621605873,
      "f1-score": 0.46796157257124654,
      "support": 1000.0
    },
    "weighted avg": {
      "precision": 0.5264326606620352,
      "recall": 0.447,
      "f1-score": 0.4626469712364727,
      "support": 1000.0
    }
  },
  "accuracy": 0.447,
  "confusion_matrix": [
    [
      32,
      4,
      2,
      3,
      0,
      2,
      5,
      5,
      12,
      15
    ],
    [
      1,
      50,
      5,
      10,
      2,
      5,
      5,
      4,
      3,
      12
    ],
    [
      0,
      2,
      75,
      1,
      4,
      5,
      5,
      1,
      3,
      5
    ],
    [
      1,
      8,
      8,
      33,
      2,
      1,
      1,
      3,
      9,
      10
    ],
    [
      1,
      1,
      8,
      1,
      20,
      2,
      12,
      0,
      2,
      17
    ],
    [
      0,
      5,
      4,
      11,
      1,
      26,
      9,
      12,
      5,
      12
    ],
    [
      0,
      15,
      10,
      1,
      7,
      3,
      32,
      4,
      3,
      13
    ],
    [
      0,
      3,
      7,
      2,
      0,
      11,
      5,
      46,
      3,
      6
    ],
    [
      1,
      2,
      3,
      6,
      2,
      1,
      2,
      2,
      65,
      12
    ],
    [
      2,
      1,
      4,
      1,
      2,
      3,
      9,
      4,
      6,
      68
    ]
  ],
  "labels": [
    "Sports",
    "Politics",
    "Health",
    "Business",
    "Family",
    "Education",
    "Culture",
    "Science",
    "Tech",
    "Entertainment"
  ]
}