{
  "classification_report": {
    "Business": {
      "precision": 0.5571428571428572,
      "recall": 0.4588235294117647,
      "f1-score": 0.5032258064516129,
      "support": 85.0
    },
    "Culture": {
      "precision": 0.46774193548387094,
      "recall": 0.5225225225225225,
      "f1-score": 0.49361702127659574,
      "support": 111.0
    },
    "Tech": {
      "precision": 0.7959183673469388,
      "recall": 0.7647058823529411,
      "f1-score": 0.78,
      "support": 102.0
    },
    "Sports": {
      "precision": 0.8909090909090909,
      "recall": 0.5903614457831325,
      "f1-score": 0.7101449275362319,
      "support": 83.0
    },
    "Education": {
      "precision": 0.44,
      "recall": 0.4631578947368421,
      "f1-score": 0.4512820512820513,
      "support": 95.0
    },
    "Health": {
      "precision": 0.71900826446281,
      "recall": 0.8365384615384616,
      "f1-score": 0.7733333333333333,
      "support": 104.0
    },
    "Entertainment": {
      "precision": 0.5347222222222222,
      "recall": 0.7264150943396226,
      "f1-score": 0.616,
      "support": 106.0
    },
    "Family": {
      "precision": 0.6214285714285714,
      "recall": 0.725,
      "f1-score": 0.6692307692307692,
      "support": 120.0
    },
    "Politics": {
      "precision": 0.726027397260274,
      "recall": 0.4953271028037383,
      "f1-score": 0.5888888888888889,
      "support": 107.0
    },
    "Science": {
      "precision": 0.6984126984126984,
      "recall": 0.5057471264367817,
      "f1-score": 0.5866666666666667,
      "support": 87.0
    },
    "micro avg": {
      "precision": 0.6234817813765182,
      "recall": 0.616,
      "f1-score": 0.6197183098591549,
      "support": 1000.0
    },
    "macro avg": {
      "precision": 0.6451311404669333,
      "recall": 0.6088599059925808,
      "f1-score": 0.617238946466615,
      "support": 1000.0
    },
    "weighted avg": {
      "precision": 0.6406813056105652,
      "recall": 0.616,
      "f1-score": 0.6190209768528614,
      "support": 1000.0
    }
  },
  "accuracy": 0.616,
  "confusion_matrix": [
    [
      39,
      5,
      2,
      0,
      9,
      4,
      10,
      9,
      3,
      2
    ],
    [
      2,
      58,
      1,
      2,
      1,
      5,
      13,
      16,
      8,
      5
    ],
    [
      5,
      4,
      78,
      0,
      4,
      0,
      7,
      4,
      0,
      0
    ],
    [
      2,
      5,
      4,
      49,
      6,
      1,
      10,
      3,
      1,
      2
    ],
    [
      6,
      13,
      4,
      1,
      44,
      2,
      7,
      5,
      3,
      7
    ],
    [
      1,
      0,
      1,
      0,
      5,
      87,
      2,
      5,
      2,
      1
    ],
    [
      1,
      8,
      4,
      2,
      5,
      1,
      77,
      5,
      1,
      0
    ],
    [
      3,
      8,
      1,
      1,
      5,
      8,
      5,
      87,
      1,
      0
    ],
    [
      10,
      17,
      0,
      0,
      7,
      7,
      6,
      4,
      53,
      2
    ],
    [
      1,
      6,
      3,
      0,
      14,
      6,
      7,
      2,
      1,
      44
    ]
  ],
  "labels": [
    "Business",
    "Culture",
    "Tech",
    "Sports",
    "Education",
    "Health",
    "Entertainment",
    "Family",
    "Politics",
    "Science"
  ]
}