{
  "classification_report": {
    "Culture": {
      "precision": 0.5352112676056338,
      "recall": 0.34234234234234234,
      "f1-score": 0.4175824175824176,
      "support": 111.0
    },
    "Entertainment": {
      "precision": 0.5590551181102362,
      "recall": 0.6698113207547169,
      "f1-score": 0.6094420600858369,
      "support": 106.0
    },
    "Tech": {
      "precision": 0.7916666666666666,
      "recall": 0.7450980392156863,
      "f1-score": 0.7676767676767676,
      "support": 102.0
    },
    "Business": {
      "precision": 0.5238095238095238,
      "recall": 0.38823529411764707,
      "f1-score": 0.44594594594594594,
      "support": 85.0
    },
    "Education": {
      "precision": 0.36054421768707484,
      "recall": 0.5578947368421052,
      "f1-score": 0.4380165289256198,
      "support": 95.0
    },
    "Politics": {
      "precision": 0.6666666666666666,
      "recall": 0.4485981308411215,
      "f1-score": 0.5363128491620112,
      "support": 107.0
    },
    "Health": {
      "precision": 0.5886524822695035,
      "recall": 0.7980769230769231,
      "f1-score": 0.6775510204081633,
      "support": 104.0
    },
    "Sports": {
      "precision": 0.8461538461538461,
      "recall": 0.6626506024096386,
      "f1-score": 0.7432432432432432,
      "support": 83.0
    },
    "Science": {
      "precision": 0.6875,
      "recall": 0.3793103448275862,
      "f1-score": 0.4888888888888889,
      "support": 87.0
    },
    "Family": {
      "precision": 0.65625,
      "recall": 0.35,
      "f1-score": 0.45652173913043476,
      "support": 120.0
    },
    "micro avg": {
      "precision": 0.5950782997762863,
      "recall": 0.532,
      "f1-score": 0.5617740232312566,
      "support": 1000.0
    },
    "macro avg": {
      "precision": 0.6215509788969152,
      "recall": 0.5342017734427766,
      "f1-score": 0.5581181461049328,
      "support": 1000.0
    },
    "weighted avg": {
      "precision": 0.6195402641481229,
      "recall": 0.532,
      "f1-score": 0.5556284248780754,
      "support": 1000.0
    }
  },
  "accuracy": 0.532,
  "confusion_matrix": [
    [
      38,
      13,
      1,
      3,
      10,
      11,
      8,
      1,
      4,
      5
    ],
    [
      3,
      71,
      3,
      3,
      9,
      0,
      3,
      2,
      1,
      1
    ],
    [
      1,
      7,
      76,
      5,
      5,
      0,
      0,
      0,
      0,
      3
    ],
    [
      1,
      8,
      3,
      33,
      11,
      2,
      8,
      3,
      1,
      6
    ],
    [
      9,
      3,
      1,
      8,
      53,
      3,
      4,
      0,
      5,
      2
    ],
    [
      6,
      8,
      1,
      6,
      11,
      48,
      5,
      0,
      2,
      3
    ],
    [
      1,
      3,
      1,
      1,
      4,
      2,
      83,
      3,
      1,
      1
    ],
    [
      2,
      2,
      3,
      2,
      9,
      0,
      6,
      55,
      1,
      1
    ],
    [
      2,
      2,
      4,
      1,
      27,
      2,
      12,
      0,
      33,
      0
    ],
    [
      8,
      10,
      3,
      1,
      8,
      4,
      12,
      1,
      0,
      42
    ]
  ],
  "labels": [
    "Culture",
    "Entertainment",
    "Tech",
    "Business",
    "Education",
    "Politics",
    "Health",
    "Sports",
    "Science",
    "Family"
  ]
}