{
  "classification_report": {
    "Family": {
      "precision": 0.5534591194968553,
      "recall": 0.7333333333333333,
      "f1-score": 0.6308243727598566,
      "support": 120.0
    },
    "Business": {
      "precision": 0.4794520547945205,
      "recall": 0.4117647058823529,
      "f1-score": 0.4430379746835443,
      "support": 85.0
    },
    "Politics": {
      "precision": 0.6363636363636364,
      "recall": 0.5233644859813084,
      "f1-score": 0.5743589743589743,
      "support": 107.0
    },
    "Entertainment": {
      "precision": 0.5888888888888889,
      "recall": 0.5,
      "f1-score": 0.5408163265306123,
      "support": 106.0
    },
    "Culture": {
      "precision": 0.36875,
      "recall": 0.5315315315315315,
      "f1-score": 0.4354243542435424,
      "support": 111.0
    },
    "Sports": {
      "precision": 0.9166666666666666,
      "recall": 0.5301204819277109,
      "f1-score": 0.6717557251908397,
      "support": 83.0
    },
    "Science": {
      "precision": 0.6721311475409836,
      "recall": 0.47126436781609193,
      "f1-score": 0.5540540540540541,
      "support": 87.0
    },
    "Tech": {
      "precision": 0.782608695652174,
      "recall": 0.7058823529411765,
      "f1-score": 0.7422680412371134,
      "support": 102.0
    },
    "Health": {
      "precision": 0.5918367346938775,
      "recall": 0.8365384615384616,
      "f1-score": 0.6932270916334662,
      "support": 104.0
    },
    "Education": {
      "precision": 0.524390243902439,
      "recall": 0.45263157894736844,
      "f1-score": 0.4858757062146893,
      "support": 95.0
    },
    "accuracy": 0.578,
    "macro avg": {
      "precision": 0.6114547188000043,
      "recall": 0.5696431299899336,
      "f1-score": 0.5771642620906693,
      "support": 1000.0
    },
    "weighted avg": {
      "precision": 0.604365824015104,
      "recall": 0.578,
      "f1-score": 0.5783957744889763,
      "support": 1000.0
    }
  },
  "accuracy": 0.578,
  "confusion_matrix": [
    [
      88,
      0,
      2,
      3,
      16,
      0,
      1,
      0,
      9,
      1
    ],
    [
      13,
      35,
      4,
      3,
      9,
      0,
      3,
      5,
      8,
      5
    ],
    [
      5,
      7,
      56,
      4,
      19,
      0,
      1,
      0,
      8,
      7
    ],
    [
      16,
      1,
      2,
      53,
      22,
      1,
      2,
      3,
      4,
      2
    ],
    [
      16,
      4,
      13,
      6,
      59,
      2,
      3,
      0,
      7,
      1
    ],
    [
      7,
      3,
      1,
      9,
      8,
      44,
      3,
      3,
      2,
      3
    ],
    [
      3,
      2,
      1,
      5,
      5,
      0,
      41,
      3,
      12,
      15
    ],
    [
      4,
      8,
      1,
      2,
      6,
      0,
      2,
      72,
      5,
      2
    ],
    [
      5,
      1,
      2,
      2,
      2,
      0,
      0,
      2,
      87,
      3
    ],
    [
      2,
      12,
      6,
      3,
      14,
      1,
      5,
      4,
      5,
      43
    ]
  ],
  "labels": [
    "Family",
    "Business",
    "Politics",
    "Entertainment",
    "Culture",
    "Sports",
    "Science",
    "Tech",
    "Health",
    "Education"
  ]
}