{
  "classification_report": {
    "Business": {
      "precision": 0.484375,
      "recall": 0.36470588235294116,
      "f1-score": 0.4161073825503356,
      "support": 85.0
    },
    "Politics": {
      "precision": 0.6617647058823529,
      "recall": 0.4205607476635514,
      "f1-score": 0.5142857142857142,
      "support": 107.0
    },
    "Entertainment": {
      "precision": 0.591304347826087,
      "recall": 0.6415094339622641,
      "f1-score": 0.6153846153846154,
      "support": 106.0
    },
    "Health": {
      "precision": 0.656,
      "recall": 0.7884615384615384,
      "f1-score": 0.7161572052401747,
      "support": 104.0
    },
    "Sports": {
      "precision": 0.9047619047619048,
      "recall": 0.6867469879518072,
      "f1-score": 0.7808219178082192,
      "support": 83.0
    },
    "Science": {
      "precision": 0.68,
      "recall": 0.39080459770114945,
      "f1-score": 0.49635036496350365,
      "support": 87.0
    },
    "Culture": {
      "precision": 0.5263157894736842,
      "recall": 0.36036036036036034,
      "f1-score": 0.42780748663101603,
      "support": 111.0
    },
    "Family": {
      "precision": 0.6781609195402298,
      "recall": 0.49166666666666664,
      "f1-score": 0.5700483091787439,
      "support": 120.0
    },
    "Tech": {
      "precision": 0.8636363636363636,
      "recall": 0.7450980392156863,
      "f1-score": 0.8,
      "support": 102.0
    },
    "Education": {
      "precision": 0.4152542372881356,
      "recall": 0.5157894736842106,
      "f1-score": 0.460093896713615,
      "support": 95.0
    },
    "micro avg": {
      "precision": 0.6334894613583139,
      "recall": 0.541,
      "f1-score": 0.5836030204962244,
      "support": 1000.0
    },
    "macro avg": {
      "precision": 0.6461573268408758,
      "recall": 0.5405703728020176,
      "f1-score": 0.5797056892755938,
      "support": 1000.0
    },
    "weighted avg": {
      "precision": 0.6444786221039036,
      "recall": 0.541,
      "f1-score": 0.5793008667562898,
      "support": 1000.0
    }
  },
  "accuracy": 0.541,
  "confusion_matrix": [
    [
      31,
      1,
      7,
      3,
      0,
      1,
      3,
      7,
      3,
      12
    ],
    [
      6,
      45,
      9,
      4,
      0,
      2,
      5,
      4,
      0,
      9
    ],
    [
      1,
      2,
      68,
      3,
      1,
      1,
      12,
      3,
      1,
      4
    ],
    [
      1,
      2,
      1,
      82,
      1,
      1,
      0,
      2,
      3,
      3
    ],
    [
      1,
      1,
      7,
      3,
      57,
      3,
      1,
      1,
      1,
      4
    ],
    [
      4,
      2,
      2,
      7,
      0,
      34,
      0,
      1,
      2,
      22
    ],
    [
      3,
      9,
      11,
      12,
      1,
      2,
      40,
      8,
      0,
      3
    ],
    [
      5,
      2,
      2,
      7,
      1,
      1,
      6,
      59,
      1,
      6
    ],
    [
      7,
      0,
      4,
      1,
      1,
      1,
      2,
      0,
      76,
      6
    ],
    [
      5,
      4,
      4,
      3,
      1,
      4,
      7,
      2,
      1,
      49
    ]
  ],
  "labels": [
    "Business",
    "Politics",
    "Entertainment",
    "Health",
    "Sports",
    "Science",
    "Culture",
    "Family",
    "Tech",
    "Education"
  ]
}