{
  "classification_report": {
    "Family": {
      "precision": 0.65,
      "recall": 0.43333333333333335,
      "f1-score": 0.52,
      "support": 120.0
    },
    "Science": {
      "precision": 0.71875,
      "recall": 0.5287356321839081,
      "f1-score": 0.609271523178808,
      "support": 87.0
    },
    "Tech": {
      "precision": 0.6293103448275862,
      "recall": 0.7156862745098039,
      "f1-score": 0.6697247706422018,
      "support": 102.0
    },
    "Politics": {
      "precision": 0.5166666666666667,
      "recall": 0.5794392523364486,
      "f1-score": 0.5462555066079295,
      "support": 107.0
    },
    "Business": {
      "precision": 0.47368421052631576,
      "recall": 0.4235294117647059,
      "f1-score": 0.4472049689440994,
      "support": 85.0
    },
    "Culture": {
      "precision": 0.45794392523364486,
      "recall": 0.44144144144144143,
      "f1-score": 0.44954128440366975,
      "support": 111.0
    },
    "Health": {
      "precision": 0.547945205479452,
      "recall": 0.7692307692307693,
      "f1-score": 0.64,
      "support": 104.0
    },
    "Education": {
      "precision": 0.475,
      "recall": 0.2,
      "f1-score": 0.2814814814814815,
      "support": 95.0
    },
    "Sports": {
      "precision": 0.9,
      "recall": 0.43373493975903615,
      "f1-score": 0.5853658536585366,
      "support": 83.0
    },
    "Entertainment": {
      "precision": 0.42408376963350786,
      "recall": 0.7641509433962265,
      "f1-score": 0.5454545454545454,
      "support": 106.0
    },
    "micro avg": {
      "precision": 0.5448979591836735,
      "recall": 0.534,
      "f1-score": 0.5393939393939394,
      "support": 1000.0
    },
    "macro avg": {
      "precision": 0.5793384122367173,
      "recall": 0.5289281997955674,
      "f1-score": 0.5294299934371273,
      "support": 1000.0
    },
    "weighted avg": {
      "precision": 0.5728633530524335,
      "recall": 0.534,
      "f1-score": 0.5297836816707462,
      "support": 1000.0
    }
  },
  "accuracy": 0.534,
  "confusion_matrix": [
    [
      52,
      0,
      4,
      6,
      1,
      14,
      15,
      0,
      0,
      17
    ],
    [
      0,
      46,
      6,
      5,
      1,
      5,
      8,
      6,
      0,
      10
    ],
    [
      2,
      2,
      73,
      1,
      8,
      1,
      4,
      2,
      0,
      7
    ],
    [
      2,
      1,
      3,
      62,
      7,
      6,
      4,
      3,
      0,
      18
    ],
    [
      4,
      1,
      7,
      6,
      36,
      5,
      10,
      2,
      1,
      9
    ],
    [
      9,
      4,
      0,
      22,
      1,
      49,
      8,
      2,
      1,
      13
    ],
    [
      3,
      0,
      5,
      4,
      1,
      2,
      80,
      2,
      0,
      7
    ],
    [
      3,
      8,
      6,
      7,
      15,
      18,
      8,
      19,
      0,
      11
    ],
    [
      4,
      0,
      8,
      5,
      3,
      3,
      4,
      2,
      36,
      18
    ],
    [
      1,
      2,
      4,
      2,
      3,
      4,
      5,
      2,
      2,
      81
    ]
  ],
  "labels": [
    "Family",
    "Science",
    "Tech",
    "Politics",
    "Business",
    "Culture",
    "Health",
    "Education",
    "Sports",
    "Entertainment"
  ]
}