{
  "classification_report": {
    "Tech": {
      "precision": 0.9102564102564102,
      "recall": 0.696078431372549,
      "f1-score": 0.7888888888888889,
      "support": 102.0
    },
    "Politics": {
      "precision": 0.7352941176470589,
      "recall": 0.4672897196261682,
      "f1-score": 0.5714285714285714,
      "support": 107.0
    },
    "Science": {
      "precision": 0.6984126984126984,
      "recall": 0.5057471264367817,
      "f1-score": 0.5866666666666667,
      "support": 87.0
    },
    "Entertainment": {
      "precision": 0.5474452554744526,
      "recall": 0.7075471698113207,
      "f1-score": 0.6172839506172839,
      "support": 106.0
    },
    "Family": {
      "precision": 0.8461538461538461,
      "recall": 0.4583333333333333,
      "f1-score": 0.5945945945945946,
      "support": 120.0
    },
    "Education": {
      "precision": 0.391304347826087,
      "recall": 0.5684210526315789,
      "f1-score": 0.463519313304721,
      "support": 95.0
    },
    "Business": {
      "precision": 0.425531914893617,
      "recall": 0.47058823529411764,
      "f1-score": 0.44692737430167595,
      "support": 85.0
    },
    "Culture": {
      "precision": 0.4369747899159664,
      "recall": 0.46846846846846846,
      "f1-score": 0.45217391304347826,
      "support": 111.0
    },
    "Health": {
      "precision": 0.704,
      "recall": 0.8461538461538461,
      "f1-score": 0.7685589519650655,
      "support": 104.0
    },
    "Sports": {
      "precision": 0.9047619047619048,
      "recall": 0.6867469879518072,
      "f1-score": 0.7808219178082192,
      "support": 83.0
    },
    "micro avg": {
      "precision": 0.6168421052631579,
      "recall": 0.586,
      "f1-score": 0.601025641025641,
      "support": 1000.0
    },
    "macro avg": {
      "precision": 0.6600135285342041,
      "recall": 0.587537437107997,
      "f1-score": 0.6070864142619166,
      "support": 1000.0
    },
    "weighted avg": {
      "precision": 0.6620117534003934,
      "recall": 0.586,
      "f1-score": 0.6063857900361733,
      "support": 1000.0
    }
  },
  "accuracy": 0.586,
  "confusion_matrix": [
    [
      71,
      0,
      2,
      9,
      1,
      3,
      8,
      5,
      0,
      0
    ],
    [
      0,
      50,
      1,
      7,
      2,
      12,
      11,
      12,
      4,
      0
    ],
    [
      1,
      0,
      44,
      5,
      0,
      25,
      3,
      1,
      6,
      0
    ],
    [
      1,
      1,
      1,
      75,
      0,
      4,
      6,
      12,
      2,
      2
    ],
    [
      0,
      2,
      0,
      6,
      55,
      9,
      10,
      13,
      7,
      0
    ],
    [
      2,
      3,
      6,
      7,
      0,
      54,
      7,
      7,
      4,
      1
    ],
    [
      2,
      3,
      1,
      5,
      3,
      11,
      40,
      8,
      6,
      1
    ],
    [
      0,
      7,
      5,
      15,
      3,
      9,
      5,
      52,
      7,
      2
    ],
    [
      1,
      1,
      2,
      0,
      1,
      4,
      1,
      5,
      88,
      0
    ],
    [
      0,
      1,
      1,
      8,
      0,
      7,
      3,
      4,
      1,
      57
    ]
  ],
  "labels": [
    "Tech",
    "Politics",
    "Science",
    "Entertainment",
    "Family",
    "Education",
    "Business",
    "Culture",
    "Health",
    "Sports"
  ]
}