{
  "classification_report": {
    "Business": {
      "precision": 0.47368421052631576,
      "recall": 0.4235294117647059,
      "f1-score": 0.4472049689440994,
      "support": 85.0
    },
    "Family": {
      "precision": 0.7283950617283951,
      "recall": 0.49166666666666664,
      "f1-score": 0.5870646766169154,
      "support": 120.0
    },
    "Entertainment": {
      "precision": 0.5289256198347108,
      "recall": 0.6037735849056604,
      "f1-score": 0.5638766519823789,
      "support": 106.0
    },
    "Sports": {
      "precision": 0.8064516129032258,
      "recall": 0.6024096385542169,
      "f1-score": 0.6896551724137931,
      "support": 83.0
    },
    "Tech": {
      "precision": 0.8166666666666667,
      "recall": 0.4803921568627451,
      "f1-score": 0.6049382716049383,
      "support": 102.0
    },
    "Health": {
      "precision": 0.5925925925925926,
      "recall": 0.6153846153846154,
      "f1-score": 0.6037735849056604,
      "support": 104.0
    },
    "Politics": {
      "precision": 0.5842696629213483,
      "recall": 0.48598130841121495,
      "f1-score": 0.5306122448979592,
      "support": 107.0
    },
    "Science": {
      "precision": 0.6842105263157895,
      "recall": 0.4482758620689655,
      "f1-score": 0.5416666666666666,
      "support": 87.0
    },
    "Culture": {
      "precision": 0.42201834862385323,
      "recall": 0.4144144144144144,
      "f1-score": 0.41818181818181815,
      "support": 111.0
    },
    "Education": {
      "precision": 0.41284403669724773,
      "recall": 0.47368421052631576,
      "f1-score": 0.4411764705882353,
      "support": 95.0
    },
    "micro avg": {
      "precision": 0.5779816513761468,
      "recall": 0.504,
      "f1-score": 0.5384615384615384,
      "support": 1000.0
    },
    "macro avg": {
      "precision": 0.6050058338810145,
      "recall": 0.5039511869559521,
      "f1-score": 0.5428150526802465,
      "support": 1000.0
    },
    "weighted avg": {
      "precision": 0.6037091844107652,
      "recall": 0.504,
      "f1-score": 0.5421991012367935,
      "support": 1000.0
    }
  },
  "accuracy": 0.504,
  "confusion_matrix": [
    [
      36,
      6,
      7,
      1,
      2,
      3,
      8,
      0,
      5,
      8
    ],
    [
      4,
      59,
      2,
      1,
      0,
      5,
      4,
      0,
      11,
      4
    ],
    [
      3,
      1,
      64,
      3,
      0,
      2,
      3,
      0,
      16,
      5
    ],
    [
      4,
      0,
      7,
      50,
      2,
      4,
      0,
      3,
      2,
      3
    ],
    [
      9,
      1,
      5,
      1,
      49,
      2,
      0,
      1,
      3,
      6
    ],
    [
      0,
      2,
      1,
      2,
      1,
      64,
      2,
      1,
      4,
      4
    ],
    [
      8,
      3,
      10,
      0,
      1,
      4,
      52,
      4,
      9,
      9
    ],
    [
      3,
      0,
      3,
      2,
      3,
      7,
      3,
      39,
      2,
      22
    ],
    [
      3,
      8,
      14,
      2,
      0,
      12,
      11,
      2,
      46,
      3
    ],
    [
      6,
      1,
      8,
      0,
      2,
      5,
      6,
      7,
      11,
      45
    ]
  ],
  "labels": [
    "Business",
    "Family",
    "Entertainment",
    "Sports",
    "Tech",
    "Health",
    "Politics",
    "Science",
    "Culture",
    "Education"
  ]
}