{
  "classification_report": {
    "Family": {
      "precision": 0.6474820143884892,
      "recall": 0.75,
      "f1-score": 0.694980694980695,
      "support": 120.0
    },
    "Culture": {
      "precision": 0.3959731543624161,
      "recall": 0.5315315315315315,
      "f1-score": 0.45384615384615384,
      "support": 111.0
    },
    "Health": {
      "precision": 0.7452830188679245,
      "recall": 0.7596153846153846,
      "f1-score": 0.7523809523809524,
      "support": 104.0
    },
    "Tech": {
      "precision": 0.7155963302752294,
      "recall": 0.7647058823529411,
      "f1-score": 0.7393364928909952,
      "support": 102.0
    },
    "Science": {
      "precision": 0.6923076923076923,
      "recall": 0.41379310344827586,
      "f1-score": 0.5179856115107914,
      "support": 87.0
    },
    "Politics": {
      "precision": 0.7215189873417721,
      "recall": 0.5327102803738317,
      "f1-score": 0.6129032258064516,
      "support": 107.0
    },
    "Sports": {
      "precision": 0.96,
      "recall": 0.5783132530120482,
      "f1-score": 0.7218045112781954,
      "support": 83.0
    },
    "Education": {
      "precision": 0.45161290322580644,
      "recall": 0.4421052631578947,
      "f1-score": 0.44680851063829785,
      "support": 95.0
    },
    "Entertainment": {
      "precision": 0.64,
      "recall": 0.6037735849056604,
      "f1-score": 0.6213592233009708,
      "support": 106.0
    },
    "Business": {
      "precision": 0.58,
      "recall": 0.3411764705882353,
      "f1-score": 0.42962962962962964,
      "support": 85.0
    },
    "micro avg": {
      "precision": 0.627831715210356,
      "recall": 0.582,
      "f1-score": 0.6040477426050856,
      "support": 1000.0
    },
    "macro avg": {
      "precision": 0.654977410076933,
      "recall": 0.5717724753985803,
      "f1-score": 0.5991035006263133,
      "support": 1000.0
    },
    "weighted avg": {
      "precision": 0.6493076481939748,
      "recall": 0.582,
      "f1-score": 0.6028191202949861,
      "support": 1000.0
    }
  },
  "accuracy": 0.582,
  "confusion_matrix": [
    [
      90,
      10,
      5,
      2,
      0,
      2,
      0,
      3,
      3,
      0
    ],
    [
      12,
      59,
      3,
      1,
      3,
      9,
      1,
      5,
      8,
      4
    ],
    [
      4,
      6,
      79,
      4,
      1,
      1,
      0,
      4,
      1,
      1
    ],
    [
      2,
      4,
      0,
      78,
      1,
      0,
      0,
      5,
      4,
      3
    ],
    [
      1,
      7,
      8,
      6,
      36,
      1,
      1,
      17,
      4,
      0
    ],
    [
      7,
      11,
      3,
      3,
      1,
      57,
      0,
      5,
      4,
      3
    ],
    [
      3,
      9,
      2,
      4,
      2,
      1,
      48,
      3,
      4,
      4
    ],
    [
      4,
      20,
      3,
      4,
      4,
      4,
      0,
      42,
      2,
      5
    ],
    [
      7,
      14,
      0,
      2,
      2,
      1,
      0,
      3,
      64,
      1
    ],
    [
      9,
      9,
      3,
      5,
      2,
      3,
      0,
      6,
      6,
      29
    ]
  ],
  "labels": [
    "Family",
    "Culture",
    "Health",
    "Tech",
    "Science",
    "Politics",
    "Sports",
    "Education",
    "Entertainment",
    "Business"
  ]
}