{
  "classification_report": {
    "Education": {
      "precision": 0.36666666666666664,
      "recall": 0.4631578947368421,
      "f1-score": 0.40930232558139534,
      "support": 95.0
    },
    "Business": {
      "precision": 0.48148148148148145,
      "recall": 0.3058823529411765,
      "f1-score": 0.37410071942446044,
      "support": 85.0
    },
    "Health": {
      "precision": 0.6923076923076923,
      "recall": 0.7788461538461539,
      "f1-score": 0.7330316742081447,
      "support": 104.0
    },
    "Politics": {
      "precision": 0.75,
      "recall": 0.3644859813084112,
      "f1-score": 0.49056603773584906,
      "support": 107.0
    },
    "Culture": {
      "precision": 0.408,
      "recall": 0.4594594594594595,
      "f1-score": 0.4322033898305085,
      "support": 111.0
    },
    "Science": {
      "precision": 0.6785714285714286,
      "recall": 0.4367816091954023,
      "f1-score": 0.5314685314685315,
      "support": 87.0
    },
    "Tech": {
      "precision": 0.7727272727272727,
      "recall": 0.6666666666666666,
      "f1-score": 0.7157894736842105,
      "support": 102.0
    },
    "Sports": {
      "precision": 0.8867924528301887,
      "recall": 0.5662650602409639,
      "f1-score": 0.6911764705882353,
      "support": 83.0
    },
    "Family": {
      "precision": 0.5384615384615384,
      "recall": 0.11666666666666667,
      "f1-score": 0.1917808219178082,
      "support": 120.0
    },
    "Entertainment": {
      "precision": 0.43915343915343913,
      "recall": 0.7830188679245284,
      "f1-score": 0.5627118644067797,
      "support": 106.0
    },
    "micro avg": {
      "precision": 0.5579545454545455,
      "recall": 0.491,
      "f1-score": 0.5223404255319148,
      "support": 1000.0
    },
    "macro avg": {
      "precision": 0.6014161972199707,
      "recall": 0.494123071298627,
      "f1-score": 0.5132131308845922,
      "support": 1000.0
    },
    "weighted avg": {
      "precision": 0.5959205781137101,
      "recall": 0.491,
      "f1-score": 0.506659810377512,
      "support": 1000.0
    }
  },
  "accuracy": 0.491,
  "confusion_matrix": [
    [
      44,
      8,
      3,
      2,
      14,
      4,
      3,
      1,
      1,
      7
    ],
    [
      12,
      26,
      4,
      0,
      8,
      2,
      5,
      2,
      4,
      10
    ],
    [
      3,
      1,
      81,
      1,
      4,
      2,
      1,
      1,
      1,
      5
    ],
    [
      15,
      6,
      4,
      39,
      10,
      1,
      2,
      0,
      1,
      13
    ],
    [
      8,
      1,
      6,
      5,
      51,
      3,
      0,
      2,
      3,
      20
    ],
    [
      17,
      2,
      5,
      1,
      5,
      38,
      2,
      0,
      2,
      9
    ],
    [
      5,
      5,
      3,
      1,
      2,
      1,
      68,
      0,
      0,
      11
    ],
    [
      6,
      3,
      1,
      2,
      3,
      4,
      5,
      47,
      0,
      8
    ],
    [
      7,
      2,
      8,
      0,
      19,
      0,
      1,
      0,
      14,
      23
    ],
    [
      3,
      0,
      2,
      1,
      9,
      1,
      1,
      0,
      0,
      83
    ]
  ],
  "labels": [
    "Education",
    "Business",
    "Health",
    "Politics",
    "Culture",
    "Science",
    "Tech",
    "Sports",
    "Family",
    "Entertainment"
  ]
}