{
  "classification_report": {
    "Business & Finance": {
      "precision": 0.5,
      "recall": 0.3764705882352941,
      "f1-score": 0.42953020134228187,
      "support": 85.0
    },
    "Computers & Internet": {
      "precision": 0.7407407407407407,
      "recall": 0.7843137254901961,
      "f1-score": 0.7619047619047619,
      "support": 102.0
    },
    "Culture": {
      "precision": 0.4019607843137255,
      "recall": 0.36936936936936937,
      "f1-score": 0.38497652582159625,
      "support": 111.0
    },
    "Education & Reference": {
      "precision": 0.5070422535211268,
      "recall": 0.37894736842105264,
      "f1-score": 0.43373493975903615,
      "support": 95.0
    },
    "Entertainment & Music": {
      "precision": 0.6631578947368421,
      "recall": 0.5943396226415094,
      "f1-score": 0.6268656716417911,
      "support": 106.0
    },
    "Family & Relationships": {
      "precision": 0.3971631205673759,
      "recall": 0.9333333333333333,
      "f1-score": 0.5572139303482587,
      "support": 120.0
    },
    "Health": {
      "precision": 0.7264150943396226,
      "recall": 0.7403846153846154,
      "f1-score": 0.7333333333333333,
      "support": 104.0
    },
    "Politics & Government": {
      "precision": 0.6619718309859155,
      "recall": 0.4392523364485981,
      "f1-score": 0.5280898876404494,
      "support": 107.0
    },
    "Science": {
      "precision": 0.7307692307692307,
      "recall": 0.4367816091954023,
      "f1-score": 0.5467625899280576,
      "support": 87.0
    },
    "Sports": {
      "precision": 0.8979591836734694,
      "recall": 0.5301204819277109,
      "f1-score": 0.6666666666666666,
      "support": 83.0
    },
    "accuracy": 0.57,
    "macro avg": {
      "precision": 0.6227180133648049,
      "recall": 0.5583313050447082,
      "f1-score": 0.5669078508386234,
      "support": 1000.0
    },
    "weighted avg": {
      "precision": 0.6132822190577113,
      "recall": 0.57,
      "f1-score": 0.5671489626087753,
      "support": 1000.0
    }
  },
  "accuracy": 0.57,
  "confusion_matrix": [
    [
      32,
      5,
      6,
      7,
      3,
      24,
      6,
      1,
      0,
      1
    ],
    [
      4,
      80,
      1,
      2,
      4,
      6,
      2,
      1,
      2,
      0
    ],
    [
      1,
      2,
      41,
      2,
      7,
      40,
      1,
      13,
      3,
      1
    ],
    [
      10,
      4,
      15,
      36,
      2,
      18,
      1,
      4,
      5,
      0
    ],
    [
      1,
      1,
      16,
      0,
      63,
      18,
      2,
      2,
      2,
      1
    ],
    [
      0,
      1,
      4,
      1,
      1,
      112,
      1,
      0,
      0,
      0
    ],
    [
      1,
      1,
      1,
      3,
      1,
      18,
      77,
      1,
      0,
      1
    ],
    [
      10,
      2,
      6,
      8,
      3,
      24,
      5,
      47,
      2,
      0
    ],
    [
      3,
      9,
      6,
      10,
      1,
      8,
      10,
      1,
      38,
      1
    ],
    [
      2,
      3,
      6,
      2,
      10,
      14,
      1,
      1,
      0,
      44
    ]
  ],
  "labels": [
    "Business & Finance",
    "Computers & Internet",
    "Culture",
    "Education & Reference",
    "Entertainment & Music",
    "Family & Relationships",
    "Health",
    "Politics & Government",
    "Science",
    "Sports"
  ]
}