{
  "classification_report": {
    "Politics": {
      "precision": 0.6140350877192983,
      "recall": 0.32710280373831774,
      "f1-score": 0.4268292682926829,
      "support": 107.0
    },
    "Family": {
      "precision": 0.7236842105263158,
      "recall": 0.4583333333333333,
      "f1-score": 0.5612244897959183,
      "support": 120.0
    },
    "Education": {
      "precision": 0.4482758620689655,
      "recall": 0.5473684210526316,
      "f1-score": 0.4928909952606635,
      "support": 95.0
    },
    "Business": {
      "precision": 0.4647887323943662,
      "recall": 0.38823529411764707,
      "f1-score": 0.4230769230769231,
      "support": 85.0
    },
    "Culture": {
      "precision": 0.5853658536585366,
      "recall": 0.43243243243243246,
      "f1-score": 0.49740932642487046,
      "support": 111.0
    },
    "Health": {
      "precision": 0.6046511627906976,
      "recall": 0.5,
      "f1-score": 0.5473684210526316,
      "support": 104.0
    },
    "Tech": {
      "precision": 0.8297872340425532,
      "recall": 0.38235294117647056,
      "f1-score": 0.5234899328859061,
      "support": 102.0
    },
    "Science": {
      "precision": 0.7021276595744681,
      "recall": 0.3793103448275862,
      "f1-score": 0.4925373134328358,
      "support": 87.0
    },
    "Entertainment": {
      "precision": 0.5688073394495413,
      "recall": 0.5849056603773585,
      "f1-score": 0.5767441860465117,
      "support": 106.0
    },
    "Sports": {
      "precision": 0.875,
      "recall": 0.5060240963855421,
      "f1-score": 0.6412213740458015,
      "support": 83.0
    },
    "micro avg": {
      "precision": 0.6102841677943166,
      "recall": 0.451,
      "f1-score": 0.518688901667625,
      "support": 1000.0
    },
    "macro avg": {
      "precision": 0.6416523142224743,
      "recall": 0.450606532744132,
      "f1-score": 0.5182792230314746,
      "support": 1000.0
    },
    "weighted avg": {
      "precision": 0.6411384217224964,
      "recall": 0.451,
      "f1-score": 0.518545581706514,
      "support": 1000.0
    }
  },
  "accuracy": 0.451,
  "confusion_matrix": [
    [
      35,
      3,
      8,
      7,
      6,
      3,
      0,
      2,
      11,
      0
    ],
    [
      2,
      55,
      7,
      7,
      5,
      5,
      1,
      1,
      1,
      1
    ],
    [
      4,
      0,
      52,
      5,
      3,
      3,
      0,
      4,
      5,
      1
    ],
    [
      1,
      6,
      12,
      33,
      4,
      1,
      1,
      1,
      5,
      0
    ],
    [
      8,
      6,
      2,
      4,
      48,
      10,
      0,
      2,
      12,
      1
    ],
    [
      2,
      2,
      3,
      1,
      0,
      52,
      3,
      1,
      1,
      1
    ],
    [
      0,
      1,
      4,
      6,
      2,
      1,
      39,
      1,
      3,
      1
    ],
    [
      2,
      1,
      22,
      4,
      1,
      6,
      1,
      33,
      2,
      0
    ],
    [
      2,
      1,
      3,
      1,
      12,
      2,
      1,
      0,
      62,
      1
    ],
    [
      1,
      1,
      3,
      3,
      1,
      3,
      1,
      2,
      7,
      42
    ]
  ],
  "labels": [
    "Politics",
    "Family",
    "Education",
    "Business",
    "Culture",
    "Health",
    "Tech",
    "Science",
    "Entertainment",
    "Sports"
  ]
}