{
  "classification_report": {
    "Entertainment": {
      "precision": 0.5529411764705883,
      "recall": 0.44339622641509435,
      "f1-score": 0.49214659685863876,
      "support": 106.0
    },
    "Culture": {
      "precision": 0.5,
      "recall": 0.27927927927927926,
      "f1-score": 0.3583815028901734,
      "support": 111.0
    },
    "Science": {
      "precision": 0.7111111111111111,
      "recall": 0.367816091954023,
      "f1-score": 0.48484848484848486,
      "support": 87.0
    },
    "Politics": {
      "precision": 0.6590909090909091,
      "recall": 0.27102803738317754,
      "f1-score": 0.3841059602649007,
      "support": 107.0
    },
    "Business": {
      "precision": 0.39436619718309857,
      "recall": 0.32941176470588235,
      "f1-score": 0.358974358974359,
      "support": 85.0
    },
    "Education": {
      "precision": 0.42201834862385323,
      "recall": 0.4842105263157895,
      "f1-score": 0.45098039215686275,
      "support": 95.0
    },
    "Family": {
      "precision": 0.7,
      "recall": 0.23333333333333334,
      "f1-score": 0.35,
      "support": 120.0
    },
    "Tech": {
      "precision": 0.7777777777777778,
      "recall": 0.3431372549019608,
      "f1-score": 0.47619047619047616,
      "support": 102.0
    },
    "Health": {
      "precision": 0.5555555555555556,
      "recall": 0.33653846153846156,
      "f1-score": 0.41916167664670656,
      "support": 104.0
    },
    "Sports": {
      "precision": 0.8611111111111112,
      "recall": 0.37349397590361444,
      "f1-score": 0.5210084033613446,
      "support": 83.0
    },
    "micro avg": {
      "precision": 0.57,
      "recall": 0.342,
      "f1-score": 0.4275,
      "support": 1000.0
    },
    "macro avg": {
      "precision": 0.6133972186924005,
      "recall": 0.3461644951730617,
      "f1-score": 0.42957978521919465,
      "support": 1000.0
    },
    "weighted avg": {
      "precision": 0.612697361858439,
      "recall": 0.342,
      "f1-score": 0.4259929402073876,
      "support": 1000.0
    }
  },
  "accuracy": 0.342,
  "confusion_matrix": [
    [
      47,
      10,
      0,
      0,
      3,
      2,
      1,
      0,
      2,
      2
    ],
    [
      13,
      31,
      3,
      5,
      5,
      3,
      4,
      0,
      10,
      1
    ],
    [
      1,
      0,
      32,
      2,
      5,
      22,
      0,
      1,
      4,
      0
    ],
    [
      8,
      4,
      1,
      29,
      7,
      9,
      1,
      0,
      3,
      0
    ],
    [
      3,
      5,
      0,
      1,
      28,
      13,
      2,
      2,
      1,
      1
    ],
    [
      3,
      3,
      3,
      3,
      8,
      46,
      0,
      0,
      3,
      0
    ],
    [
      3,
      3,
      1,
      1,
      8,
      4,
      28,
      1,
      4,
      0
    ],
    [
      3,
      3,
      2,
      0,
      4,
      4,
      1,
      35,
      0,
      0
    ],
    [
      1,
      0,
      1,
      1,
      1,
      4,
      2,
      3,
      35,
      1
    ],
    [
      3,
      3,
      2,
      2,
      2,
      2,
      1,
      3,
      1,
      31
    ]
  ],
  "labels": [
    "Entertainment",
    "Culture",
    "Science",
    "Politics",
    "Business",
    "Education",
    "Family",
    "Tech",
    "Health",
    "Sports"
  ]
}