{
  "classification_report": {
    "Education": {
      "precision": 0.42857142857142855,
      "recall": 0.25263157894736843,
      "f1-score": 0.31788079470198677,
      "support": 95.0
    },
    "Entertainment": {
      "precision": 0.6792452830188679,
      "recall": 0.33962264150943394,
      "f1-score": 0.4528301886792453,
      "support": 106.0
    },
    "Science": {
      "precision": 0.5535714285714286,
      "recall": 0.3563218390804598,
      "f1-score": 0.43356643356643354,
      "support": 87.0
    },
    "Politics": {
      "precision": 0.5857142857142857,
      "recall": 0.38317757009345793,
      "f1-score": 0.4632768361581921,
      "support": 107.0
    },
    "Family": {
      "precision": 0.38,
      "recall": 0.6333333333333333,
      "f1-score": 0.475,
      "support": 120.0
    },
    "Business": {
      "precision": 0.3793103448275862,
      "recall": 0.38823529411764707,
      "f1-score": 0.38372093023255816,
      "support": 85.0
    },
    "Health": {
      "precision": 0.5978260869565217,
      "recall": 0.5288461538461539,
      "f1-score": 0.5612244897959183,
      "support": 104.0
    },
    "Culture": {
      "precision": 0.23255813953488372,
      "recall": 0.5405405405405406,
      "f1-score": 0.3252032520325203,
      "support": 111.0
    },
    "Sports": {
      "precision": 0.851063829787234,
      "recall": 0.4819277108433735,
      "f1-score": 0.6153846153846154,
      "support": 83.0
    },
    "Tech": {
      "precision": 0.6923076923076923,
      "recall": 0.5294117647058824,
      "f1-score": 0.6,
      "support": 102.0
    },
    "micro avg": {
      "precision": 0.45135406218655966,
      "recall": 0.45,
      "f1-score": 0.4506760140210315,
      "support": 1000.0
    },
    "macro avg": {
      "precision": 0.538016851928993,
      "recall": 0.44340484270176506,
      "f1-score": 0.46280875405514693,
      "support": 1000.0
    },
    "weighted avg": {
      "precision": 0.5306293569013488,
      "recall": 0.45,
      "f1-score": 0.4618476867469708,
      "support": 1000.0
    }
  },
  "accuracy": 0.45,
  "confusion_matrix": [
    [
      24,
      2,
      10,
      5,
      10,
      10,
      2,
      28,
      0,
      3
    ],
    [
      3,
      36,
      2,
      2,
      20,
      3,
      2,
      30,
      2,
      5
    ],
    [
      10,
      5,
      31,
      3,
      5,
      2,
      8,
      19,
      0,
      4
    ],
    [
      6,
      1,
      1,
      41,
      11,
      9,
      5,
      31,
      1,
      1
    ],
    [
      2,
      1,
      2,
      1,
      76,
      2,
      9,
      26,
      0,
      0
    ],
    [
      3,
      0,
      4,
      4,
      12,
      33,
      5,
      21,
      0,
      3
    ],
    [
      2,
      0,
      1,
      2,
      22,
      5,
      55,
      13,
      0,
      4
    ],
    [
      2,
      3,
      2,
      7,
      24,
      4,
      3,
      60,
      4,
      2
    ],
    [
      2,
      2,
      2,
      4,
      6,
      7,
      1,
      17,
      40,
      2
    ],
    [
      2,
      3,
      1,
      1,
      14,
      12,
      2,
      13,
      0,
      54
    ]
  ],
  "labels": [
    "Education",
    "Entertainment",
    "Science",
    "Politics",
    "Family",
    "Business",
    "Health",
    "Culture",
    "Sports",
    "Tech"
  ]
}