{
  "classification_report": {
    "Entertainment": {
      "precision": 0.5367647058823529,
      "recall": 0.6886792452830188,
      "f1-score": 0.6033057851239669,
      "support": 106.0
    },
    "Culture": {
      "precision": 0.4225352112676056,
      "recall": 0.2702702702702703,
      "f1-score": 0.32967032967032966,
      "support": 111.0
    },
    "Sports": {
      "precision": 0.7741935483870968,
      "recall": 0.5783132530120482,
      "f1-score": 0.6620689655172414,
      "support": 83.0
    },
    "Science": {
      "precision": 0.6842105263157895,
      "recall": 0.4482758620689655,
      "f1-score": 0.5416666666666666,
      "support": 87.0
    },
    "Tech": {
      "precision": 0.7578947368421053,
      "recall": 0.7058823529411765,
      "f1-score": 0.7309644670050761,
      "support": 102.0
    },
    "Politics": {
      "precision": 0.6567164179104478,
      "recall": 0.411214953271028,
      "f1-score": 0.5057471264367817,
      "support": 107.0
    },
    "Education": {
      "precision": 0.35074626865671643,
      "recall": 0.49473684210526314,
      "f1-score": 0.4104803493449782,
      "support": 95.0
    },
    "Family": {
      "precision": 0.5740740740740741,
      "recall": 0.25833333333333336,
      "f1-score": 0.3563218390804598,
      "support": 120.0
    },
    "Business": {
      "precision": 0.5294117647058824,
      "recall": 0.3176470588235294,
      "f1-score": 0.39705882352941174,
      "support": 85.0
    },
    "Health": {
      "precision": 0.6428571428571429,
      "recall": 0.7788461538461539,
      "f1-score": 0.7043478260869566,
      "support": 104.0
    },
    "micro avg": {
      "precision": 0.5767878077373975,
      "recall": 0.492,
      "f1-score": 0.5310307609282245,
      "support": 1000.0
    },
    "macro avg": {
      "precision": 0.5929404396899214,
      "recall": 0.4952199324954787,
      "f1-score": 0.5241632178461868,
      "support": 1000.0
    },
    "weighted avg": {
      "precision": 0.5892236947225689,
      "recall": 0.492,
      "f1-score": 0.5200502899082031,
      "support": 1000.0
    }
  },
  "accuracy": 0.492,
  "confusion_matrix": [
    [
      73,
      4,
      3,
      1,
      3,
      0,
      8,
      3,
      0,
      2
    ],
    [
      16,
      30,
      3,
      4,
      0,
      12,
      9,
      4,
      2,
      10
    ],
    [
      8,
      3,
      48,
      3,
      6,
      2,
      6,
      0,
      2,
      1
    ],
    [
      3,
      1,
      2,
      39,
      3,
      0,
      24,
      0,
      1,
      8
    ],
    [
      8,
      3,
      1,
      1,
      72,
      0,
      2,
      3,
      3,
      1
    ],
    [
      7,
      5,
      0,
      1,
      1,
      44,
      14,
      3,
      7,
      5
    ],
    [
      4,
      10,
      1,
      5,
      2,
      4,
      47,
      2,
      6,
      5
    ],
    [
      11,
      10,
      1,
      1,
      3,
      2,
      9,
      31,
      3,
      7
    ],
    [
      6,
      3,
      2,
      1,
      4,
      2,
      10,
      7,
      27,
      6
    ],
    [
      0,
      2,
      1,
      1,
      1,
      1,
      5,
      1,
      0,
      81
    ]
  ],
  "labels": [
    "Entertainment",
    "Culture",
    "Sports",
    "Science",
    "Tech",
    "Politics",
    "Education",
    "Family",
    "Business",
    "Health"
  ]
}