{
  "classification_report": {
    "Education": {
      "precision": 0.5,
      "recall": 0.17894736842105263,
      "f1-score": 0.26356589147286824,
      "support": 95.0
    },
    "Culture": {
      "precision": 0.3333333333333333,
      "recall": 0.08108108108108109,
      "f1-score": 0.13043478260869565,
      "support": 111.0
    },
    "Sports": {
      "precision": 0.9375,
      "recall": 0.3614457831325301,
      "f1-score": 0.5217391304347826,
      "support": 83.0
    },
    "Entertainment": {
      "precision": 0.53125,
      "recall": 0.4811320754716981,
      "f1-score": 0.504950495049505,
      "support": 106.0
    },
    "Politics": {
      "precision": 0.62,
      "recall": 0.2897196261682243,
      "f1-score": 0.39490445859872614,
      "support": 107.0
    },
    "Family": {
      "precision": 0.5,
      "recall": 0.05,
      "f1-score": 0.09090909090909091,
      "support": 120.0
    },
    "Health": {
      "precision": 0.6632653061224489,
      "recall": 0.625,
      "f1-score": 0.6435643564356436,
      "support": 104.0
    },
    "Tech": {
      "precision": 0.6851851851851852,
      "recall": 0.3627450980392157,
      "f1-score": 0.47435897435897434,
      "support": 102.0
    },
    "Science": {
      "precision": 0.5405405405405406,
      "recall": 0.22988505747126436,
      "f1-score": 0.3225806451612903,
      "support": 87.0
    },
    "Business": {
      "precision": 0.55,
      "recall": 0.12941176470588237,
      "f1-score": 0.20952380952380953,
      "support": 85.0
    },
    "micro avg": {
      "precision": 0.6021739130434782,
      "recall": 0.277,
      "f1-score": 0.37945205479452054,
      "support": 1000.0
    },
    "macro avg": {
      "precision": 0.5861074365181508,
      "recall": 0.2789367854490949,
      "f1-score": 0.3556531634553387,
      "support": 1000.0
    },
    "weighted avg": {
      "precision": 0.5776105077526507,
      "recall": 0.277,
      "f1-score": 0.35069933723245517,
      "support": 1000.0
    }
  },
  "accuracy": 0.277,
  "confusion_matrix": [
    [
      17,
      4,
      0,
      5,
      1,
      1,
      5,
      1,
      5,
      7
    ],
    [
      1,
      9,
      0,
      5,
      10,
      0,
      3,
      2,
      5,
      0
    ],
    [
      2,
      4,
      30,
      13,
      2,
      1,
      1,
      4,
      2,
      1
    ],
    [
      2,
      2,
      1,
      51,
      3,
      0,
      3,
      0,
      0,
      0
    ],
    [
      4,
      2,
      0,
      7,
      31,
      1,
      3,
      0,
      1,
      0
    ],
    [
      2,
      1,
      0,
      3,
      1,
      6,
      3,
      0,
      1,
      0
    ],
    [
      1,
      3,
      1,
      2,
      0,
      0,
      65,
      1,
      2,
      0
    ],
    [
      0,
      0,
      0,
      4,
      1,
      1,
      3,
      37,
      0,
      1
    ],
    [
      3,
      1,
      0,
      3,
      1,
      1,
      7,
      3,
      20,
      0
    ],
    [
      2,
      1,
      0,
      3,
      0,
      1,
      5,
      6,
      1,
      11
    ]
  ],
  "labels": [
    "Education",
    "Culture",
    "Sports",
    "Entertainment",
    "Politics",
    "Family",
    "Health",
    "Tech",
    "Science",
    "Business"
  ]
}