{
  "classification_report": {
    "Politics": {
      "precision": 0.603448275862069,
      "recall": 0.32710280373831774,
      "f1-score": 0.42424242424242425,
      "support": 107.0
    },
    "Business": {
      "precision": 0.5490196078431373,
      "recall": 0.32941176470588235,
      "f1-score": 0.4117647058823529,
      "support": 85.0
    },
    "Sports": {
      "precision": 0.8771929824561403,
      "recall": 0.6024096385542169,
      "f1-score": 0.7142857142857143,
      "support": 83.0
    },
    "Science": {
      "precision": 0.6666666666666666,
      "recall": 0.367816091954023,
      "f1-score": 0.4740740740740741,
      "support": 87.0
    },
    "Entertainment": {
      "precision": 0.4342857142857143,
      "recall": 0.7169811320754716,
      "f1-score": 0.5409252669039146,
      "support": 106.0
    },
    "Health": {
      "precision": 0.6576576576576577,
      "recall": 0.7019230769230769,
      "f1-score": 0.6790697674418604,
      "support": 104.0
    },
    "Culture": {
      "precision": 0.44954128440366975,
      "recall": 0.44144144144144143,
      "f1-score": 0.44545454545454544,
      "support": 111.0
    },
    "Family": {
      "precision": 0.5909090909090909,
      "recall": 0.10833333333333334,
      "f1-score": 0.18309859154929578,
      "support": 120.0
    },
    "Tech": {
      "precision": 0.8333333333333334,
      "recall": 0.5392156862745098,
      "f1-score": 0.6547619047619048,
      "support": 102.0
    },
    "Education": {
      "precision": 0.3732394366197183,
      "recall": 0.5578947368421052,
      "f1-score": 0.4472573839662447,
      "support": 95.0
    },
    "micro avg": {
      "precision": 0.5530393325387366,
      "recall": 0.464,
      "f1-score": 0.5046220772158782,
      "support": 1000.0
    },
    "macro avg": {
      "precision": 0.6035294050037197,
      "recall": 0.46925297058423787,
      "f1-score": 0.4974934378562332,
      "support": 1000.0
    },
    "weighted avg": {
      "precision": 0.5977392517952214,
      "recall": 0.464,
      "f1-score": 0.4895778835237441,
      "support": 1000.0
    }
  },
  "accuracy": 0.464,
  "confusion_matrix": [
    [
      35,
      5,
      0,
      1,
      11,
      7,
      10,
      1,
      0,
      16
    ],
    [
      0,
      28,
      0,
      0,
      12,
      5,
      4,
      3,
      2,
      12
    ],
    [
      3,
      3,
      50,
      1,
      9,
      0,
      3,
      0,
      2,
      6
    ],
    [
      2,
      1,
      1,
      32,
      7,
      6,
      6,
      0,
      1,
      22
    ],
    [
      1,
      0,
      2,
      1,
      76,
      0,
      7,
      0,
      2,
      8
    ],
    [
      1,
      0,
      1,
      1,
      3,
      73,
      4,
      1,
      1,
      5
    ],
    [
      11,
      2,
      1,
      3,
      18,
      6,
      49,
      3,
      1,
      6
    ],
    [
      2,
      0,
      0,
      1,
      21,
      11,
      14,
      13,
      1,
      11
    ],
    [
      0,
      7,
      1,
      1,
      13,
      0,
      5,
      0,
      55,
      3
    ],
    [
      3,
      5,
      1,
      7,
      5,
      3,
      7,
      1,
      1,
      53
    ]
  ],
  "labels": [
    "Politics",
    "Business",
    "Sports",
    "Science",
    "Entertainment",
    "Health",
    "Culture",
    "Family",
    "Tech",
    "Education"
  ]
}