{
  "classification_report": {
    "Politics": {
      "precision": 0.6701030927835051,
      "recall": 0.6074766355140186,
      "f1-score": 0.6372549019607843,
      "support": 107.0
    },
    "Entertainment": {
      "precision": 0.6347826086956522,
      "recall": 0.6886792452830188,
      "f1-score": 0.6606334841628959,
      "support": 106.0
    },
    "Culture": {
      "precision": 0.3712574850299401,
      "recall": 0.5585585585585585,
      "f1-score": 0.4460431654676259,
      "support": 111.0
    },
    "Business": {
      "precision": 0.5614035087719298,
      "recall": 0.3764705882352941,
      "f1-score": 0.4507042253521127,
      "support": 85.0
    },
    "Family": {
      "precision": 0.7888888888888889,
      "recall": 0.5916666666666667,
      "f1-score": 0.6761904761904762,
      "support": 120.0
    },
    "Sports": {
      "precision": 0.9016393442622951,
      "recall": 0.6626506024096386,
      "f1-score": 0.7638888888888888,
      "support": 83.0
    },
    "Science": {
      "precision": 0.7857142857142857,
      "recall": 0.5057471264367817,
      "f1-score": 0.6153846153846154,
      "support": 87.0
    },
    "Health": {
      "precision": 0.7435897435897436,
      "recall": 0.8365384615384616,
      "f1-score": 0.7873303167420814,
      "support": 104.0
    },
    "Tech": {
      "precision": 0.7714285714285715,
      "recall": 0.7941176470588235,
      "f1-score": 0.782608695652174,
      "support": 102.0
    },
    "Education": {
      "precision": 0.47959183673469385,
      "recall": 0.49473684210526314,
      "f1-score": 0.48704663212435234,
      "support": 95.0
    },
    "micro avg": {
      "precision": 0.6407061266874351,
      "recall": 0.617,
      "f1-score": 0.6286296484971982,
      "support": 1000.0
    },
    "macro avg": {
      "precision": 0.6708399365899507,
      "recall": 0.6116642373806525,
      "f1-score": 0.6307085401926007,
      "support": 1000.0
    },
    "weighted avg": {
      "precision": 0.6673570137399352,
      "recall": 0.617,
      "f1-score": 0.6320960407615152,
      "support": 1000.0
    }
  },
  "accuracy": 0.617,
  "confusion_matrix": [
    [
      65,
      4,
      18,
      4,
      3,
      0,
      2,
      4,
      0,
      4
    ],
    [
      3,
      73,
      17,
      1,
      1,
      1,
      0,
      0,
      1,
      4
    ],
    [
      11,
      10,
      62,
      2,
      7,
      3,
      2,
      6,
      0,
      1
    ],
    [
      5,
      6,
      13,
      32,
      5,
      1,
      0,
      3,
      5,
      10
    ],
    [
      1,
      5,
      21,
      0,
      71,
      0,
      0,
      5,
      2,
      6
    ],
    [
      0,
      5,
      7,
      2,
      0,
      55,
      1,
      0,
      6,
      6
    ],
    [
      2,
      3,
      6,
      4,
      0,
      0,
      44,
      8,
      4,
      13
    ],
    [
      2,
      1,
      5,
      0,
      0,
      1,
      1,
      87,
      4,
      3
    ],
    [
      0,
      4,
      4,
      5,
      1,
      0,
      1,
      1,
      81,
      4
    ],
    [
      8,
      4,
      14,
      7,
      2,
      0,
      5,
      3,
      2,
      47
    ]
  ],
  "labels": [
    "Politics",
    "Entertainment",
    "Culture",
    "Business",
    "Family",
    "Sports",
    "Science",
    "Health",
    "Tech",
    "Education"
  ]
}