{
  "classification_report": {
    "Education": {
      "precision": 0.3490566037735849,
      "recall": 0.3894736842105263,
      "f1-score": 0.3681592039800995,
      "support": 95.0
    },
    "Culture": {
      "precision": 0.30601092896174864,
      "recall": 0.5045045045045045,
      "f1-score": 0.38095238095238093,
      "support": 111.0
    },
    "Health": {
      "precision": 0.6732673267326733,
      "recall": 0.6538461538461539,
      "f1-score": 0.6634146341463415,
      "support": 104.0
    },
    "Politics": {
      "precision": 0.6065573770491803,
      "recall": 0.34579439252336447,
      "f1-score": 0.44047619047619047,
      "support": 107.0
    },
    "Tech": {
      "precision": 0.7216494845360825,
      "recall": 0.6862745098039216,
      "f1-score": 0.7035175879396985,
      "support": 102.0
    },
    "Business": {
      "precision": 0.41818181818181815,
      "recall": 0.27058823529411763,
      "f1-score": 0.32857142857142857,
      "support": 85.0
    },
    "Entertainment": {
      "precision": 0.5,
      "recall": 0.4339622641509434,
      "f1-score": 0.46464646464646464,
      "support": 106.0
    },
    "Family": {
      "precision": 0.5703703703703704,
      "recall": 0.6416666666666667,
      "f1-score": 0.6039215686274509,
      "support": 120.0
    },
    "Sports": {
      "precision": 0.7761194029850746,
      "recall": 0.6265060240963856,
      "f1-score": 0.6933333333333334,
      "support": 83.0
    },
    "Science": {
      "precision": 0.5205479452054794,
      "recall": 0.4367816091954023,
      "f1-score": 0.475,
      "support": 87.0
    },
    "micro avg": {
      "precision": 0.5195876288659794,
      "recall": 0.504,
      "f1-score": 0.5116751269035533,
      "support": 1000.0
    },
    "macro avg": {
      "precision": 0.5441761257796013,
      "recall": 0.49893980442919866,
      "f1-score": 0.5121992792673388,
      "support": 1000.0
    },
    "weighted avg": {
      "precision": 0.5423527598909222,
      "recall": 0.504,
      "f1-score": 0.5136690585489024,
      "support": 1000.0
    }
  },
  "accuracy": 0.504,
  "confusion_matrix": [
    [
      37,
      21,
      1,
      0,
      7,
      6,
      5,
      5,
      0,
      13
    ],
    [
      4,
      56,
      6,
      7,
      0,
      5,
      12,
      11,
      5,
      3
    ],
    [
      5,
      6,
      68,
      2,
      4,
      1,
      1,
      5,
      1,
      5
    ],
    [
      16,
      26,
      5,
      37,
      0,
      6,
      4,
      7,
      0,
      3
    ],
    [
      3,
      5,
      1,
      1,
      70,
      5,
      3,
      6,
      1,
      2
    ],
    [
      13,
      11,
      6,
      6,
      4,
      23,
      6,
      10,
      1,
      5
    ],
    [
      7,
      24,
      1,
      2,
      3,
      3,
      46,
      10,
      6,
      3
    ],
    [
      4,
      20,
      3,
      0,
      1,
      2,
      3,
      77,
      0,
      0
    ],
    [
      5,
      6,
      0,
      2,
      2,
      2,
      9,
      2,
      52,
      1
    ],
    [
      12,
      8,
      10,
      4,
      6,
      2,
      3,
      2,
      1,
      38
    ]
  ],
  "labels": [
    "Education",
    "Culture",
    "Health",
    "Politics",
    "Tech",
    "Business",
    "Entertainment",
    "Family",
    "Sports",
    "Science"
  ]
}