{
  "classification_report": {
    "\ud83d\ude18": {
      "precision": 0.0,
      "recall": 0.0,
      "f1-score": 0.0,
      "support": 24.0
    },
    "\u2600": {
      "precision": 1.0,
      "recall": 0.04,
      "f1-score": 0.07692307692307693,
      "support": 25.0
    },
    "\u2764": {
      "precision": 0.38636363636363635,
      "recall": 0.0787037037037037,
      "f1-score": 0.13076923076923078,
      "support": 216.0
    },
    "\ud83d\udcf7": {
      "precision": 0.14285714285714285,
      "recall": 0.034482758620689655,
      "f1-score": 0.05555555555555555,
      "support": 29.0
    },
    "\ud83c\uddfa\ud83c\uddf8": {
      "precision": 0.2857142857142857,
      "recall": 0.05128205128205128,
      "f1-score": 0.08695652173913043,
      "support": 39.0
    },
    "\ud83d\ude0d": {
      "precision": 0.18181818181818182,
      "recall": 0.16494845360824742,
      "f1-score": 0.17297297297297298,
      "support": 97.0
    },
    "\ud83d\udcaf": {
      "precision": 0.0,
      "recall": 0.0,
      "f1-score": 0.0,
      "support": 25.0
    },
    "\ud83d\ude0e": {
      "precision": 0.5,
      "recall": 0.025,
      "f1-score": 0.047619047619047616,
      "support": 40.0
    },
    "\ud83d\ude09": {
      "precision": 0.0,
      "recall": 0.0,
      "f1-score": 0.0,
      "support": 26.0
    },
    "\ud83d\ude02": {
      "precision": 0.36666666666666664,
      "recall": 0.12087912087912088,
      "f1-score": 0.18181818181818182,
      "support": 91.0
    },
    "\ud83d\ude0a": {
      "precision": 0.046875,
      "recall": 0.1875,
      "f1-score": 0.075,
      "support": 32.0
    },
    "\ud83d\udc99": {
      "precision": 0.0,
      "recall": 0.0,
      "f1-score": 0.0,
      "support": 31.0
    },
    "\ud83d\udc95": {
      "precision": 0.2857142857142857,
      "recall": 0.07692307692307693,
      "f1-score": 0.12121212121212122,
      "support": 52.0
    },
    "\ud83d\ude01": {
      "precision": 0.0,
      "recall": 0.0,
      "f1-score": 0.0,
      "support": 23.0
    },
    "\ud83d\udc9c": {
      "precision": 0.0,
      "recall": 0.0,
      "f1-score": 0.0,
      "support": 22.0
    },
    "\ud83d\ude1c": {
      "precision": 0.0,
      "recall": 0.0,
      "f1-score": 0.0,
      "support": 20.0
    },
    "\ud83d\udd25": {
      "precision": 0.46875,
      "recall": 0.20270270270270271,
      "f1-score": 0.2830188679245283,
      "support": 74.0
    },
    "\ud83d\udcf8": {
      "precision": 0.2,
      "recall": 0.020833333333333332,
      "f1-score": 0.03773584905660377,
      "support": 48.0
    },
    "\u2728": {
      "precision": 0.22580645161290322,
      "recall": 0.12727272727272726,
      "f1-score": 0.16279069767441862,
      "support": 55.0
    },
    "\ud83c\udf84": {
      "precision": 0.7272727272727273,
      "recall": 0.5161290322580645,
      "f1-score": 0.6037735849056604,
      "support": 31.0
    },
    "micro avg": {
      "precision": 0.23501199040767387,
      "recall": 0.098,
      "f1-score": 0.13832039520112915,
      "support": 1000.0
    },
    "macro avg": {
      "precision": 0.2408919189009915,
      "recall": 0.08233284802918588,
      "f1-score": 0.10180728540852642,
      "support": 1000.0
    },
    "weighted avg": {
      "precision": 0.2903527422845971,
      "recall": 0.098,
      "f1-score": 0.12952845784509368,
      "support": 1000.0
    }
  },
  "accuracy": 0.098,
  "confusion_matrix": [
    [
      0,
      0,
      0,
      0,
      0,
      3,
      0,
      0,
      0,
      0,
      5,
      0,
      1,
      0,
      0,
      0,
      0,
      0,
      1,
      1
    ],
    [
      0,
      1,
      0,
      0,
      0,
      1,
      0,
      0,
      0,
      0,
      4,
      0,
      0,
      0,
      0,
      0,
      0,
      0,
      0,
      0
    ],
    [
      1,
      0,
      17,
      1,
      0,
      15,
      0,
      0,
      2,
      1,
      20,
      0,
      4,
      0,
      0,
      0,
      2,
      0,
      6,
      1
    ],
    [
      0,
      0,
      0,
      1,
      0,
      3,
      0,
      0,
      0,
      1,
      2,
      0,
      0,
      0,
      0,
      0,
      1,
      2,
      1,
      1
    ],
    [
      0,
      0,
      7,
      1,
      2,
      2,
      0,
      0,
      0,
      0,
      2,
      0,
      0,
      0,
      0,
      0,
      3,
      0,
      1,
      0
    ],
    [
      0,
      0,
      2,
      1,
      0,
      16,
      0,
      1,
      1,
      3,
      16,
      0,
      3,
      0,
      0,
      0,
      2,
      0,
      3,
      0
    ],
    [
      0,
      0,
      0,
      0,
      1,
      0,
      0,
      0,
      0,
      1,
      2,
      0,
      0,
      0,
      0,
      0,
      1,
      0,
      1,
      0
    ],
    [
      0,
      0,
      0,
      0,
      0,
      2,
      0,
      1,
      0,
      2,
      12,
      0,
      0,
      0,
      0,
      0,
      0,
      0,
      1,
      0
    ],
    [
      0,
      0,
      0,
      0,
      0,
      4,
      0,
      0,
      0,
      1,
      2,
      0,
      0,
      0,
      0,
      0,
      0,
      0,
      0,
      1
    ],
    [
      0,
      0,
      2,
      2,
      1,
      7,
      0,
      0,
      0,
      11,
      12,
      0,
      0,
      0,
      0,
      0,
      3,
      1,
      0,
      0
    ],
    [
      0,
      0,
      0,
      0,
      1,
      5,
      0,
      0,
      0,
      1,
      6,
      0,
      0,
      0,
      0,
      0,
      0,
      0,
      0,
      1
    ],
    [
      0,
      0,
      3,
      0,
      1,
      5,
      0,
      0,
      0,
      1,
      5,
      0,
      0,
      0,
      0,
      0,
      0,
      0,
      1,
      0
    ],
    [
      0,
      0,
      5,
      0,
      0,
      13,
      0,
      0,
      0,
      1,
      8,
      0,
      4,
      0,
      0,
      0,
      1,
      0,
      2,
      0
    ],
    [
      0,
      0,
      0,
      0,
      0,
      0,
      0,
      0,
      0,
      1,
      4,
      0,
      0,
      0,
      0,
      0,
      0,
      0,
      1,
      0
    ],
    [
      0,
      0,
      0,
      1,
      0,
      1,
      0,
      0,
      0,
      0,
      5,
      0,
      1,
      0,
      0,
      0,
      0,
      0,
      3,
      0
    ],
    [
      0,
      0,
      0,
      0,
      0,
      0,
      0,
      0,
      0,
      0,
      3,
      0,
      0,
      0,
      0,
      0,
      0,
      0,
      0,
      0
    ],
    [
      0,
      0,
      3,
      0,
      1,
      3,
      0,
      0,
      1,
      3,
      3,
      0,
      0,
      0,
      1,
      0,
      15,
      0,
      2,
      0
    ],
    [
      0,
      0,
      2,
      0,
      0,
      1,
      0,
      0,
      0,
      3,
      4,
      0,
      0,
      0,
      0,
      0,
      3,
      1,
      1,
      0
    ],
    [
      0,
      0,
      1,
      0,
      0,
      6,
      0,
      0,
      0,
      0,
      11,
      0,
      1,
      0,
      0,
      0,
      1,
      1,
      7,
      1
    ],
    [
      0,
      0,
      2,
      0,
      0,
      1,
      0,
      0,
      0,
      0,
      2,
      0,
      0,
      0,
      0,
      0,
      0,
      0,
      0,
      16
    ]
  ],
  "labels": [
    "\ud83d\ude18",
    "\u2600",
    "\u2764",
    "\ud83d\udcf7",
    "\ud83c\uddfa\ud83c\uddf8",
    "\ud83d\ude0d",
    "\ud83d\udcaf",
    "\ud83d\ude0e",
    "\ud83d\ude09",
    "\ud83d\ude02",
    "\ud83d\ude0a",
    "\ud83d\udc99",
    "\ud83d\udc95",
    "\ud83d\ude01",
    "\ud83d\udc9c",
    "\ud83d\ude1c",
    "\ud83d\udd25",
    "\ud83d\udcf8",
    "\u2728",
    "\ud83c\udf84"
  ]
}