{
  "classification_report": {
    "\u2600": {
      "precision": 0.23076923076923078,
      "recall": 0.48,
      "f1-score": 0.3116883116883117,
      "support": 25.0
    },
    "\u2728": {
      "precision": 0.6666666666666666,
      "recall": 0.07272727272727272,
      "f1-score": 0.13114754098360656,
      "support": 55.0
    },
    "\u2764": {
      "precision": 0.5655737704918032,
      "recall": 0.3194444444444444,
      "f1-score": 0.40828402366863903,
      "support": 216.0
    },
    "\ud83c\uddfa\ud83c\uddf8": {
      "precision": 0.0,
      "recall": 0.0,
      "f1-score": 0.0,
      "support": 39.0
    },
    "\ud83c\udf84": {
      "precision": 0.5609756097560976,
      "recall": 0.7419354838709677,
      "f1-score": 0.6388888888888888,
      "support": 31.0
    },
    "\ud83d\udc95": {
      "precision": 0.0,
      "recall": 0.0,
      "f1-score": 0.0,
      "support": 52.0
    },
    "\ud83d\udc99": {
      "precision": 0.0,
      "recall": 0.0,
      "f1-score": 0.0,
      "support": 31.0
    },
    "\ud83d\udc9c": {
      "precision": 0.0,
      "recall": 0.0,
      "f1-score": 0.0,
      "support": 22.0
    },
    "\ud83d\udcaf": {
      "precision": 0.0,
      "recall": 0.0,
      "f1-score": 0.0,
      "support": 25.0
    },
    "\ud83d\udcf7": {
      "precision": 0.1111111111111111,
      "recall": 0.034482758620689655,
      "f1-score": 0.05263157894736842,
      "support": 29.0
    },
    "\ud83d\udcf8": {
      "precision": 0.08064516129032258,
      "recall": 0.10416666666666667,
      "f1-score": 0.09090909090909091,
      "support": 48.0
    },
    "\ud83d\udd25": {
      "precision": 0.75,
      "recall": 0.04054054054054054,
      "f1-score": 0.07692307692307693,
      "support": 74.0
    },
    "\ud83d\ude01": {
      "precision": 0.01818181818181818,
      "recall": 0.043478260869565216,
      "f1-score": 0.02564102564102564,
      "support": 23.0
    },
    "\ud83d\ude02": {
      "precision": 0.2972972972972973,
      "recall": 0.3626373626373626,
      "f1-score": 0.32673267326732675,
      "support": 91.0
    },
    "\ud83d\ude09": {
      "precision": 0.0,
      "recall": 0.0,
      "f1-score": 0.0,
      "support": 26.0
    },
    "\ud83d\ude0a": {
      "precision": 0.06896551724137931,
      "recall": 0.1875,
      "f1-score": 0.10084033613445378,
      "support": 32.0
    },
    "\ud83d\ude0d": {
      "precision": 0.25,
      "recall": 0.010309278350515464,
      "f1-score": 0.019801980198019802,
      "support": 97.0
    },
    "\ud83d\ude0e": {
      "precision": 0.5,
      "recall": 0.025,
      "f1-score": 0.047619047619047616,
      "support": 40.0
    },
    "\ud83d\ude18": {
      "precision": 0.0,
      "recall": 0.0,
      "f1-score": 0.0,
      "support": 24.0
    },
    "\ud83d\ude1c": {
      "precision": 0.0,
      "recall": 0.0,
      "f1-score": 0.0,
      "support": 20.0
    },
    "micro avg": {
      "precision": 0.27943760984182775,
      "recall": 0.159,
      "f1-score": 0.20267686424474188,
      "support": 1000.0
    },
    "macro avg": {
      "precision": 0.20500930914028634,
      "recall": 0.12111110343640126,
      "f1-score": 0.11155537874344279,
      "support": 1000.0
    },
    "weighted avg": {
      "precision": 0.3185123981526837,
      "recall": 0.159,
      "f1-score": 0.17195734865704815,
      "support": 1000.0
    }
  },
  "accuracy": 0.159,
  "confusion_matrix": [
    [
      12,
      0,
      1,
      0,
      0,
      0,
      0,
      0,
      0,
      1,
      1,
      0,
      0,
      2,
      0,
      2,
      0,
      0,
      0,
      0
    ],
    [
      2,
      4,
      2,
      0,
      2,
      0,
      0,
      0,
      0,
      0,
      4,
      0,
      5,
      2,
      0,
      5,
      1,
      0,
      0,
      0
    ],
    [
      12,
      0,
      69,
      0,
      2,
      0,
      0,
      0,
      0,
      1,
      12,
      1,
      8,
      17,
      0,
      19,
      1,
      0,
      1,
      0
    ],
    [
      0,
      0,
      1,
      0,
      0,
      0,
      0,
      0,
      0,
      1,
      2,
      0,
      0,
      2,
      0,
      3,
      0,
      0,
      0,
      0
    ],
    [
      0,
      0,
      0,
      0,
      23,
      0,
      0,
      0,
      0,
      0,
      0,
      0,
      0,
      1,
      0,
      1,
      0,
      0,
      0,
      0
    ],
    [
      2,
      0,
      10,
      0,
      2,
      0,
      0,
      0,
      0,
      0,
      6,
      0,
      5,
      2,
      0,
      7,
      0,
      0,
      2,
      0
    ],
    [
      0,
      0,
      7,
      0,
      2,
      0,
      0,
      0,
      0,
      0,
      1,
      0,
      2,
      3,
      0,
      6,
      0,
      0,
      0,
      0
    ],
    [
      1,
      0,
      5,
      0,
      0,
      0,
      0,
      0,
      0,
      1,
      1,
      0,
      1,
      1,
      0,
      2,
      0,
      0,
      0,
      1
    ],
    [
      0,
      0,
      1,
      0,
      1,
      0,
      0,
      0,
      0,
      0,
      2,
      0,
      1,
      3,
      0,
      2,
      0,
      0,
      0,
      0
    ],
    [
      0,
      0,
      0,
      0,
      1,
      0,
      0,
      0,
      0,
      1,
      3,
      0,
      0,
      4,
      0,
      1,
      0,
      0,
      0,
      0
    ],
    [
      4,
      0,
      0,
      0,
      1,
      0,
      0,
      0,
      0,
      2,
      5,
      0,
      1,
      6,
      0,
      2,
      0,
      0,
      0,
      0
    ],
    [
      2,
      0,
      2,
      0,
      0,
      0,
      0,
      0,
      0,
      1,
      1,
      3,
      7,
      9,
      0,
      4,
      0,
      0,
      0,
      1
    ],
    [
      0,
      0,
      1,
      0,
      1,
      0,
      0,
      0,
      0,
      0,
      1,
      0,
      1,
      4,
      0,
      6,
      0,
      0,
      0,
      0
    ],
    [
      1,
      0,
      5,
      0,
      2,
      0,
      0,
      0,
      0,
      0,
      6,
      0,
      8,
      33,
      0,
      3,
      1,
      0,
      0,
      3
    ],
    [
      1,
      1,
      2,
      0,
      1,
      0,
      0,
      0,
      0,
      0,
      1,
      0,
      1,
      4,
      0,
      2,
      0,
      1,
      1,
      0
    ],
    [
      3,
      0,
      2,
      0,
      0,
      0,
      0,
      0,
      0,
      0,
      4,
      0,
      2,
      1,
      0,
      6,
      0,
      0,
      0,
      0
    ],
    [
      6,
      1,
      10,
      0,
      1,
      0,
      0,
      0,
      0,
      0,
      5,
      0,
      5,
      5,
      0,
      8,
      1,
      0,
      2,
      1
    ],
    [
      6,
      0,
      0,
      0,
      1,
      0,
      0,
      0,
      0,
      0,
      3,
      0,
      3,
      6,
      0,
      5,
      0,
      1,
      0,
      1
    ],
    [
      0,
      0,
      3,
      0,
      1,
      0,
      0,
      0,
      0,
      1,
      1,
      0,
      4,
      1,
      0,
      3,
      0,
      0,
      0,
      1
    ],
    [
      0,
      0,
      1,
      0,
      0,
      0,
      0,
      0,
      0,
      0,
      3,
      0,
      1,
      5,
      0,
      0,
      0,
      0,
      0,
      0
    ]
  ],
  "labels": [
    "\u2600",
    "\u2728",
    "\u2764",
    "\ud83c\uddfa\ud83c\uddf8",
    "\ud83c\udf84",
    "\ud83d\udc95",
    "\ud83d\udc99",
    "\ud83d\udc9c",
    "\ud83d\udcaf",
    "\ud83d\udcf7",
    "\ud83d\udcf8",
    "\ud83d\udd25",
    "\ud83d\ude01",
    "\ud83d\ude02",
    "\ud83d\ude09",
    "\ud83d\ude0a",
    "\ud83d\ude0d",
    "\ud83d\ude0e",
    "\ud83d\ude18",
    "\ud83d\ude1c"
  ]
}