{
  "classification_report": {
    "\u2764": {
      "precision": 0.4233576642335766,
      "recall": 0.5370370370370371,
      "f1-score": 0.47346938775510206,
      "support": 216.0
    },
    "\ud83d\udd25": {
      "precision": 0.3333333333333333,
      "recall": 0.47297297297297297,
      "f1-score": 0.39106145251396646,
      "support": 74.0
    },
    "\ud83d\udcaf": {
      "precision": 0.0,
      "recall": 0.0,
      "f1-score": 0.0,
      "support": 25.0
    },
    "\ud83c\udf84": {
      "precision": 0.6666666666666666,
      "recall": 0.6451612903225806,
      "f1-score": 0.6557377049180327,
      "support": 31.0
    },
    "\u2600": {
      "precision": 0.4,
      "recall": 0.48,
      "f1-score": 0.43636363636363634,
      "support": 25.0
    },
    "\ud83d\ude18": {
      "precision": 0.0,
      "recall": 0.0,
      "f1-score": 0.0,
      "support": 24.0
    },
    "\u2728": {
      "precision": 0.1411764705882353,
      "recall": 0.21818181818181817,
      "f1-score": 0.17142857142857143,
      "support": 55.0
    },
    "\ud83d\ude1c": {
      "precision": 0.0,
      "recall": 0.0,
      "f1-score": 0.0,
      "support": 20.0
    },
    "\ud83d\udcf8": {
      "precision": 0.23529411764705882,
      "recall": 0.08333333333333333,
      "f1-score": 0.12307692307692308,
      "support": 48.0
    },
    "\ud83d\ude0d": {
      "precision": 0.2037037037037037,
      "recall": 0.1134020618556701,
      "f1-score": 0.1456953642384106,
      "support": 97.0
    },
    "\ud83d\udc99": {
      "precision": 0.2,
      "recall": 0.03225806451612903,
      "f1-score": 0.05555555555555555,
      "support": 31.0
    },
    "\ud83d\ude01": {
      "precision": 0.0,
      "recall": 0.0,
      "f1-score": 0.0,
      "support": 23.0
    },
    "\ud83d\udcf7": {
      "precision": 0.2,
      "recall": 0.034482758620689655,
      "f1-score": 0.058823529411764705,
      "support": 29.0
    },
    "\ud83c\uddfa\ud83c\uddf8": {
      "precision": 0.34782608695652173,
      "recall": 0.20512820512820512,
      "f1-score": 0.25806451612903225,
      "support": 39.0
    },
    "\ud83d\udc9c": {
      "precision": 0.4,
      "recall": 0.09090909090909091,
      "f1-score": 0.14814814814814814,
      "support": 22.0
    },
    "\ud83d\ude09": {
      "precision": 0.0,
      "recall": 0.0,
      "f1-score": 0.0,
      "support": 26.0
    },
    "\ud83d\ude02": {
      "precision": 0.3877551020408163,
      "recall": 0.2087912087912088,
      "f1-score": 0.2714285714285714,
      "support": 91.0
    },
    "\ud83d\udc95": {
      "precision": 0.13333333333333333,
      "recall": 0.07692307692307693,
      "f1-score": 0.0975609756097561,
      "support": 52.0
    },
    "\ud83d\ude0a": {
      "precision": 0.07262569832402235,
      "recall": 0.40625,
      "f1-score": 0.12322274881516587,
      "support": 32.0
    },
    "\ud83d\ude0e": {
      "precision": 0.125,
      "recall": 0.05,
      "f1-score": 0.07142857142857142,
      "support": 40.0
    },
    "micro avg": {
      "precision": 0.27896995708154504,
      "recall": 0.26,
      "f1-score": 0.2691511387163561,
      "support": 1000.0
    },
    "macro avg": {
      "precision": 0.2135036088413634,
      "recall": 0.18274154592959063,
      "f1-score": 0.17405328284106045,
      "support": 1000.0
    },
    "weighted avg": {
      "precision": 0.2695049589531776,
      "recall": 0.26,
      "f1-score": 0.24523893058446541,
      "support": 1000.0
    }
  },
  "accuracy": 0.26,
  "confusion_matrix": [
    [
      116,
      9,
      0,
      1,
      3,
      0,
      21,
      0,
      1,
      11,
      1,
      0,
      0,
      0,
      1,
      2,
      4,
      10,
      26,
      2
    ],
    [
      12,
      35,
      0,
      0,
      1,
      0,
      5,
      0,
      1,
      3,
      0,
      0,
      0,
      0,
      0,
      0,
      2,
      2,
      7,
      1
    ],
    [
      3,
      6,
      0,
      1,
      1,
      0,
      4,
      0,
      0,
      0,
      0,
      0,
      0,
      0,
      0,
      1,
      1,
      0,
      5,
      1
    ],
    [
      6,
      4,
      0,
      20,
      0,
      0,
      0,
      0,
      0,
      0,
      0,
      0,
      0,
      0,
      0,
      0,
      0,
      0,
      0,
      0
    ],
    [
      3,
      2,
      0,
      0,
      12,
      0,
      1,
      0,
      0,
      0,
      0,
      0,
      0,
      2,
      0,
      0,
      1,
      0,
      3,
      0
    ],
    [
      8,
      3,
      0,
      1,
      0,
      0,
      0,
      0,
      1,
      0,
      0,
      0,
      0,
      0,
      0,
      0,
      0,
      1,
      7,
      0
    ],
    [
      10,
      5,
      0,
      1,
      1,
      0,
      12,
      0,
      1,
      3,
      0,
      0,
      0,
      1,
      0,
      1,
      2,
      3,
      9,
      2
    ],
    [
      1,
      1,
      0,
      0,
      0,
      0,
      2,
      0,
      0,
      1,
      1,
      0,
      0,
      2,
      0,
      2,
      3,
      0,
      6,
      0
    ],
    [
      3,
      8,
      0,
      0,
      5,
      0,
      8,
      0,
      4,
      3,
      0,
      0,
      1,
      1,
      0,
      1,
      5,
      0,
      5,
      0
    ],
    [
      25,
      6,
      1,
      0,
      2,
      1,
      13,
      0,
      1,
      11,
      1,
      1,
      0,
      2,
      1,
      2,
      5,
      0,
      17,
      2
    ],
    [
      11,
      0,
      0,
      1,
      0,
      0,
      2,
      0,
      0,
      2,
      1,
      0,
      0,
      2,
      0,
      0,
      0,
      3,
      7,
      0
    ],
    [
      3,
      1,
      0,
      1,
      0,
      0,
      1,
      0,
      0,
      1,
      0,
      0,
      1,
      0,
      0,
      1,
      0,
      1,
      11,
      0
    ],
    [
      3,
      3,
      0,
      1,
      0,
      0,
      1,
      0,
      0,
      4,
      0,
      0,
      1,
      1,
      0,
      0,
      2,
      0,
      8,
      1
    ],
    [
      15,
      3,
      0,
      0,
      0,
      0,
      1,
      0,
      0,
      1,
      0,
      0,
      1,
      8,
      0,
      0,
      0,
      0,
      6,
      1
    ],
    [
      5,
      1,
      0,
      0,
      0,
      0,
      4,
      0,
      1,
      0,
      0,
      0,
      1,
      0,
      2,
      0,
      0,
      1,
      5,
      0
    ],
    [
      4,
      1,
      0,
      1,
      2,
      0,
      0,
      0,
      1,
      1,
      0,
      1,
      0,
      1,
      0,
      0,
      2,
      1,
      7,
      2
    ],
    [
      12,
      9,
      0,
      0,
      0,
      0,
      2,
      0,
      4,
      4,
      0,
      1,
      0,
      1,
      0,
      6,
      19,
      2,
      18,
      1
    ],
    [
      21,
      0,
      0,
      1,
      1,
      0,
      5,
      0,
      1,
      6,
      0,
      0,
      0,
      0,
      0,
      0,
      0,
      4,
      10,
      0
    ],
    [
      4,
      0,
      0,
      1,
      0,
      0,
      1,
      0,
      1,
      2,
      1,
      0,
      0,
      2,
      1,
      2,
      1,
      2,
      13,
      1
    ],
    [
      9,
      8,
      0,
      0,
      2,
      0,
      2,
      0,
      0,
      1,
      0,
      0,
      0,
      0,
      0,
      2,
      2,
      0,
      9,
      2
    ]
  ],
  "labels": [
    "\u2764",
    "\ud83d\udd25",
    "\ud83d\udcaf",
    "\ud83c\udf84",
    "\u2600",
    "\ud83d\ude18",
    "\u2728",
    "\ud83d\ude1c",
    "\ud83d\udcf8",
    "\ud83d\ude0d",
    "\ud83d\udc99",
    "\ud83d\ude01",
    "\ud83d\udcf7",
    "\ud83c\uddfa\ud83c\uddf8",
    "\ud83d\udc9c",
    "\ud83d\ude09",
    "\ud83d\ude02",
    "\ud83d\udc95",
    "\ud83d\ude0a",
    "\ud83d\ude0e"
  ]
}