{
  "classification_report": {
    "\ud83c\udf84": {
      "precision": 0.8333333333333334,
      "recall": 0.4838709677419355,
      "f1-score": 0.6122448979591837,
      "support": 31.0
    },
    "\ud83d\ude1c": {
      "precision": 0.0,
      "recall": 0.0,
      "f1-score": 0.0,
      "support": 20.0
    },
    "\ud83d\ude18": {
      "precision": 0.0,
      "recall": 0.0,
      "f1-score": 0.0,
      "support": 24.0
    },
    "\u2600": {
      "precision": 0.0,
      "recall": 0.0,
      "f1-score": 0.0,
      "support": 25.0
    },
    "\u2728": {
      "precision": 0.2692307692307692,
      "recall": 0.12727272727272726,
      "f1-score": 0.1728395061728395,
      "support": 55.0
    },
    "\ud83d\udd25": {
      "precision": 0.5263157894736842,
      "recall": 0.13513513513513514,
      "f1-score": 0.21505376344086022,
      "support": 74.0
    },
    "\ud83d\udc95": {
      "precision": 0.25,
      "recall": 0.019230769230769232,
      "f1-score": 0.03571428571428571,
      "support": 52.0
    },
    "\ud83d\ude0a": {
      "precision": 0.07633587786259542,
      "recall": 0.3125,
      "f1-score": 0.12269938650306748,
      "support": 32.0
    },
    "\ud83d\udcaf": {
      "precision": 0.0,
      "recall": 0.0,
      "f1-score": 0.0,
      "support": 25.0
    },
    "\ud83d\ude0d": {
      "precision": 0.18072289156626506,
      "recall": 0.15463917525773196,
      "f1-score": 0.16666666666666666,
      "support": 97.0
    },
    "\ud83d\ude0e": {
      "precision": 0.2,
      "recall": 0.025,
      "f1-score": 0.044444444444444446,
      "support": 40.0
    },
    "\ud83d\ude09": {
      "precision": 0.0,
      "recall": 0.0,
      "f1-score": 0.0,
      "support": 26.0
    },
    "\ud83d\udcf8": {
      "precision": 0.4166666666666667,
      "recall": 0.10416666666666667,
      "f1-score": 0.16666666666666666,
      "support": 48.0
    },
    "\ud83d\ude01": {
      "precision": 0.0,
      "recall": 0.0,
      "f1-score": 0.0,
      "support": 23.0
    },
    "\ud83c\uddfa\ud83c\uddf8": {
      "precision": 0.29411764705882354,
      "recall": 0.1282051282051282,
      "f1-score": 0.17857142857142858,
      "support": 39.0
    },
    "\ud83d\udc99": {
      "precision": 0.0,
      "recall": 0.0,
      "f1-score": 0.0,
      "support": 31.0
    },
    "\ud83d\ude02": {
      "precision": 0.34615384615384615,
      "recall": 0.0989010989010989,
      "f1-score": 0.15384615384615385,
      "support": 91.0
    },
    "\ud83d\udc9c": {
      "precision": 0.0,
      "recall": 0.0,
      "f1-score": 0.0,
      "support": 22.0
    },
    "\ud83d\udcf7": {
      "precision": 0.14285714285714285,
      "recall": 0.034482758620689655,
      "f1-score": 0.05555555555555555,
      "support": 29.0
    },
    "\u2764": {
      "precision": 0.44,
      "recall": 0.10185185185185185,
      "f1-score": 0.16541353383458646,
      "support": 216.0
    },
    "micro avg": {
      "precision": 0.24815724815724816,
      "recall": 0.101,
      "f1-score": 0.1435678749111585,
      "support": 1000.0
    },
    "macro avg": {
      "precision": 0.19878669821015632,
      "recall": 0.08626281394418674,
      "f1-score": 0.10448581446878695,
      "support": 1000.0
    },
    "weighted avg": {
      "precision": 0.2827147080137603,
      "recall": 0.101,
      "f1-score": 0.13443243097421748,
      "support": 1000.0
    }
  },
  "accuracy": 0.101,
  "confusion_matrix": [
    [
      15,
      0,
      0,
      0,
      0,
      1,
      0,
      3,
      0,
      3,
      0,
      0,
      0,
      0,
      0,
      0,
      0,
      0,
      0,
      0
    ],
    [
      0,
      0,
      0,
      0,
      0,
      0,
      0,
      1,
      0,
      3,
      0,
      0,
      0,
      0,
      0,
      1,
      1,
      0,
      0,
      1
    ],
    [
      1,
      0,
      0,
      0,
      1,
      0,
      0,
      6,
      0,
      3,
      0,
      0,
      0,
      0,
      0,
      0,
      1,
      0,
      0,
      0
    ],
    [
      0,
      0,
      0,
      0,
      0,
      0,
      0,
      4,
      0,
      0,
      1,
      0,
      0,
      0,
      1,
      0,
      1,
      0,
      0,
      0
    ],
    [
      1,
      0,
      0,
      0,
      7,
      2,
      0,
      13,
      0,
      3,
      1,
      1,
      0,
      0,
      0,
      0,
      0,
      0,
      0,
      3
    ],
    [
      0,
      0,
      0,
      0,
      3,
      10,
      0,
      2,
      0,
      3,
      0,
      0,
      3,
      0,
      1,
      0,
      3,
      1,
      0,
      0
    ],
    [
      0,
      0,
      0,
      0,
      1,
      0,
      1,
      8,
      0,
      9,
      0,
      0,
      0,
      0,
      0,
      0,
      1,
      0,
      0,
      6
    ],
    [
      0,
      0,
      0,
      0,
      0,
      0,
      0,
      10,
      0,
      2,
      1,
      0,
      0,
      0,
      2,
      0,
      0,
      0,
      0,
      1
    ],
    [
      0,
      0,
      0,
      0,
      0,
      0,
      0,
      3,
      0,
      0,
      0,
      0,
      1,
      0,
      1,
      0,
      1,
      0,
      0,
      0
    ],
    [
      0,
      0,
      1,
      0,
      3,
      1,
      0,
      15,
      0,
      15,
      0,
      0,
      2,
      0,
      2,
      0,
      0,
      0,
      0,
      3
    ],
    [
      0,
      0,
      0,
      0,
      1,
      1,
      0,
      8,
      0,
      4,
      1,
      0,
      0,
      0,
      0,
      0,
      3,
      0,
      0,
      2
    ],
    [
      0,
      0,
      0,
      0,
      0,
      1,
      0,
      2,
      0,
      2,
      0,
      0,
      0,
      0,
      0,
      0,
      0,
      0,
      0,
      1
    ],
    [
      0,
      0,
      0,
      0,
      2,
      1,
      0,
      2,
      0,
      3,
      0,
      0,
      5,
      0,
      0,
      0,
      2,
      0,
      2,
      2
    ],
    [
      0,
      0,
      0,
      0,
      0,
      0,
      0,
      4,
      0,
      3,
      0,
      0,
      0,
      0,
      1,
      0,
      2,
      0,
      0,
      0
    ],
    [
      0,
      0,
      0,
      0,
      2,
      0,
      0,
      3,
      2,
      1,
      0,
      0,
      0,
      0,
      5,
      0,
      0,
      0,
      2,
      1
    ],
    [
      0,
      0,
      0,
      0,
      2,
      0,
      0,
      5,
      0,
      4,
      0,
      1,
      0,
      0,
      2,
      0,
      1,
      0,
      0,
      3
    ],
    [
      0,
      0,
      0,
      0,
      1,
      0,
      0,
      11,
      0,
      3,
      1,
      0,
      1,
      0,
      2,
      0,
      9,
      0,
      1,
      2
    ],
    [
      0,
      0,
      0,
      0,
      2,
      1,
      0,
      4,
      0,
      3,
      0,
      0,
      0,
      0,
      0,
      0,
      0,
      0,
      0,
      2
    ],
    [
      0,
      0,
      0,
      0,
      0,
      0,
      0,
      2,
      0,
      1,
      0,
      0,
      0,
      0,
      0,
      0,
      0,
      0,
      1,
      1
    ],
    [
      1,
      0,
      0,
      0,
      1,
      1,
      3,
      25,
      0,
      18,
      0,
      2,
      0,
      0,
      0,
      0,
      1,
      0,
      1,
      22
    ]
  ],
  "labels": [
    "\ud83c\udf84",
    "\ud83d\ude1c",
    "\ud83d\ude18",
    "\u2600",
    "\u2728",
    "\ud83d\udd25",
    "\ud83d\udc95",
    "\ud83d\ude0a",
    "\ud83d\udcaf",
    "\ud83d\ude0d",
    "\ud83d\ude0e",
    "\ud83d\ude09",
    "\ud83d\udcf8",
    "\ud83d\ude01",
    "\ud83c\uddfa\ud83c\uddf8",
    "\ud83d\udc99",
    "\ud83d\ude02",
    "\ud83d\udc9c",
    "\ud83d\udcf7",
    "\u2764"
  ]
}