{
  "classification_report": {
    "\ud83d\udc99": {
      "precision": 0.06521739130434782,
      "recall": 0.0967741935483871,
      "f1-score": 0.07792207792207792,
      "support": 31.0
    },
    "\ud83d\udcf7": {
      "precision": 0.1111111111111111,
      "recall": 0.10344827586206896,
      "f1-score": 0.10714285714285714,
      "support": 29.0
    },
    "\ud83d\udc9c": {
      "precision": 0.0,
      "recall": 0.0,
      "f1-score": 0.0,
      "support": 22.0
    },
    "\ud83d\ude0e": {
      "precision": 0.4,
      "recall": 0.05,
      "f1-score": 0.08888888888888889,
      "support": 40.0
    },
    "\ud83d\udcaf": {
      "precision": 0.6666666666666666,
      "recall": 0.08,
      "f1-score": 0.14285714285714285,
      "support": 25.0
    },
    "\ud83d\ude0d": {
      "precision": 0.2916666666666667,
      "recall": 0.21649484536082475,
      "f1-score": 0.2485207100591716,
      "support": 97.0
    },
    "\u2600": {
      "precision": 0.3142857142857143,
      "recall": 0.44,
      "f1-score": 0.36666666666666664,
      "support": 25.0
    },
    "\ud83d\ude0a": {
      "precision": 0.09345794392523364,
      "recall": 0.3125,
      "f1-score": 0.14388489208633093,
      "support": 32.0
    },
    "\ud83d\ude09": {
      "precision": 0.0,
      "recall": 0.0,
      "f1-score": 0.0,
      "support": 26.0
    },
    "\ud83d\udd25": {
      "precision": 0.5,
      "recall": 0.3783783783783784,
      "f1-score": 0.4307692307692308,
      "support": 74.0
    },
    "\ud83c\udf84": {
      "precision": 0.6571428571428571,
      "recall": 0.7419354838709677,
      "f1-score": 0.696969696969697,
      "support": 31.0
    },
    "\ud83c\uddfa\ud83c\uddf8": {
      "precision": 0.375,
      "recall": 0.15384615384615385,
      "f1-score": 0.21818181818181817,
      "support": 39.0
    },
    "\u2728": {
      "precision": 0.2857142857142857,
      "recall": 0.07272727272727272,
      "f1-score": 0.11594202898550725,
      "support": 55.0
    },
    "\ud83d\ude18": {
      "precision": 0.037037037037037035,
      "recall": 0.041666666666666664,
      "f1-score": 0.0392156862745098,
      "support": 24.0
    },
    "\ud83d\udc95": {
      "precision": 0.0625,
      "recall": 0.019230769230769232,
      "f1-score": 0.029411764705882353,
      "support": 52.0
    },
    "\ud83d\udcf8": {
      "precision": 0.25,
      "recall": 0.0625,
      "f1-score": 0.1,
      "support": 48.0
    },
    "\ud83d\ude02": {
      "precision": 0.45,
      "recall": 0.1978021978021978,
      "f1-score": 0.2748091603053435,
      "support": 91.0
    },
    "\u2764": {
      "precision": 0.452914798206278,
      "recall": 0.4675925925925926,
      "f1-score": 0.4601366742596811,
      "support": 216.0
    },
    "\ud83d\ude1c": {
      "precision": 0.09259259259259259,
      "recall": 0.25,
      "f1-score": 0.13513513513513514,
      "support": 20.0
    },
    "\ud83d\ude01": {
      "precision": 0.0,
      "recall": 0.0,
      "f1-score": 0.0,
      "support": 23.0
    },
    "micro avg": {
      "precision": 0.30363864491844417,
      "recall": 0.242,
      "f1-score": 0.26933778519755147,
      "support": 1000.0
    },
    "macro avg": {
      "precision": 0.25526535323263955,
      "recall": 0.184244841494314,
      "f1-score": 0.18382272156049706,
      "support": 1000.0
    },
    "weighted avg": {
      "precision": 0.3215311431877518,
      "recall": 0.242,
      "f1-score": 0.25326653584103204,
      "support": 1000.0
    }
  },
  "accuracy": 0.242,
  "confusion_matrix": [
    [
      3,
      1,
      0,
      0,
      0,
      2,
      0,
      3,
      0,
      0,
      1,
      1,
      1,
      2,
      0,
      1,
      0,
      12,
      1,
      0
    ],
    [
      0,
      3,
      0,
      0,
      0,
      1,
      0,
      3,
      1,
      1,
      1,
      0,
      0,
      0,
      0,
      0,
      3,
      3,
      4,
      0
    ],
    [
      0,
      1,
      0,
      1,
      0,
      1,
      0,
      2,
      0,
      0,
      0,
      0,
      0,
      1,
      2,
      1,
      0,
      8,
      1,
      0
    ],
    [
      3,
      0,
      0,
      2,
      0,
      2,
      2,
      8,
      0,
      1,
      1,
      0,
      1,
      0,
      0,
      0,
      2,
      2,
      1,
      0
    ],
    [
      0,
      2,
      0,
      0,
      2,
      1,
      1,
      3,
      0,
      4,
      0,
      0,
      1,
      0,
      0,
      1,
      1,
      4,
      1,
      0
    ],
    [
      6,
      3,
      0,
      1,
      0,
      21,
      3,
      12,
      1,
      3,
      0,
      4,
      0,
      5,
      1,
      0,
      0,
      10,
      1,
      0
    ],
    [
      3,
      0,
      0,
      0,
      0,
      1,
      11,
      0,
      0,
      0,
      0,
      1,
      0,
      2,
      0,
      1,
      0,
      2,
      1,
      0
    ],
    [
      0,
      0,
      0,
      0,
      0,
      3,
      4,
      10,
      0,
      0,
      0,
      1,
      0,
      1,
      0,
      0,
      0,
      7,
      0,
      0
    ],
    [
      1,
      0,
      0,
      0,
      0,
      3,
      2,
      5,
      0,
      0,
      1,
      1,
      0,
      1,
      0,
      0,
      1,
      3,
      4,
      0
    ],
    [
      4,
      4,
      0,
      0,
      1,
      4,
      2,
      4,
      0,
      28,
      0,
      0,
      1,
      3,
      0,
      0,
      4,
      6,
      1,
      0
    ],
    [
      0,
      0,
      0,
      0,
      0,
      0,
      0,
      1,
      0,
      1,
      23,
      0,
      0,
      0,
      0,
      0,
      0,
      1,
      0,
      0
    ],
    [
      3,
      2,
      0,
      0,
      0,
      2,
      1,
      1,
      0,
      0,
      2,
      6,
      0,
      0,
      0,
      0,
      0,
      10,
      2,
      0
    ],
    [
      3,
      0,
      0,
      0,
      0,
      3,
      0,
      8,
      0,
      2,
      2,
      0,
      4,
      2,
      1,
      0,
      1,
      12,
      1,
      0
    ],
    [
      2,
      0,
      0,
      0,
      0,
      1,
      0,
      3,
      2,
      1,
      1,
      0,
      0,
      1,
      1,
      1,
      1,
      4,
      2,
      0
    ],
    [
      2,
      0,
      0,
      0,
      0,
      2,
      1,
      0,
      1,
      1,
      1,
      0,
      2,
      4,
      1,
      0,
      0,
      22,
      0,
      0
    ],
    [
      1,
      6,
      0,
      0,
      0,
      2,
      2,
      7,
      1,
      2,
      0,
      1,
      1,
      0,
      0,
      3,
      3,
      4,
      5,
      0
    ],
    [
      2,
      3,
      0,
      1,
      0,
      3,
      0,
      13,
      2,
      4,
      0,
      1,
      0,
      1,
      0,
      1,
      18,
      9,
      16,
      0
    ],
    [
      11,
      2,
      0,
      0,
      0,
      18,
      6,
      17,
      0,
      5,
      2,
      0,
      2,
      3,
      10,
      3,
      1,
      101,
      5,
      0
    ],
    [
      0,
      0,
      0,
      0,
      0,
      0,
      0,
      1,
      0,
      3,
      0,
      0,
      0,
      1,
      0,
      0,
      3,
      1,
      5,
      0
    ],
    [
      2,
      0,
      0,
      0,
      0,
      2,
      0,
      6,
      1,
      0,
      0,
      0,
      1,
      0,
      0,
      0,
      2,
      2,
      3,
      0
    ]
  ],
  "labels": [
    "\ud83d\udc99",
    "\ud83d\udcf7",
    "\ud83d\udc9c",
    "\ud83d\ude0e",
    "\ud83d\udcaf",
    "\ud83d\ude0d",
    "\u2600",
    "\ud83d\ude0a",
    "\ud83d\ude09",
    "\ud83d\udd25",
    "\ud83c\udf84",
    "\ud83c\uddfa\ud83c\uddf8",
    "\u2728",
    "\ud83d\ude18",
    "\ud83d\udc95",
    "\ud83d\udcf8",
    "\ud83d\ude02",
    "\u2764",
    "\ud83d\ude1c",
    "\ud83d\ude01"
  ]
}