{
  "classification_report": {
    "\ud83d\ude0e": {
      "precision": 0.25,
      "recall": 0.025,
      "f1-score": 0.045454545454545456,
      "support": 40.0
    },
    "\ud83d\ude18": {
      "precision": 0.0,
      "recall": 0.0,
      "f1-score": 0.0,
      "support": 24.0
    },
    "\ud83d\udcf7": {
      "precision": 0.09090909090909091,
      "recall": 0.034482758620689655,
      "f1-score": 0.05,
      "support": 29.0
    },
    "\ud83d\udcf8": {
      "precision": 0.5,
      "recall": 0.0625,
      "f1-score": 0.1111111111111111,
      "support": 48.0
    },
    "\ud83d\ude0a": {
      "precision": 0.08823529411764706,
      "recall": 0.375,
      "f1-score": 0.14285714285714285,
      "support": 32.0
    },
    "\u2600": {
      "precision": 0.0,
      "recall": 0.0,
      "f1-score": 0.0,
      "support": 25.0
    },
    "\ud83d\udc99": {
      "precision": 0.0,
      "recall": 0.0,
      "f1-score": 0.0,
      "support": 31.0
    },
    "\ud83d\ude01": {
      "precision": 0.0,
      "recall": 0.0,
      "f1-score": 0.0,
      "support": 23.0
    },
    "\u2728": {
      "precision": 0.1111111111111111,
      "recall": 0.23636363636363636,
      "f1-score": 0.1511627906976744,
      "support": 55.0
    },
    "\ud83d\udc9c": {
      "precision": 0.5,
      "recall": 0.045454545454545456,
      "f1-score": 0.08333333333333333,
      "support": 22.0
    },
    "\ud83c\udf84": {
      "precision": 0.8333333333333334,
      "recall": 0.6451612903225806,
      "f1-score": 0.7272727272727273,
      "support": 31.0
    },
    "\ud83d\ude0d": {
      "precision": 0.1774193548387097,
      "recall": 0.2268041237113402,
      "f1-score": 0.19909502262443438,
      "support": 97.0
    },
    "\ud83d\ude1c": {
      "precision": 0.0,
      "recall": 0.0,
      "f1-score": 0.0,
      "support": 20.0
    },
    "\u2764": {
      "precision": 0.375,
      "recall": 0.125,
      "f1-score": 0.1875,
      "support": 216.0
    },
    "\ud83d\udd25": {
      "precision": 0.35789473684210527,
      "recall": 0.4594594594594595,
      "f1-score": 0.40236686390532544,
      "support": 74.0
    },
    "\ud83d\ude09": {
      "precision": 0.0,
      "recall": 0.0,
      "f1-score": 0.0,
      "support": 26.0
    },
    "\ud83d\ude02": {
      "precision": 0.48148148148148145,
      "recall": 0.14285714285714285,
      "f1-score": 0.22033898305084745,
      "support": 91.0
    },
    "\ud83d\udcaf": {
      "precision": 0.0,
      "recall": 0.0,
      "f1-score": 0.0,
      "support": 25.0
    },
    "\ud83c\uddfa\ud83c\uddf8": {
      "precision": 0.5714285714285714,
      "recall": 0.20512820512820512,
      "f1-score": 0.3018867924528302,
      "support": 39.0
    },
    "\ud83d\udc95": {
      "precision": 0.2,
      "recall": 0.07692307692307693,
      "f1-score": 0.1111111111111111,
      "support": 52.0
    },
    "micro avg": {
      "precision": 0.24018126888217523,
      "recall": 0.159,
      "f1-score": 0.19133574007220217,
      "support": 1000.0
    },
    "macro avg": {
      "precision": 0.22684064870310255,
      "recall": 0.13300671194203384,
      "f1-score": 0.13667452119355414,
      "support": 1000.0
    },
    "weighted avg": {
      "precision": 0.28359875453877254,
      "recall": 0.159,
      "f1-score": 0.1730552603547332,
      "support": 1000.0
    }
  },
  "accuracy": 0.159,
  "confusion_matrix": [
    [
      1,
      0,
      0,
      0,
      9,
      0,
      0,
      0,
      3,
      0,
      0,
      3,
      0,
      1,
      3,
      0,
      1,
      0,
      1,
      1
    ],
    [
      0,
      0,
      0,
      1,
      6,
      0,
      0,
      0,
      2,
      0,
      1,
      5,
      0,
      1,
      0,
      0,
      0,
      0,
      0,
      2
    ],
    [
      1,
      0,
      1,
      0,
      4,
      0,
      0,
      0,
      0,
      0,
      1,
      3,
      0,
      4,
      2,
      0,
      0,
      0,
      0,
      0
    ],
    [
      0,
      0,
      3,
      3,
      3,
      0,
      0,
      0,
      9,
      0,
      0,
      1,
      0,
      1,
      9,
      1,
      2,
      0,
      1,
      1
    ],
    [
      0,
      0,
      0,
      0,
      12,
      0,
      0,
      0,
      4,
      0,
      0,
      1,
      0,
      2,
      0,
      0,
      1,
      0,
      0,
      0
    ],
    [
      0,
      0,
      0,
      0,
      4,
      0,
      0,
      0,
      3,
      0,
      0,
      1,
      0,
      1,
      2,
      0,
      0,
      0,
      0,
      0
    ],
    [
      0,
      0,
      1,
      0,
      3,
      0,
      0,
      0,
      5,
      0,
      0,
      4,
      0,
      6,
      2,
      0,
      0,
      0,
      2,
      0
    ],
    [
      0,
      0,
      0,
      0,
      7,
      0,
      0,
      0,
      2,
      0,
      0,
      3,
      0,
      1,
      0,
      0,
      0,
      0,
      0,
      0
    ],
    [
      0,
      0,
      0,
      0,
      6,
      0,
      0,
      0,
      13,
      0,
      0,
      7,
      0,
      4,
      6,
      0,
      1,
      0,
      1,
      1
    ],
    [
      0,
      0,
      1,
      0,
      3,
      0,
      0,
      0,
      3,
      1,
      0,
      3,
      0,
      2,
      1,
      1,
      0,
      0,
      0,
      3
    ],
    [
      0,
      0,
      0,
      0,
      0,
      0,
      0,
      0,
      1,
      0,
      20,
      2,
      0,
      1,
      2,
      0,
      0,
      0,
      0,
      0
    ],
    [
      0,
      0,
      1,
      0,
      17,
      0,
      0,
      0,
      14,
      0,
      0,
      22,
      0,
      8,
      4,
      0,
      2,
      0,
      0,
      1
    ],
    [
      0,
      0,
      0,
      0,
      3,
      0,
      0,
      0,
      0,
      0,
      0,
      3,
      0,
      0,
      1,
      0,
      1,
      1,
      0,
      0
    ],
    [
      1,
      4,
      2,
      0,
      32,
      0,
      0,
      0,
      26,
      1,
      0,
      34,
      0,
      27,
      7,
      0,
      4,
      0,
      0,
      5
    ],
    [
      0,
      0,
      0,
      0,
      3,
      0,
      0,
      0,
      5,
      0,
      0,
      9,
      0,
      1,
      34,
      0,
      1,
      0,
      0,
      0
    ],
    [
      0,
      0,
      0,
      0,
      3,
      0,
      0,
      0,
      2,
      0,
      1,
      5,
      0,
      0,
      3,
      0,
      0,
      0,
      0,
      1
    ],
    [
      1,
      0,
      2,
      2,
      11,
      0,
      0,
      2,
      8,
      0,
      0,
      6,
      0,
      3,
      10,
      0,
      13,
      0,
      0,
      1
    ],
    [
      0,
      0,
      0,
      0,
      2,
      0,
      0,
      0,
      2,
      0,
      0,
      0,
      0,
      1,
      3,
      0,
      1,
      0,
      1,
      0
    ],
    [
      0,
      0,
      0,
      0,
      2,
      1,
      0,
      0,
      5,
      0,
      0,
      2,
      0,
      1,
      5,
      0,
      0,
      0,
      8,
      0
    ],
    [
      0,
      0,
      0,
      0,
      6,
      0,
      0,
      0,
      10,
      0,
      1,
      10,
      0,
      7,
      1,
      0,
      0,
      0,
      0,
      4
    ]
  ],
  "labels": [
    "\ud83d\ude0e",
    "\ud83d\ude18",
    "\ud83d\udcf7",
    "\ud83d\udcf8",
    "\ud83d\ude0a",
    "\u2600",
    "\ud83d\udc99",
    "\ud83d\ude01",
    "\u2728",
    "\ud83d\udc9c",
    "\ud83c\udf84",
    "\ud83d\ude0d",
    "\ud83d\ude1c",
    "\u2764",
    "\ud83d\udd25",
    "\ud83d\ude09",
    "\ud83d\ude02",
    "\ud83d\udcaf",
    "\ud83c\uddfa\ud83c\uddf8",
    "\ud83d\udc95"
  ]
}