{
  "classification_report": {
    "\ud83d\ude0e": {
      "precision": 0.02040816326530612,
      "recall": 0.025,
      "f1-score": 0.02247191011235955,
      "support": 40.0
    },
    "\ud83c\udf84": {
      "precision": 0.5454545454545454,
      "recall": 0.3870967741935484,
      "f1-score": 0.4528301886792453,
      "support": 31.0
    },
    "\u2764": {
      "precision": 0.2994350282485876,
      "recall": 0.24537037037037038,
      "f1-score": 0.2697201017811705,
      "support": 216.0
    },
    "\ud83d\udc95": {
      "precision": 0.07692307692307693,
      "recall": 0.057692307692307696,
      "f1-score": 0.06593406593406594,
      "support": 52.0
    },
    "\ud83d\ude18": {
      "precision": 0.047619047619047616,
      "recall": 0.08333333333333333,
      "f1-score": 0.06060606060606061,
      "support": 24.0
    },
    "\ud83d\udcaf": {
      "precision": 0.14285714285714285,
      "recall": 0.04,
      "f1-score": 0.0625,
      "support": 25.0
    },
    "\u2600": {
      "precision": 0.1,
      "recall": 0.08,
      "f1-score": 0.08888888888888889,
      "support": 25.0
    },
    "\ud83d\udc99": {
      "precision": 0.08,
      "recall": 0.06451612903225806,
      "f1-score": 0.07142857142857142,
      "support": 31.0
    },
    "\ud83d\ude01": {
      "precision": 0.0,
      "recall": 0.0,
      "f1-score": 0.0,
      "support": 23.0
    },
    "\ud83d\udd25": {
      "precision": 0.325,
      "recall": 0.17567567567567569,
      "f1-score": 0.22807017543859648,
      "support": 74.0
    },
    "\ud83d\udcf8": {
      "precision": 0.20930232558139536,
      "recall": 0.1875,
      "f1-score": 0.1978021978021978,
      "support": 48.0
    },
    "\ud83d\ude0d": {
      "precision": 0.15476190476190477,
      "recall": 0.13402061855670103,
      "f1-score": 0.143646408839779,
      "support": 97.0
    },
    "\ud83d\ude09": {
      "precision": 0.0,
      "recall": 0.0,
      "f1-score": 0.0,
      "support": 26.0
    },
    "\ud83d\ude1c": {
      "precision": 0.05263157894736842,
      "recall": 0.05,
      "f1-score": 0.05128205128205128,
      "support": 20.0
    },
    "\ud83d\udcf7": {
      "precision": 0.0,
      "recall": 0.0,
      "f1-score": 0.0,
      "support": 29.0
    },
    "\ud83c\uddfa\ud83c\uddf8": {
      "precision": 0.0,
      "recall": 0.0,
      "f1-score": 0.0,
      "support": 39.0
    },
    "\ud83d\ude0a": {
      "precision": 0.04032258064516129,
      "recall": 0.15625,
      "f1-score": 0.0641025641025641,
      "support": 32.0
    },
    "\u2728": {
      "precision": 0.08,
      "recall": 0.03636363636363636,
      "f1-score": 0.05,
      "support": 55.0
    },
    "\ud83d\ude02": {
      "precision": 0.22666666666666666,
      "recall": 0.18681318681318682,
      "f1-score": 0.20481927710843373,
      "support": 91.0
    },
    "\ud83d\udc9c": {
      "precision": 0.0,
      "recall": 0.0,
      "f1-score": 0.0,
      "support": 22.0
    },
    "micro avg": {
      "precision": 0.16484848484848486,
      "recall": 0.136,
      "f1-score": 0.14904109589041095,
      "support": 1000.0
    },
    "macro avg": {
      "precision": 0.12006910304851015,
      "recall": 0.09548160160155088,
      "f1-score": 0.10170512310019923,
      "support": 1000.0
    },
    "weighted avg": {
      "precision": 0.1725757064717547,
      "recall": 0.136,
      "f1-score": 0.1488491564861194,
      "support": 1000.0
    }
  },
  "accuracy": 0.136,
  "confusion_matrix": [
    [
      1,
      1,
      8,
      0,
      1,
      0,
      2,
      2,
      0,
      4,
      0,
      1,
      0,
      3,
      1,
      0,
      7,
      2,
      1,
      0
    ],
    [
      0,
      12,
      7,
      0,
      1,
      0,
      0,
      0,
      1,
      1,
      0,
      2,
      0,
      0,
      0,
      0,
      2,
      0,
      0,
      2
    ],
    [
      10,
      2,
      53,
      14,
      14,
      1,
      1,
      10,
      1,
      3,
      5,
      23,
      0,
      2,
      0,
      0,
      23,
      7,
      12,
      2
    ],
    [
      0,
      2,
      11,
      3,
      5,
      1,
      2,
      0,
      0,
      2,
      1,
      6,
      0,
      0,
      1,
      0,
      3,
      5,
      1,
      0
    ],
    [
      0,
      0,
      5,
      2,
      2,
      0,
      1,
      1,
      0,
      0,
      2,
      3,
      0,
      0,
      0,
      0,
      3,
      0,
      0,
      1
    ],
    [
      0,
      0,
      2,
      1,
      1,
      1,
      1,
      1,
      0,
      2,
      1,
      3,
      0,
      0,
      0,
      0,
      2,
      2,
      4,
      0
    ],
    [
      7,
      0,
      3,
      0,
      1,
      0,
      2,
      0,
      0,
      1,
      0,
      0,
      0,
      0,
      0,
      0,
      3,
      2,
      1,
      1
    ],
    [
      1,
      0,
      10,
      1,
      0,
      0,
      1,
      2,
      0,
      1,
      1,
      3,
      0,
      0,
      0,
      0,
      6,
      0,
      1,
      0
    ],
    [
      1,
      1,
      2,
      0,
      0,
      0,
      0,
      0,
      0,
      0,
      0,
      1,
      0,
      0,
      0,
      0,
      5,
      0,
      5,
      0
    ],
    [
      5,
      0,
      8,
      4,
      4,
      0,
      2,
      0,
      2,
      13,
      5,
      8,
      0,
      2,
      1,
      0,
      5,
      1,
      4,
      0
    ],
    [
      1,
      0,
      5,
      2,
      2,
      0,
      0,
      0,
      1,
      2,
      9,
      3,
      0,
      2,
      0,
      0,
      6,
      0,
      5,
      1
    ],
    [
      6,
      0,
      16,
      2,
      0,
      0,
      2,
      2,
      1,
      1,
      5,
      13,
      0,
      1,
      0,
      0,
      16,
      0,
      9,
      2
    ],
    [
      2,
      0,
      6,
      2,
      1,
      0,
      0,
      0,
      1,
      1,
      1,
      2,
      0,
      2,
      1,
      0,
      1,
      0,
      3,
      0
    ],
    [
      0,
      0,
      2,
      0,
      0,
      0,
      0,
      1,
      0,
      2,
      0,
      1,
      0,
      1,
      0,
      0,
      4,
      0,
      3,
      0
    ],
    [
      2,
      1,
      5,
      2,
      0,
      0,
      0,
      0,
      0,
      0,
      3,
      3,
      0,
      0,
      0,
      0,
      2,
      0,
      3,
      0
    ],
    [
      5,
      0,
      10,
      0,
      0,
      1,
      0,
      2,
      1,
      1,
      0,
      0,
      0,
      1,
      4,
      0,
      8,
      1,
      2,
      0
    ],
    [
      1,
      1,
      7,
      2,
      1,
      0,
      0,
      1,
      0,
      0,
      2,
      3,
      0,
      1,
      0,
      0,
      5,
      0,
      0,
      0
    ],
    [
      3,
      2,
      9,
      1,
      3,
      1,
      5,
      0,
      1,
      3,
      2,
      2,
      1,
      0,
      0,
      0,
      6,
      2,
      3,
      1
    ],
    [
      3,
      0,
      7,
      3,
      4,
      2,
      1,
      3,
      2,
      3,
      5,
      4,
      0,
      4,
      1,
      0,
      12,
      1,
      17,
      2
    ],
    [
      1,
      0,
      1,
      0,
      2,
      0,
      0,
      0,
      0,
      0,
      1,
      3,
      0,
      0,
      1,
      0,
      5,
      2,
      1,
      0
    ]
  ],
  "labels": [
    "\ud83d\ude0e",
    "\ud83c\udf84",
    "\u2764",
    "\ud83d\udc95",
    "\ud83d\ude18",
    "\ud83d\udcaf",
    "\u2600",
    "\ud83d\udc99",
    "\ud83d\ude01",
    "\ud83d\udd25",
    "\ud83d\udcf8",
    "\ud83d\ude0d",
    "\ud83d\ude09",
    "\ud83d\ude1c",
    "\ud83d\udcf7",
    "\ud83c\uddfa\ud83c\uddf8",
    "\ud83d\ude0a",
    "\u2728",
    "\ud83d\ude02",
    "\ud83d\udc9c"
  ]
}