{
  "classification_report": {
    "\ud83d\ude0d": {
      "precision": 0.2,
      "recall": 0.14432989690721648,
      "f1-score": 0.16766467065868262,
      "support": 97.0
    },
    "\ud83d\udcf8": {
      "precision": 0.29411764705882354,
      "recall": 0.10416666666666667,
      "f1-score": 0.15384615384615385,
      "support": 48.0
    },
    "\ud83d\ude01": {
      "precision": 0.0,
      "recall": 0.0,
      "f1-score": 0.0,
      "support": 23.0
    },
    "\ud83d\ude02": {
      "precision": 0.3617021276595745,
      "recall": 0.18681318681318682,
      "f1-score": 0.2463768115942029,
      "support": 91.0
    },
    "\ud83d\udc99": {
      "precision": 0.25,
      "recall": 0.03225806451612903,
      "f1-score": 0.05714285714285714,
      "support": 31.0
    },
    "\ud83d\udcf7": {
      "precision": 0.0,
      "recall": 0.0,
      "f1-score": 0.0,
      "support": 29.0
    },
    "\u2728": {
      "precision": 0.15625,
      "recall": 0.09090909090909091,
      "f1-score": 0.11494252873563218,
      "support": 55.0
    },
    "\u2600": {
      "precision": 0.3333333333333333,
      "recall": 0.16,
      "f1-score": 0.21621621621621623,
      "support": 25.0
    },
    "\ud83d\ude0e": {
      "precision": 0.06666666666666667,
      "recall": 0.05,
      "f1-score": 0.05714285714285714,
      "support": 40.0
    },
    "\ud83d\ude18": {
      "precision": 0.0,
      "recall": 0.0,
      "f1-score": 0.0,
      "support": 24.0
    },
    "\ud83d\ude1c": {
      "precision": 0.0,
      "recall": 0.0,
      "f1-score": 0.0,
      "support": 20.0
    },
    "\ud83d\udc95": {
      "precision": 0.12121212121212122,
      "recall": 0.07692307692307693,
      "f1-score": 0.09411764705882353,
      "support": 52.0
    },
    "\ud83d\ude0a": {
      "precision": 0.06363636363636363,
      "recall": 0.21875,
      "f1-score": 0.09859154929577464,
      "support": 32.0
    },
    "\ud83d\udd25": {
      "precision": 0.40384615384615385,
      "recall": 0.28378378378378377,
      "f1-score": 0.3333333333333333,
      "support": 74.0
    },
    "\u2764": {
      "precision": 0.41975308641975306,
      "recall": 0.3148148148148148,
      "f1-score": 0.35978835978835977,
      "support": 216.0
    },
    "\ud83d\udcaf": {
      "precision": 0.0,
      "recall": 0.0,
      "f1-score": 0.0,
      "support": 25.0
    },
    "\ud83c\uddfa\ud83c\uddf8": {
      "precision": 0.19047619047619047,
      "recall": 0.10256410256410256,
      "f1-score": 0.13333333333333333,
      "support": 39.0
    },
    "\ud83c\udf84": {
      "precision": 0.7368421052631579,
      "recall": 0.45161290322580644,
      "f1-score": 0.56,
      "support": 31.0
    },
    "\ud83d\ude09": {
      "precision": 0.01639344262295082,
      "recall": 0.038461538461538464,
      "f1-score": 0.022988505747126436,
      "support": 26.0
    },
    "\ud83d\udc9c": {
      "precision": 0.0,
      "recall": 0.0,
      "f1-score": 0.0,
      "support": 22.0
    },
    "micro avg": {
      "precision": 0.2445095168374817,
      "recall": 0.167,
      "f1-score": 0.1984551396316102,
      "support": 1000.0
    },
    "macro avg": {
      "precision": 0.18071146190975446,
      "recall": 0.11276935627927065,
      "f1-score": 0.13077424119466768,
      "support": 1000.0
    },
    "weighted avg": {
      "precision": 0.25336387286644685,
      "recall": 0.167,
      "f1-score": 0.19544046639148938,
      "support": 1000.0
    }
  },
  "accuracy": 0.167,
  "confusion_matrix": [
    [
      14,
      3,
      0,
      2,
      0,
      0,
      0,
      2,
      1,
      0,
      0,
      1,
      12,
      2,
      14,
      0,
      4,
      0,
      9,
      0
    ],
    [
      1,
      5,
      0,
      4,
      0,
      1,
      2,
      1,
      2,
      0,
      0,
      2,
      5,
      3,
      1,
      0,
      2,
      0,
      2,
      0
    ],
    [
      2,
      0,
      0,
      2,
      1,
      0,
      0,
      0,
      1,
      0,
      0,
      0,
      3,
      0,
      2,
      0,
      0,
      1,
      0,
      0
    ],
    [
      3,
      2,
      0,
      17,
      0,
      2,
      1,
      0,
      0,
      0,
      0,
      0,
      8,
      4,
      7,
      0,
      0,
      0,
      14,
      0
    ],
    [
      2,
      0,
      0,
      0,
      1,
      0,
      0,
      0,
      2,
      0,
      0,
      3,
      6,
      0,
      6,
      0,
      2,
      0,
      1,
      0
    ],
    [
      2,
      1,
      0,
      3,
      0,
      0,
      0,
      0,
      1,
      0,
      0,
      1,
      3,
      0,
      3,
      0,
      0,
      0,
      1,
      0
    ],
    [
      2,
      0,
      0,
      2,
      0,
      1,
      5,
      1,
      5,
      0,
      0,
      0,
      10,
      2,
      7,
      0,
      0,
      1,
      5,
      0
    ],
    [
      0,
      0,
      0,
      0,
      0,
      0,
      0,
      4,
      2,
      0,
      0,
      0,
      3,
      3,
      4,
      0,
      1,
      0,
      0,
      0
    ],
    [
      2,
      0,
      0,
      2,
      0,
      0,
      3,
      2,
      2,
      0,
      0,
      0,
      7,
      4,
      4,
      0,
      0,
      0,
      2,
      0
    ],
    [
      1,
      0,
      0,
      1,
      0,
      0,
      0,
      0,
      2,
      0,
      0,
      1,
      3,
      1,
      5,
      0,
      0,
      0,
      3,
      0
    ],
    [
      0,
      0,
      0,
      3,
      0,
      0,
      1,
      0,
      0,
      0,
      0,
      0,
      0,
      2,
      3,
      0,
      0,
      0,
      1,
      0
    ],
    [
      5,
      0,
      0,
      0,
      0,
      1,
      5,
      1,
      1,
      0,
      0,
      4,
      3,
      0,
      9,
      0,
      0,
      0,
      5,
      1
    ],
    [
      2,
      1,
      0,
      1,
      0,
      1,
      0,
      0,
      1,
      0,
      0,
      1,
      7,
      0,
      3,
      0,
      3,
      1,
      4,
      0
    ],
    [
      3,
      2,
      0,
      2,
      0,
      0,
      2,
      0,
      3,
      0,
      0,
      3,
      5,
      21,
      8,
      0,
      0,
      0,
      3,
      1
    ],
    [
      26,
      2,
      0,
      6,
      2,
      0,
      6,
      0,
      1,
      0,
      0,
      16,
      20,
      2,
      68,
      0,
      2,
      1,
      6,
      2
    ],
    [
      0,
      1,
      0,
      2,
      0,
      0,
      3,
      1,
      1,
      0,
      0,
      0,
      0,
      2,
      2,
      0,
      1,
      1,
      3,
      0
    ],
    [
      0,
      0,
      0,
      0,
      0,
      1,
      1,
      0,
      2,
      0,
      0,
      0,
      7,
      3,
      6,
      0,
      4,
      0,
      1,
      0
    ],
    [
      0,
      0,
      0,
      0,
      0,
      0,
      0,
      0,
      0,
      0,
      0,
      0,
      1,
      2,
      5,
      0,
      0,
      14,
      0,
      0
    ],
    [
      3,
      0,
      0,
      0,
      0,
      1,
      0,
      0,
      3,
      0,
      0,
      1,
      2,
      1,
      2,
      0,
      2,
      0,
      1,
      0
    ],
    [
      2,
      0,
      0,
      0,
      0,
      1,
      3,
      0,
      0,
      0,
      0,
      0,
      5,
      0,
      3,
      0,
      0,
      0,
      0,
      0
    ]
  ],
  "labels": [
    "\ud83d\ude0d",
    "\ud83d\udcf8",
    "\ud83d\ude01",
    "\ud83d\ude02",
    "\ud83d\udc99",
    "\ud83d\udcf7",
    "\u2728",
    "\u2600",
    "\ud83d\ude0e",
    "\ud83d\ude18",
    "\ud83d\ude1c",
    "\ud83d\udc95",
    "\ud83d\ude0a",
    "\ud83d\udd25",
    "\u2764",
    "\ud83d\udcaf",
    "\ud83c\uddfa\ud83c\uddf8",
    "\ud83c\udf84",
    "\ud83d\ude09",
    "\ud83d\udc9c"
  ]
}