{
  "classification_report": {
    "\ud83d\udcf7": {
      "precision": 0.13513513513513514,
      "recall": 0.1724137931034483,
      "f1-score": 0.15151515151515152,
      "support": 29.0
    },
    "\ud83d\ude01": {
      "precision": 0.0,
      "recall": 0.0,
      "f1-score": 0.0,
      "support": 23.0
    },
    "\ud83c\udf84": {
      "precision": 0.7575757575757576,
      "recall": 0.8064516129032258,
      "f1-score": 0.78125,
      "support": 31.0
    },
    "\ud83d\ude0d": {
      "precision": 0.208955223880597,
      "recall": 0.14432989690721648,
      "f1-score": 0.17073170731707318,
      "support": 97.0
    },
    "\ud83d\ude09": {
      "precision": 0.0,
      "recall": 0.0,
      "f1-score": 0.0,
      "support": 26.0
    },
    "\u2600": {
      "precision": 0.3870967741935484,
      "recall": 0.48,
      "f1-score": 0.42857142857142855,
      "support": 25.0
    },
    "\ud83d\ude0e": {
      "precision": 0.16666666666666666,
      "recall": 0.025,
      "f1-score": 0.043478260869565216,
      "support": 40.0
    },
    "\ud83d\ude0a": {
      "precision": 0.07692307692307693,
      "recall": 0.34375,
      "f1-score": 0.12571428571428572,
      "support": 32.0
    },
    "\u2764": {
      "precision": 0.44541484716157204,
      "recall": 0.4722222222222222,
      "f1-score": 0.4584269662921348,
      "support": 216.0
    },
    "\ud83d\ude1c": {
      "precision": 0.07575757575757576,
      "recall": 0.25,
      "f1-score": 0.11627906976744186,
      "support": 20.0
    },
    "\u2728": {
      "precision": 0.2727272727272727,
      "recall": 0.05454545454545454,
      "f1-score": 0.09090909090909091,
      "support": 55.0
    },
    "\ud83d\ude02": {
      "precision": 0.3888888888888889,
      "recall": 0.15384615384615385,
      "f1-score": 0.2204724409448819,
      "support": 91.0
    },
    "\ud83d\udcaf": {
      "precision": 0.5,
      "recall": 0.04,
      "f1-score": 0.07407407407407407,
      "support": 25.0
    },
    "\ud83d\udcf8": {
      "precision": 0.16666666666666666,
      "recall": 0.041666666666666664,
      "f1-score": 0.06666666666666667,
      "support": 48.0
    },
    "\ud83d\udc99": {
      "precision": 0.02564102564102564,
      "recall": 0.03225806451612903,
      "f1-score": 0.02857142857142857,
      "support": 31.0
    },
    "\ud83d\udc95": {
      "precision": 0.14285714285714285,
      "recall": 0.038461538461538464,
      "f1-score": 0.06060606060606061,
      "support": 52.0
    },
    "\ud83d\udd25": {
      "precision": 0.5384615384615384,
      "recall": 0.3783783783783784,
      "f1-score": 0.4444444444444444,
      "support": 74.0
    },
    "\ud83c\uddfa\ud83c\uddf8": {
      "precision": 0.5789473684210527,
      "recall": 0.28205128205128205,
      "f1-score": 0.3793103448275862,
      "support": 39.0
    },
    "\ud83d\ude18": {
      "precision": 0.13636363636363635,
      "recall": 0.125,
      "f1-score": 0.13043478260869565,
      "support": 24.0
    },
    "\ud83d\udc9c": {
      "precision": 0.0,
      "recall": 0.0,
      "f1-score": 0.0,
      "support": 22.0
    },
    "micro avg": {
      "precision": 0.2916160388821385,
      "recall": 0.24,
      "f1-score": 0.2633022490400439,
      "support": 1000.0
    },
    "macro avg": {
      "precision": 0.2502039298660577,
      "recall": 0.1920187531800858,
      "f1-score": 0.1885728101850005,
      "support": 1000.0
    },
    "weighted avg": {
      "precision": 0.3090129677049145,
      "recall": 0.24,
      "f1-score": 0.2479602449449099,
      "support": 1000.0
    }
  },
  "accuracy": 0.24,
  "confusion_matrix": [
    [
      5,
      0,
      1,
      1,
      0,
      0,
      0,
      2,
      5,
      5,
      0,
      2,
      1,
      0,
      0,
      0,
      0,
      0,
      0,
      0
    ],
    [
      1,
      0,
      0,
      1,
      0,
      0,
      0,
      7,
      3,
      3,
      0,
      0,
      0,
      0,
      1,
      1,
      1,
      0,
      0,
      0
    ],
    [
      0,
      0,
      25,
      0,
      0,
      0,
      0,
      1,
      0,
      0,
      0,
      0,
      0,
      0,
      0,
      0,
      1,
      0,
      0,
      0
    ],
    [
      4,
      0,
      0,
      14,
      0,
      3,
      0,
      18,
      14,
      5,
      0,
      2,
      0,
      0,
      11,
      0,
      2,
      2,
      3,
      0
    ],
    [
      0,
      0,
      1,
      2,
      0,
      0,
      0,
      6,
      4,
      4,
      0,
      2,
      0,
      1,
      0,
      0,
      0,
      0,
      1,
      0
    ],
    [
      0,
      0,
      0,
      0,
      0,
      12,
      0,
      2,
      4,
      1,
      0,
      0,
      0,
      0,
      0,
      0,
      2,
      0,
      2,
      0
    ],
    [
      0,
      0,
      0,
      2,
      0,
      3,
      1,
      9,
      6,
      6,
      0,
      2,
      0,
      0,
      0,
      0,
      1,
      0,
      0,
      0
    ],
    [
      2,
      0,
      1,
      2,
      0,
      0,
      0,
      11,
      6,
      2,
      0,
      0,
      0,
      1,
      0,
      1,
      0,
      1,
      1,
      0
    ],
    [
      5,
      0,
      2,
      20,
      0,
      5,
      1,
      20,
      102,
      4,
      2,
      3,
      0,
      0,
      8,
      4,
      2,
      1,
      3,
      0
    ],
    [
      0,
      0,
      0,
      0,
      0,
      0,
      0,
      5,
      3,
      5,
      0,
      0,
      0,
      0,
      1,
      0,
      2,
      0,
      0,
      0
    ],
    [
      1,
      0,
      0,
      3,
      0,
      2,
      1,
      9,
      11,
      2,
      3,
      1,
      0,
      1,
      3,
      0,
      1,
      0,
      1,
      0
    ],
    [
      2,
      1,
      0,
      5,
      1,
      1,
      1,
      16,
      7,
      14,
      0,
      14,
      0,
      2,
      1,
      0,
      7,
      1,
      1,
      0
    ],
    [
      2,
      0,
      1,
      0,
      0,
      0,
      1,
      1,
      2,
      0,
      0,
      2,
      1,
      1,
      1,
      0,
      4,
      1,
      0,
      0
    ],
    [
      9,
      0,
      1,
      3,
      1,
      0,
      0,
      5,
      1,
      6,
      1,
      3,
      0,
      2,
      3,
      1,
      0,
      0,
      0,
      0
    ],
    [
      0,
      0,
      0,
      0,
      0,
      0,
      0,
      4,
      16,
      0,
      1,
      0,
      0,
      0,
      1,
      2,
      0,
      2,
      1,
      0
    ],
    [
      0,
      0,
      0,
      5,
      0,
      1,
      0,
      2,
      19,
      1,
      1,
      1,
      0,
      1,
      4,
      2,
      1,
      0,
      5,
      0
    ],
    [
      2,
      0,
      0,
      6,
      0,
      2,
      1,
      7,
      7,
      5,
      1,
      4,
      0,
      2,
      3,
      0,
      28,
      0,
      0,
      1
    ],
    [
      2,
      0,
      0,
      1,
      0,
      2,
      0,
      7,
      5,
      1,
      1,
      0,
      0,
      0,
      1,
      0,
      0,
      11,
      1,
      0
    ],
    [
      1,
      0,
      1,
      1,
      0,
      0,
      0,
      7,
      6,
      1,
      0,
      0,
      0,
      0,
      1,
      1,
      0,
      0,
      3,
      0
    ],
    [
      1,
      0,
      0,
      1,
      0,
      0,
      0,
      4,
      8,
      1,
      1,
      0,
      0,
      1,
      0,
      2,
      0,
      0,
      0,
      0
    ]
  ],
  "labels": [
    "\ud83d\udcf7",
    "\ud83d\ude01",
    "\ud83c\udf84",
    "\ud83d\ude0d",
    "\ud83d\ude09",
    "\u2600",
    "\ud83d\ude0e",
    "\ud83d\ude0a",
    "\u2764",
    "\ud83d\ude1c",
    "\u2728",
    "\ud83d\ude02",
    "\ud83d\udcaf",
    "\ud83d\udcf8",
    "\ud83d\udc99",
    "\ud83d\udc95",
    "\ud83d\udd25",
    "\ud83c\uddfa\ud83c\uddf8",
    "\ud83d\ude18",
    "\ud83d\udc9c"
  ]
}