{
  "classification_report": {
    "\ud83d\ude0e": {
      "precision": 0.25,
      "recall": 0.025,
      "f1-score": 0.045454545454545456,
      "support": 40.0
    },
    "\ud83d\udcaf": {
      "precision": 1.0,
      "recall": 0.08,
      "f1-score": 0.14814814814814814,
      "support": 25.0
    },
    "\u2728": {
      "precision": 0.7142857142857143,
      "recall": 0.09090909090909091,
      "f1-score": 0.16129032258064516,
      "support": 55.0
    },
    "\ud83d\ude0d": {
      "precision": 0.1891891891891892,
      "recall": 0.07216494845360824,
      "f1-score": 0.1044776119402985,
      "support": 97.0
    },
    "\ud83d\ude01": {
      "precision": 0.0,
      "recall": 0.0,
      "f1-score": 0.0,
      "support": 23.0
    },
    "\ud83d\udcf7": {
      "precision": 0.08695652173913043,
      "recall": 0.06896551724137931,
      "f1-score": 0.07692307692307693,
      "support": 29.0
    },
    "\ud83c\udf84": {
      "precision": 0.75,
      "recall": 0.6774193548387096,
      "f1-score": 0.711864406779661,
      "support": 31.0
    },
    "\u2600": {
      "precision": 0.4782608695652174,
      "recall": 0.44,
      "f1-score": 0.4583333333333333,
      "support": 25.0
    },
    "\ud83d\udcf8": {
      "precision": 0.2222222222222222,
      "recall": 0.041666666666666664,
      "f1-score": 0.07017543859649122,
      "support": 48.0
    },
    "\ud83d\ude18": {
      "precision": 0.11538461538461539,
      "recall": 0.125,
      "f1-score": 0.12,
      "support": 24.0
    },
    "\ud83d\udc95": {
      "precision": 0.1,
      "recall": 0.019230769230769232,
      "f1-score": 0.03225806451612903,
      "support": 52.0
    },
    "\ud83d\udc9c": {
      "precision": 0.0,
      "recall": 0.0,
      "f1-score": 0.0,
      "support": 22.0
    },
    "\ud83d\udc99": {
      "precision": 0.03225806451612903,
      "recall": 0.03225806451612903,
      "f1-score": 0.03225806451612903,
      "support": 31.0
    },
    "\u2764": {
      "precision": 0.4879518072289157,
      "recall": 0.375,
      "f1-score": 0.42408376963350786,
      "support": 216.0
    },
    "\ud83d\udd25": {
      "precision": 0.5833333333333334,
      "recall": 0.28378378378378377,
      "f1-score": 0.38181818181818183,
      "support": 74.0
    },
    "\ud83d\ude0a": {
      "precision": 0.09649122807017543,
      "recall": 0.34375,
      "f1-score": 0.1506849315068493,
      "support": 32.0
    },
    "\ud83d\ude09": {
      "precision": 0.25,
      "recall": 0.038461538461538464,
      "f1-score": 0.06666666666666667,
      "support": 26.0
    },
    "\ud83c\uddfa\ud83c\uddf8": {
      "precision": 0.5555555555555556,
      "recall": 0.1282051282051282,
      "f1-score": 0.20833333333333334,
      "support": 39.0
    },
    "\ud83d\ude02": {
      "precision": 0.5217391304347826,
      "recall": 0.13186813186813187,
      "f1-score": 0.21052631578947367,
      "support": 91.0
    },
    "\ud83d\ude1c": {
      "precision": 0.14035087719298245,
      "recall": 0.4,
      "f1-score": 0.2077922077922078,
      "support": 20.0
    },
    "micro avg": {
      "precision": 0.31862745098039214,
      "recall": 0.195,
      "f1-score": 0.24193548387096775,
      "support": 1000.0
    },
    "macro avg": {
      "precision": 0.3286989564358981,
      "recall": 0.16868414970874673,
      "f1-score": 0.1805544209664339,
      "support": 1000.0
    },
    "weighted avg": {
      "precision": 0.38010514534897794,
      "recall": 0.195,
      "f1-score": 0.22706055093339425,
      "support": 1000.0
    }
  },
  "accuracy": 0.195,
  "confusion_matrix": [
    [
      1,
      0,
      0,
      1,
      0,
      0,
      0,
      1,
      0,
      0,
      0,
      0,
      0,
      1,
      1,
      8,
      0,
      0,
      0,
      5
    ],
    [
      0,
      2,
      0,
      0,
      0,
      1,
      1,
      0,
      0,
      1,
      0,
      0,
      2,
      0,
      2,
      2,
      0,
      0,
      1,
      1
    ],
    [
      0,
      0,
      5,
      2,
      0,
      1,
      0,
      0,
      0,
      1,
      0,
      0,
      2,
      7,
      1,
      6,
      0,
      0,
      0,
      1
    ],
    [
      1,
      0,
      0,
      7,
      0,
      1,
      0,
      1,
      2,
      8,
      1,
      0,
      6,
      8,
      1,
      13,
      0,
      2,
      2,
      1
    ],
    [
      0,
      0,
      0,
      0,
      0,
      0,
      0,
      0,
      0,
      0,
      0,
      0,
      1,
      3,
      0,
      6,
      0,
      0,
      1,
      4
    ],
    [
      0,
      0,
      0,
      1,
      0,
      2,
      1,
      0,
      0,
      0,
      0,
      0,
      0,
      3,
      0,
      2,
      0,
      0,
      1,
      5
    ],
    [
      0,
      0,
      0,
      1,
      0,
      0,
      21,
      0,
      0,
      0,
      0,
      0,
      0,
      0,
      1,
      0,
      0,
      0,
      0,
      0
    ],
    [
      0,
      0,
      0,
      0,
      0,
      0,
      0,
      11,
      0,
      2,
      0,
      0,
      0,
      2,
      1,
      1,
      0,
      0,
      0,
      0
    ],
    [
      1,
      0,
      0,
      1,
      0,
      6,
      0,
      1,
      2,
      2,
      0,
      0,
      0,
      1,
      0,
      2,
      0,
      0,
      2,
      4
    ],
    [
      1,
      0,
      0,
      0,
      0,
      1,
      1,
      0,
      0,
      3,
      1,
      0,
      1,
      5,
      0,
      4,
      0,
      0,
      0,
      1
    ],
    [
      0,
      0,
      0,
      2,
      0,
      0,
      0,
      1,
      0,
      2,
      1,
      0,
      3,
      18,
      1,
      3,
      0,
      0,
      0,
      2
    ],
    [
      0,
      0,
      0,
      0,
      0,
      1,
      0,
      0,
      0,
      1,
      2,
      0,
      1,
      7,
      0,
      2,
      0,
      0,
      0,
      1
    ],
    [
      0,
      0,
      0,
      1,
      0,
      0,
      0,
      0,
      0,
      0,
      0,
      0,
      1,
      11,
      0,
      7,
      0,
      1,
      0,
      0
    ],
    [
      0,
      0,
      2,
      14,
      0,
      4,
      2,
      4,
      0,
      3,
      4,
      0,
      8,
      81,
      3,
      15,
      1,
      0,
      2,
      5
    ],
    [
      0,
      0,
      0,
      2,
      0,
      1,
      0,
      2,
      1,
      0,
      0,
      1,
      2,
      5,
      21,
      5,
      0,
      0,
      1,
      2
    ],
    [
      0,
      0,
      0,
      0,
      0,
      0,
      1,
      0,
      2,
      0,
      1,
      0,
      0,
      1,
      0,
      11,
      0,
      0,
      0,
      1
    ],
    [
      0,
      0,
      0,
      2,
      0,
      0,
      1,
      1,
      0,
      0,
      0,
      0,
      0,
      3,
      0,
      6,
      1,
      0,
      1,
      2
    ],
    [
      0,
      0,
      0,
      1,
      0,
      4,
      0,
      1,
      0,
      1,
      0,
      0,
      2,
      4,
      0,
      4,
      0,
      5,
      0,
      2
    ],
    [
      0,
      0,
      0,
      2,
      1,
      1,
      0,
      0,
      2,
      2,
      0,
      1,
      2,
      4,
      3,
      16,
      2,
      1,
      12,
      12
    ],
    [
      0,
      0,
      0,
      0,
      0,
      0,
      0,
      0,
      0,
      0,
      0,
      0,
      0,
      2,
      1,
      1,
      0,
      0,
      0,
      8
    ]
  ],
  "labels": [
    "\ud83d\ude0e",
    "\ud83d\udcaf",
    "\u2728",
    "\ud83d\ude0d",
    "\ud83d\ude01",
    "\ud83d\udcf7",
    "\ud83c\udf84",
    "\u2600",
    "\ud83d\udcf8",
    "\ud83d\ude18",
    "\ud83d\udc95",
    "\ud83d\udc9c",
    "\ud83d\udc99",
    "\u2764",
    "\ud83d\udd25",
    "\ud83d\ude0a",
    "\ud83d\ude09",
    "\ud83c\uddfa\ud83c\uddf8",
    "\ud83d\ude02",
    "\ud83d\ude1c"
  ]
}