{
  "classification_report": {
    "\ud83d\ude1c": {
      "precision": 0.09090909090909091,
      "recall": 0.05,
      "f1-score": 0.06451612903225806,
      "support": 20.0
    },
    "\ud83c\udf84": {
      "precision": 0.6666666666666666,
      "recall": 0.5806451612903226,
      "f1-score": 0.6206896551724138,
      "support": 31.0
    },
    "\ud83d\udc95": {
      "precision": 0.11764705882352941,
      "recall": 0.038461538461538464,
      "f1-score": 0.057971014492753624,
      "support": 52.0
    },
    "\ud83d\ude18": {
      "precision": 0.0,
      "recall": 0.0,
      "f1-score": 0.0,
      "support": 24.0
    },
    "\ud83d\udcaf": {
      "precision": 0.5,
      "recall": 0.04,
      "f1-score": 0.07407407407407407,
      "support": 25.0
    },
    "\ud83d\ude0d": {
      "precision": 0.2558139534883721,
      "recall": 0.1134020618556701,
      "f1-score": 0.15714285714285714,
      "support": 97.0
    },
    "\ud83d\udc99": {
      "precision": 0.11764705882352941,
      "recall": 0.06451612903225806,
      "f1-score": 0.08333333333333333,
      "support": 31.0
    },
    "\ud83d\ude0a": {
      "precision": 0.06578947368421052,
      "recall": 0.15625,
      "f1-score": 0.09259259259259259,
      "support": 32.0
    },
    "\ud83d\ude01": {
      "precision": 0.0,
      "recall": 0.0,
      "f1-score": 0.0,
      "support": 23.0
    },
    "\ud83d\udd25": {
      "precision": 0.5789473684210527,
      "recall": 0.14864864864864866,
      "f1-score": 0.23655913978494625,
      "support": 74.0
    },
    "\u2728": {
      "precision": 0.125,
      "recall": 0.01818181818181818,
      "f1-score": 0.031746031746031744,
      "support": 55.0
    },
    "\ud83c\uddfa\ud83c\uddf8": {
      "precision": 0.2,
      "recall": 0.07692307692307693,
      "f1-score": 0.1111111111111111,
      "support": 39.0
    },
    "\ud83d\udcf7": {
      "precision": 0.0,
      "recall": 0.0,
      "f1-score": 0.0,
      "support": 29.0
    },
    "\ud83d\ude0e": {
      "precision": 0.0,
      "recall": 0.0,
      "f1-score": 0.0,
      "support": 40.0
    },
    "\u2764": {
      "precision": 0.4253731343283582,
      "recall": 0.2638888888888889,
      "f1-score": 0.32571428571428573,
      "support": 216.0
    },
    "\u2600": {
      "precision": 0.38461538461538464,
      "recall": 0.2,
      "f1-score": 0.2631578947368421,
      "support": 25.0
    },
    "\ud83d\udcf8": {
      "precision": 0.2222222222222222,
      "recall": 0.041666666666666664,
      "f1-score": 0.07017543859649122,
      "support": 48.0
    },
    "\ud83d\udc9c": {
      "precision": 0.0,
      "recall": 0.0,
      "f1-score": 0.0,
      "support": 22.0
    },
    "\ud83d\ude02": {
      "precision": 0.3125,
      "recall": 0.054945054945054944,
      "f1-score": 0.09345794392523364,
      "support": 91.0
    },
    "\ud83d\ude09": {
      "precision": 0.0,
      "recall": 0.0,
      "f1-score": 0.0,
      "support": 26.0
    },
    "micro avg": {
      "precision": 0.2831050228310502,
      "recall": 0.124,
      "f1-score": 0.17246175243393602,
      "support": 1000.0
    },
    "macro avg": {
      "precision": 0.20315657059912082,
      "recall": 0.09237645224469719,
      "f1-score": 0.11411207507276122,
      "support": 1000.0
    },
    "weighted avg": {
      "precision": 0.2697860245736028,
      "recall": 0.124,
      "f1-score": 0.15857826839160422,
      "support": 1000.0
    }
  },
  "accuracy": 0.124,
  "confusion_matrix": [
    [
      1,
      0,
      0,
      0,
      0,
      0,
      1,
      1,
      0,
      1,
      0,
      0,
      0,
      0,
      2,
      0,
      0,
      0,
      1,
      0
    ],
    [
      0,
      18,
      0,
      0,
      0,
      2,
      0,
      0,
      0,
      1,
      0,
      0,
      0,
      0,
      4,
      0,
      0,
      0,
      0,
      0
    ],
    [
      0,
      0,
      2,
      0,
      0,
      1,
      0,
      4,
      0,
      1,
      0,
      0,
      1,
      1,
      16,
      1,
      0,
      0,
      0,
      0
    ],
    [
      0,
      1,
      1,
      0,
      0,
      1,
      0,
      3,
      0,
      0,
      0,
      0,
      0,
      0,
      5,
      0,
      0,
      0,
      0,
      1
    ],
    [
      0,
      1,
      0,
      0,
      1,
      2,
      1,
      1,
      0,
      0,
      0,
      1,
      0,
      0,
      1,
      0,
      0,
      0,
      1,
      0
    ],
    [
      0,
      0,
      0,
      5,
      0,
      11,
      1,
      5,
      1,
      0,
      0,
      4,
      1,
      0,
      5,
      2,
      0,
      0,
      2,
      0
    ],
    [
      0,
      0,
      1,
      1,
      0,
      1,
      2,
      3,
      0,
      0,
      0,
      2,
      0,
      0,
      6,
      0,
      0,
      0,
      0,
      0
    ],
    [
      0,
      1,
      0,
      0,
      0,
      1,
      1,
      5,
      0,
      0,
      0,
      2,
      0,
      0,
      2,
      0,
      1,
      0,
      0,
      0
    ],
    [
      2,
      1,
      1,
      0,
      0,
      0,
      1,
      5,
      0,
      0,
      0,
      0,
      0,
      0,
      2,
      0,
      0,
      0,
      0,
      1
    ],
    [
      1,
      0,
      2,
      0,
      0,
      0,
      0,
      1,
      0,
      11,
      0,
      0,
      1,
      0,
      9,
      2,
      1,
      0,
      1,
      0
    ],
    [
      0,
      1,
      0,
      0,
      0,
      2,
      0,
      7,
      0,
      0,
      1,
      0,
      0,
      0,
      5,
      0,
      0,
      0,
      1,
      2
    ],
    [
      0,
      0,
      0,
      0,
      0,
      0,
      0,
      5,
      0,
      0,
      1,
      3,
      1,
      0,
      6,
      0,
      0,
      0,
      0,
      0
    ],
    [
      0,
      1,
      0,
      0,
      0,
      1,
      0,
      1,
      0,
      0,
      0,
      0,
      0,
      1,
      3,
      0,
      2,
      0,
      0,
      0
    ],
    [
      1,
      0,
      0,
      0,
      0,
      1,
      0,
      2,
      0,
      0,
      3,
      0,
      0,
      0,
      1,
      2,
      0,
      0,
      0,
      0
    ],
    [
      1,
      2,
      8,
      5,
      0,
      14,
      8,
      12,
      0,
      1,
      3,
      1,
      1,
      0,
      57,
      0,
      0,
      0,
      3,
      0
    ],
    [
      0,
      0,
      0,
      0,
      0,
      0,
      1,
      1,
      0,
      1,
      0,
      1,
      0,
      2,
      2,
      5,
      0,
      0,
      0,
      0
    ],
    [
      1,
      0,
      1,
      0,
      0,
      0,
      0,
      2,
      0,
      0,
      0,
      1,
      2,
      0,
      1,
      1,
      2,
      0,
      2,
      0
    ],
    [
      0,
      0,
      0,
      0,
      0,
      1,
      0,
      6,
      0,
      0,
      0,
      0,
      1,
      0,
      3,
      0,
      0,
      0,
      0,
      0
    ],
    [
      4,
      1,
      0,
      1,
      1,
      3,
      1,
      9,
      0,
      3,
      0,
      0,
      1,
      0,
      4,
      0,
      2,
      0,
      5,
      1
    ],
    [
      0,
      0,
      1,
      0,
      0,
      2,
      0,
      3,
      0,
      0,
      0,
      0,
      0,
      0,
      0,
      0,
      1,
      0,
      0,
      0
    ]
  ],
  "labels": [
    "\ud83d\ude1c",
    "\ud83c\udf84",
    "\ud83d\udc95",
    "\ud83d\ude18",
    "\ud83d\udcaf",
    "\ud83d\ude0d",
    "\ud83d\udc99",
    "\ud83d\ude0a",
    "\ud83d\ude01",
    "\ud83d\udd25",
    "\u2728",
    "\ud83c\uddfa\ud83c\uddf8",
    "\ud83d\udcf7",
    "\ud83d\ude0e",
    "\u2764",
    "\u2600",
    "\ud83d\udcf8",
    "\ud83d\udc9c",
    "\ud83d\ude02",
    "\ud83d\ude09"
  ]
}