{
  "classification_report": {
    "\u2600": {
      "precision": 0.0,
      "recall": 0.0,
      "f1-score": 0.0,
      "support": 25.0
    },
    "\u2728": {
      "precision": 0.08008658008658008,
      "recall": 0.6727272727272727,
      "f1-score": 0.14313346228239845,
      "support": 55.0
    },
    "\u2764": {
      "precision": 0.41379310344827586,
      "recall": 0.16666666666666666,
      "f1-score": 0.2376237623762376,
      "support": 216.0
    },
    "\ud83c\uddfa\ud83c\uddf8": {
      "precision": 0.2653061224489796,
      "recall": 0.6666666666666666,
      "f1-score": 0.3795620437956204,
      "support": 39.0
    },
    "\ud83c\udf84": {
      "precision": 0.6774193548387096,
      "recall": 0.6774193548387096,
      "f1-score": 0.6774193548387096,
      "support": 31.0
    },
    "\ud83d\udc95": {
      "precision": 0.0,
      "recall": 0.0,
      "f1-score": 0.0,
      "support": 52.0
    },
    "\ud83d\udc99": {
      "precision": 0.0,
      "recall": 0.0,
      "f1-score": 0.0,
      "support": 31.0
    },
    "\ud83d\udc9c": {
      "precision": 0.0,
      "recall": 0.0,
      "f1-score": 0.0,
      "support": 22.0
    },
    "\ud83d\udcaf": {
      "precision": 0.0,
      "recall": 0.0,
      "f1-score": 0.0,
      "support": 25.0
    },
    "\ud83d\udcf7": {
      "precision": 0.0,
      "recall": 0.0,
      "f1-score": 0.0,
      "support": 29.0
    },
    "\ud83d\udcf8": {
      "precision": 0.3,
      "recall": 0.0625,
      "f1-score": 0.10344827586206896,
      "support": 48.0
    },
    "\ud83d\udd25": {
      "precision": 0.18867924528301888,
      "recall": 0.13513513513513514,
      "f1-score": 0.15748031496062992,
      "support": 74.0
    },
    "\ud83d\ude01": {
      "precision": 0.0,
      "recall": 0.0,
      "f1-score": 0.0,
      "support": 23.0
    },
    "\ud83d\ude02": {
      "precision": 0.5454545454545454,
      "recall": 0.06593406593406594,
      "f1-score": 0.11764705882352941,
      "support": 91.0
    },
    "\ud83d\ude09": {
      "precision": 0.0,
      "recall": 0.0,
      "f1-score": 0.0,
      "support": 26.0
    },
    "\ud83d\ude0a": {
      "precision": 0.025974025974025976,
      "recall": 0.0625,
      "f1-score": 0.03669724770642202,
      "support": 32.0
    },
    "\ud83d\ude0d": {
      "precision": 0.4,
      "recall": 0.020618556701030927,
      "f1-score": 0.0392156862745098,
      "support": 97.0
    },
    "\ud83d\ude0e": {
      "precision": 0.0,
      "recall": 0.0,
      "f1-score": 0.0,
      "support": 40.0
    },
    "\ud83d\ude18": {
      "precision": 0.0,
      "recall": 0.0,
      "f1-score": 0.0,
      "support": 24.0
    },
    "\ud83d\ude1c": {
      "precision": 0.0,
      "recall": 0.0,
      "f1-score": 0.0,
      "support": 20.0
    },
    "micro avg": {
      "precision": 0.16963226571767498,
      "recall": 0.143,
      "f1-score": 0.15518176885512752,
      "support": 1000.0
    },
    "macro avg": {
      "precision": 0.14483564887670675,
      "recall": 0.1265083859334774,
      "f1-score": 0.09461136034600631,
      "support": 1000.0
    },
    "weighted avg": {
      "precision": 0.24276080764357555,
      "recall": 0.143,
      "f1-score": 0.1273051692034685,
      "support": 1000.0
    }
  },
  "accuracy": 0.143,
  "confusion_matrix": [
    [
      0,
      9,
      0,
      4,
      0,
      0,
      0,
      0,
      0,
      0,
      0,
      0,
      0,
      0,
      0,
      1,
      0,
      0,
      0,
      0
    ],
    [
      0,
      37,
      3,
      5,
      0,
      0,
      0,
      0,
      0,
      0,
      1,
      2,
      0,
      0,
      0,
      1,
      0,
      0,
      0,
      0
    ],
    [
      0,
      89,
      36,
      14,
      1,
      0,
      0,
      0,
      0,
      0,
      1,
      5,
      0,
      0,
      0,
      19,
      1,
      0,
      0,
      0
    ],
    [
      0,
      10,
      0,
      26,
      0,
      0,
      0,
      0,
      0,
      0,
      0,
      2,
      0,
      0,
      0,
      0,
      0,
      0,
      0,
      0
    ],
    [
      0,
      7,
      0,
      0,
      21,
      0,
      0,
      0,
      0,
      0,
      0,
      2,
      0,
      0,
      0,
      0,
      0,
      0,
      0,
      0
    ],
    [
      0,
      21,
      14,
      4,
      2,
      0,
      0,
      0,
      0,
      0,
      0,
      1,
      0,
      0,
      0,
      2,
      1,
      0,
      0,
      0
    ],
    [
      0,
      16,
      5,
      3,
      1,
      0,
      0,
      0,
      0,
      0,
      0,
      0,
      0,
      1,
      0,
      1,
      0,
      0,
      0,
      0
    ],
    [
      0,
      11,
      4,
      1,
      1,
      0,
      0,
      0,
      1,
      0,
      0,
      0,
      0,
      0,
      0,
      2,
      0,
      0,
      0,
      0
    ],
    [
      0,
      18,
      0,
      2,
      0,
      0,
      0,
      0,
      0,
      0,
      0,
      2,
      0,
      0,
      0,
      3,
      0,
      0,
      0,
      0
    ],
    [
      0,
      14,
      0,
      1,
      1,
      0,
      0,
      0,
      0,
      0,
      1,
      4,
      0,
      1,
      0,
      4,
      0,
      0,
      0,
      0
    ],
    [
      0,
      22,
      1,
      3,
      1,
      0,
      0,
      0,
      0,
      3,
      3,
      6,
      0,
      0,
      0,
      5,
      0,
      0,
      0,
      0
    ],
    [
      0,
      43,
      2,
      3,
      0,
      0,
      0,
      0,
      0,
      0,
      0,
      10,
      0,
      2,
      0,
      2,
      0,
      0,
      0,
      0
    ],
    [
      0,
      10,
      1,
      1,
      0,
      0,
      0,
      0,
      0,
      1,
      0,
      1,
      0,
      0,
      0,
      5,
      0,
      0,
      0,
      0
    ],
    [
      0,
      31,
      2,
      6,
      1,
      0,
      0,
      0,
      0,
      1,
      3,
      11,
      0,
      6,
      1,
      13,
      1,
      0,
      0,
      0
    ],
    [
      0,
      9,
      2,
      0,
      1,
      0,
      0,
      0,
      0,
      0,
      0,
      0,
      0,
      0,
      0,
      4,
      0,
      0,
      0,
      0
    ],
    [
      0,
      19,
      1,
      6,
      0,
      0,
      0,
      0,
      0,
      0,
      0,
      0,
      0,
      0,
      0,
      2,
      0,
      0,
      0,
      0
    ],
    [
      0,
      52,
      10,
      13,
      0,
      0,
      0,
      0,
      0,
      0,
      1,
      1,
      0,
      0,
      0,
      6,
      2,
      0,
      0,
      0
    ],
    [
      0,
      24,
      1,
      4,
      1,
      0,
      0,
      0,
      0,
      0,
      0,
      1,
      0,
      1,
      1,
      2,
      0,
      0,
      0,
      0
    ],
    [
      0,
      12,
      3,
      1,
      0,
      0,
      0,
      0,
      0,
      1,
      0,
      1,
      0,
      0,
      0,
      3,
      0,
      0,
      0,
      0
    ],
    [
      0,
      8,
      2,
      1,
      0,
      0,
      0,
      0,
      0,
      0,
      0,
      4,
      0,
      0,
      0,
      2,
      0,
      0,
      0,
      0
    ]
  ],
  "labels": [
    "\u2600",
    "\u2728",
    "\u2764",
    "\ud83c\uddfa\ud83c\uddf8",
    "\ud83c\udf84",
    "\ud83d\udc95",
    "\ud83d\udc99",
    "\ud83d\udc9c",
    "\ud83d\udcaf",
    "\ud83d\udcf7",
    "\ud83d\udcf8",
    "\ud83d\udd25",
    "\ud83d\ude01",
    "\ud83d\ude02",
    "\ud83d\ude09",
    "\ud83d\ude0a",
    "\ud83d\ude0d",
    "\ud83d\ude0e",
    "\ud83d\ude18",
    "\ud83d\ude1c"
  ]
}