{
  "classification_report": {
    "\ud83d\ude0a": {
      "precision": 0.0896551724137931,
      "recall": 0.40625,
      "f1-score": 0.14689265536723164,
      "support": 32.0
    },
    "\ud83d\ude18": {
      "precision": 0.25,
      "recall": 0.041666666666666664,
      "f1-score": 0.07142857142857142,
      "support": 24.0
    },
    "\u2764": {
      "precision": 0.3798449612403101,
      "recall": 0.22685185185185186,
      "f1-score": 0.28405797101449276,
      "support": 216.0
    },
    "\ud83d\udcaf": {
      "precision": 0.0,
      "recall": 0.0,
      "f1-score": 0.0,
      "support": 25.0
    },
    "\u2600": {
      "precision": 0.0,
      "recall": 0.0,
      "f1-score": 0.0,
      "support": 25.0
    },
    "\ud83d\ude0d": {
      "precision": 0.16030534351145037,
      "recall": 0.21649484536082475,
      "f1-score": 0.18421052631578946,
      "support": 97.0
    },
    "\ud83d\ude09": {
      "precision": 0.0,
      "recall": 0.0,
      "f1-score": 0.0,
      "support": 26.0
    },
    "\ud83d\ude0e": {
      "precision": 0.25,
      "recall": 0.025,
      "f1-score": 0.045454545454545456,
      "support": 40.0
    },
    "\ud83d\ude02": {
      "precision": 0.5789473684210527,
      "recall": 0.12087912087912088,
      "f1-score": 0.2,
      "support": 91.0
    },
    "\ud83c\uddfa\ud83c\uddf8": {
      "precision": 0.5555555555555556,
      "recall": 0.2564102564102564,
      "f1-score": 0.3508771929824561,
      "support": 39.0
    },
    "\ud83d\udd25": {
      "precision": 0.3106796116504854,
      "recall": 0.43243243243243246,
      "f1-score": 0.3615819209039548,
      "support": 74.0
    },
    "\ud83d\ude1c": {
      "precision": 0.0,
      "recall": 0.0,
      "f1-score": 0.0,
      "support": 20.0
    },
    "\ud83d\ude01": {
      "precision": 0.0,
      "recall": 0.0,
      "f1-score": 0.0,
      "support": 23.0
    },
    "\u2728": {
      "precision": 0.10434782608695652,
      "recall": 0.21818181818181817,
      "f1-score": 0.1411764705882353,
      "support": 55.0
    },
    "\ud83d\udcf8": {
      "precision": 0.2222222222222222,
      "recall": 0.041666666666666664,
      "f1-score": 0.07017543859649122,
      "support": 48.0
    },
    "\ud83d\udc9c": {
      "precision": 0.0,
      "recall": 0.0,
      "f1-score": 0.0,
      "support": 22.0
    },
    "\ud83c\udf84": {
      "precision": 0.6785714285714286,
      "recall": 0.6129032258064516,
      "f1-score": 0.6440677966101694,
      "support": 31.0
    },
    "\ud83d\udc99": {
      "precision": 0.0,
      "recall": 0.0,
      "f1-score": 0.0,
      "support": 31.0
    },
    "\ud83d\udcf7": {
      "precision": 0.0,
      "recall": 0.0,
      "f1-score": 0.0,
      "support": 29.0
    },
    "\ud83d\udc95": {
      "precision": 0.125,
      "recall": 0.038461538461538464,
      "f1-score": 0.058823529411764705,
      "support": 52.0
    },
    "micro avg": {
      "precision": 0.236986301369863,
      "recall": 0.173,
      "f1-score": 0.2,
      "support": 1000.0
    },
    "macro avg": {
      "precision": 0.18525647448366273,
      "recall": 0.13185992113588138,
      "f1-score": 0.12793733093368512,
      "support": 1000.0
    },
    "weighted avg": {
      "precision": 0.257747775308041,
      "recall": 0.173,
      "f1-score": 0.18025730012850097,
      "support": 1000.0
    }
  },
  "accuracy": 0.173,
  "confusion_matrix": [
    [
      13,
      0,
      3,
      0,
      0,
      4,
      0,
      0,
      0,
      1,
      0,
      0,
      0,
      2,
      0,
      0,
      0,
      0,
      0,
      0
    ],
    [
      3,
      1,
      4,
      0,
      0,
      4,
      0,
      0,
      0,
      0,
      0,
      0,
      0,
      3,
      0,
      0,
      1,
      0,
      1,
      1
    ],
    [
      27,
      0,
      49,
      0,
      0,
      36,
      0,
      1,
      2,
      0,
      13,
      0,
      0,
      24,
      1,
      0,
      2,
      0,
      0,
      9
    ],
    [
      2,
      0,
      2,
      0,
      0,
      2,
      0,
      0,
      0,
      0,
      5,
      0,
      0,
      4,
      0,
      0,
      0,
      0,
      0,
      0
    ],
    [
      4,
      0,
      3,
      0,
      0,
      3,
      0,
      0,
      0,
      0,
      3,
      0,
      0,
      1,
      0,
      0,
      0,
      0,
      0,
      0
    ],
    [
      18,
      0,
      12,
      0,
      0,
      21,
      0,
      0,
      1,
      1,
      4,
      0,
      0,
      11,
      1,
      0,
      0,
      0,
      1,
      1
    ],
    [
      7,
      0,
      2,
      0,
      0,
      3,
      0,
      1,
      0,
      0,
      3,
      0,
      0,
      3,
      0,
      0,
      1,
      0,
      0,
      0
    ],
    [
      8,
      0,
      3,
      0,
      0,
      5,
      0,
      1,
      0,
      0,
      7,
      0,
      0,
      5,
      0,
      0,
      0,
      0,
      0,
      0
    ],
    [
      12,
      0,
      4,
      0,
      0,
      8,
      1,
      0,
      11,
      1,
      7,
      0,
      0,
      5,
      4,
      1,
      1,
      0,
      0,
      3
    ],
    [
      4,
      0,
      2,
      0,
      0,
      1,
      0,
      0,
      0,
      10,
      5,
      0,
      0,
      6,
      0,
      0,
      0,
      0,
      0,
      0
    ],
    [
      3,
      1,
      6,
      0,
      1,
      7,
      0,
      0,
      1,
      0,
      32,
      0,
      0,
      7,
      0,
      0,
      0,
      0,
      0,
      0
    ],
    [
      7,
      0,
      0,
      0,
      0,
      3,
      0,
      0,
      2,
      0,
      3,
      0,
      0,
      0,
      0,
      0,
      0,
      0,
      0,
      0
    ],
    [
      8,
      0,
      1,
      0,
      0,
      4,
      0,
      0,
      0,
      0,
      1,
      0,
      0,
      2,
      0,
      0,
      1,
      0,
      0,
      0
    ],
    [
      9,
      0,
      7,
      0,
      0,
      5,
      2,
      0,
      0,
      1,
      4,
      0,
      0,
      12,
      0,
      0,
      1,
      0,
      0,
      0
    ],
    [
      5,
      0,
      4,
      0,
      0,
      4,
      0,
      0,
      1,
      1,
      9,
      0,
      0,
      10,
      2,
      0,
      0,
      0,
      1,
      0
    ],
    [
      3,
      0,
      5,
      0,
      0,
      6,
      0,
      0,
      0,
      0,
      0,
      0,
      0,
      4,
      0,
      0,
      0,
      0,
      0,
      0
    ],
    [
      1,
      0,
      1,
      0,
      0,
      2,
      0,
      0,
      0,
      0,
      3,
      0,
      0,
      1,
      0,
      0,
      19,
      0,
      0,
      0
    ],
    [
      3,
      0,
      9,
      0,
      0,
      4,
      0,
      0,
      0,
      3,
      2,
      0,
      0,
      3,
      0,
      0,
      0,
      0,
      0,
      0
    ],
    [
      3,
      0,
      2,
      0,
      0,
      3,
      0,
      1,
      0,
      0,
      1,
      0,
      0,
      4,
      1,
      0,
      1,
      0,
      0,
      0
    ],
    [
      5,
      2,
      10,
      0,
      0,
      6,
      0,
      0,
      1,
      0,
      1,
      0,
      0,
      8,
      0,
      0,
      1,
      0,
      1,
      2
    ]
  ],
  "labels": [
    "\ud83d\ude0a",
    "\ud83d\ude18",
    "\u2764",
    "\ud83d\udcaf",
    "\u2600",
    "\ud83d\ude0d",
    "\ud83d\ude09",
    "\ud83d\ude0e",
    "\ud83d\ude02",
    "\ud83c\uddfa\ud83c\uddf8",
    "\ud83d\udd25",
    "\ud83d\ude1c",
    "\ud83d\ude01",
    "\u2728",
    "\ud83d\udcf8",
    "\ud83d\udc9c",
    "\ud83c\udf84",
    "\ud83d\udc99",
    "\ud83d\udcf7",
    "\ud83d\udc95"
  ]
}