{
  "classification_report": {
    "\ud83d\ude09": {
      "precision": 0.04838709677419355,
      "recall": 0.11538461538461539,
      "f1-score": 0.06818181818181818,
      "support": 26.0
    },
    "\ud83c\udf84": {
      "precision": 0.8,
      "recall": 0.5161290322580645,
      "f1-score": 0.6274509803921569,
      "support": 31.0
    },
    "\u2728": {
      "precision": 0.2777777777777778,
      "recall": 0.18181818181818182,
      "f1-score": 0.21978021978021978,
      "support": 55.0
    },
    "\ud83d\ude18": {
      "precision": 0.0,
      "recall": 0.0,
      "f1-score": 0.0,
      "support": 24.0
    },
    "\ud83c\uddfa\ud83c\uddf8": {
      "precision": 0.30434782608695654,
      "recall": 0.1794871794871795,
      "f1-score": 0.22580645161290322,
      "support": 39.0
    },
    "\u2764": {
      "precision": 0.41916167664670656,
      "recall": 0.32407407407407407,
      "f1-score": 0.36553524804177545,
      "support": 216.0
    },
    "\ud83d\ude01": {
      "precision": 0.0,
      "recall": 0.0,
      "f1-score": 0.0,
      "support": 23.0
    },
    "\ud83d\ude02": {
      "precision": 0.3684210526315789,
      "recall": 0.15384615384615385,
      "f1-score": 0.21705426356589147,
      "support": 91.0
    },
    "\ud83d\ude0e": {
      "precision": 0.11764705882352941,
      "recall": 0.1,
      "f1-score": 0.10810810810810811,
      "support": 40.0
    },
    "\ud83d\ude0d": {
      "precision": 0.14285714285714285,
      "recall": 0.12371134020618557,
      "f1-score": 0.13259668508287292,
      "support": 97.0
    },
    "\ud83d\ude0a": {
      "precision": 0.07142857142857142,
      "recall": 0.25,
      "f1-score": 0.1111111111111111,
      "support": 32.0
    },
    "\ud83d\udc9c": {
      "precision": 0.0,
      "recall": 0.0,
      "f1-score": 0.0,
      "support": 22.0
    },
    "\ud83d\udcf7": {
      "precision": 0.1,
      "recall": 0.034482758620689655,
      "f1-score": 0.05128205128205128,
      "support": 29.0
    },
    "\ud83d\ude1c": {
      "precision": 0.0,
      "recall": 0.0,
      "f1-score": 0.0,
      "support": 20.0
    },
    "\ud83d\udcaf": {
      "precision": 0.0,
      "recall": 0.0,
      "f1-score": 0.0,
      "support": 25.0
    },
    "\ud83d\udc95": {
      "precision": 0.16666666666666666,
      "recall": 0.11538461538461539,
      "f1-score": 0.13636363636363635,
      "support": 52.0
    },
    "\u2600": {
      "precision": 0.35714285714285715,
      "recall": 0.2,
      "f1-score": 0.2564102564102564,
      "support": 25.0
    },
    "\ud83d\udd25": {
      "precision": 0.44642857142857145,
      "recall": 0.33783783783783783,
      "f1-score": 0.38461538461538464,
      "support": 74.0
    },
    "\ud83d\udcf8": {
      "precision": 0.25,
      "recall": 0.10416666666666667,
      "f1-score": 0.14705882352941177,
      "support": 48.0
    },
    "\ud83d\udc99": {
      "precision": 0.2,
      "recall": 0.03225806451612903,
      "f1-score": 0.05555555555555555,
      "support": 31.0
    },
    "micro avg": {
      "precision": 0.25864453665283543,
      "recall": 0.187,
      "f1-score": 0.2170632617527568,
      "support": 1000.0
    },
    "macro avg": {
      "precision": 0.20351331491322763,
      "recall": 0.13842902600501966,
      "f1-score": 0.15534552968165763,
      "support": 1000.0
    },
    "weighted avg": {
      "precision": 0.26985033733321107,
      "recall": 0.187,
      "f1-score": 0.21379831046165507,
      "support": 1000.0
    }
  },
  "accuracy": 0.187,
  "confusion_matrix": [
    [
      3,
      0,
      0,
      0,
      1,
      1,
      0,
      0,
      2,
      2,
      2,
      0,
      0,
      0,
      0,
      0,
      1,
      1,
      0,
      0
    ],
    [
      0,
      16,
      0,
      0,
      0,
      3,
      0,
      0,
      0,
      1,
      2,
      0,
      0,
      0,
      0,
      0,
      0,
      2,
      0,
      0
    ],
    [
      4,
      1,
      10,
      0,
      0,
      5,
      0,
      2,
      2,
      4,
      10,
      0,
      0,
      0,
      0,
      1,
      1,
      2,
      2,
      0
    ],
    [
      1,
      0,
      0,
      0,
      0,
      6,
      0,
      0,
      1,
      3,
      4,
      1,
      0,
      0,
      0,
      1,
      1,
      1,
      1,
      0
    ],
    [
      0,
      0,
      2,
      0,
      7,
      8,
      0,
      1,
      3,
      1,
      4,
      0,
      1,
      0,
      0,
      0,
      0,
      0,
      0,
      0
    ],
    [
      5,
      1,
      8,
      1,
      1,
      70,
      0,
      5,
      3,
      31,
      20,
      2,
      0,
      0,
      0,
      18,
      0,
      3,
      1,
      2
    ],
    [
      5,
      1,
      1,
      0,
      0,
      0,
      0,
      1,
      0,
      3,
      5,
      0,
      1,
      0,
      0,
      0,
      0,
      0,
      0,
      0
    ],
    [
      8,
      0,
      1,
      0,
      1,
      7,
      0,
      14,
      2,
      6,
      10,
      1,
      3,
      0,
      0,
      0,
      0,
      5,
      3,
      0
    ],
    [
      3,
      0,
      1,
      0,
      1,
      6,
      0,
      1,
      4,
      1,
      9,
      0,
      0,
      0,
      0,
      0,
      1,
      3,
      0,
      0
    ],
    [
      8,
      0,
      3,
      0,
      3,
      17,
      0,
      2,
      3,
      12,
      8,
      0,
      1,
      0,
      0,
      2,
      2,
      2,
      1,
      1
    ],
    [
      3,
      1,
      0,
      0,
      3,
      2,
      0,
      1,
      3,
      2,
      8,
      0,
      0,
      0,
      0,
      1,
      0,
      0,
      1,
      0
    ],
    [
      1,
      0,
      0,
      0,
      0,
      4,
      0,
      0,
      0,
      2,
      4,
      0,
      1,
      0,
      0,
      0,
      0,
      0,
      0,
      0
    ],
    [
      5,
      0,
      0,
      0,
      0,
      4,
      0,
      1,
      1,
      2,
      1,
      0,
      1,
      0,
      0,
      0,
      0,
      0,
      3,
      0
    ],
    [
      1,
      0,
      1,
      0,
      0,
      3,
      0,
      3,
      0,
      0,
      2,
      0,
      0,
      0,
      0,
      0,
      0,
      2,
      0,
      0
    ],
    [
      3,
      0,
      1,
      0,
      2,
      0,
      0,
      1,
      2,
      1,
      2,
      0,
      0,
      0,
      0,
      0,
      0,
      3,
      0,
      0
    ],
    [
      5,
      0,
      4,
      0,
      0,
      12,
      0,
      0,
      0,
      4,
      5,
      0,
      1,
      0,
      0,
      6,
      0,
      1,
      0,
      0
    ],
    [
      0,
      0,
      1,
      0,
      1,
      4,
      0,
      2,
      2,
      0,
      3,
      0,
      0,
      0,
      0,
      0,
      5,
      2,
      0,
      0
    ],
    [
      2,
      0,
      0,
      0,
      0,
      5,
      0,
      1,
      3,
      6,
      5,
      1,
      0,
      0,
      0,
      2,
      0,
      25,
      3,
      1
    ],
    [
      3,
      0,
      2,
      0,
      1,
      2,
      0,
      3,
      2,
      1,
      4,
      0,
      1,
      0,
      0,
      1,
      3,
      4,
      5,
      0
    ],
    [
      2,
      0,
      1,
      0,
      2,
      8,
      0,
      0,
      1,
      2,
      4,
      0,
      0,
      0,
      0,
      4,
      0,
      0,
      0,
      1
    ]
  ],
  "labels": [
    "\ud83d\ude09",
    "\ud83c\udf84",
    "\u2728",
    "\ud83d\ude18",
    "\ud83c\uddfa\ud83c\uddf8",
    "\u2764",
    "\ud83d\ude01",
    "\ud83d\ude02",
    "\ud83d\ude0e",
    "\ud83d\ude0d",
    "\ud83d\ude0a",
    "\ud83d\udc9c",
    "\ud83d\udcf7",
    "\ud83d\ude1c",
    "\ud83d\udcaf",
    "\ud83d\udc95",
    "\u2600",
    "\ud83d\udd25",
    "\ud83d\udcf8",
    "\ud83d\udc99"
  ]
}