{
  "classification_report": {
    "\ud83d\udc9c": {
      "precision": 0.3333333333333333,
      "recall": 0.045454545454545456,
      "f1-score": 0.08,
      "support": 22.0
    },
    "\ud83d\ude18": {
      "precision": 0.0,
      "recall": 0.0,
      "f1-score": 0.0,
      "support": 24.0
    },
    "\u2764": {
      "precision": 0.47058823529411764,
      "recall": 0.2962962962962963,
      "f1-score": 0.36363636363636365,
      "support": 216.0
    },
    "\ud83d\ude01": {
      "precision": 0.0,
      "recall": 0.0,
      "f1-score": 0.0,
      "support": 23.0
    },
    "\ud83d\ude0e": {
      "precision": 0.047619047619047616,
      "recall": 0.025,
      "f1-score": 0.03278688524590164,
      "support": 40.0
    },
    "\u2728": {
      "precision": 0.1111111111111111,
      "recall": 0.12727272727272726,
      "f1-score": 0.11864406779661017,
      "support": 55.0
    },
    "\ud83d\udd25": {
      "precision": 0.509090909090909,
      "recall": 0.3783783783783784,
      "f1-score": 0.43410852713178294,
      "support": 74.0
    },
    "\ud83d\ude09": {
      "precision": 0.029411764705882353,
      "recall": 0.07692307692307693,
      "f1-score": 0.0425531914893617,
      "support": 26.0
    },
    "\ud83d\ude02": {
      "precision": 0.3888888888888889,
      "recall": 0.23076923076923078,
      "f1-score": 0.2896551724137931,
      "support": 91.0
    },
    "\ud83d\udcaf": {
      "precision": 0.0,
      "recall": 0.0,
      "f1-score": 0.0,
      "support": 25.0
    },
    "\u2600": {
      "precision": 0.43478260869565216,
      "recall": 0.4,
      "f1-score": 0.4166666666666667,
      "support": 25.0
    },
    "\ud83d\udcf7": {
      "precision": 0.2727272727272727,
      "recall": 0.10344827586206896,
      "f1-score": 0.15,
      "support": 29.0
    },
    "\ud83d\ude0a": {
      "precision": 0.05194805194805195,
      "recall": 0.25,
      "f1-score": 0.08602150537634409,
      "support": 32.0
    },
    "\ud83c\uddfa\ud83c\uddf8": {
      "precision": 0.4,
      "recall": 0.2564102564102564,
      "f1-score": 0.3125,
      "support": 39.0
    },
    "\ud83d\udcf8": {
      "precision": 0.2,
      "recall": 0.0625,
      "f1-score": 0.09523809523809523,
      "support": 48.0
    },
    "\ud83d\ude1c": {
      "precision": 0.0,
      "recall": 0.0,
      "f1-score": 0.0,
      "support": 20.0
    },
    "\ud83c\udf84": {
      "precision": 0.7727272727272727,
      "recall": 0.5483870967741935,
      "f1-score": 0.6415094339622641,
      "support": 31.0
    },
    "\ud83d\ude0d": {
      "precision": 0.1978021978021978,
      "recall": 0.18556701030927836,
      "f1-score": 0.19148936170212766,
      "support": 97.0
    },
    "\ud83d\udc95": {
      "precision": 0.04878048780487805,
      "recall": 0.038461538461538464,
      "f1-score": 0.043010752688172046,
      "support": 52.0
    },
    "\ud83d\udc99": {
      "precision": 0.3333333333333333,
      "recall": 0.03225806451612903,
      "f1-score": 0.058823529411764705,
      "support": 31.0
    },
    "micro avg": {
      "precision": 0.24873096446700507,
      "recall": 0.196,
      "f1-score": 0.21923937360178972,
      "support": 1000.0
    },
    "macro avg": {
      "precision": 0.23010722575409742,
      "recall": 0.15285632487138598,
      "f1-score": 0.16783217763796238,
      "support": 1000.0
    },
    "weighted avg": {
      "precision": 0.2924748583460704,
      "recall": 0.196,
      "f1-score": 0.22453102085985915,
      "support": 1000.0
    }
  },
  "accuracy": 0.196,
  "confusion_matrix": [
    [
      1,
      0,
      3,
      0,
      0,
      1,
      0,
      0,
      1,
      0,
      0,
      0,
      8,
      0,
      0,
      0,
      0,
      2,
      0,
      0
    ],
    [
      0,
      0,
      2,
      0,
      1,
      0,
      0,
      3,
      0,
      0,
      0,
      0,
      7,
      0,
      1,
      0,
      0,
      5,
      1,
      0
    ],
    [
      1,
      0,
      64,
      0,
      4,
      14,
      2,
      7,
      9,
      0,
      3,
      1,
      27,
      0,
      0,
      0,
      1,
      29,
      25,
      1
    ],
    [
      0,
      0,
      1,
      0,
      0,
      2,
      0,
      3,
      0,
      0,
      0,
      0,
      7,
      1,
      0,
      0,
      0,
      1,
      0,
      0
    ],
    [
      0,
      0,
      4,
      0,
      1,
      2,
      2,
      1,
      3,
      0,
      1,
      0,
      12,
      0,
      0,
      0,
      0,
      4,
      0,
      0
    ],
    [
      0,
      0,
      6,
      0,
      3,
      7,
      1,
      6,
      0,
      0,
      1,
      0,
      13,
      1,
      2,
      0,
      1,
      4,
      1,
      0
    ],
    [
      1,
      0,
      4,
      0,
      2,
      3,
      28,
      2,
      3,
      0,
      1,
      1,
      4,
      1,
      1,
      0,
      0,
      3,
      1,
      0
    ],
    [
      0,
      0,
      0,
      0,
      1,
      2,
      0,
      2,
      0,
      0,
      1,
      0,
      2,
      2,
      0,
      0,
      1,
      4,
      0,
      0
    ],
    [
      0,
      0,
      6,
      0,
      0,
      3,
      6,
      12,
      21,
      0,
      1,
      1,
      11,
      1,
      4,
      0,
      0,
      4,
      0,
      0
    ],
    [
      0,
      0,
      2,
      0,
      2,
      1,
      2,
      1,
      2,
      0,
      0,
      0,
      4,
      0,
      0,
      0,
      0,
      0,
      0,
      0
    ],
    [
      0,
      0,
      1,
      0,
      1,
      0,
      1,
      1,
      1,
      0,
      10,
      0,
      4,
      1,
      0,
      0,
      0,
      0,
      0,
      1
    ],
    [
      0,
      0,
      3,
      0,
      0,
      1,
      2,
      2,
      2,
      0,
      0,
      3,
      2,
      0,
      2,
      0,
      1,
      2,
      0,
      0
    ],
    [
      0,
      0,
      3,
      0,
      2,
      1,
      0,
      3,
      1,
      0,
      0,
      0,
      8,
      2,
      0,
      0,
      0,
      3,
      3,
      0
    ],
    [
      0,
      0,
      2,
      0,
      1,
      1,
      2,
      2,
      0,
      0,
      0,
      1,
      5,
      10,
      0,
      0,
      0,
      0,
      0,
      0
    ],
    [
      0,
      0,
      2,
      0,
      1,
      8,
      3,
      6,
      3,
      0,
      2,
      3,
      6,
      1,
      3,
      0,
      0,
      2,
      1,
      0
    ],
    [
      0,
      0,
      2,
      0,
      0,
      0,
      1,
      1,
      4,
      0,
      0,
      0,
      4,
      0,
      0,
      0,
      0,
      1,
      0,
      0
    ],
    [
      0,
      0,
      2,
      0,
      0,
      0,
      2,
      1,
      0,
      0,
      0,
      0,
      3,
      0,
      0,
      0,
      17,
      1,
      0,
      0
    ],
    [
      0,
      1,
      12,
      1,
      1,
      11,
      3,
      8,
      3,
      0,
      3,
      0,
      10,
      3,
      1,
      0,
      0,
      18,
      4,
      0
    ],
    [
      0,
      0,
      11,
      0,
      0,
      4,
      0,
      5,
      1,
      0,
      0,
      1,
      11,
      0,
      0,
      0,
      1,
      6,
      2,
      0
    ],
    [
      0,
      0,
      6,
      1,
      1,
      2,
      0,
      2,
      0,
      0,
      0,
      0,
      6,
      2,
      1,
      0,
      0,
      2,
      3,
      1
    ]
  ],
  "labels": [
    "\ud83d\udc9c",
    "\ud83d\ude18",
    "\u2764",
    "\ud83d\ude01",
    "\ud83d\ude0e",
    "\u2728",
    "\ud83d\udd25",
    "\ud83d\ude09",
    "\ud83d\ude02",
    "\ud83d\udcaf",
    "\u2600",
    "\ud83d\udcf7",
    "\ud83d\ude0a",
    "\ud83c\uddfa\ud83c\uddf8",
    "\ud83d\udcf8",
    "\ud83d\ude1c",
    "\ud83c\udf84",
    "\ud83d\ude0d",
    "\ud83d\udc95",
    "\ud83d\udc99"
  ]
}