{
  "classification_report": {
    "\ud83d\ude1c": {
      "precision": 0.045454545454545456,
      "recall": 0.05,
      "f1-score": 0.047619047619047616,
      "support": 20.0
    },
    "\u2764": {
      "precision": 0.48717948717948717,
      "recall": 0.35185185185185186,
      "f1-score": 0.40860215053763443,
      "support": 216.0
    },
    "\ud83d\ude09": {
      "precision": 0.0,
      "recall": 0.0,
      "f1-score": 0.0,
      "support": 26.0
    },
    "\u2728": {
      "precision": 0.25,
      "recall": 0.09090909090909091,
      "f1-score": 0.13333333333333333,
      "support": 55.0
    },
    "\ud83d\udc99": {
      "precision": 0.1,
      "recall": 0.03225806451612903,
      "f1-score": 0.04878048780487805,
      "support": 31.0
    },
    "\ud83d\udc95": {
      "precision": 0.13333333333333333,
      "recall": 0.07692307692307693,
      "f1-score": 0.0975609756097561,
      "support": 52.0
    },
    "\ud83c\udf84": {
      "precision": 0.5,
      "recall": 0.4838709677419355,
      "f1-score": 0.4918032786885246,
      "support": 31.0
    },
    "\ud83d\ude18": {
      "precision": 0.027777777777777776,
      "recall": 0.041666666666666664,
      "f1-score": 0.03333333333333333,
      "support": 24.0
    },
    "\ud83d\udcf7": {
      "precision": 0.07142857142857142,
      "recall": 0.034482758620689655,
      "f1-score": 0.046511627906976744,
      "support": 29.0
    },
    "\ud83d\ude02": {
      "precision": 0.30597014925373134,
      "recall": 0.45054945054945056,
      "f1-score": 0.36444444444444446,
      "support": 91.0
    },
    "\ud83d\ude0a": {
      "precision": 0.07027027027027027,
      "recall": 0.40625,
      "f1-score": 0.11981566820276497,
      "support": 32.0
    },
    "\ud83d\udcf8": {
      "precision": 0.2608695652173913,
      "recall": 0.25,
      "f1-score": 0.2553191489361702,
      "support": 48.0
    },
    "\ud83d\udd25": {
      "precision": 0.5,
      "recall": 0.20270270270270271,
      "f1-score": 0.28846153846153844,
      "support": 74.0
    },
    "\ud83d\udcaf": {
      "precision": 0.0,
      "recall": 0.0,
      "f1-score": 0.0,
      "support": 25.0
    },
    "\u2600": {
      "precision": 0.3,
      "recall": 0.6,
      "f1-score": 0.4,
      "support": 25.0
    },
    "\ud83d\ude0d": {
      "precision": 0.1919191919191919,
      "recall": 0.1958762886597938,
      "f1-score": 0.19387755102040816,
      "support": 97.0
    },
    "\ud83c\uddfa\ud83c\uddf8": {
      "precision": 0.0,
      "recall": 0.0,
      "f1-score": 0.0,
      "support": 39.0
    },
    "\ud83d\ude01": {
      "precision": 0.0,
      "recall": 0.0,
      "f1-score": 0.0,
      "support": 23.0
    },
    "\ud83d\udc9c": {
      "precision": 0.09090909090909091,
      "recall": 0.045454545454545456,
      "f1-score": 0.06060606060606061,
      "support": 22.0
    },
    "\ud83d\ude0e": {
      "precision": 0.109375,
      "recall": 0.175,
      "f1-score": 0.1346153846153846,
      "support": 40.0
    },
    "micro avg": {
      "precision": 0.23970432946145723,
      "recall": 0.227,
      "f1-score": 0.23317925012840268,
      "support": 1000.0
    },
    "macro avg": {
      "precision": 0.17222434913716952,
      "recall": 0.17438977322979665,
      "f1-score": 0.15623420155601278,
      "support": 1000.0
    },
    "weighted avg": {
      "precision": 0.26026612168862334,
      "recall": 0.227,
      "f1-score": 0.2266479734930997,
      "support": 1000.0
    }
  },
  "accuracy": 0.227,
  "confusion_matrix": [
    [
      1,
      0,
      0,
      0,
      0,
      0,
      0,
      2,
      0,
      6,
      8,
      1,
      0,
      0,
      1,
      1,
      0,
      0,
      0,
      0
    ],
    [
      1,
      76,
      0,
      3,
      6,
      13,
      4,
      9,
      0,
      15,
      32,
      3,
      2,
      0,
      10,
      30,
      0,
      1,
      4,
      4
    ],
    [
      0,
      1,
      0,
      0,
      0,
      0,
      1,
      1,
      0,
      3,
      7,
      2,
      0,
      0,
      3,
      3,
      0,
      0,
      0,
      2
    ],
    [
      2,
      9,
      0,
      5,
      0,
      1,
      1,
      0,
      2,
      2,
      16,
      1,
      1,
      0,
      2,
      5,
      0,
      1,
      0,
      4
    ],
    [
      1,
      4,
      1,
      0,
      1,
      0,
      1,
      4,
      1,
      0,
      7,
      1,
      1,
      0,
      1,
      4,
      0,
      2,
      0,
      0
    ],
    [
      0,
      15,
      0,
      2,
      1,
      4,
      0,
      8,
      2,
      3,
      10,
      0,
      1,
      0,
      1,
      3,
      0,
      0,
      0,
      0
    ],
    [
      0,
      6,
      0,
      0,
      0,
      0,
      15,
      0,
      0,
      3,
      3,
      0,
      2,
      0,
      0,
      1,
      0,
      0,
      0,
      0
    ],
    [
      1,
      3,
      1,
      0,
      0,
      3,
      0,
      1,
      0,
      2,
      7,
      0,
      0,
      0,
      0,
      4,
      0,
      0,
      1,
      1
    ],
    [
      0,
      2,
      0,
      0,
      1,
      0,
      1,
      0,
      1,
      7,
      1,
      9,
      1,
      0,
      1,
      2,
      0,
      0,
      1,
      1
    ],
    [
      6,
      4,
      0,
      1,
      0,
      1,
      0,
      0,
      1,
      41,
      17,
      2,
      1,
      0,
      2,
      3,
      0,
      1,
      2,
      7
    ],
    [
      1,
      3,
      0,
      0,
      0,
      1,
      0,
      0,
      0,
      2,
      13,
      0,
      0,
      0,
      2,
      4,
      0,
      0,
      0,
      5
    ],
    [
      1,
      2,
      0,
      3,
      0,
      0,
      0,
      0,
      2,
      9,
      5,
      12,
      2,
      0,
      4,
      2,
      0,
      1,
      0,
      2
    ],
    [
      1,
      3,
      0,
      0,
      0,
      0,
      0,
      3,
      2,
      11,
      6,
      8,
      15,
      0,
      3,
      5,
      0,
      0,
      1,
      12
    ],
    [
      4,
      0,
      0,
      0,
      1,
      1,
      1,
      1,
      0,
      6,
      4,
      1,
      0,
      0,
      1,
      2,
      0,
      0,
      0,
      3
    ],
    [
      0,
      3,
      0,
      0,
      0,
      0,
      0,
      1,
      0,
      0,
      1,
      0,
      1,
      0,
      15,
      0,
      0,
      0,
      0,
      3
    ],
    [
      2,
      12,
      0,
      2,
      0,
      3,
      0,
      6,
      0,
      8,
      21,
      3,
      1,
      1,
      1,
      19,
      0,
      1,
      1,
      6
    ],
    [
      0,
      7,
      0,
      2,
      0,
      0,
      4,
      0,
      2,
      3,
      6,
      0,
      0,
      0,
      1,
      0,
      0,
      0,
      0,
      3
    ],
    [
      1,
      1,
      0,
      0,
      0,
      0,
      1,
      0,
      0,
      3,
      6,
      1,
      1,
      0,
      0,
      3,
      0,
      0,
      0,
      3
    ],
    [
      0,
      3,
      0,
      1,
      0,
      3,
      0,
      0,
      1,
      1,
      6,
      1,
      0,
      0,
      0,
      4,
      0,
      0,
      1,
      1
    ],
    [
      0,
      2,
      0,
      1,
      0,
      0,
      1,
      0,
      0,
      9,
      9,
      1,
      1,
      0,
      2,
      4,
      0,
      0,
      0,
      7
    ]
  ],
  "labels": [
    "\ud83d\ude1c",
    "\u2764",
    "\ud83d\ude09",
    "\u2728",
    "\ud83d\udc99",
    "\ud83d\udc95",
    "\ud83c\udf84",
    "\ud83d\ude18",
    "\ud83d\udcf7",
    "\ud83d\ude02",
    "\ud83d\ude0a",
    "\ud83d\udcf8",
    "\ud83d\udd25",
    "\ud83d\udcaf",
    "\u2600",
    "\ud83d\ude0d",
    "\ud83c\uddfa\ud83c\uddf8",
    "\ud83d\ude01",
    "\ud83d\udc9c",
    "\ud83d\ude0e"
  ]
}