{
  "classification_report": {
    "\ud83d\udcaf": {
      "precision": 0.2,
      "recall": 0.04,
      "f1-score": 0.06666666666666667,
      "support": 25.0
    },
    "\ud83d\ude01": {
      "precision": 0.0,
      "recall": 0.0,
      "f1-score": 0.0,
      "support": 23.0
    },
    "\ud83d\udcf8": {
      "precision": 0.16666666666666666,
      "recall": 0.041666666666666664,
      "f1-score": 0.06666666666666667,
      "support": 48.0
    },
    "\ud83d\udcf7": {
      "precision": 0.18181818181818182,
      "recall": 0.06896551724137931,
      "f1-score": 0.1,
      "support": 29.0
    },
    "\ud83d\ude02": {
      "precision": 0.4067796610169492,
      "recall": 0.26373626373626374,
      "f1-score": 0.32,
      "support": 91.0
    },
    "\ud83d\udc9c": {
      "precision": 0.2,
      "recall": 0.045454545454545456,
      "f1-score": 0.07407407407407407,
      "support": 22.0
    },
    "\ud83d\ude0d": {
      "precision": 0.16091954022988506,
      "recall": 0.14432989690721648,
      "f1-score": 0.15217391304347827,
      "support": 97.0
    },
    "\ud83d\udc95": {
      "precision": 0.10810810810810811,
      "recall": 0.07692307692307693,
      "f1-score": 0.0898876404494382,
      "support": 52.0
    },
    "\ud83c\udf84": {
      "precision": 0.75,
      "recall": 0.6774193548387096,
      "f1-score": 0.711864406779661,
      "support": 31.0
    },
    "\u2764": {
      "precision": 0.3755868544600939,
      "recall": 0.37037037037037035,
      "f1-score": 0.372960372960373,
      "support": 216.0
    },
    "\ud83d\udc99": {
      "precision": 0.5,
      "recall": 0.03225806451612903,
      "f1-score": 0.06060606060606061,
      "support": 31.0
    },
    "\ud83d\ude1c": {
      "precision": 0.0,
      "recall": 0.0,
      "f1-score": 0.0,
      "support": 20.0
    },
    "\u2728": {
      "precision": 0.19047619047619047,
      "recall": 0.21818181818181817,
      "f1-score": 0.2033898305084746,
      "support": 55.0
    },
    "\u2600": {
      "precision": 0.3157894736842105,
      "recall": 0.24,
      "f1-score": 0.2727272727272727,
      "support": 25.0
    },
    "\ud83d\ude0e": {
      "precision": 0.045454545454545456,
      "recall": 0.025,
      "f1-score": 0.03225806451612903,
      "support": 40.0
    },
    "\ud83d\ude18": {
      "precision": 0.0,
      "recall": 0.0,
      "f1-score": 0.0,
      "support": 24.0
    },
    "\ud83d\udd25": {
      "precision": 0.46296296296296297,
      "recall": 0.33783783783783783,
      "f1-score": 0.390625,
      "support": 74.0
    },
    "\ud83d\ude0a": {
      "precision": 0.055944055944055944,
      "recall": 0.25,
      "f1-score": 0.09142857142857143,
      "support": 32.0
    },
    "\ud83d\ude09": {
      "precision": 0.03508771929824561,
      "recall": 0.07692307692307693,
      "f1-score": 0.04819277108433735,
      "support": 26.0
    },
    "\ud83c\uddfa\ud83c\uddf8": {
      "precision": 0.21428571428571427,
      "recall": 0.07692307692307693,
      "f1-score": 0.11320754716981132,
      "support": 39.0
    },
    "micro avg": {
      "precision": 0.24731182795698925,
      "recall": 0.207,
      "f1-score": 0.22536744692433316,
      "support": 1000.0
    },
    "macro avg": {
      "precision": 0.21849398372029047,
      "recall": 0.14929947832600837,
      "f1-score": 0.15833644293405075,
      "support": 1000.0
    },
    "weighted avg": {
      "precision": 0.26630525575741426,
      "recall": 0.207,
      "f1-score": 0.2192523639636052,
      "support": 1000.0
    }
  },
  "accuracy": 0.207,
  "confusion_matrix": [
    [
      1,
      0,
      0,
      0,
      2,
      0,
      2,
      0,
      0,
      3,
      0,
      0,
      4,
      0,
      2,
      0,
      1,
      3,
      2,
      0
    ],
    [
      0,
      0,
      3,
      0,
      1,
      0,
      0,
      1,
      1,
      3,
      0,
      0,
      2,
      0,
      1,
      0,
      0,
      7,
      1,
      1
    ],
    [
      0,
      0,
      2,
      5,
      5,
      0,
      1,
      2,
      0,
      3,
      0,
      0,
      4,
      4,
      2,
      0,
      2,
      6,
      4,
      1
    ],
    [
      0,
      0,
      0,
      2,
      3,
      0,
      4,
      0,
      1,
      3,
      0,
      0,
      1,
      0,
      2,
      0,
      3,
      1,
      4,
      0
    ],
    [
      0,
      0,
      2,
      1,
      24,
      1,
      1,
      1,
      0,
      3,
      0,
      0,
      4,
      0,
      1,
      0,
      4,
      14,
      10,
      2
    ],
    [
      0,
      0,
      0,
      0,
      0,
      1,
      2,
      0,
      0,
      7,
      0,
      0,
      1,
      0,
      0,
      0,
      2,
      3,
      0,
      0
    ],
    [
      1,
      0,
      0,
      0,
      3,
      1,
      14,
      6,
      0,
      14,
      0,
      0,
      8,
      2,
      1,
      1,
      3,
      11,
      8,
      1
    ],
    [
      0,
      0,
      1,
      0,
      1,
      0,
      5,
      4,
      0,
      22,
      0,
      0,
      4,
      0,
      0,
      1,
      1,
      4,
      4,
      0
    ],
    [
      0,
      0,
      0,
      0,
      0,
      0,
      0,
      0,
      21,
      3,
      0,
      0,
      0,
      0,
      0,
      0,
      0,
      1,
      1,
      0
    ],
    [
      1,
      0,
      1,
      0,
      5,
      0,
      35,
      14,
      2,
      80,
      1,
      0,
      13,
      1,
      2,
      1,
      2,
      32,
      6,
      2
    ],
    [
      0,
      0,
      0,
      1,
      1,
      0,
      2,
      2,
      1,
      13,
      1,
      0,
      1,
      0,
      0,
      0,
      0,
      5,
      0,
      1
    ],
    [
      0,
      0,
      0,
      0,
      2,
      0,
      1,
      0,
      0,
      0,
      0,
      0,
      0,
      0,
      0,
      1,
      0,
      2,
      3,
      0
    ],
    [
      0,
      0,
      0,
      0,
      3,
      0,
      4,
      1,
      1,
      8,
      0,
      0,
      12,
      1,
      1,
      0,
      3,
      10,
      1,
      1
    ],
    [
      0,
      0,
      0,
      0,
      1,
      1,
      1,
      0,
      0,
      7,
      0,
      0,
      1,
      6,
      3,
      0,
      1,
      2,
      0,
      1
    ],
    [
      0,
      0,
      0,
      0,
      1,
      0,
      2,
      1,
      0,
      4,
      0,
      0,
      1,
      0,
      1,
      0,
      1,
      11,
      4,
      0
    ],
    [
      0,
      0,
      1,
      0,
      0,
      0,
      4,
      2,
      1,
      6,
      0,
      0,
      0,
      0,
      0,
      0,
      1,
      8,
      1,
      0
    ],
    [
      1,
      0,
      1,
      0,
      2,
      1,
      5,
      1,
      0,
      9,
      0,
      0,
      4,
      1,
      1,
      0,
      25,
      10,
      3,
      0
    ],
    [
      0,
      1,
      0,
      0,
      1,
      0,
      2,
      1,
      0,
      6,
      0,
      0,
      1,
      2,
      3,
      1,
      2,
      8,
      1,
      1
    ],
    [
      1,
      0,
      0,
      0,
      3,
      0,
      1,
      1,
      0,
      3,
      0,
      0,
      0,
      2,
      1,
      0,
      3,
      3,
      2,
      0
    ],
    [
      0,
      0,
      1,
      2,
      1,
      0,
      1,
      0,
      0,
      16,
      0,
      0,
      2,
      0,
      1,
      0,
      0,
      2,
      2,
      3
    ]
  ],
  "labels": [
    "\ud83d\udcaf",
    "\ud83d\ude01",
    "\ud83d\udcf8",
    "\ud83d\udcf7",
    "\ud83d\ude02",
    "\ud83d\udc9c",
    "\ud83d\ude0d",
    "\ud83d\udc95",
    "\ud83c\udf84",
    "\u2764",
    "\ud83d\udc99",
    "\ud83d\ude1c",
    "\u2728",
    "\u2600",
    "\ud83d\ude0e",
    "\ud83d\ude18",
    "\ud83d\udd25",
    "\ud83d\ude0a",
    "\ud83d\ude09",
    "\ud83c\uddfa\ud83c\uddf8"
  ]
}