{
  "classification_report": {
    "\ud83d\udc95": {
      "precision": 0.0,
      "recall": 0.0,
      "f1-score": 0.0,
      "support": 52.0
    },
    "\ud83d\ude0a": {
      "precision": 0.06493506493506493,
      "recall": 0.15625,
      "f1-score": 0.09174311926605505,
      "support": 32.0
    },
    "\u2764": {
      "precision": 0.484375,
      "recall": 0.14351851851851852,
      "f1-score": 0.22142857142857142,
      "support": 216.0
    },
    "\ud83d\ude02": {
      "precision": 0.38461538461538464,
      "recall": 0.054945054945054944,
      "f1-score": 0.09615384615384616,
      "support": 91.0
    },
    "\ud83d\ude01": {
      "precision": 0.0,
      "recall": 0.0,
      "f1-score": 0.0,
      "support": 23.0
    },
    "\ud83d\udd25": {
      "precision": 0.375,
      "recall": 0.04054054054054054,
      "f1-score": 0.07317073170731707,
      "support": 74.0
    },
    "\ud83d\udc9c": {
      "precision": 0.0,
      "recall": 0.0,
      "f1-score": 0.0,
      "support": 22.0
    },
    "\u2728": {
      "precision": 1.0,
      "recall": 0.01818181818181818,
      "f1-score": 0.03571428571428571,
      "support": 55.0
    },
    "\ud83d\udcf8": {
      "precision": 0.2222222222222222,
      "recall": 0.041666666666666664,
      "f1-score": 0.07017543859649122,
      "support": 48.0
    },
    "\ud83d\udc99": {
      "precision": 0.07142857142857142,
      "recall": 0.03225806451612903,
      "f1-score": 0.044444444444444446,
      "support": 31.0
    },
    "\ud83d\udcaf": {
      "precision": 0.0,
      "recall": 0.0,
      "f1-score": 0.0,
      "support": 25.0
    },
    "\ud83d\ude18": {
      "precision": 0.0,
      "recall": 0.0,
      "f1-score": 0.0,
      "support": 24.0
    },
    "\ud83d\ude09": {
      "precision": 0.0,
      "recall": 0.0,
      "f1-score": 0.0,
      "support": 26.0
    },
    "\ud83d\udcf7": {
      "precision": 0.0,
      "recall": 0.0,
      "f1-score": 0.0,
      "support": 29.0
    },
    "\ud83d\ude0e": {
      "precision": 0.0,
      "recall": 0.0,
      "f1-score": 0.0,
      "support": 40.0
    },
    "\ud83d\ude0d": {
      "precision": 0.3,
      "recall": 0.030927835051546393,
      "f1-score": 0.056074766355140186,
      "support": 97.0
    },
    "\ud83c\udf84": {
      "precision": 0.6923076923076923,
      "recall": 0.5806451612903226,
      "f1-score": 0.631578947368421,
      "support": 31.0
    },
    "\ud83d\ude1c": {
      "precision": 0.1111111111111111,
      "recall": 0.05,
      "f1-score": 0.06896551724137931,
      "support": 20.0
    },
    "\ud83c\uddfa\ud83c\uddf8": {
      "precision": 0.25,
      "recall": 0.05128205128205128,
      "f1-score": 0.0851063829787234,
      "support": 39.0
    },
    "\u2600": {
      "precision": 0.6666666666666666,
      "recall": 0.08,
      "f1-score": 0.14285714285714285,
      "support": 25.0
    },
    "micro avg": {
      "precision": 0.2824427480916031,
      "recall": 0.074,
      "f1-score": 0.11727416798732171,
      "support": 1000.0
    },
    "macro avg": {
      "precision": 0.23113308566433566,
      "recall": 0.06401078554963242,
      "f1-score": 0.08087065970559087,
      "support": 1000.0
    },
    "weighted avg": {
      "precision": 0.3165343018093018,
      "recall": 0.074,
      "f1-score": 0.10492755749341776,
      "support": 1000.0
    }
  },
  "accuracy": 0.074,
  "confusion_matrix": [
    [
      0,
      3,
      8,
      0,
      0,
      0,
      0,
      0,
      0,
      0,
      0,
      0,
      0,
      0,
      0,
      0,
      0,
      0,
      0,
      0
    ],
    [
      0,
      5,
      2,
      0,
      0,
      0,
      0,
      0,
      0,
      0,
      0,
      0,
      0,
      0,
      0,
      0,
      0,
      0,
      0,
      0
    ],
    [
      7,
      14,
      31,
      3,
      0,
      1,
      0,
      0,
      1,
      3,
      0,
      4,
      1,
      0,
      0,
      4,
      3,
      2,
      0,
      0
    ],
    [
      0,
      7,
      2,
      5,
      0,
      0,
      0,
      0,
      2,
      0,
      0,
      0,
      1,
      0,
      0,
      0,
      0,
      3,
      0,
      0
    ],
    [
      0,
      6,
      1,
      0,
      0,
      0,
      0,
      0,
      0,
      1,
      0,
      0,
      0,
      0,
      0,
      1,
      0,
      0,
      0,
      0
    ],
    [
      0,
      4,
      1,
      2,
      0,
      3,
      0,
      0,
      2,
      1,
      0,
      1,
      0,
      0,
      0,
      0,
      0,
      0,
      0,
      0
    ],
    [
      0,
      3,
      1,
      0,
      0,
      0,
      0,
      0,
      0,
      1,
      0,
      0,
      0,
      0,
      0,
      0,
      0,
      0,
      0,
      0
    ],
    [
      0,
      7,
      4,
      0,
      0,
      0,
      0,
      1,
      0,
      1,
      0,
      0,
      1,
      0,
      0,
      0,
      1,
      0,
      1,
      0
    ],
    [
      0,
      1,
      0,
      0,
      0,
      1,
      0,
      0,
      2,
      0,
      0,
      0,
      0,
      1,
      0,
      0,
      0,
      0,
      0,
      0
    ],
    [
      0,
      3,
      4,
      0,
      0,
      0,
      0,
      0,
      0,
      1,
      0,
      0,
      0,
      0,
      0,
      0,
      0,
      0,
      1,
      0
    ],
    [
      0,
      2,
      0,
      1,
      0,
      0,
      0,
      0,
      0,
      1,
      0,
      0,
      0,
      0,
      0,
      0,
      1,
      0,
      1,
      0
    ],
    [
      0,
      3,
      1,
      0,
      0,
      0,
      0,
      0,
      0,
      0,
      0,
      0,
      0,
      0,
      0,
      0,
      1,
      1,
      0,
      0
    ],
    [
      0,
      2,
      1,
      1,
      0,
      0,
      0,
      0,
      0,
      0,
      0,
      0,
      0,
      0,
      0,
      0,
      1,
      0,
      1,
      0
    ],
    [
      0,
      0,
      0,
      0,
      0,
      0,
      0,
      0,
      1,
      0,
      0,
      0,
      0,
      0,
      0,
      1,
      1,
      1,
      0,
      0
    ],
    [
      0,
      5,
      0,
      0,
      0,
      1,
      0,
      0,
      0,
      1,
      0,
      0,
      0,
      0,
      0,
      0,
      0,
      1,
      0,
      0
    ],
    [
      0,
      6,
      4,
      1,
      0,
      0,
      0,
      0,
      1,
      2,
      0,
      2,
      0,
      2,
      0,
      3,
      0,
      0,
      2,
      1
    ],
    [
      0,
      1,
      2,
      0,
      0,
      1,
      0,
      0,
      0,
      0,
      0,
      0,
      0,
      0,
      0,
      0,
      18,
      0,
      0,
      0
    ],
    [
      0,
      2,
      1,
      0,
      0,
      1,
      0,
      0,
      0,
      1,
      0,
      0,
      0,
      0,
      0,
      0,
      0,
      1,
      0,
      0
    ],
    [
      0,
      1,
      0,
      0,
      0,
      0,
      0,
      0,
      0,
      1,
      0,
      0,
      0,
      0,
      0,
      1,
      0,
      0,
      2,
      0
    ],
    [
      0,
      2,
      1,
      0,
      0,
      0,
      0,
      0,
      0,
      0,
      0,
      0,
      0,
      0,
      0,
      0,
      0,
      0,
      0,
      2
    ]
  ],
  "labels": [
    "\ud83d\udc95",
    "\ud83d\ude0a",
    "\u2764",
    "\ud83d\ude02",
    "\ud83d\ude01",
    "\ud83d\udd25",
    "\ud83d\udc9c",
    "\u2728",
    "\ud83d\udcf8",
    "\ud83d\udc99",
    "\ud83d\udcaf",
    "\ud83d\ude18",
    "\ud83d\ude09",
    "\ud83d\udcf7",
    "\ud83d\ude0e",
    "\ud83d\ude0d",
    "\ud83c\udf84",
    "\ud83d\ude1c",
    "\ud83c\uddfa\ud83c\uddf8",
    "\u2600"
  ]
}