{
  "classification_report": {
    "\ud83d\ude0a": {
      "precision": 0.05128205128205128,
      "recall": 0.125,
      "f1-score": 0.07272727272727272,
      "support": 32.0
    },
    "\ud83c\udf84": {
      "precision": 0.4782608695652174,
      "recall": 0.3548387096774194,
      "f1-score": 0.4074074074074074,
      "support": 31.0
    },
    "\u2728": {
      "precision": 0.11363636363636363,
      "recall": 0.09090909090909091,
      "f1-score": 0.10101010101010101,
      "support": 55.0
    },
    "\ud83d\ude01": {
      "precision": 0.0,
      "recall": 0.0,
      "f1-score": 0.0,
      "support": 23.0
    },
    "\ud83d\udcf8": {
      "precision": 0.05714285714285714,
      "recall": 0.041666666666666664,
      "f1-score": 0.04819277108433735,
      "support": 48.0
    },
    "\ud83d\ude0d": {
      "precision": 0.16129032258064516,
      "recall": 0.15463917525773196,
      "f1-score": 0.15789473684210525,
      "support": 97.0
    },
    "\ud83d\ude02": {
      "precision": 0.2761904761904762,
      "recall": 0.31868131868131866,
      "f1-score": 0.29591836734693877,
      "support": 91.0
    },
    "\ud83d\udc95": {
      "precision": 0.08,
      "recall": 0.07692307692307693,
      "f1-score": 0.0784313725490196,
      "support": 52.0
    },
    "\ud83d\udcf7": {
      "precision": 0.09090909090909091,
      "recall": 0.06896551724137931,
      "f1-score": 0.0784313725490196,
      "support": 29.0
    },
    "\ud83c\uddfa\ud83c\uddf8": {
      "precision": 0.0,
      "recall": 0.0,
      "f1-score": 0.0,
      "support": 39.0
    },
    "\ud83d\ude09": {
      "precision": 0.0,
      "recall": 0.0,
      "f1-score": 0.0,
      "support": 26.0
    },
    "\ud83d\udc9c": {
      "precision": 0.07692307692307693,
      "recall": 0.045454545454545456,
      "f1-score": 0.05714285714285714,
      "support": 22.0
    },
    "\ud83d\ude1c": {
      "precision": 0.14285714285714285,
      "recall": 0.1,
      "f1-score": 0.11764705882352941,
      "support": 20.0
    },
    "\ud83d\udcaf": {
      "precision": 0.15384615384615385,
      "recall": 0.08,
      "f1-score": 0.10526315789473684,
      "support": 25.0
    },
    "\ud83d\udc99": {
      "precision": 0.11538461538461539,
      "recall": 0.0967741935483871,
      "f1-score": 0.10526315789473684,
      "support": 31.0
    },
    "\ud83d\ude18": {
      "precision": 0.05555555555555555,
      "recall": 0.08333333333333333,
      "f1-score": 0.06666666666666667,
      "support": 24.0
    },
    "\u2600": {
      "precision": 0.0975609756097561,
      "recall": 0.16,
      "f1-score": 0.12121212121212122,
      "support": 25.0
    },
    "\ud83d\udd25": {
      "precision": 0.40625,
      "recall": 0.17567567567567569,
      "f1-score": 0.24528301886792453,
      "support": 74.0
    },
    "\u2764": {
      "precision": 0.27710843373493976,
      "recall": 0.3194444444444444,
      "f1-score": 0.2967741935483871,
      "support": 216.0
    },
    "\ud83d\ude0e": {
      "precision": 0.09615384615384616,
      "recall": 0.125,
      "f1-score": 0.10869565217391304,
      "support": 40.0
    },
    "micro avg": {
      "precision": 0.18502673796791444,
      "recall": 0.173,
      "f1-score": 0.17881136950904392,
      "support": 1000.0
    },
    "macro avg": {
      "precision": 0.13651759156858942,
      "recall": 0.1208652873906535,
      "f1-score": 0.12319806428705374,
      "support": 1000.0
    },
    "weighted avg": {
      "precision": 0.18254378872942958,
      "recall": 0.173,
      "f1-score": 0.17216013219888862,
      "support": 1000.0
    }
  },
  "accuracy": 0.173,
  "confusion_matrix": [
    [
      4,
      0,
      2,
      0,
      1,
      5,
      4,
      1,
      0,
      0,
      0,
      0,
      1,
      0,
      0,
      0,
      1,
      1,
      8,
      2
    ],
    [
      2,
      11,
      0,
      0,
      1,
      1,
      3,
      1,
      0,
      0,
      0,
      1,
      0,
      0,
      0,
      1,
      0,
      0,
      5,
      1
    ],
    [
      4,
      1,
      5,
      1,
      2,
      7,
      5,
      1,
      0,
      0,
      0,
      1,
      0,
      0,
      2,
      1,
      5,
      1,
      14,
      4
    ],
    [
      2,
      0,
      2,
      0,
      2,
      0,
      3,
      1,
      1,
      0,
      0,
      0,
      2,
      0,
      0,
      1,
      0,
      0,
      5,
      1
    ],
    [
      4,
      0,
      3,
      0,
      2,
      3,
      7,
      2,
      4,
      0,
      0,
      0,
      1,
      0,
      0,
      1,
      1,
      5,
      7,
      6
    ],
    [
      14,
      0,
      3,
      1,
      5,
      15,
      7,
      6,
      2,
      0,
      0,
      1,
      2,
      2,
      5,
      4,
      4,
      0,
      17,
      4
    ],
    [
      6,
      1,
      1,
      1,
      3,
      8,
      29,
      3,
      2,
      0,
      1,
      1,
      2,
      1,
      1,
      3,
      3,
      1,
      13,
      5
    ],
    [
      3,
      0,
      2,
      0,
      0,
      4,
      4,
      4,
      1,
      0,
      0,
      1,
      1,
      0,
      1,
      4,
      1,
      1,
      21,
      2
    ],
    [
      3,
      1,
      2,
      0,
      3,
      3,
      5,
      1,
      2,
      0,
      0,
      0,
      0,
      1,
      0,
      0,
      1,
      1,
      1,
      1
    ],
    [
      2,
      0,
      3,
      0,
      0,
      1,
      2,
      0,
      2,
      0,
      0,
      0,
      1,
      1,
      2,
      0,
      3,
      1,
      13,
      2
    ],
    [
      3,
      0,
      0,
      0,
      0,
      4,
      2,
      1,
      0,
      0,
      0,
      0,
      0,
      1,
      0,
      2,
      3,
      0,
      8,
      1
    ],
    [
      2,
      0,
      1,
      0,
      1,
      0,
      0,
      3,
      0,
      0,
      0,
      1,
      0,
      0,
      1,
      0,
      1,
      0,
      9,
      3
    ],
    [
      1,
      0,
      0,
      0,
      1,
      1,
      1,
      1,
      0,
      0,
      0,
      1,
      2,
      0,
      1,
      0,
      1,
      2,
      4,
      0
    ],
    [
      2,
      1,
      2,
      1,
      1,
      1,
      4,
      0,
      1,
      0,
      0,
      0,
      0,
      2,
      1,
      0,
      1,
      0,
      2,
      0
    ],
    [
      2,
      0,
      1,
      1,
      0,
      3,
      1,
      3,
      3,
      0,
      0,
      0,
      1,
      0,
      3,
      1,
      1,
      0,
      8,
      1
    ],
    [
      1,
      1,
      0,
      0,
      1,
      3,
      0,
      2,
      0,
      0,
      0,
      0,
      0,
      1,
      2,
      2,
      2,
      0,
      9,
      0
    ],
    [
      1,
      0,
      1,
      1,
      0,
      0,
      1,
      0,
      0,
      0,
      0,
      0,
      0,
      0,
      0,
      1,
      4,
      1,
      10,
      3
    ],
    [
      3,
      2,
      2,
      0,
      5,
      4,
      10,
      2,
      1,
      0,
      1,
      1,
      0,
      3,
      1,
      1,
      2,
      13,
      14,
      5
    ],
    [
      15,
      3,
      11,
      1,
      7,
      27,
      16,
      18,
      2,
      0,
      0,
      4,
      1,
      1,
      6,
      11,
      6,
      5,
      69,
      6
    ],
    [
      4,
      2,
      3,
      0,
      0,
      3,
      1,
      0,
      1,
      0,
      0,
      1,
      0,
      0,
      0,
      3,
      1,
      0,
      12,
      5
    ]
  ],
  "labels": [
    "\ud83d\ude0a",
    "\ud83c\udf84",
    "\u2728",
    "\ud83d\ude01",
    "\ud83d\udcf8",
    "\ud83d\ude0d",
    "\ud83d\ude02",
    "\ud83d\udc95",
    "\ud83d\udcf7",
    "\ud83c\uddfa\ud83c\uddf8",
    "\ud83d\ude09",
    "\ud83d\udc9c",
    "\ud83d\ude1c",
    "\ud83d\udcaf",
    "\ud83d\udc99",
    "\ud83d\ude18",
    "\u2600",
    "\ud83d\udd25",
    "\u2764",
    "\ud83d\ude0e"
  ]
}