{
  "classification_report": {
    "\ud83d\udc99": {
      "precision": 0.25,
      "recall": 0.03225806451612903,
      "f1-score": 0.05714285714285714,
      "support": 31.0
    },
    "\ud83d\ude0d": {
      "precision": 0.2159090909090909,
      "recall": 0.1958762886597938,
      "f1-score": 0.20540540540540542,
      "support": 97.0
    },
    "\ud83d\udcf8": {
      "precision": 0.26666666666666666,
      "recall": 0.25,
      "f1-score": 0.25806451612903225,
      "support": 48.0
    },
    "\ud83d\udc9c": {
      "precision": 0.0,
      "recall": 0.0,
      "f1-score": 0.0,
      "support": 22.0
    },
    "\ud83c\uddfa\ud83c\uddf8": {
      "precision": 0.0,
      "recall": 0.0,
      "f1-score": 0.0,
      "support": 39.0
    },
    "\ud83d\ude01": {
      "precision": 0.0,
      "recall": 0.0,
      "f1-score": 0.0,
      "support": 23.0
    },
    "\ud83c\udf84": {
      "precision": 0.5185185185185185,
      "recall": 0.45161290322580644,
      "f1-score": 0.4827586206896552,
      "support": 31.0
    },
    "\ud83d\udcf7": {
      "precision": 0.05555555555555555,
      "recall": 0.034482758620689655,
      "f1-score": 0.0425531914893617,
      "support": 29.0
    },
    "\ud83d\ude1c": {
      "precision": 0.1,
      "recall": 0.1,
      "f1-score": 0.1,
      "support": 20.0
    },
    "\u2764": {
      "precision": 0.47560975609756095,
      "recall": 0.3611111111111111,
      "f1-score": 0.4105263157894737,
      "support": 216.0
    },
    "\ud83d\udd25": {
      "precision": 0.5517241379310345,
      "recall": 0.21621621621621623,
      "f1-score": 0.3106796116504854,
      "support": 74.0
    },
    "\ud83d\udc95": {
      "precision": 0.14814814814814814,
      "recall": 0.07692307692307693,
      "f1-score": 0.10126582278481013,
      "support": 52.0
    },
    "\ud83d\ude09": {
      "precision": 0.0,
      "recall": 0.0,
      "f1-score": 0.0,
      "support": 26.0
    },
    "\ud83d\ude18": {
      "precision": 0.05405405405405406,
      "recall": 0.08333333333333333,
      "f1-score": 0.06557377049180328,
      "support": 24.0
    },
    "\ud83d\ude0a": {
      "precision": 0.06043956043956044,
      "recall": 0.34375,
      "f1-score": 0.102803738317757,
      "support": 32.0
    },
    "\ud83d\ude02": {
      "precision": 0.3188405797101449,
      "recall": 0.4835164835164835,
      "f1-score": 0.38427947598253276,
      "support": 91.0
    },
    "\ud83d\udcaf": {
      "precision": 0.0,
      "recall": 0.0,
      "f1-score": 0.0,
      "support": 25.0
    },
    "\u2600": {
      "precision": 0.2542372881355932,
      "recall": 0.6,
      "f1-score": 0.35714285714285715,
      "support": 25.0
    },
    "\ud83d\ude0e": {
      "precision": 0.0967741935483871,
      "recall": 0.15,
      "f1-score": 0.11764705882352941,
      "support": 40.0
    },
    "\u2728": {
      "precision": 0.23809523809523808,
      "recall": 0.09090909090909091,
      "f1-score": 0.13157894736842105,
      "support": 55.0
    },
    "micro avg": {
      "precision": 0.24494142705005326,
      "recall": 0.23,
      "f1-score": 0.2372356884992264,
      "support": 1000.0
    },
    "macro avg": {
      "precision": 0.18022863939047765,
      "recall": 0.17349946635158653,
      "f1-score": 0.1563711094603991,
      "support": 1000.0
    },
    "weighted avg": {
      "precision": 0.2680093582565902,
      "recall": 0.23,
      "f1-score": 0.22991642604114737,
      "support": 1000.0
    }
  },
  "accuracy": 0.23,
  "confusion_matrix": [
    [
      1,
      2,
      1,
      1,
      0,
      0,
      1,
      1,
      1,
      5,
      1,
      0,
      1,
      4,
      8,
      0,
      0,
      1,
      0,
      1
    ],
    [
      0,
      19,
      3,
      0,
      0,
      1,
      0,
      1,
      1,
      14,
      1,
      3,
      0,
      7,
      16,
      5,
      1,
      4,
      7,
      2
    ],
    [
      0,
      3,
      12,
      0,
      0,
      1,
      0,
      2,
      1,
      3,
      1,
      0,
      0,
      0,
      5,
      9,
      0,
      5,
      1,
      2
    ],
    [
      0,
      4,
      1,
      0,
      0,
      0,
      0,
      1,
      0,
      3,
      0,
      3,
      0,
      0,
      7,
      1,
      0,
      0,
      1,
      1
    ],
    [
      0,
      0,
      0,
      0,
      0,
      0,
      3,
      2,
      0,
      5,
      2,
      0,
      0,
      0,
      6,
      3,
      0,
      1,
      3,
      2
    ],
    [
      0,
      3,
      1,
      0,
      0,
      0,
      1,
      0,
      0,
      0,
      0,
      0,
      0,
      0,
      9,
      5,
      0,
      0,
      3,
      0
    ],
    [
      0,
      1,
      0,
      0,
      0,
      0,
      14,
      0,
      0,
      7,
      2,
      0,
      0,
      0,
      4,
      2,
      0,
      0,
      0,
      0
    ],
    [
      0,
      2,
      7,
      0,
      0,
      1,
      1,
      1,
      1,
      2,
      1,
      0,
      0,
      0,
      1,
      6,
      0,
      2,
      1,
      1
    ],
    [
      0,
      1,
      0,
      0,
      0,
      0,
      0,
      0,
      2,
      0,
      0,
      0,
      0,
      1,
      8,
      7,
      0,
      0,
      0,
      0
    ],
    [
      0,
      25,
      5,
      4,
      0,
      1,
      4,
      0,
      1,
      78,
      2,
      12,
      0,
      7,
      33,
      17,
      0,
      15,
      6,
      3
    ],
    [
      0,
      7,
      7,
      1,
      0,
      0,
      0,
      2,
      2,
      3,
      16,
      0,
      0,
      3,
      7,
      11,
      0,
      2,
      10,
      0
    ],
    [
      1,
      3,
      0,
      0,
      0,
      0,
      0,
      2,
      1,
      15,
      1,
      4,
      0,
      7,
      9,
      3,
      0,
      1,
      1,
      1
    ],
    [
      0,
      3,
      1,
      1,
      0,
      0,
      0,
      1,
      0,
      2,
      0,
      0,
      0,
      2,
      6,
      4,
      0,
      2,
      1,
      0
    ],
    [
      0,
      3,
      0,
      1,
      0,
      0,
      0,
      0,
      1,
      3,
      0,
      3,
      0,
      2,
      8,
      2,
      0,
      0,
      1,
      0
    ],
    [
      0,
      5,
      0,
      0,
      0,
      0,
      0,
      0,
      1,
      4,
      0,
      1,
      0,
      0,
      11,
      2,
      0,
      1,
      6,
      0
    ],
    [
      1,
      2,
      2,
      2,
      0,
      0,
      0,
      1,
      4,
      6,
      1,
      0,
      0,
      1,
      13,
      44,
      0,
      3,
      6,
      1
    ],
    [
      1,
      1,
      1,
      0,
      0,
      1,
      2,
      0,
      2,
      0,
      0,
      0,
      0,
      2,
      4,
      7,
      0,
      1,
      2,
      0
    ],
    [
      0,
      0,
      1,
      0,
      0,
      0,
      0,
      1,
      0,
      3,
      0,
      0,
      0,
      0,
      1,
      0,
      0,
      15,
      3,
      0
    ],
    [
      0,
      3,
      1,
      0,
      0,
      0,
      0,
      1,
      0,
      1,
      1,
      0,
      0,
      0,
      10,
      9,
      0,
      2,
      6,
      2
    ],
    [
      0,
      1,
      2,
      0,
      0,
      1,
      1,
      2,
      2,
      10,
      0,
      1,
      0,
      1,
      16,
      1,
      0,
      4,
      4,
      5
    ]
  ],
  "labels": [
    "\ud83d\udc99",
    "\ud83d\ude0d",
    "\ud83d\udcf8",
    "\ud83d\udc9c",
    "\ud83c\uddfa\ud83c\uddf8",
    "\ud83d\ude01",
    "\ud83c\udf84",
    "\ud83d\udcf7",
    "\ud83d\ude1c",
    "\u2764",
    "\ud83d\udd25",
    "\ud83d\udc95",
    "\ud83d\ude09",
    "\ud83d\ude18",
    "\ud83d\ude0a",
    "\ud83d\ude02",
    "\ud83d\udcaf",
    "\u2600",
    "\ud83d\ude0e",
    "\u2728"
  ]
}