{
  "classification_report": {
    "\u2728": {
      "precision": 0.23333333333333334,
      "recall": 0.12727272727272726,
      "f1-score": 0.16470588235294117,
      "support": 55.0
    },
    "\ud83d\ude1c": {
      "precision": 0.3333333333333333,
      "recall": 0.1,
      "f1-score": 0.15384615384615385,
      "support": 20.0
    },
    "\ud83d\udcf7": {
      "precision": 0.11764705882352941,
      "recall": 0.06896551724137931,
      "f1-score": 0.08695652173913043,
      "support": 29.0
    },
    "\ud83d\ude0e": {
      "precision": 0.08888888888888889,
      "recall": 0.1,
      "f1-score": 0.09411764705882353,
      "support": 40.0
    },
    "\ud83d\udc9c": {
      "precision": 0.010752688172043012,
      "recall": 0.045454545454545456,
      "f1-score": 0.017391304347826087,
      "support": 22.0
    },
    "\ud83d\ude18": {
      "precision": 0.0,
      "recall": 0.0,
      "f1-score": 0.0,
      "support": 24.0
    },
    "\u2764": {
      "precision": 0.4810126582278481,
      "recall": 0.17592592592592593,
      "f1-score": 0.2576271186440678,
      "support": 216.0
    },
    "\ud83d\ude0d": {
      "precision": 0.2153846153846154,
      "recall": 0.14432989690721648,
      "f1-score": 0.1728395061728395,
      "support": 97.0
    },
    "\ud83d\udcaf": {
      "precision": 0.039473684210526314,
      "recall": 0.12,
      "f1-score": 0.0594059405940594,
      "support": 25.0
    },
    "\ud83d\udc95": {
      "precision": 0.17307692307692307,
      "recall": 0.17307692307692307,
      "f1-score": 0.17307692307692307,
      "support": 52.0
    },
    "\ud83d\udcf8": {
      "precision": 0.2222222222222222,
      "recall": 0.08333333333333333,
      "f1-score": 0.12121212121212122,
      "support": 48.0
    },
    "\ud83d\udd25": {
      "precision": 0.3492063492063492,
      "recall": 0.2972972972972973,
      "f1-score": 0.32116788321167883,
      "support": 74.0
    },
    "\ud83d\ude02": {
      "precision": 0.42424242424242425,
      "recall": 0.15384615384615385,
      "f1-score": 0.22580645161290322,
      "support": 91.0
    },
    "\ud83d\ude01": {
      "precision": 0.0,
      "recall": 0.0,
      "f1-score": 0.0,
      "support": 23.0
    },
    "\ud83d\ude09": {
      "precision": 0.08333333333333333,
      "recall": 0.038461538461538464,
      "f1-score": 0.05263157894736842,
      "support": 26.0
    },
    "\ud83c\uddfa\ud83c\uddf8": {
      "precision": 0.0,
      "recall": 0.0,
      "f1-score": 0.0,
      "support": 39.0
    },
    "\u2600": {
      "precision": 0.21333333333333335,
      "recall": 0.64,
      "f1-score": 0.32,
      "support": 25.0
    },
    "\ud83d\udc99": {
      "precision": 0.08571428571428572,
      "recall": 0.0967741935483871,
      "f1-score": 0.09090909090909091,
      "support": 31.0
    },
    "\ud83d\ude0a": {
      "precision": 0.04716981132075472,
      "recall": 0.15625,
      "f1-score": 0.07246376811594203,
      "support": 32.0
    },
    "\ud83c\udf84": {
      "precision": 0.5405405405405406,
      "recall": 0.6451612903225806,
      "f1-score": 0.5882352941176471,
      "support": 31.0
    },
    "micro avg": {
      "precision": 0.19320843091334894,
      "recall": 0.165,
      "f1-score": 0.1779935275080906,
      "support": 1000.0
    },
    "macro avg": {
      "precision": 0.18293327416821423,
      "recall": 0.15830746713440041,
      "f1-score": 0.14861965929797583,
      "support": 1000.0
    },
    "weighted avg": {
      "precision": 0.26501909406616975,
      "recall": 0.165,
      "f1-score": 0.18457656839630113,
      "support": 1000.0
    }
  },
  "accuracy": 0.165,
  "confusion_matrix": [
    [
      7,
      0,
      0,
      4,
      6,
      0,
      6,
      1,
      4,
      2,
      0,
      3,
      0,
      0,
      1,
      0,
      1,
      3,
      10,
      2
    ],
    [
      0,
      2,
      0,
      0,
      2,
      0,
      1,
      1,
      1,
      1,
      0,
      3,
      0,
      0,
      0,
      0,
      0,
      1,
      3,
      0
    ],
    [
      1,
      1,
      2,
      1,
      1,
      0,
      3,
      2,
      4,
      0,
      2,
      1,
      1,
      0,
      0,
      0,
      0,
      0,
      3,
      2
    ],
    [
      0,
      0,
      0,
      4,
      3,
      0,
      1,
      3,
      4,
      0,
      1,
      5,
      2,
      0,
      0,
      0,
      3,
      1,
      6,
      0
    ],
    [
      0,
      0,
      1,
      0,
      1,
      0,
      3,
      1,
      3,
      2,
      0,
      1,
      1,
      0,
      0,
      0,
      1,
      0,
      3,
      0
    ],
    [
      0,
      0,
      1,
      2,
      3,
      0,
      1,
      4,
      1,
      2,
      0,
      0,
      1,
      0,
      0,
      0,
      0,
      1,
      5,
      1
    ],
    [
      4,
      2,
      2,
      3,
      33,
      2,
      38,
      13,
      8,
      20,
      1,
      6,
      3,
      1,
      2,
      0,
      35,
      9,
      19,
      2
    ],
    [
      5,
      0,
      1,
      4,
      7,
      1,
      4,
      14,
      8,
      3,
      3,
      3,
      3,
      0,
      0,
      0,
      3,
      6,
      17,
      2
    ],
    [
      0,
      0,
      0,
      0,
      2,
      1,
      1,
      0,
      3,
      1,
      0,
      4,
      3,
      1,
      0,
      0,
      1,
      1,
      1,
      1
    ],
    [
      0,
      0,
      0,
      1,
      11,
      0,
      6,
      7,
      2,
      9,
      1,
      0,
      0,
      0,
      1,
      0,
      2,
      2,
      3,
      1
    ],
    [
      3,
      0,
      5,
      3,
      3,
      1,
      0,
      0,
      9,
      0,
      4,
      3,
      3,
      0,
      1,
      0,
      2,
      0,
      3,
      0
    ],
    [
      2,
      0,
      0,
      1,
      7,
      0,
      0,
      1,
      11,
      2,
      3,
      22,
      1,
      1,
      1,
      0,
      3,
      1,
      5,
      1
    ],
    [
      2,
      1,
      3,
      12,
      2,
      1,
      0,
      1,
      7,
      4,
      2,
      6,
      14,
      0,
      4,
      0,
      1,
      2,
      8,
      1
    ],
    [
      1,
      0,
      1,
      1,
      1,
      0,
      0,
      3,
      1,
      1,
      0,
      0,
      0,
      0,
      0,
      0,
      2,
      1,
      4,
      1
    ],
    [
      1,
      0,
      0,
      2,
      2,
      1,
      0,
      5,
      1,
      0,
      1,
      1,
      1,
      0,
      1,
      0,
      0,
      1,
      4,
      1
    ],
    [
      1,
      0,
      1,
      1,
      1,
      0,
      3,
      2,
      4,
      0,
      0,
      1,
      0,
      0,
      0,
      0,
      2,
      1,
      1,
      0
    ],
    [
      0,
      0,
      0,
      1,
      1,
      0,
      2,
      0,
      0,
      0,
      0,
      0,
      0,
      0,
      0,
      0,
      16,
      0,
      1,
      0
    ],
    [
      1,
      0,
      0,
      1,
      5,
      1,
      4,
      3,
      0,
      4,
      0,
      1,
      0,
      0,
      1,
      0,
      0,
      3,
      5,
      1
    ],
    [
      0,
      0,
      0,
      4,
      2,
      1,
      1,
      4,
      5,
      1,
      0,
      1,
      0,
      0,
      0,
      0,
      2,
      2,
      5,
      1
    ],
    [
      2,
      0,
      0,
      0,
      0,
      0,
      5,
      0,
      0,
      0,
      0,
      2,
      0,
      0,
      0,
      0,
      1,
      0,
      0,
      20
    ]
  ],
  "labels": [
    "\u2728",
    "\ud83d\ude1c",
    "\ud83d\udcf7",
    "\ud83d\ude0e",
    "\ud83d\udc9c",
    "\ud83d\ude18",
    "\u2764",
    "\ud83d\ude0d",
    "\ud83d\udcaf",
    "\ud83d\udc95",
    "\ud83d\udcf8",
    "\ud83d\udd25",
    "\ud83d\ude02",
    "\ud83d\ude01",
    "\ud83d\ude09",
    "\ud83c\uddfa\ud83c\uddf8",
    "\u2600",
    "\ud83d\udc99",
    "\ud83d\ude0a",
    "\ud83c\udf84"
  ]
}