{
  "classification_report": {
    "\ud83d\ude0a": {
      "precision": 0.05202312138728324,
      "recall": 0.28125,
      "f1-score": 0.08780487804878048,
      "support": 32.0
    },
    "\u2728": {
      "precision": 0.1326530612244898,
      "recall": 0.23636363636363636,
      "f1-score": 0.16993464052287582,
      "support": 55.0
    },
    "\ud83d\udc9c": {
      "precision": 0.0,
      "recall": 0.0,
      "f1-score": 0.0,
      "support": 22.0
    },
    "\ud83d\ude0e": {
      "precision": 0.11764705882352941,
      "recall": 0.05,
      "f1-score": 0.07017543859649122,
      "support": 40.0
    },
    "\u2600": {
      "precision": 0.34285714285714286,
      "recall": 0.48,
      "f1-score": 0.4,
      "support": 25.0
    },
    "\ud83d\udc95": {
      "precision": 0.0,
      "recall": 0.0,
      "f1-score": 0.0,
      "support": 52.0
    },
    "\ud83d\udcf7": {
      "precision": 0.16666666666666666,
      "recall": 0.034482758620689655,
      "f1-score": 0.05714285714285714,
      "support": 29.0
    },
    "\ud83d\ude01": {
      "precision": 0.0,
      "recall": 0.0,
      "f1-score": 0.0,
      "support": 23.0
    },
    "\ud83c\udf84": {
      "precision": 0.6666666666666666,
      "recall": 0.6451612903225806,
      "f1-score": 0.6557377049180327,
      "support": 31.0
    },
    "\ud83d\ude1c": {
      "precision": 0.0,
      "recall": 0.0,
      "f1-score": 0.0,
      "support": 20.0
    },
    "\ud83d\ude02": {
      "precision": 0.3770491803278688,
      "recall": 0.25274725274725274,
      "f1-score": 0.3026315789473684,
      "support": 91.0
    },
    "\ud83d\ude0d": {
      "precision": 0.15873015873015872,
      "recall": 0.10309278350515463,
      "f1-score": 0.125,
      "support": 97.0
    },
    "\ud83c\uddfa\ud83c\uddf8": {
      "precision": 0.38461538461538464,
      "recall": 0.38461538461538464,
      "f1-score": 0.38461538461538464,
      "support": 39.0
    },
    "\ud83d\udd25": {
      "precision": 0.3465346534653465,
      "recall": 0.47297297297297297,
      "f1-score": 0.4,
      "support": 74.0
    },
    "\ud83d\udcaf": {
      "precision": 0.0,
      "recall": 0.0,
      "f1-score": 0.0,
      "support": 25.0
    },
    "\ud83d\udc99": {
      "precision": 0.0,
      "recall": 0.0,
      "f1-score": 0.0,
      "support": 31.0
    },
    "\ud83d\ude09": {
      "precision": 0.16,
      "recall": 0.15384615384615385,
      "f1-score": 0.1568627450980392,
      "support": 26.0
    },
    "\ud83d\udcf8": {
      "precision": 0.375,
      "recall": 0.125,
      "f1-score": 0.1875,
      "support": 48.0
    },
    "\u2764": {
      "precision": 0.4177215189873418,
      "recall": 0.4583333333333333,
      "f1-score": 0.4370860927152318,
      "support": 216.0
    },
    "\ud83d\ude18": {
      "precision": 0.0,
      "recall": 0.0,
      "f1-score": 0.0,
      "support": 24.0
    },
    "micro avg": {
      "precision": 0.26659528907922914,
      "recall": 0.249,
      "f1-score": 0.25749741468459153,
      "support": 1000.0
    },
    "macro avg": {
      "precision": 0.18490823068759396,
      "recall": 0.18389327831635796,
      "f1-score": 0.17172456603025307,
      "support": 1000.0
    },
    "weighted avg": {
      "precision": 0.2504776824404727,
      "recall": 0.249,
      "f1-score": 0.23870169166303026,
      "support": 1000.0
    }
  },
  "accuracy": 0.249,
  "confusion_matrix": [
    [
      9,
      3,
      0,
      1,
      2,
      1,
      0,
      0,
      0,
      0,
      2,
      1,
      3,
      1,
      0,
      0,
      0,
      0,
      7,
      0
    ],
    [
      13,
      13,
      0,
      2,
      2,
      0,
      0,
      0,
      1,
      0,
      1,
      4,
      2,
      2,
      0,
      0,
      1,
      2,
      10,
      0
    ],
    [
      5,
      2,
      0,
      1,
      0,
      1,
      0,
      0,
      0,
      0,
      0,
      0,
      0,
      2,
      0,
      0,
      1,
      0,
      9,
      0
    ],
    [
      9,
      4,
      0,
      2,
      3,
      1,
      0,
      0,
      0,
      0,
      3,
      2,
      1,
      4,
      0,
      0,
      1,
      0,
      7,
      0
    ],
    [
      3,
      1,
      0,
      0,
      12,
      0,
      0,
      0,
      0,
      0,
      0,
      0,
      3,
      1,
      0,
      0,
      0,
      0,
      4,
      0
    ],
    [
      11,
      6,
      1,
      0,
      0,
      0,
      0,
      0,
      1,
      0,
      0,
      5,
      0,
      1,
      0,
      0,
      2,
      0,
      22,
      0
    ],
    [
      3,
      5,
      0,
      2,
      0,
      0,
      1,
      0,
      1,
      0,
      4,
      2,
      1,
      5,
      0,
      0,
      0,
      2,
      1,
      0
    ],
    [
      6,
      2,
      0,
      0,
      0,
      0,
      0,
      0,
      1,
      0,
      2,
      0,
      1,
      0,
      0,
      1,
      0,
      1,
      4,
      0
    ],
    [
      2,
      0,
      0,
      0,
      0,
      0,
      0,
      0,
      20,
      0,
      0,
      0,
      0,
      3,
      0,
      0,
      0,
      0,
      6,
      0
    ],
    [
      5,
      0,
      0,
      0,
      0,
      0,
      0,
      0,
      0,
      0,
      3,
      2,
      1,
      3,
      0,
      0,
      0,
      0,
      3,
      0
    ],
    [
      18,
      2,
      0,
      0,
      1,
      1,
      1,
      0,
      2,
      0,
      23,
      5,
      2,
      12,
      0,
      0,
      5,
      4,
      5,
      0
    ],
    [
      23,
      14,
      0,
      1,
      3,
      2,
      0,
      0,
      0,
      0,
      7,
      10,
      3,
      3,
      0,
      1,
      6,
      0,
      19,
      1
    ],
    [
      7,
      3,
      0,
      0,
      0,
      0,
      1,
      0,
      0,
      0,
      0,
      1,
      15,
      3,
      0,
      0,
      0,
      0,
      2,
      0
    ],
    [
      7,
      5,
      1,
      3,
      0,
      0,
      1,
      0,
      0,
      0,
      1,
      1,
      2,
      35,
      0,
      0,
      1,
      1,
      7,
      0
    ],
    [
      5,
      6,
      0,
      0,
      1,
      0,
      0,
      0,
      1,
      0,
      2,
      0,
      0,
      4,
      0,
      0,
      2,
      0,
      2,
      0
    ],
    [
      5,
      2,
      1,
      0,
      0,
      3,
      0,
      0,
      0,
      0,
      0,
      0,
      2,
      1,
      0,
      0,
      1,
      0,
      14,
      0
    ],
    [
      5,
      4,
      0,
      0,
      1,
      0,
      0,
      0,
      1,
      0,
      1,
      3,
      1,
      1,
      0,
      0,
      4,
      0,
      2,
      0
    ],
    [
      5,
      11,
      0,
      1,
      3,
      0,
      1,
      1,
      0,
      0,
      6,
      2,
      1,
      6,
      0,
      0,
      0,
      6,
      3,
      0
    ],
    [
      28,
      15,
      2,
      3,
      6,
      12,
      1,
      1,
      1,
      0,
      6,
      22,
      1,
      12,
      0,
      1,
      1,
      0,
      99,
      0
    ],
    [
      4,
      0,
      0,
      1,
      1,
      1,
      0,
      0,
      1,
      0,
      0,
      3,
      0,
      2,
      0,
      0,
      0,
      0,
      11,
      0
    ]
  ],
  "labels": [
    "\ud83d\ude0a",
    "\u2728",
    "\ud83d\udc9c",
    "\ud83d\ude0e",
    "\u2600",
    "\ud83d\udc95",
    "\ud83d\udcf7",
    "\ud83d\ude01",
    "\ud83c\udf84",
    "\ud83d\ude1c",
    "\ud83d\ude02",
    "\ud83d\ude0d",
    "\ud83c\uddfa\ud83c\uddf8",
    "\ud83d\udd25",
    "\ud83d\udcaf",
    "\ud83d\udc99",
    "\ud83d\ude09",
    "\ud83d\udcf8",
    "\u2764",
    "\ud83d\ude18"
  ]
}