{
  "classification_report": {
    "\ud83d\ude0e": {
      "precision": 0.10869565217391304,
      "recall": 0.125,
      "f1-score": 0.11627906976744186,
      "support": 40.0
    },
    "\u2600": {
      "precision": 0.3488372093023256,
      "recall": 0.6,
      "f1-score": 0.4411764705882353,
      "support": 25.0
    },
    "\ud83d\udcf7": {
      "precision": 0.11764705882352941,
      "recall": 0.06896551724137931,
      "f1-score": 0.08695652173913043,
      "support": 29.0
    },
    "\ud83d\ude02": {
      "precision": 0.4375,
      "recall": 0.15384615384615385,
      "f1-score": 0.22764227642276422,
      "support": 91.0
    },
    "\ud83d\ude09": {
      "precision": 0.1,
      "recall": 0.038461538461538464,
      "f1-score": 0.05555555555555555,
      "support": 26.0
    },
    "\ud83d\udc99": {
      "precision": 0.13513513513513514,
      "recall": 0.16129032258064516,
      "f1-score": 0.14705882352941177,
      "support": 31.0
    },
    "\ud83d\udcaf": {
      "precision": 0.04,
      "recall": 0.08,
      "f1-score": 0.05333333333333334,
      "support": 25.0
    },
    "\ud83d\ude0d": {
      "precision": 0.16666666666666666,
      "recall": 0.13402061855670103,
      "f1-score": 0.14857142857142858,
      "support": 97.0
    },
    "\ud83d\udd25": {
      "precision": 0.4074074074074074,
      "recall": 0.2972972972972973,
      "f1-score": 0.34375,
      "support": 74.0
    },
    "\ud83d\udc95": {
      "precision": 0.16666666666666666,
      "recall": 0.11538461538461539,
      "f1-score": 0.13636363636363635,
      "support": 52.0
    },
    "\ud83d\udcf8": {
      "precision": 0.25,
      "recall": 0.10416666666666667,
      "f1-score": 0.14705882352941177,
      "support": 48.0
    },
    "\ud83c\uddfa\ud83c\uddf8": {
      "precision": 0.0,
      "recall": 0.0,
      "f1-score": 0.0,
      "support": 39.0
    },
    "\ud83d\udc9c": {
      "precision": 0.0,
      "recall": 0.0,
      "f1-score": 0.0,
      "support": 22.0
    },
    "\ud83d\ude18": {
      "precision": 0.0,
      "recall": 0.0,
      "f1-score": 0.0,
      "support": 24.0
    },
    "\ud83d\ude1c": {
      "precision": 0.14285714285714285,
      "recall": 0.1,
      "f1-score": 0.11764705882352941,
      "support": 20.0
    },
    "\ud83d\ude0a": {
      "precision": 0.06451612903225806,
      "recall": 0.3125,
      "f1-score": 0.10695187165775401,
      "support": 32.0
    },
    "\ud83d\ude01": {
      "precision": 0.0,
      "recall": 0.0,
      "f1-score": 0.0,
      "support": 23.0
    },
    "\ud83c\udf84": {
      "precision": 0.8,
      "recall": 0.5161290322580645,
      "f1-score": 0.6274509803921569,
      "support": 31.0
    },
    "\u2728": {
      "precision": 0.22857142857142856,
      "recall": 0.14545454545454545,
      "f1-score": 0.17777777777777778,
      "support": 55.0
    },
    "\u2764": {
      "precision": 0.6075949367088608,
      "recall": 0.2222222222222222,
      "f1-score": 0.3254237288135593,
      "support": 216.0
    },
    "micro avg": {
      "precision": 0.20591715976331362,
      "recall": 0.174,
      "f1-score": 0.1886178861788618,
      "support": 1000.0
    },
    "macro avg": {
      "precision": 0.20610477166726668,
      "recall": 0.15873692649849147,
      "f1-score": 0.16294986784325632,
      "support": 1000.0
    },
    "weighted avg": {
      "precision": 0.3045972855827853,
      "recall": 0.174,
      "f1-score": 0.20554870800243102,
      "support": 1000.0
    }
  },
  "accuracy": 0.174,
  "confusion_matrix": [
    [
      5,
      1,
      0,
      2,
      0,
      0,
      3,
      4,
      2,
      0,
      1,
      0,
      1,
      0,
      1,
      6,
      0,
      0,
      1,
      2
    ],
    [
      1,
      15,
      1,
      0,
      0,
      0,
      0,
      0,
      1,
      0,
      0,
      0,
      0,
      1,
      0,
      2,
      0,
      0,
      0,
      1
    ],
    [
      4,
      0,
      2,
      1,
      0,
      0,
      1,
      3,
      0,
      0,
      1,
      0,
      3,
      0,
      2,
      1,
      1,
      1,
      1,
      1
    ],
    [
      3,
      1,
      1,
      14,
      4,
      0,
      4,
      4,
      4,
      2,
      1,
      0,
      9,
      1,
      2,
      12,
      2,
      0,
      1,
      0
    ],
    [
      0,
      0,
      0,
      0,
      1,
      0,
      1,
      6,
      0,
      0,
      2,
      0,
      2,
      1,
      1,
      5,
      0,
      1,
      1,
      0
    ],
    [
      2,
      0,
      0,
      1,
      0,
      5,
      2,
      2,
      0,
      2,
      0,
      0,
      4,
      0,
      0,
      8,
      1,
      1,
      0,
      1
    ],
    [
      3,
      0,
      1,
      1,
      0,
      2,
      2,
      0,
      2,
      1,
      0,
      0,
      3,
      0,
      0,
      2,
      1,
      0,
      0,
      1
    ],
    [
      6,
      3,
      2,
      2,
      0,
      5,
      4,
      13,
      3,
      4,
      3,
      0,
      6,
      2,
      0,
      22,
      0,
      0,
      3,
      5
    ],
    [
      0,
      0,
      0,
      1,
      0,
      4,
      10,
      1,
      22,
      1,
      3,
      0,
      5,
      0,
      0,
      12,
      2,
      0,
      2,
      1
    ],
    [
      2,
      1,
      0,
      0,
      1,
      4,
      2,
      10,
      2,
      6,
      0,
      0,
      5,
      3,
      2,
      4,
      0,
      0,
      1,
      5
    ],
    [
      1,
      2,
      9,
      3,
      0,
      2,
      4,
      1,
      3,
      1,
      5,
      0,
      2,
      0,
      2,
      4,
      1,
      0,
      3,
      0
    ],
    [
      2,
      0,
      1,
      0,
      0,
      2,
      1,
      2,
      2,
      0,
      0,
      0,
      1,
      0,
      0,
      3,
      0,
      0,
      3,
      1
    ],
    [
      1,
      0,
      0,
      1,
      0,
      0,
      2,
      1,
      0,
      2,
      0,
      0,
      0,
      0,
      0,
      4,
      0,
      0,
      3,
      4
    ],
    [
      3,
      0,
      0,
      0,
      0,
      0,
      1,
      2,
      0,
      0,
      1,
      0,
      6,
      0,
      0,
      6,
      0,
      0,
      0,
      1
    ],
    [
      0,
      0,
      0,
      2,
      0,
      0,
      0,
      1,
      0,
      0,
      0,
      0,
      2,
      1,
      2,
      7,
      0,
      0,
      1,
      1
    ],
    [
      3,
      2,
      0,
      0,
      1,
      1,
      1,
      2,
      0,
      1,
      0,
      0,
      5,
      0,
      0,
      10,
      0,
      0,
      0,
      1
    ],
    [
      2,
      0,
      0,
      0,
      0,
      2,
      0,
      4,
      1,
      0,
      1,
      0,
      0,
      0,
      0,
      8,
      0,
      0,
      1,
      0
    ],
    [
      0,
      0,
      0,
      0,
      0,
      0,
      2,
      1,
      2,
      0,
      0,
      0,
      2,
      0,
      0,
      4,
      0,
      16,
      1,
      1
    ],
    [
      5,
      0,
      0,
      0,
      1,
      2,
      5,
      2,
      2,
      2,
      1,
      0,
      4,
      0,
      0,
      11,
      0,
      0,
      8,
      5
    ],
    [
      3,
      18,
      0,
      4,
      2,
      8,
      5,
      19,
      8,
      14,
      1,
      0,
      38,
      3,
      2,
      24,
      1,
      1,
      5,
      48
    ]
  ],
  "labels": [
    "\ud83d\ude0e",
    "\u2600",
    "\ud83d\udcf7",
    "\ud83d\ude02",
    "\ud83d\ude09",
    "\ud83d\udc99",
    "\ud83d\udcaf",
    "\ud83d\ude0d",
    "\ud83d\udd25",
    "\ud83d\udc95",
    "\ud83d\udcf8",
    "\ud83c\uddfa\ud83c\uddf8",
    "\ud83d\udc9c",
    "\ud83d\ude18",
    "\ud83d\ude1c",
    "\ud83d\ude0a",
    "\ud83d\ude01",
    "\ud83c\udf84",
    "\u2728",
    "\u2764"
  ]
}