{
  "classification_report": {
    "\ud83c\udf84": {
      "precision": 0.6896551724137931,
      "recall": 0.6451612903225806,
      "f1-score": 0.6666666666666666,
      "support": 31.0
    },
    "\ud83d\ude09": {
      "precision": 0.05263157894736842,
      "recall": 0.038461538461538464,
      "f1-score": 0.044444444444444446,
      "support": 26.0
    },
    "\ud83d\ude01": {
      "precision": 0.0,
      "recall": 0.0,
      "f1-score": 0.0,
      "support": 23.0
    },
    "\ud83d\udc99": {
      "precision": 0.0,
      "recall": 0.0,
      "f1-score": 0.0,
      "support": 31.0
    },
    "\ud83d\udc95": {
      "precision": 0.2,
      "recall": 0.07692307692307693,
      "f1-score": 0.1111111111111111,
      "support": 52.0
    },
    "\u2728": {
      "precision": 0.1368421052631579,
      "recall": 0.23636363636363636,
      "f1-score": 0.17333333333333334,
      "support": 55.0
    },
    "\ud83d\ude0d": {
      "precision": 0.2391304347826087,
      "recall": 0.1134020618556701,
      "f1-score": 0.15384615384615385,
      "support": 97.0
    },
    "\ud83d\udcaf": {
      "precision": 0.0,
      "recall": 0.0,
      "f1-score": 0.0,
      "support": 25.0
    },
    "\ud83d\udcf7": {
      "precision": 0.0,
      "recall": 0.0,
      "f1-score": 0.0,
      "support": 29.0
    },
    "\ud83d\ude0e": {
      "precision": 0.1111111111111111,
      "recall": 0.025,
      "f1-score": 0.04081632653061224,
      "support": 40.0
    },
    "\ud83d\udd25": {
      "precision": 0.2956521739130435,
      "recall": 0.4594594594594595,
      "f1-score": 0.35978835978835977,
      "support": 74.0
    },
    "\ud83d\ude0a": {
      "precision": 0.0684931506849315,
      "recall": 0.3125,
      "f1-score": 0.11235955056179775,
      "support": 32.0
    },
    "\ud83d\udcf8": {
      "precision": 0.375,
      "recall": 0.0625,
      "f1-score": 0.10714285714285714,
      "support": 48.0
    },
    "\ud83d\ude02": {
      "precision": 0.40350877192982454,
      "recall": 0.25274725274725274,
      "f1-score": 0.3108108108108108,
      "support": 91.0
    },
    "\u2600": {
      "precision": 0.36363636363636365,
      "recall": 0.48,
      "f1-score": 0.41379310344827586,
      "support": 25.0
    },
    "\ud83d\udc9c": {
      "precision": 0.25,
      "recall": 0.045454545454545456,
      "f1-score": 0.07692307692307693,
      "support": 22.0
    },
    "\ud83c\uddfa\ud83c\uddf8": {
      "precision": 0.375,
      "recall": 0.23076923076923078,
      "f1-score": 0.2857142857142857,
      "support": 39.0
    },
    "\ud83d\ude18": {
      "precision": 0.0,
      "recall": 0.0,
      "f1-score": 0.0,
      "support": 24.0
    },
    "\ud83d\ude1c": {
      "precision": 0.0,
      "recall": 0.0,
      "f1-score": 0.0,
      "support": 20.0
    },
    "\u2764": {
      "precision": 0.37770897832817335,
      "recall": 0.5648148148148148,
      "f1-score": 0.45269016697588127,
      "support": 216.0
    },
    "micro avg": {
      "precision": 0.2826552462526767,
      "recall": 0.264,
      "f1-score": 0.2730093071354705,
      "support": 1000.0
    },
    "macro avg": {
      "precision": 0.19691849205051878,
      "recall": 0.1771778453585903,
      "f1-score": 0.16547201236488335,
      "support": 1000.0
    },
    "weighted avg": {
      "precision": 0.2579045321521819,
      "recall": 0.264,
      "f1-score": 0.2382966169747539,
      "support": 1000.0
    }
  },
  "accuracy": 0.264,
  "confusion_matrix": [
    [
      20,
      0,
      0,
      0,
      0,
      0,
      0,
      0,
      0,
      0,
      2,
      0,
      0,
      0,
      0,
      0,
      0,
      0,
      0,
      6
    ],
    [
      0,
      1,
      0,
      0,
      1,
      1,
      1,
      0,
      0,
      0,
      4,
      6,
      0,
      2,
      1,
      0,
      0,
      0,
      0,
      6
    ],
    [
      1,
      0,
      0,
      0,
      0,
      3,
      0,
      0,
      0,
      0,
      0,
      8,
      1,
      2,
      0,
      0,
      1,
      0,
      0,
      4
    ],
    [
      1,
      0,
      0,
      0,
      0,
      4,
      0,
      0,
      1,
      0,
      0,
      2,
      0,
      0,
      0,
      0,
      2,
      0,
      0,
      18
    ],
    [
      1,
      2,
      0,
      0,
      4,
      9,
      2,
      0,
      0,
      0,
      1,
      5,
      0,
      0,
      0,
      0,
      0,
      0,
      0,
      26
    ],
    [
      0,
      0,
      0,
      0,
      1,
      13,
      3,
      0,
      0,
      1,
      8,
      9,
      1,
      1,
      1,
      0,
      1,
      0,
      0,
      12
    ],
    [
      0,
      4,
      0,
      1,
      0,
      13,
      11,
      0,
      0,
      0,
      9,
      11,
      1,
      4,
      4,
      1,
      1,
      0,
      0,
      30
    ],
    [
      1,
      1,
      0,
      0,
      0,
      3,
      0,
      0,
      0,
      0,
      6,
      2,
      0,
      1,
      1,
      0,
      1,
      0,
      0,
      6
    ],
    [
      1,
      1,
      0,
      0,
      0,
      2,
      2,
      0,
      0,
      2,
      2,
      4,
      1,
      3,
      0,
      0,
      1,
      0,
      0,
      8
    ],
    [
      0,
      1,
      0,
      0,
      0,
      1,
      1,
      0,
      0,
      1,
      7,
      11,
      0,
      2,
      1,
      0,
      3,
      0,
      0,
      7
    ],
    [
      0,
      0,
      0,
      0,
      1,
      9,
      5,
      0,
      0,
      0,
      34,
      6,
      0,
      1,
      1,
      1,
      0,
      0,
      0,
      11
    ],
    [
      1,
      0,
      0,
      0,
      1,
      3,
      1,
      0,
      0,
      0,
      1,
      10,
      0,
      0,
      4,
      0,
      0,
      0,
      0,
      10
    ],
    [
      0,
      1,
      0,
      0,
      2,
      5,
      0,
      0,
      0,
      2,
      10,
      8,
      3,
      7,
      2,
      0,
      1,
      0,
      0,
      6
    ],
    [
      0,
      6,
      0,
      0,
      1,
      5,
      1,
      0,
      1,
      1,
      15,
      18,
      0,
      23,
      0,
      0,
      1,
      0,
      0,
      13
    ],
    [
      0,
      0,
      0,
      0,
      1,
      1,
      0,
      0,
      0,
      1,
      1,
      2,
      0,
      1,
      12,
      1,
      1,
      0,
      0,
      4
    ],
    [
      0,
      0,
      0,
      0,
      1,
      3,
      0,
      0,
      0,
      0,
      1,
      4,
      0,
      1,
      0,
      1,
      0,
      0,
      0,
      9
    ],
    [
      0,
      0,
      0,
      0,
      0,
      3,
      1,
      0,
      1,
      0,
      2,
      6,
      0,
      1,
      0,
      0,
      9,
      0,
      0,
      14
    ],
    [
      1,
      0,
      0,
      0,
      1,
      0,
      1,
      0,
      0,
      1,
      4,
      5,
      1,
      0,
      1,
      0,
      0,
      0,
      0,
      8
    ],
    [
      0,
      1,
      0,
      0,
      0,
      1,
      2,
      0,
      0,
      0,
      3,
      2,
      0,
      5,
      0,
      0,
      0,
      0,
      0,
      3
    ],
    [
      2,
      1,
      0,
      1,
      6,
      16,
      15,
      0,
      1,
      0,
      5,
      27,
      0,
      3,
      5,
      0,
      2,
      0,
      0,
      122
    ]
  ],
  "labels": [
    "\ud83c\udf84",
    "\ud83d\ude09",
    "\ud83d\ude01",
    "\ud83d\udc99",
    "\ud83d\udc95",
    "\u2728",
    "\ud83d\ude0d",
    "\ud83d\udcaf",
    "\ud83d\udcf7",
    "\ud83d\ude0e",
    "\ud83d\udd25",
    "\ud83d\ude0a",
    "\ud83d\udcf8",
    "\ud83d\ude02",
    "\u2600",
    "\ud83d\udc9c",
    "\ud83c\uddfa\ud83c\uddf8",
    "\ud83d\ude18",
    "\ud83d\ude1c",
    "\u2764"
  ]
}