{
  "classification_report": {
    "\ud83d\ude1c": {
      "precision": 0.0,
      "recall": 0.0,
      "f1-score": 0.0,
      "support": 20.0
    },
    "\ud83d\udcf7": {
      "precision": 0.0,
      "recall": 0.0,
      "f1-score": 0.0,
      "support": 29.0
    },
    "\ud83d\ude09": {
      "precision": 0.0,
      "recall": 0.0,
      "f1-score": 0.0,
      "support": 26.0
    },
    "\ud83c\udf84": {
      "precision": 0.8235294117647058,
      "recall": 0.45161290322580644,
      "f1-score": 0.5833333333333334,
      "support": 31.0
    },
    "\u2764": {
      "precision": 0.47058823529411764,
      "recall": 0.07407407407407407,
      "f1-score": 0.128,
      "support": 216.0
    },
    "\ud83d\udc95": {
      "precision": 0.0,
      "recall": 0.0,
      "f1-score": 0.0,
      "support": 52.0
    },
    "\ud83d\ude18": {
      "precision": 0.0,
      "recall": 0.0,
      "f1-score": 0.0,
      "support": 24.0
    },
    "\ud83d\udc99": {
      "precision": 0.21428571428571427,
      "recall": 0.0967741935483871,
      "f1-score": 0.13333333333333333,
      "support": 31.0
    },
    "\ud83d\ude0e": {
      "precision": 0.07142857142857142,
      "recall": 0.05,
      "f1-score": 0.058823529411764705,
      "support": 40.0
    },
    "\ud83d\ude02": {
      "precision": 0.3953488372093023,
      "recall": 0.18681318681318682,
      "f1-score": 0.2537313432835821,
      "support": 91.0
    },
    "\ud83d\udd25": {
      "precision": 0.47368421052631576,
      "recall": 0.24324324324324326,
      "f1-score": 0.32142857142857145,
      "support": 74.0
    },
    "\ud83d\udcf8": {
      "precision": 0.0,
      "recall": 0.0,
      "f1-score": 0.0,
      "support": 48.0
    },
    "\u2728": {
      "precision": 0.3333333333333333,
      "recall": 0.09090909090909091,
      "f1-score": 0.14285714285714285,
      "support": 55.0
    },
    "\u2600": {
      "precision": 0.42857142857142855,
      "recall": 0.12,
      "f1-score": 0.1875,
      "support": 25.0
    },
    "\ud83d\ude01": {
      "precision": 0.0,
      "recall": 0.0,
      "f1-score": 0.0,
      "support": 23.0
    },
    "\ud83c\uddfa\ud83c\uddf8": {
      "precision": 0.0,
      "recall": 0.0,
      "f1-score": 0.0,
      "support": 39.0
    },
    "\ud83d\udc9c": {
      "precision": 0.2,
      "recall": 0.045454545454545456,
      "f1-score": 0.07407407407407407,
      "support": 22.0
    },
    "\ud83d\ude0d": {
      "precision": 0.13157894736842105,
      "recall": 0.10309278350515463,
      "f1-score": 0.11560693641618497,
      "support": 97.0
    },
    "\ud83d\udcaf": {
      "precision": 0.0,
      "recall": 0.0,
      "f1-score": 0.0,
      "support": 25.0
    },
    "\ud83d\ude0a": {
      "precision": 0.047619047619047616,
      "recall": 0.375,
      "f1-score": 0.08450704225352113,
      "support": 32.0
    },
    "micro avg": {
      "precision": 0.18231046931407943,
      "recall": 0.101,
      "f1-score": 0.12998712998713,
      "support": 1000.0
    },
    "macro avg": {
      "precision": 0.17949838687004788,
      "recall": 0.09184870103867444,
      "f1-score": 0.10415976531957541,
      "support": 1000.0
    },
    "weighted avg": {
      "precision": 0.25544043281939455,
      "recall": 0.101,
      "f1-score": 0.12718524503891263,
      "support": 1000.0
    }
  },
  "accuracy": 0.101,
  "confusion_matrix": [
    [
      0,
      0,
      1,
      0,
      0,
      0,
      0,
      0,
      0,
      0,
      0,
      0,
      0,
      0,
      0,
      0,
      0,
      0,
      0,
      4
    ],
    [
      0,
      0,
      0,
      1,
      0,
      0,
      0,
      0,
      1,
      3,
      0,
      2,
      0,
      0,
      0,
      0,
      0,
      1,
      0,
      5
    ],
    [
      0,
      0,
      0,
      0,
      1,
      0,
      0,
      0,
      1,
      2,
      0,
      0,
      0,
      0,
      0,
      0,
      0,
      4,
      0,
      6
    ],
    [
      0,
      0,
      0,
      14,
      0,
      0,
      0,
      0,
      1,
      2,
      0,
      0,
      0,
      0,
      0,
      0,
      0,
      1,
      0,
      5
    ],
    [
      0,
      0,
      0,
      0,
      16,
      1,
      2,
      5,
      3,
      6,
      6,
      1,
      1,
      1,
      0,
      0,
      1,
      33,
      0,
      65
    ],
    [
      0,
      0,
      0,
      0,
      5,
      0,
      1,
      0,
      1,
      0,
      1,
      0,
      2,
      0,
      0,
      0,
      0,
      3,
      0,
      14
    ],
    [
      0,
      0,
      0,
      1,
      1,
      1,
      0,
      0,
      2,
      0,
      0,
      1,
      0,
      1,
      0,
      0,
      0,
      3,
      0,
      7
    ],
    [
      0,
      2,
      0,
      0,
      0,
      0,
      1,
      3,
      0,
      0,
      0,
      0,
      1,
      0,
      1,
      0,
      0,
      4,
      0,
      7
    ],
    [
      0,
      0,
      0,
      0,
      0,
      0,
      0,
      0,
      2,
      2,
      0,
      0,
      0,
      0,
      0,
      0,
      0,
      0,
      0,
      14
    ],
    [
      0,
      0,
      0,
      0,
      2,
      0,
      0,
      0,
      2,
      17,
      3,
      2,
      0,
      0,
      0,
      0,
      1,
      5,
      0,
      14
    ],
    [
      0,
      0,
      0,
      0,
      0,
      0,
      0,
      0,
      4,
      2,
      18,
      1,
      2,
      1,
      0,
      0,
      1,
      3,
      1,
      12
    ],
    [
      0,
      2,
      0,
      0,
      0,
      0,
      0,
      0,
      1,
      3,
      3,
      0,
      1,
      0,
      0,
      0,
      0,
      0,
      0,
      10
    ],
    [
      0,
      0,
      0,
      0,
      2,
      0,
      0,
      1,
      1,
      0,
      0,
      0,
      5,
      0,
      0,
      0,
      0,
      6,
      0,
      12
    ],
    [
      0,
      0,
      0,
      0,
      1,
      0,
      0,
      0,
      3,
      0,
      1,
      0,
      0,
      3,
      0,
      0,
      0,
      0,
      0,
      7
    ],
    [
      0,
      0,
      0,
      1,
      0,
      0,
      0,
      0,
      0,
      2,
      1,
      1,
      0,
      0,
      0,
      0,
      1,
      0,
      0,
      7
    ],
    [
      0,
      0,
      0,
      0,
      2,
      0,
      0,
      1,
      1,
      0,
      2,
      0,
      1,
      0,
      0,
      0,
      0,
      0,
      0,
      8
    ],
    [
      0,
      0,
      0,
      0,
      1,
      1,
      0,
      0,
      0,
      1,
      1,
      0,
      0,
      0,
      0,
      0,
      1,
      1,
      0,
      8
    ],
    [
      0,
      0,
      1,
      0,
      1,
      0,
      0,
      4,
      2,
      2,
      0,
      1,
      1,
      0,
      0,
      0,
      0,
      10,
      0,
      31
    ],
    [
      0,
      1,
      0,
      0,
      0,
      0,
      0,
      0,
      2,
      1,
      1,
      0,
      0,
      1,
      0,
      0,
      0,
      1,
      0,
      4
    ],
    [
      0,
      0,
      0,
      0,
      2,
      0,
      0,
      0,
      1,
      0,
      1,
      0,
      1,
      0,
      0,
      0,
      0,
      1,
      0,
      12
    ]
  ],
  "labels": [
    "\ud83d\ude1c",
    "\ud83d\udcf7",
    "\ud83d\ude09",
    "\ud83c\udf84",
    "\u2764",
    "\ud83d\udc95",
    "\ud83d\ude18",
    "\ud83d\udc99",
    "\ud83d\ude0e",
    "\ud83d\ude02",
    "\ud83d\udd25",
    "\ud83d\udcf8",
    "\u2728",
    "\u2600",
    "\ud83d\ude01",
    "\ud83c\uddfa\ud83c\uddf8",
    "\ud83d\udc9c",
    "\ud83d\ude0d",
    "\ud83d\udcaf",
    "\ud83d\ude0a"
  ]
}