{
  "classification_report": {
    "\ud83d\ude01": {
      "precision": 0.0,
      "recall": 0.0,
      "f1-score": 0.0,
      "support": 23.0
    },
    "\ud83d\ude0a": {
      "precision": 0.09166666666666666,
      "recall": 0.34375,
      "f1-score": 0.14473684210526316,
      "support": 32.0
    },
    "\ud83d\ude02": {
      "precision": 0.44,
      "recall": 0.12087912087912088,
      "f1-score": 0.1896551724137931,
      "support": 91.0
    },
    "\ud83c\udf84": {
      "precision": 0.9411764705882353,
      "recall": 0.5161290322580645,
      "f1-score": 0.6666666666666666,
      "support": 31.0
    },
    "\ud83c\uddfa\ud83c\uddf8": {
      "precision": 0.2727272727272727,
      "recall": 0.15384615384615385,
      "f1-score": 0.19672131147540983,
      "support": 39.0
    },
    "\ud83d\ude0d": {
      "precision": 0.19047619047619047,
      "recall": 0.12371134020618557,
      "f1-score": 0.15,
      "support": 97.0
    },
    "\ud83d\ude1c": {
      "precision": 0.0,
      "recall": 0.0,
      "f1-score": 0.0,
      "support": 20.0
    },
    "\ud83d\udd25": {
      "precision": 0.5454545454545454,
      "recall": 0.16216216216216217,
      "f1-score": 0.25,
      "support": 74.0
    },
    "\ud83d\ude09": {
      "precision": 0.0,
      "recall": 0.0,
      "f1-score": 0.0,
      "support": 26.0
    },
    "\ud83d\udcaf": {
      "precision": 0.0,
      "recall": 0.0,
      "f1-score": 0.0,
      "support": 25.0
    },
    "\ud83d\ude18": {
      "precision": 0.0,
      "recall": 0.0,
      "f1-score": 0.0,
      "support": 24.0
    },
    "\ud83d\udc99": {
      "precision": 0.0,
      "recall": 0.0,
      "f1-score": 0.0,
      "support": 31.0
    },
    "\u2728": {
      "precision": 0.30434782608695654,
      "recall": 0.12727272727272726,
      "f1-score": 0.1794871794871795,
      "support": 55.0
    },
    "\ud83d\ude0e": {
      "precision": 0.2,
      "recall": 0.025,
      "f1-score": 0.044444444444444446,
      "support": 40.0
    },
    "\ud83d\udc95": {
      "precision": 0.2,
      "recall": 0.019230769230769232,
      "f1-score": 0.03508771929824561,
      "support": 52.0
    },
    "\u2764": {
      "precision": 0.32558139534883723,
      "recall": 0.06481481481481481,
      "f1-score": 0.10810810810810811,
      "support": 216.0
    },
    "\u2600": {
      "precision": 0.0,
      "recall": 0.0,
      "f1-score": 0.0,
      "support": 25.0
    },
    "\ud83d\udcf7": {
      "precision": 0.1111111111111111,
      "recall": 0.034482758620689655,
      "f1-score": 0.05263157894736842,
      "support": 29.0
    },
    "\ud83d\udc9c": {
      "precision": 0.0,
      "recall": 0.0,
      "f1-score": 0.0,
      "support": 22.0
    },
    "\ud83d\udcf8": {
      "precision": 0.2727272727272727,
      "recall": 0.0625,
      "f1-score": 0.1016949152542373,
      "support": 48.0
    },
    "micro avg": {
      "precision": 0.25675675675675674,
      "recall": 0.095,
      "f1-score": 0.1386861313868613,
      "support": 1000.0
    },
    "macro avg": {
      "precision": 0.1947634375593544,
      "recall": 0.0876889439645344,
      "f1-score": 0.10596169691003583,
      "support": 1000.0
    },
    "weighted avg": {
      "precision": 0.26340383754102187,
      "recall": 0.095,
      "f1-score": 0.12651215457734108,
      "support": 1000.0
    }
  },
  "accuracy": 0.095,
  "confusion_matrix": [
    [
      0,
      4,
      2,
      0,
      1,
      1,
      0,
      0,
      0,
      0,
      0,
      0,
      0,
      0,
      0,
      0,
      0,
      1,
      0,
      0
    ],
    [
      0,
      11,
      0,
      0,
      2,
      1,
      0,
      0,
      0,
      0,
      0,
      0,
      0,
      1,
      0,
      1,
      0,
      0,
      0,
      0
    ],
    [
      1,
      3,
      11,
      0,
      3,
      3,
      0,
      0,
      0,
      0,
      0,
      0,
      1,
      1,
      0,
      2,
      0,
      1,
      0,
      2
    ],
    [
      0,
      5,
      0,
      16,
      0,
      3,
      0,
      1,
      0,
      0,
      0,
      0,
      0,
      0,
      0,
      1,
      0,
      0,
      0,
      0
    ],
    [
      0,
      3,
      0,
      0,
      6,
      0,
      0,
      1,
      0,
      0,
      0,
      0,
      1,
      0,
      0,
      1,
      0,
      2,
      0,
      0
    ],
    [
      0,
      10,
      1,
      0,
      3,
      12,
      0,
      1,
      0,
      0,
      1,
      0,
      2,
      0,
      0,
      2,
      0,
      0,
      0,
      2
    ],
    [
      0,
      2,
      0,
      0,
      0,
      1,
      0,
      0,
      0,
      0,
      0,
      1,
      0,
      0,
      0,
      1,
      0,
      0,
      0,
      0
    ],
    [
      0,
      1,
      1,
      0,
      1,
      2,
      0,
      12,
      0,
      0,
      0,
      0,
      3,
      0,
      0,
      0,
      0,
      0,
      0,
      2
    ],
    [
      0,
      2,
      0,
      0,
      0,
      3,
      0,
      1,
      0,
      0,
      0,
      0,
      0,
      0,
      0,
      1,
      0,
      0,
      0,
      0
    ],
    [
      0,
      3,
      1,
      0,
      1,
      0,
      0,
      0,
      0,
      0,
      0,
      0,
      0,
      0,
      0,
      0,
      0,
      0,
      0,
      0
    ],
    [
      0,
      6,
      0,
      0,
      0,
      2,
      0,
      0,
      0,
      0,
      0,
      0,
      1,
      0,
      0,
      1,
      0,
      0,
      0,
      1
    ],
    [
      0,
      7,
      1,
      0,
      2,
      2,
      0,
      1,
      0,
      0,
      0,
      0,
      1,
      0,
      0,
      4,
      0,
      0,
      0,
      0
    ],
    [
      0,
      12,
      0,
      1,
      0,
      4,
      0,
      2,
      1,
      0,
      0,
      0,
      7,
      1,
      1,
      3,
      0,
      0,
      0,
      0
    ],
    [
      0,
      8,
      1,
      0,
      1,
      3,
      0,
      1,
      0,
      0,
      0,
      0,
      1,
      1,
      0,
      2,
      0,
      1,
      0,
      0
    ],
    [
      0,
      10,
      1,
      0,
      0,
      6,
      0,
      0,
      0,
      0,
      0,
      0,
      1,
      0,
      1,
      5,
      0,
      0,
      0,
      1
    ],
    [
      0,
      23,
      1,
      0,
      1,
      16,
      0,
      1,
      1,
      0,
      0,
      0,
      2,
      1,
      3,
      14,
      0,
      1,
      0,
      0
    ],
    [
      0,
      3,
      1,
      0,
      1,
      0,
      0,
      0,
      0,
      0,
      0,
      0,
      0,
      0,
      0,
      0,
      0,
      0,
      0,
      0
    ],
    [
      0,
      2,
      1,
      0,
      0,
      0,
      0,
      0,
      0,
      0,
      0,
      0,
      0,
      0,
      0,
      1,
      0,
      1,
      0,
      0
    ],
    [
      0,
      3,
      0,
      0,
      0,
      2,
      0,
      1,
      0,
      0,
      0,
      0,
      2,
      0,
      0,
      2,
      0,
      0,
      0,
      0
    ],
    [
      0,
      2,
      3,
      0,
      0,
      2,
      0,
      0,
      0,
      0,
      0,
      0,
      1,
      0,
      0,
      2,
      0,
      2,
      0,
      3
    ]
  ],
  "labels": [
    "\ud83d\ude01",
    "\ud83d\ude0a",
    "\ud83d\ude02",
    "\ud83c\udf84",
    "\ud83c\uddfa\ud83c\uddf8",
    "\ud83d\ude0d",
    "\ud83d\ude1c",
    "\ud83d\udd25",
    "\ud83d\ude09",
    "\ud83d\udcaf",
    "\ud83d\ude18",
    "\ud83d\udc99",
    "\u2728",
    "\ud83d\ude0e",
    "\ud83d\udc95",
    "\u2764",
    "\u2600",
    "\ud83d\udcf7",
    "\ud83d\udc9c",
    "\ud83d\udcf8"
  ]
}