{
  "classification_report": {
    "\ud83d\ude0a": {
      "precision": 0.07096774193548387,
      "recall": 0.34375,
      "f1-score": 0.11764705882352941,
      "support": 32.0
    },
    "\ud83c\uddfa\ud83c\uddf8": {
      "precision": 0.6,
      "recall": 0.23076923076923078,
      "f1-score": 0.3333333333333333,
      "support": 39.0
    },
    "\ud83d\udd25": {
      "precision": 0.5106382978723404,
      "recall": 0.32432432432432434,
      "f1-score": 0.39669421487603307,
      "support": 74.0
    },
    "\ud83d\ude02": {
      "precision": 0.45,
      "recall": 0.1978021978021978,
      "f1-score": 0.2748091603053435,
      "support": 91.0
    },
    "\u2728": {
      "precision": 0.35294117647058826,
      "recall": 0.10909090909090909,
      "f1-score": 0.16666666666666666,
      "support": 55.0
    },
    "\u2764": {
      "precision": 0.4827586206896552,
      "recall": 0.4537037037037037,
      "f1-score": 0.4677804295942721,
      "support": 216.0
    },
    "\u2600": {
      "precision": 0.4074074074074074,
      "recall": 0.44,
      "f1-score": 0.4230769230769231,
      "support": 25.0
    },
    "\ud83d\ude18": {
      "precision": 0.08333333333333333,
      "recall": 0.125,
      "f1-score": 0.1,
      "support": 24.0
    },
    "\ud83c\udf84": {
      "precision": 0.7419354838709677,
      "recall": 0.7419354838709677,
      "f1-score": 0.7419354838709677,
      "support": 31.0
    },
    "\ud83d\udcf7": {
      "precision": 0.06666666666666667,
      "recall": 0.06896551724137931,
      "f1-score": 0.06779661016949153,
      "support": 29.0
    },
    "\ud83d\udcf8": {
      "precision": 0.2727272727272727,
      "recall": 0.0625,
      "f1-score": 0.1016949152542373,
      "support": 48.0
    },
    "\ud83d\udcaf": {
      "precision": 0.6666666666666666,
      "recall": 0.08,
      "f1-score": 0.14285714285714285,
      "support": 25.0
    },
    "\ud83d\udc99": {
      "precision": 0.058823529411764705,
      "recall": 0.0967741935483871,
      "f1-score": 0.07317073170731707,
      "support": 31.0
    },
    "\ud83d\ude0d": {
      "precision": 0.19117647058823528,
      "recall": 0.13402061855670103,
      "f1-score": 0.15757575757575756,
      "support": 97.0
    },
    "\ud83d\ude0e": {
      "precision": 0.25,
      "recall": 0.05,
      "f1-score": 0.08333333333333333,
      "support": 40.0
    },
    "\ud83d\ude1c": {
      "precision": 0.07462686567164178,
      "recall": 0.25,
      "f1-score": 0.11494252873563218,
      "support": 20.0
    },
    "\ud83d\ude09": {
      "precision": 0.25,
      "recall": 0.038461538461538464,
      "f1-score": 0.06666666666666667,
      "support": 26.0
    },
    "\ud83d\udc95": {
      "precision": 0.05263157894736842,
      "recall": 0.019230769230769232,
      "f1-score": 0.028169014084507043,
      "support": 52.0
    },
    "\ud83d\udc9c": {
      "precision": 0.0,
      "recall": 0.0,
      "f1-score": 0.0,
      "support": 22.0
    },
    "\ud83d\ude01": {
      "precision": 0.0,
      "recall": 0.0,
      "f1-score": 0.0,
      "support": 23.0
    },
    "micro avg": {
      "precision": 0.28211284513805523,
      "recall": 0.235,
      "f1-score": 0.2564102564102564,
      "support": 1000.0
    },
    "macro avg": {
      "precision": 0.2791650556129696,
      "recall": 0.18831642433000542,
      "f1-score": 0.19290749854655773,
      "support": 1000.0
    },
    "weighted avg": {
      "precision": 0.33606894931295034,
      "recall": 0.235,
      "f1-score": 0.25411420724701433,
      "support": 1000.0
    }
  },
  "accuracy": 0.235,
  "confusion_matrix": [
    [
      11,
      1,
      0,
      0,
      0,
      2,
      1,
      2,
      1,
      1,
      1,
      0,
      1,
      2,
      0,
      3,
      0,
      1,
      0,
      0
    ],
    [
      8,
      9,
      1,
      0,
      0,
      3,
      2,
      3,
      0,
      2,
      0,
      0,
      1,
      1,
      0,
      1,
      0,
      0,
      0,
      0
    ],
    [
      7,
      0,
      24,
      4,
      1,
      8,
      2,
      1,
      0,
      3,
      0,
      1,
      1,
      3,
      1,
      5,
      0,
      1,
      0,
      0
    ],
    [
      18,
      1,
      5,
      18,
      0,
      6,
      0,
      2,
      0,
      2,
      2,
      0,
      2,
      5,
      0,
      14,
      2,
      1,
      0,
      1
    ],
    [
      10,
      0,
      2,
      0,
      6,
      9,
      1,
      0,
      1,
      1,
      1,
      0,
      1,
      4,
      0,
      3,
      0,
      0,
      0,
      0
    ],
    [
      22,
      0,
      2,
      4,
      1,
      98,
      5,
      5,
      2,
      4,
      0,
      0,
      12,
      19,
      1,
      4,
      0,
      6,
      0,
      0
    ],
    [
      2,
      0,
      1,
      0,
      0,
      4,
      11,
      3,
      0,
      0,
      1,
      0,
      0,
      0,
      0,
      0,
      0,
      0,
      0,
      0
    ],
    [
      6,
      0,
      0,
      0,
      0,
      6,
      0,
      3,
      0,
      1,
      0,
      0,
      3,
      2,
      1,
      1,
      0,
      1,
      0,
      0
    ],
    [
      2,
      0,
      1,
      0,
      0,
      2,
      0,
      0,
      23,
      0,
      0,
      0,
      0,
      0,
      0,
      0,
      0,
      0,
      0,
      0
    ],
    [
      3,
      0,
      1,
      2,
      0,
      2,
      0,
      0,
      1,
      2,
      1,
      0,
      2,
      2,
      0,
      5,
      0,
      1,
      0,
      0
    ],
    [
      5,
      0,
      0,
      1,
      2,
      2,
      0,
      1,
      0,
      7,
      3,
      0,
      3,
      1,
      1,
      9,
      0,
      1,
      0,
      0
    ],
    [
      2,
      1,
      5,
      3,
      0,
      1,
      0,
      0,
      1,
      1,
      0,
      2,
      3,
      1,
      0,
      1,
      0,
      0,
      0,
      0
    ],
    [
      3,
      1,
      0,
      0,
      1,
      11,
      0,
      2,
      0,
      0,
      0,
      0,
      3,
      2,
      1,
      1,
      0,
      3,
      0,
      0
    ],
    [
      19,
      2,
      2,
      1,
      1,
      12,
      2,
      5,
      0,
      2,
      0,
      0,
      9,
      13,
      1,
      5,
      0,
      0,
      0,
      0
    ],
    [
      12,
      0,
      2,
      3,
      0,
      3,
      1,
      0,
      0,
      1,
      0,
      0,
      1,
      3,
      2,
      5,
      0,
      0,
      0,
      0
    ],
    [
      5,
      0,
      0,
      1,
      0,
      3,
      0,
      1,
      0,
      0,
      0,
      0,
      1,
      1,
      0,
      5,
      0,
      0,
      0,
      0
    ],
    [
      6,
      0,
      0,
      1,
      1,
      3,
      1,
      1,
      1,
      0,
      0,
      0,
      1,
      4,
      0,
      1,
      1,
      0,
      0,
      0
    ],
    [
      3,
      0,
      0,
      0,
      2,
      21,
      1,
      6,
      0,
      0,
      1,
      0,
      3,
      5,
      0,
      1,
      0,
      1,
      0,
      0
    ],
    [
      4,
      0,
      0,
      1,
      2,
      6,
      0,
      0,
      0,
      2,
      1,
      0,
      2,
      0,
      0,
      0,
      0,
      2,
      0,
      0
    ],
    [
      7,
      0,
      1,
      1,
      0,
      1,
      0,
      1,
      1,
      1,
      0,
      0,
      2,
      0,
      0,
      3,
      1,
      1,
      0,
      0
    ]
  ],
  "labels": [
    "\ud83d\ude0a",
    "\ud83c\uddfa\ud83c\uddf8",
    "\ud83d\udd25",
    "\ud83d\ude02",
    "\u2728",
    "\u2764",
    "\u2600",
    "\ud83d\ude18",
    "\ud83c\udf84",
    "\ud83d\udcf7",
    "\ud83d\udcf8",
    "\ud83d\udcaf",
    "\ud83d\udc99",
    "\ud83d\ude0d",
    "\ud83d\ude0e",
    "\ud83d\ude1c",
    "\ud83d\ude09",
    "\ud83d\udc95",
    "\ud83d\udc9c",
    "\ud83d\ude01"
  ]
}