{
  "classification_report": {
    "\u2728": {
      "precision": 0.07692307692307693,
      "recall": 0.03636363636363636,
      "f1-score": 0.04938271604938271,
      "support": 55.0
    },
    "\ud83d\udd25": {
      "precision": 0.44,
      "recall": 0.14864864864864866,
      "f1-score": 0.2222222222222222,
      "support": 74.0
    },
    "\ud83d\udcf8": {
      "precision": 0.18,
      "recall": 0.1875,
      "f1-score": 0.1836734693877551,
      "support": 48.0
    },
    "\ud83d\ude0e": {
      "precision": 0.0,
      "recall": 0.0,
      "f1-score": 0.0,
      "support": 40.0
    },
    "\ud83d\udcf7": {
      "precision": 0.0,
      "recall": 0.0,
      "f1-score": 0.0,
      "support": 29.0
    },
    "\u2600": {
      "precision": 0.14285714285714285,
      "recall": 0.08,
      "f1-score": 0.10256410256410256,
      "support": 25.0
    },
    "\ud83d\ude0a": {
      "precision": 0.04262295081967213,
      "recall": 0.40625,
      "f1-score": 0.0771513353115727,
      "support": 32.0
    },
    "\ud83d\udc99": {
      "precision": 0.09090909090909091,
      "recall": 0.03225806451612903,
      "f1-score": 0.047619047619047616,
      "support": 31.0
    },
    "\ud83d\udc9c": {
      "precision": 0.0,
      "recall": 0.0,
      "f1-score": 0.0,
      "support": 22.0
    },
    "\ud83d\ude02": {
      "precision": 0.29069767441860467,
      "recall": 0.27472527472527475,
      "f1-score": 0.2824858757062147,
      "support": 91.0
    },
    "\ud83d\ude09": {
      "precision": 0.0,
      "recall": 0.0,
      "f1-score": 0.0,
      "support": 26.0
    },
    "\ud83d\udcaf": {
      "precision": 0.0,
      "recall": 0.0,
      "f1-score": 0.0,
      "support": 25.0
    },
    "\u2764": {
      "precision": 0.0,
      "recall": 0.0,
      "f1-score": 0.0,
      "support": 216.0
    },
    "\ud83d\ude18": {
      "precision": 0.2,
      "recall": 0.041666666666666664,
      "f1-score": 0.06896551724137931,
      "support": 24.0
    },
    "\ud83c\uddfa\ud83c\uddf8": {
      "precision": 0.0,
      "recall": 0.0,
      "f1-score": 0.0,
      "support": 39.0
    },
    "\ud83d\ude1c": {
      "precision": 0.0,
      "recall": 0.0,
      "f1-score": 0.0,
      "support": 20.0
    },
    "\ud83d\udc95": {
      "precision": 0.08333333333333333,
      "recall": 0.038461538461538464,
      "f1-score": 0.05263157894736842,
      "support": 52.0
    },
    "\ud83c\udf84": {
      "precision": 0.3333333333333333,
      "recall": 0.03225806451612903,
      "f1-score": 0.058823529411764705,
      "support": 31.0
    },
    "\ud83d\ude01": {
      "precision": 0.0,
      "recall": 0.0,
      "f1-score": 0.0,
      "support": 23.0
    },
    "\ud83d\ude0d": {
      "precision": 0.2857142857142857,
      "recall": 0.020618556701030927,
      "f1-score": 0.038461538461538464,
      "support": 97.0
    },
    "micro avg": {
      "precision": 0.1183533447684391,
      "recall": 0.069,
      "f1-score": 0.08717624763108023,
      "support": 1000.0
    },
    "macro avg": {
      "precision": 0.10831954441542697,
      "recall": 0.06493752252995269,
      "f1-score": 0.05919904664611743,
      "support": 1000.0
    },
    "weighted avg": {
      "precision": 0.12681875479965452,
      "recall": 0.069,
      "f1-score": 0.07013848397889184,
      "support": 1000.0
    }
  },
  "accuracy": 0.069,
  "confusion_matrix": [
    [
      2,
      1,
      2,
      1,
      0,
      0,
      21,
      1,
      1,
      2,
      0,
      0,
      0,
      0,
      0,
      0,
      0,
      0,
      0,
      0
    ],
    [
      1,
      11,
      8,
      2,
      0,
      1,
      14,
      1,
      1,
      7,
      0,
      2,
      0,
      0,
      0,
      0,
      0,
      0,
      0,
      1
    ],
    [
      2,
      1,
      9,
      2,
      0,
      0,
      9,
      0,
      0,
      6,
      0,
      0,
      0,
      0,
      0,
      0,
      0,
      0,
      0,
      0
    ],
    [
      2,
      1,
      1,
      0,
      0,
      0,
      10,
      0,
      0,
      5,
      0,
      0,
      0,
      0,
      0,
      0,
      1,
      0,
      0,
      1
    ],
    [
      0,
      1,
      6,
      0,
      0,
      1,
      6,
      0,
      0,
      2,
      0,
      0,
      0,
      0,
      0,
      0,
      0,
      0,
      0,
      0
    ],
    [
      0,
      0,
      0,
      2,
      0,
      2,
      8,
      0,
      0,
      1,
      0,
      0,
      0,
      0,
      0,
      0,
      0,
      0,
      0,
      0
    ],
    [
      0,
      0,
      1,
      1,
      0,
      0,
      13,
      0,
      0,
      1,
      0,
      0,
      0,
      0,
      0,
      0,
      1,
      0,
      0,
      0
    ],
    [
      0,
      1,
      0,
      0,
      0,
      1,
      15,
      1,
      1,
      0,
      0,
      0,
      0,
      0,
      0,
      0,
      2,
      1,
      0,
      0
    ],
    [
      1,
      0,
      0,
      1,
      0,
      0,
      10,
      0,
      0,
      1,
      0,
      0,
      0,
      0,
      0,
      0,
      0,
      0,
      0,
      0
    ],
    [
      3,
      3,
      5,
      1,
      0,
      3,
      22,
      0,
      0,
      25,
      0,
      0,
      0,
      0,
      0,
      0,
      1,
      0,
      0,
      0
    ],
    [
      0,
      0,
      2,
      0,
      0,
      0,
      8,
      0,
      0,
      2,
      0,
      0,
      0,
      1,
      0,
      0,
      1,
      0,
      0,
      0
    ],
    [
      0,
      0,
      1,
      0,
      0,
      1,
      6,
      0,
      0,
      4,
      0,
      0,
      0,
      1,
      0,
      0,
      0,
      0,
      0,
      0
    ],
    [
      6,
      2,
      5,
      2,
      0,
      3,
      67,
      4,
      3,
      15,
      0,
      1,
      0,
      1,
      0,
      0,
      12,
      1,
      1,
      1
    ],
    [
      0,
      0,
      0,
      0,
      0,
      0,
      9,
      0,
      0,
      3,
      0,
      0,
      0,
      1,
      0,
      0,
      1,
      0,
      0,
      0
    ],
    [
      4,
      0,
      3,
      0,
      0,
      0,
      13,
      0,
      0,
      1,
      0,
      0,
      0,
      0,
      0,
      0,
      0,
      0,
      0,
      0
    ],
    [
      0,
      1,
      0,
      0,
      0,
      0,
      4,
      1,
      0,
      2,
      0,
      0,
      0,
      0,
      0,
      0,
      0,
      0,
      0,
      1
    ],
    [
      2,
      0,
      1,
      1,
      0,
      0,
      13,
      2,
      0,
      0,
      0,
      0,
      0,
      1,
      0,
      0,
      2,
      0,
      0,
      1
    ],
    [
      0,
      1,
      0,
      0,
      0,
      0,
      6,
      0,
      0,
      2,
      0,
      0,
      0,
      0,
      0,
      0,
      0,
      1,
      0,
      0
    ],
    [
      0,
      1,
      1,
      0,
      0,
      0,
      13,
      1,
      0,
      1,
      0,
      0,
      0,
      0,
      0,
      0,
      1,
      0,
      0,
      0
    ],
    [
      3,
      1,
      5,
      3,
      0,
      2,
      38,
      0,
      0,
      6,
      0,
      1,
      0,
      0,
      0,
      0,
      2,
      0,
      0,
      2
    ]
  ],
  "labels": [
    "\u2728",
    "\ud83d\udd25",
    "\ud83d\udcf8",
    "\ud83d\ude0e",
    "\ud83d\udcf7",
    "\u2600",
    "\ud83d\ude0a",
    "\ud83d\udc99",
    "\ud83d\udc9c",
    "\ud83d\ude02",
    "\ud83d\ude09",
    "\ud83d\udcaf",
    "\u2764",
    "\ud83d\ude18",
    "\ud83c\uddfa\ud83c\uddf8",
    "\ud83d\ude1c",
    "\ud83d\udc95",
    "\ud83c\udf84",
    "\ud83d\ude01",
    "\ud83d\ude0d"
  ]
}