{
  "classification_report": {
    "\u2600": {
      "precision": 0.0975609756097561,
      "recall": 0.16,
      "f1-score": 0.12121212121212122,
      "support": 25.0
    },
    "\ud83d\udd25": {
      "precision": 0.3870967741935484,
      "recall": 0.16216216216216217,
      "f1-score": 0.22857142857142856,
      "support": 74.0
    },
    "\ud83d\udcf7": {
      "precision": 0.06666666666666667,
      "recall": 0.034482758620689655,
      "f1-score": 0.045454545454545456,
      "support": 29.0
    },
    "\u2728": {
      "precision": 0.12121212121212122,
      "recall": 0.07272727272727272,
      "f1-score": 0.09090909090909091,
      "support": 55.0
    },
    "\ud83d\ude09": {
      "precision": 0.0,
      "recall": 0.0,
      "f1-score": 0.0,
      "support": 26.0
    },
    "\ud83d\udc9c": {
      "precision": 0.041666666666666664,
      "recall": 0.045454545454545456,
      "f1-score": 0.043478260869565216,
      "support": 22.0
    },
    "\ud83c\uddfa\ud83c\uddf8": {
      "precision": 0.0,
      "recall": 0.0,
      "f1-score": 0.0,
      "support": 39.0
    },
    "\ud83d\udc99": {
      "precision": 0.041666666666666664,
      "recall": 0.03225806451612903,
      "f1-score": 0.03636363636363636,
      "support": 31.0
    },
    "\ud83d\ude1c": {
      "precision": 0.2727272727272727,
      "recall": 0.15,
      "f1-score": 0.1935483870967742,
      "support": 20.0
    },
    "\ud83d\udc95": {
      "precision": 0.10638297872340426,
      "recall": 0.09615384615384616,
      "f1-score": 0.10101010101010101,
      "support": 52.0
    },
    "\ud83d\ude01": {
      "precision": 0.1111111111111111,
      "recall": 0.043478260869565216,
      "f1-score": 0.0625,
      "support": 23.0
    },
    "\ud83d\udcf8": {
      "precision": 0.08888888888888889,
      "recall": 0.08333333333333333,
      "f1-score": 0.08602150537634409,
      "support": 48.0
    },
    "\u2764": {
      "precision": 0.26877470355731226,
      "recall": 0.3148148148148148,
      "f1-score": 0.2899786780383795,
      "support": 216.0
    },
    "\ud83d\ude0a": {
      "precision": 0.033707865168539325,
      "recall": 0.09375,
      "f1-score": 0.049586776859504134,
      "support": 32.0
    },
    "\ud83d\ude02": {
      "precision": 0.29292929292929293,
      "recall": 0.31868131868131866,
      "f1-score": 0.30526315789473685,
      "support": 91.0
    },
    "\ud83d\ude0e": {
      "precision": 0.0425531914893617,
      "recall": 0.05,
      "f1-score": 0.04597701149425287,
      "support": 40.0
    },
    "\ud83d\udcaf": {
      "precision": 0.2857142857142857,
      "recall": 0.08,
      "f1-score": 0.125,
      "support": 25.0
    },
    "\ud83d\ude18": {
      "precision": 0.058823529411764705,
      "recall": 0.08333333333333333,
      "f1-score": 0.06896551724137931,
      "support": 24.0
    },
    "\ud83c\udf84": {
      "precision": 0.4,
      "recall": 0.3225806451612903,
      "f1-score": 0.35714285714285715,
      "support": 31.0
    },
    "\ud83d\ude0d": {
      "precision": 0.12371134020618557,
      "recall": 0.12371134020618557,
      "f1-score": 0.12371134020618557,
      "support": 97.0
    },
    "micro avg": {
      "precision": 0.1759656652360515,
      "recall": 0.164,
      "f1-score": 0.16977225672877846,
      "support": 1000.0
    },
    "macro avg": {
      "precision": 0.14205971654714222,
      "recall": 0.11334608480172433,
      "f1-score": 0.11873472078704513,
      "support": 1000.0
    },
    "weighted avg": {
      "precision": 0.1801485044029368,
      "recall": 0.164,
      "f1-score": 0.16472839041090595,
      "support": 1000.0
    }
  },
  "accuracy": 0.164,
  "confusion_matrix": [
    [
      4,
      0,
      0,
      2,
      0,
      0,
      0,
      0,
      0,
      0,
      1,
      0,
      10,
      1,
      2,
      2,
      0,
      1,
      0,
      0
    ],
    [
      4,
      12,
      1,
      0,
      1,
      2,
      0,
      1,
      1,
      2,
      0,
      4,
      15,
      3,
      5,
      6,
      1,
      2,
      1,
      7
    ],
    [
      1,
      1,
      1,
      2,
      0,
      0,
      0,
      0,
      0,
      0,
      0,
      2,
      5,
      5,
      4,
      1,
      0,
      0,
      1,
      3
    ],
    [
      5,
      2,
      0,
      4,
      0,
      3,
      0,
      2,
      0,
      1,
      0,
      1,
      16,
      6,
      4,
      1,
      1,
      1,
      2,
      5
    ],
    [
      2,
      0,
      0,
      0,
      0,
      1,
      0,
      0,
      0,
      1,
      2,
      0,
      8,
      1,
      2,
      0,
      1,
      2,
      0,
      4
    ],
    [
      1,
      0,
      0,
      2,
      0,
      1,
      0,
      1,
      0,
      3,
      0,
      1,
      7,
      2,
      0,
      2,
      0,
      0,
      0,
      1
    ],
    [
      3,
      0,
      1,
      2,
      0,
      0,
      0,
      0,
      0,
      0,
      0,
      0,
      19,
      3,
      0,
      1,
      0,
      1,
      0,
      2
    ],
    [
      2,
      0,
      2,
      1,
      0,
      2,
      0,
      1,
      0,
      1,
      1,
      2,
      10,
      2,
      1,
      1,
      0,
      1,
      0,
      2
    ],
    [
      2,
      2,
      0,
      0,
      0,
      1,
      0,
      1,
      3,
      1,
      0,
      1,
      3,
      2,
      1,
      0,
      0,
      0,
      0,
      1
    ],
    [
      0,
      2,
      1,
      3,
      0,
      2,
      0,
      2,
      0,
      5,
      0,
      0,
      14,
      5,
      4,
      3,
      0,
      3,
      1,
      5
    ],
    [
      0,
      0,
      0,
      1,
      0,
      0,
      0,
      0,
      1,
      1,
      1,
      2,
      6,
      3,
      2,
      2,
      0,
      1,
      0,
      1
    ],
    [
      1,
      3,
      4,
      1,
      0,
      1,
      0,
      0,
      1,
      2,
      0,
      4,
      6,
      6,
      5,
      6,
      0,
      3,
      0,
      3
    ],
    [
      4,
      4,
      0,
      9,
      0,
      6,
      0,
      6,
      1,
      17,
      0,
      12,
      68,
      15,
      14,
      8,
      1,
      7,
      5,
      28
    ],
    [
      1,
      0,
      0,
      0,
      0,
      0,
      0,
      0,
      1,
      1,
      0,
      1,
      11,
      3,
      5,
      4,
      0,
      1,
      0,
      3
    ],
    [
      2,
      2,
      2,
      1,
      0,
      2,
      0,
      2,
      1,
      1,
      1,
      5,
      10,
      11,
      29,
      4,
      0,
      3,
      0,
      10
    ],
    [
      2,
      0,
      1,
      0,
      0,
      0,
      0,
      0,
      1,
      0,
      0,
      3,
      11,
      5,
      3,
      2,
      0,
      0,
      2,
      3
    ],
    [
      1,
      0,
      0,
      2,
      0,
      0,
      0,
      1,
      0,
      0,
      0,
      1,
      3,
      1,
      5,
      0,
      2,
      0,
      1,
      3
    ],
    [
      2,
      1,
      0,
      0,
      0,
      0,
      0,
      0,
      0,
      3,
      0,
      0,
      7,
      2,
      2,
      0,
      0,
      2,
      1,
      3
    ],
    [
      0,
      0,
      0,
      0,
      0,
      1,
      0,
      0,
      0,
      2,
      1,
      1,
      8,
      1,
      2,
      1,
      0,
      1,
      10,
      1
    ],
    [
      4,
      2,
      2,
      3,
      0,
      2,
      0,
      7,
      1,
      6,
      2,
      5,
      16,
      12,
      9,
      3,
      1,
      5,
      1,
      12
    ]
  ],
  "labels": [
    "\u2600",
    "\ud83d\udd25",
    "\ud83d\udcf7",
    "\u2728",
    "\ud83d\ude09",
    "\ud83d\udc9c",
    "\ud83c\uddfa\ud83c\uddf8",
    "\ud83d\udc99",
    "\ud83d\ude1c",
    "\ud83d\udc95",
    "\ud83d\ude01",
    "\ud83d\udcf8",
    "\u2764",
    "\ud83d\ude0a",
    "\ud83d\ude02",
    "\ud83d\ude0e",
    "\ud83d\udcaf",
    "\ud83d\ude18",
    "\ud83c\udf84",
    "\ud83d\ude0d"
  ]
}