{
  "classification_report": {
    "\ud83d\udcf8": {
      "precision": 0.2857142857142857,
      "recall": 0.125,
      "f1-score": 0.17391304347826086,
      "support": 48.0
    },
    "\ud83d\ude01": {
      "precision": 0.25,
      "recall": 0.043478260869565216,
      "f1-score": 0.07407407407407407,
      "support": 23.0
    },
    "\ud83d\ude18": {
      "precision": 0.0,
      "recall": 0.0,
      "f1-score": 0.0,
      "support": 24.0
    },
    "\ud83d\udc99": {
      "precision": 0.11428571428571428,
      "recall": 0.12903225806451613,
      "f1-score": 0.12121212121212122,
      "support": 31.0
    },
    "\ud83d\ude0e": {
      "precision": 0.12195121951219512,
      "recall": 0.125,
      "f1-score": 0.12345679012345678,
      "support": 40.0
    },
    "\ud83d\ude1c": {
      "precision": 0.2,
      "recall": 0.1,
      "f1-score": 0.13333333333333333,
      "support": 20.0
    },
    "\u2600": {
      "precision": 0.3090909090909091,
      "recall": 0.68,
      "f1-score": 0.425,
      "support": 25.0
    },
    "\ud83d\udd25": {
      "precision": 0.3384615384615385,
      "recall": 0.2972972972972973,
      "f1-score": 0.31654676258992803,
      "support": 74.0
    },
    "\u2764": {
      "precision": 0.5604395604395604,
      "recall": 0.2361111111111111,
      "f1-score": 0.3322475570032573,
      "support": 216.0
    },
    "\ud83d\ude02": {
      "precision": 0.3333333333333333,
      "recall": 0.12087912087912088,
      "f1-score": 0.1774193548387097,
      "support": 91.0
    },
    "\ud83c\uddfa\ud83c\uddf8": {
      "precision": 0.0,
      "recall": 0.0,
      "f1-score": 0.0,
      "support": 39.0
    },
    "\ud83d\udcaf": {
      "precision": 0.058823529411764705,
      "recall": 0.12,
      "f1-score": 0.07894736842105263,
      "support": 25.0
    },
    "\ud83d\udc95": {
      "precision": 0.11627906976744186,
      "recall": 0.09615384615384616,
      "f1-score": 0.10526315789473684,
      "support": 52.0
    },
    "\ud83d\udc9c": {
      "precision": 0.0,
      "recall": 0.0,
      "f1-score": 0.0,
      "support": 22.0
    },
    "\u2728": {
      "precision": 0.26666666666666666,
      "recall": 0.14545454545454545,
      "f1-score": 0.18823529411764706,
      "support": 55.0
    },
    "\ud83c\udf84": {
      "precision": 0.4166666666666667,
      "recall": 0.6451612903225806,
      "f1-score": 0.5063291139240507,
      "support": 31.0
    },
    "\ud83d\ude0a": {
      "precision": 0.05555555555555555,
      "recall": 0.1875,
      "f1-score": 0.08571428571428572,
      "support": 32.0
    },
    "\ud83d\udcf7": {
      "precision": 0.2,
      "recall": 0.10344827586206896,
      "f1-score": 0.13636363636363635,
      "support": 29.0
    },
    "\ud83d\ude0d": {
      "precision": 0.2191780821917808,
      "recall": 0.16494845360824742,
      "f1-score": 0.18823529411764706,
      "support": 97.0
    },
    "\ud83d\ude09": {
      "precision": 0.0,
      "recall": 0.0,
      "f1-score": 0.0,
      "support": 26.0
    },
    "micro avg": {
      "precision": 0.2179176755447942,
      "recall": 0.18,
      "f1-score": 0.19715224534501644,
      "support": 1000.0
    },
    "macro avg": {
      "precision": 0.19232230655487062,
      "recall": 0.16597322298114495,
      "f1-score": 0.15831455936030986,
      "support": 1000.0
    },
    "weighted avg": {
      "precision": 0.2799853815462506,
      "recall": 0.18,
      "f1-score": 0.2018268761105049,
      "support": 1000.0
    }
  },
  "accuracy": 0.18,
  "confusion_matrix": [
    [
      6,
      1,
      1,
      0,
      1,
      2,
      4,
      5,
      1,
      2,
      0,
      4,
      1,
      1,
      5,
      0,
      3,
      5,
      1,
      0
    ],
    [
      1,
      1,
      0,
      1,
      1,
      0,
      1,
      2,
      1,
      1,
      0,
      0,
      0,
      0,
      0,
      2,
      4,
      0,
      2,
      1
    ],
    [
      0,
      0,
      0,
      1,
      2,
      0,
      0,
      1,
      0,
      0,
      0,
      2,
      2,
      5,
      0,
      1,
      4,
      1,
      1,
      0
    ],
    [
      0,
      1,
      1,
      4,
      0,
      0,
      0,
      0,
      4,
      1,
      0,
      0,
      4,
      2,
      0,
      1,
      6,
      0,
      3,
      0
    ],
    [
      1,
      0,
      0,
      0,
      5,
      0,
      0,
      4,
      0,
      1,
      0,
      3,
      1,
      2,
      1,
      2,
      9,
      0,
      1,
      1
    ],
    [
      0,
      0,
      1,
      1,
      2,
      2,
      0,
      0,
      2,
      2,
      0,
      0,
      0,
      1,
      1,
      0,
      4,
      0,
      1,
      0
    ],
    [
      0,
      0,
      0,
      0,
      0,
      0,
      17,
      1,
      2,
      0,
      0,
      0,
      0,
      1,
      0,
      1,
      1,
      0,
      0,
      0
    ],
    [
      3,
      0,
      2,
      7,
      1,
      0,
      0,
      22,
      3,
      1,
      0,
      9,
      0,
      4,
      0,
      0,
      5,
      2,
      1,
      0
    ],
    [
      2,
      0,
      2,
      8,
      6,
      2,
      24,
      6,
      51,
      6,
      0,
      4,
      14,
      32,
      3,
      2,
      20,
      1,
      19,
      3
    ],
    [
      1,
      1,
      1,
      0,
      7,
      2,
      2,
      5,
      0,
      11,
      0,
      5,
      3,
      5,
      1,
      4,
      9,
      2,
      3,
      3
    ],
    [
      0,
      0,
      0,
      0,
      0,
      0,
      1,
      3,
      1,
      0,
      0,
      3,
      0,
      1,
      3,
      0,
      1,
      1,
      1,
      0
    ],
    [
      0,
      0,
      0,
      1,
      0,
      0,
      1,
      2,
      1,
      2,
      0,
      3,
      3,
      2,
      0,
      1,
      2,
      0,
      1,
      1
    ],
    [
      0,
      0,
      3,
      2,
      2,
      1,
      0,
      0,
      8,
      0,
      0,
      5,
      5,
      4,
      0,
      3,
      4,
      0,
      8,
      1
    ],
    [
      0,
      0,
      0,
      1,
      0,
      0,
      0,
      1,
      3,
      1,
      0,
      0,
      1,
      0,
      2,
      1,
      4,
      0,
      1,
      0
    ],
    [
      0,
      0,
      0,
      2,
      3,
      0,
      0,
      2,
      3,
      1,
      0,
      3,
      3,
      4,
      8,
      4,
      8,
      0,
      3,
      0
    ],
    [
      0,
      0,
      0,
      0,
      0,
      0,
      0,
      2,
      4,
      0,
      0,
      1,
      0,
      0,
      1,
      20,
      1,
      0,
      0,
      0
    ],
    [
      1,
      0,
      1,
      2,
      3,
      0,
      1,
      1,
      1,
      0,
      0,
      2,
      1,
      2,
      0,
      1,
      6,
      0,
      4,
      0
    ],
    [
      2,
      0,
      0,
      0,
      3,
      1,
      0,
      0,
      2,
      1,
      0,
      1,
      0,
      2,
      2,
      3,
      1,
      3,
      1,
      0
    ],
    [
      3,
      0,
      3,
      5,
      4,
      0,
      4,
      6,
      4,
      2,
      0,
      4,
      4,
      7,
      3,
      1,
      13,
      0,
      16,
      2
    ],
    [
      1,
      0,
      0,
      0,
      1,
      0,
      0,
      2,
      0,
      1,
      0,
      2,
      1,
      1,
      0,
      1,
      3,
      0,
      6,
      0
    ]
  ],
  "labels": [
    "\ud83d\udcf8",
    "\ud83d\ude01",
    "\ud83d\ude18",
    "\ud83d\udc99",
    "\ud83d\ude0e",
    "\ud83d\ude1c",
    "\u2600",
    "\ud83d\udd25",
    "\u2764",
    "\ud83d\ude02",
    "\ud83c\uddfa\ud83c\uddf8",
    "\ud83d\udcaf",
    "\ud83d\udc95",
    "\ud83d\udc9c",
    "\u2728",
    "\ud83c\udf84",
    "\ud83d\ude0a",
    "\ud83d\udcf7",
    "\ud83d\ude0d",
    "\ud83d\ude09"
  ]
}