{
  "classification_report": {
    "\ud83d\ude18": {
      "precision": 0.2222222222222222,
      "recall": 0.08333333333333333,
      "f1-score": 0.12121212121212122,
      "support": 24.0
    },
    "\u2764": {
      "precision": 0.3235294117647059,
      "recall": 0.05092592592592592,
      "f1-score": 0.088,
      "support": 216.0
    },
    "\ud83d\udcf8": {
      "precision": 0.17647058823529413,
      "recall": 0.1875,
      "f1-score": 0.18181818181818182,
      "support": 48.0
    },
    "\ud83d\udcf7": {
      "precision": 0.0,
      "recall": 0.0,
      "f1-score": 0.0,
      "support": 29.0
    },
    "\ud83c\uddfa\ud83c\uddf8": {
      "precision": 0.0,
      "recall": 0.0,
      "f1-score": 0.0,
      "support": 39.0
    },
    "\ud83d\udc99": {
      "precision": 0.1,
      "recall": 0.03225806451612903,
      "f1-score": 0.04878048780487805,
      "support": 31.0
    },
    "\ud83d\ude09": {
      "precision": 0.0,
      "recall": 0.0,
      "f1-score": 0.0,
      "support": 26.0
    },
    "\ud83d\udcaf": {
      "precision": 0.0,
      "recall": 0.0,
      "f1-score": 0.0,
      "support": 25.0
    },
    "\ud83d\udc9c": {
      "precision": 0.0,
      "recall": 0.0,
      "f1-score": 0.0,
      "support": 22.0
    },
    "\ud83d\ude02": {
      "precision": 0.29896907216494845,
      "recall": 0.31868131868131866,
      "f1-score": 0.30851063829787234,
      "support": 91.0
    },
    "\ud83d\udc95": {
      "precision": 0.11764705882352941,
      "recall": 0.038461538461538464,
      "f1-score": 0.057971014492753624,
      "support": 52.0
    },
    "\ud83d\ude0e": {
      "precision": 0.0,
      "recall": 0.0,
      "f1-score": 0.0,
      "support": 40.0
    },
    "\u2728": {
      "precision": 0.19047619047619047,
      "recall": 0.14545454545454545,
      "f1-score": 0.16494845360824742,
      "support": 55.0
    },
    "\ud83c\udf84": {
      "precision": 0.5,
      "recall": 0.2903225806451613,
      "f1-score": 0.3673469387755102,
      "support": 31.0
    },
    "\ud83d\ude0d": {
      "precision": 0.4166666666666667,
      "recall": 0.05154639175257732,
      "f1-score": 0.09174311926605505,
      "support": 97.0
    },
    "\ud83d\ude01": {
      "precision": 0.0,
      "recall": 0.0,
      "f1-score": 0.0,
      "support": 23.0
    },
    "\u2600": {
      "precision": 0.28,
      "recall": 0.28,
      "f1-score": 0.28,
      "support": 25.0
    },
    "\ud83d\ude0a": {
      "precision": 0.03793103448275862,
      "recall": 0.34375,
      "f1-score": 0.06832298136645963,
      "support": 32.0
    },
    "\ud83d\ude1c": {
      "precision": 0.0,
      "recall": 0.0,
      "f1-score": 0.0,
      "support": 20.0
    },
    "\ud83d\udd25": {
      "precision": 0.3548387096774194,
      "recall": 0.14864864864864866,
      "f1-score": 0.20952380952380953,
      "support": 74.0
    },
    "micro avg": {
      "precision": 0.15813253012048192,
      "recall": 0.105,
      "f1-score": 0.12620192307692307,
      "support": 1000.0
    },
    "macro avg": {
      "precision": 0.15093754772568677,
      "recall": 0.0985441173709589,
      "f1-score": 0.09940888730829443,
      "support": 1000.0
    },
    "weighted avg": {
      "precision": 0.22097482189807222,
      "recall": 0.105,
      "f1-score": 0.1172956195248348,
      "support": 1000.0
    }
  },
  "accuracy": 0.105,
  "confusion_matrix": [
    [
      2,
      0,
      1,
      0,
      0,
      0,
      0,
      0,
      0,
      3,
      0,
      0,
      0,
      0,
      0,
      0,
      0,
      9,
      0,
      0
    ],
    [
      1,
      11,
      3,
      0,
      0,
      5,
      0,
      0,
      2,
      18,
      8,
      3,
      8,
      3,
      1,
      1,
      2,
      69,
      0,
      1
    ],
    [
      1,
      0,
      9,
      0,
      0,
      0,
      0,
      0,
      1,
      7,
      0,
      1,
      1,
      0,
      1,
      0,
      1,
      11,
      0,
      0
    ],
    [
      0,
      2,
      6,
      0,
      0,
      0,
      0,
      2,
      0,
      3,
      0,
      1,
      0,
      1,
      0,
      0,
      0,
      5,
      0,
      1
    ],
    [
      0,
      2,
      4,
      0,
      0,
      0,
      0,
      0,
      0,
      2,
      0,
      1,
      1,
      0,
      0,
      1,
      0,
      12,
      1,
      0
    ],
    [
      0,
      2,
      0,
      0,
      0,
      1,
      0,
      0,
      0,
      1,
      1,
      1,
      1,
      0,
      0,
      0,
      1,
      13,
      0,
      1
    ],
    [
      1,
      1,
      2,
      0,
      0,
      0,
      0,
      0,
      0,
      2,
      0,
      0,
      1,
      0,
      1,
      0,
      0,
      7,
      0,
      1
    ],
    [
      0,
      0,
      0,
      0,
      0,
      0,
      0,
      0,
      0,
      4,
      1,
      0,
      1,
      1,
      2,
      0,
      1,
      2,
      0,
      1
    ],
    [
      0,
      0,
      2,
      0,
      0,
      0,
      0,
      0,
      0,
      1,
      0,
      0,
      1,
      0,
      0,
      0,
      0,
      13,
      0,
      0
    ],
    [
      1,
      3,
      4,
      0,
      0,
      0,
      0,
      0,
      1,
      29,
      0,
      0,
      1,
      1,
      1,
      0,
      3,
      21,
      0,
      5
    ],
    [
      0,
      1,
      4,
      0,
      0,
      0,
      0,
      0,
      0,
      1,
      2,
      1,
      5,
      1,
      1,
      0,
      3,
      15,
      0,
      0
    ],
    [
      0,
      1,
      1,
      0,
      0,
      0,
      0,
      0,
      0,
      2,
      0,
      0,
      4,
      0,
      0,
      0,
      2,
      14,
      0,
      3
    ],
    [
      1,
      2,
      1,
      0,
      0,
      0,
      0,
      0,
      1,
      1,
      1,
      2,
      8,
      1,
      0,
      0,
      2,
      17,
      0,
      0
    ],
    [
      0,
      1,
      0,
      0,
      0,
      0,
      0,
      0,
      0,
      0,
      0,
      0,
      0,
      9,
      0,
      0,
      0,
      3,
      0,
      1
    ],
    [
      1,
      3,
      4,
      0,
      0,
      2,
      0,
      1,
      0,
      8,
      0,
      2,
      2,
      0,
      5,
      0,
      2,
      31,
      0,
      2
    ],
    [
      0,
      1,
      0,
      0,
      0,
      1,
      0,
      0,
      0,
      5,
      1,
      0,
      0,
      0,
      0,
      0,
      0,
      9,
      0,
      0
    ],
    [
      0,
      0,
      1,
      0,
      0,
      1,
      0,
      0,
      0,
      0,
      0,
      0,
      1,
      0,
      0,
      0,
      7,
      7,
      0,
      0
    ],
    [
      0,
      1,
      2,
      0,
      0,
      0,
      0,
      0,
      0,
      0,
      1,
      1,
      1,
      0,
      0,
      0,
      1,
      11,
      0,
      1
    ],
    [
      0,
      1,
      0,
      0,
      0,
      0,
      0,
      0,
      0,
      3,
      0,
      0,
      2,
      0,
      0,
      0,
      0,
      4,
      0,
      3
    ],
    [
      1,
      2,
      7,
      0,
      0,
      0,
      0,
      0,
      0,
      7,
      2,
      4,
      4,
      1,
      0,
      0,
      0,
      17,
      0,
      11
    ]
  ],
  "labels": [
    "\ud83d\ude18",
    "\u2764",
    "\ud83d\udcf8",
    "\ud83d\udcf7",
    "\ud83c\uddfa\ud83c\uddf8",
    "\ud83d\udc99",
    "\ud83d\ude09",
    "\ud83d\udcaf",
    "\ud83d\udc9c",
    "\ud83d\ude02",
    "\ud83d\udc95",
    "\ud83d\ude0e",
    "\u2728",
    "\ud83c\udf84",
    "\ud83d\ude0d",
    "\ud83d\ude01",
    "\u2600",
    "\ud83d\ude0a",
    "\ud83d\ude1c",
    "\ud83d\udd25"
  ]
}