{
  "classification_report": {
    "\ud83c\udf84": {
      "precision": 0.6666666666666666,
      "recall": 0.3225806451612903,
      "f1-score": 0.43478260869565216,
      "support": 31.0
    },
    "\ud83d\ude01": {
      "precision": 0.058823529411764705,
      "recall": 0.043478260869565216,
      "f1-score": 0.05,
      "support": 23.0
    },
    "\u2728": {
      "precision": 0.15384615384615385,
      "recall": 0.07272727272727272,
      "f1-score": 0.09876543209876543,
      "support": 55.0
    },
    "\ud83d\ude02": {
      "precision": 0.3007518796992481,
      "recall": 0.43956043956043955,
      "f1-score": 0.35714285714285715,
      "support": 91.0
    },
    "\ud83d\udc99": {
      "precision": 0.058823529411764705,
      "recall": 0.03225806451612903,
      "f1-score": 0.041666666666666664,
      "support": 31.0
    },
    "\ud83d\ude0d": {
      "precision": 0.11764705882352941,
      "recall": 0.041237113402061855,
      "f1-score": 0.061068702290076333,
      "support": 97.0
    },
    "\ud83d\ude0a": {
      "precision": 0.049429657794676805,
      "recall": 0.40625,
      "f1-score": 0.08813559322033898,
      "support": 32.0
    },
    "\ud83d\ude18": {
      "precision": 0.15789473684210525,
      "recall": 0.125,
      "f1-score": 0.13953488372093023,
      "support": 24.0
    },
    "\ud83d\udd25": {
      "precision": 0.38461538461538464,
      "recall": 0.2702702702702703,
      "f1-score": 0.31746031746031744,
      "support": 74.0
    },
    "\ud83d\ude09": {
      "precision": 0.0,
      "recall": 0.0,
      "f1-score": 0.0,
      "support": 26.0
    },
    "\ud83d\udcf7": {
      "precision": 0.0,
      "recall": 0.0,
      "f1-score": 0.0,
      "support": 29.0
    },
    "\ud83d\udc95": {
      "precision": 0.03571428571428571,
      "recall": 0.019230769230769232,
      "f1-score": 0.025,
      "support": 52.0
    },
    "\ud83c\uddfa\ud83c\uddf8": {
      "precision": 0.0,
      "recall": 0.0,
      "f1-score": 0.0,
      "support": 39.0
    },
    "\ud83d\udcaf": {
      "precision": 0.3333333333333333,
      "recall": 0.04,
      "f1-score": 0.07142857142857142,
      "support": 25.0
    },
    "\u2764": {
      "precision": 0.36046511627906974,
      "recall": 0.14351851851851852,
      "f1-score": 0.2052980132450331,
      "support": 216.0
    },
    "\ud83d\udc9c": {
      "precision": 0.05263157894736842,
      "recall": 0.045454545454545456,
      "f1-score": 0.04878048780487805,
      "support": 22.0
    },
    "\ud83d\udcf8": {
      "precision": 0.2631578947368421,
      "recall": 0.20833333333333334,
      "f1-score": 0.23255813953488372,
      "support": 48.0
    },
    "\ud83d\ude0e": {
      "precision": 0.03571428571428571,
      "recall": 0.025,
      "f1-score": 0.029411764705882353,
      "support": 40.0
    },
    "\ud83d\ude1c": {
      "precision": 0.125,
      "recall": 0.05,
      "f1-score": 0.07142857142857142,
      "support": 20.0
    },
    "\u2600": {
      "precision": 0.21212121212121213,
      "recall": 0.28,
      "f1-score": 0.2413793103448276,
      "support": 25.0
    },
    "micro avg": {
      "precision": 0.1814859926918392,
      "recall": 0.149,
      "f1-score": 0.16364634816035145,
      "support": 1000.0
    },
    "macro avg": {
      "precision": 0.16833181519788457,
      "recall": 0.12824496165220975,
      "f1-score": 0.1256920959894126,
      "support": 1000.0
    },
    "weighted avg": {
      "precision": 0.2159896393927005,
      "recall": 0.149,
      "f1-score": 0.15774250145966864,
      "support": 1000.0
    }
  },
  "accuracy": 0.149,
  "confusion_matrix": [
    [
      10,
      1,
      0,
      3,
      0,
      1,
      5,
      0,
      1,
      0,
      0,
      0,
      0,
      0,
      4,
      0,
      0,
      0,
      0,
      0
    ],
    [
      0,
      1,
      2,
      4,
      1,
      0,
      12,
      1,
      1,
      0,
      0,
      0,
      0,
      0,
      0,
      0,
      1,
      0,
      0,
      0
    ],
    [
      0,
      4,
      4,
      0,
      0,
      4,
      15,
      1,
      2,
      0,
      0,
      2,
      0,
      0,
      6,
      0,
      3,
      3,
      0,
      2
    ],
    [
      0,
      0,
      2,
      40,
      0,
      1,
      17,
      0,
      7,
      0,
      0,
      1,
      0,
      0,
      3,
      1,
      2,
      2,
      2,
      3
    ],
    [
      1,
      1,
      0,
      2,
      1,
      2,
      9,
      2,
      1,
      0,
      0,
      2,
      0,
      0,
      1,
      2,
      0,
      0,
      1,
      0
    ],
    [
      0,
      1,
      4,
      10,
      1,
      4,
      35,
      2,
      2,
      0,
      1,
      2,
      0,
      1,
      10,
      2,
      2,
      6,
      0,
      2
    ],
    [
      0,
      1,
      0,
      1,
      0,
      0,
      13,
      0,
      0,
      0,
      0,
      1,
      0,
      0,
      2,
      0,
      0,
      1,
      1,
      2
    ],
    [
      1,
      0,
      0,
      3,
      0,
      0,
      9,
      3,
      0,
      0,
      0,
      1,
      0,
      0,
      3,
      0,
      0,
      1,
      0,
      0
    ],
    [
      0,
      2,
      2,
      12,
      0,
      2,
      10,
      1,
      20,
      0,
      0,
      1,
      0,
      1,
      2,
      3,
      5,
      1,
      1,
      0
    ],
    [
      0,
      0,
      0,
      3,
      0,
      1,
      12,
      2,
      1,
      0,
      0,
      1,
      0,
      0,
      1,
      1,
      2,
      0,
      0,
      0
    ],
    [
      0,
      0,
      0,
      4,
      0,
      1,
      5,
      0,
      5,
      0,
      0,
      0,
      0,
      0,
      1,
      1,
      7,
      1,
      0,
      2
    ],
    [
      0,
      1,
      2,
      5,
      2,
      3,
      11,
      2,
      1,
      0,
      0,
      1,
      0,
      0,
      9,
      1,
      0,
      0,
      1,
      0
    ],
    [
      0,
      0,
      3,
      2,
      1,
      1,
      7,
      0,
      0,
      0,
      1,
      1,
      0,
      0,
      4,
      0,
      0,
      1,
      0,
      2
    ],
    [
      1,
      0,
      0,
      8,
      0,
      0,
      6,
      1,
      0,
      0,
      0,
      0,
      0,
      1,
      1,
      0,
      1,
      2,
      0,
      1
    ],
    [
      2,
      4,
      3,
      14,
      8,
      10,
      50,
      3,
      2,
      0,
      0,
      14,
      0,
      0,
      31,
      7,
      2,
      4,
      0,
      6
    ],
    [
      0,
      0,
      0,
      2,
      2,
      1,
      8,
      0,
      1,
      0,
      0,
      0,
      0,
      0,
      3,
      1,
      0,
      1,
      0,
      0
    ],
    [
      0,
      1,
      2,
      7,
      0,
      1,
      10,
      0,
      5,
      0,
      0,
      1,
      0,
      0,
      0,
      0,
      10,
      1,
      1,
      3
    ],
    [
      0,
      0,
      2,
      7,
      0,
      1,
      14,
      0,
      2,
      0,
      0,
      0,
      0,
      0,
      3,
      0,
      2,
      1,
      0,
      3
    ],
    [
      0,
      0,
      0,
      6,
      0,
      1,
      8,
      1,
      1,
      0,
      0,
      0,
      0,
      0,
      0,
      0,
      0,
      0,
      1,
      0
    ],
    [
      0,
      0,
      0,
      0,
      1,
      0,
      7,
      0,
      0,
      0,
      0,
      0,
      0,
      0,
      2,
      0,
      1,
      3,
      0,
      7
    ]
  ],
  "labels": [
    "\ud83c\udf84",
    "\ud83d\ude01",
    "\u2728",
    "\ud83d\ude02",
    "\ud83d\udc99",
    "\ud83d\ude0d",
    "\ud83d\ude0a",
    "\ud83d\ude18",
    "\ud83d\udd25",
    "\ud83d\ude09",
    "\ud83d\udcf7",
    "\ud83d\udc95",
    "\ud83c\uddfa\ud83c\uddf8",
    "\ud83d\udcaf",
    "\u2764",
    "\ud83d\udc9c",
    "\ud83d\udcf8",
    "\ud83d\ude0e",
    "\ud83d\ude1c",
    "\u2600"
  ]
}