{
  "classification_report": {
    "\u2728": {
      "precision": 0.20833333333333334,
      "recall": 0.09090909090909091,
      "f1-score": 0.12658227848101267,
      "support": 55.0
    },
    "\u2764": {
      "precision": 0.35451505016722407,
      "recall": 0.49074074074074076,
      "f1-score": 0.4116504854368932,
      "support": 216.0
    },
    "\ud83c\uddfa\ud83c\uddf8": {
      "precision": 0.0,
      "recall": 0.0,
      "f1-score": 0.0,
      "support": 39.0
    },
    "\ud83d\udc9c": {
      "precision": 0.0,
      "recall": 0.0,
      "f1-score": 0.0,
      "support": 22.0
    },
    "\ud83d\ude0d": {
      "precision": 0.14414414414414414,
      "recall": 0.16494845360824742,
      "f1-score": 0.15384615384615385,
      "support": 97.0
    },
    "\ud83d\ude0a": {
      "precision": 0.07894736842105263,
      "recall": 0.1875,
      "f1-score": 0.1111111111111111,
      "support": 32.0
    },
    "\ud83d\udcaf": {
      "precision": 0.14285714285714285,
      "recall": 0.04,
      "f1-score": 0.0625,
      "support": 25.0
    },
    "\ud83d\ude1c": {
      "precision": 0.06666666666666667,
      "recall": 0.1,
      "f1-score": 0.08,
      "support": 20.0
    },
    "\ud83d\ude02": {
      "precision": 0.2857142857142857,
      "recall": 0.26373626373626374,
      "f1-score": 0.2742857142857143,
      "support": 91.0
    },
    "\ud83d\udcf8": {
      "precision": 0.2222222222222222,
      "recall": 0.125,
      "f1-score": 0.16,
      "support": 48.0
    },
    "\u2600": {
      "precision": 0.2222222222222222,
      "recall": 0.32,
      "f1-score": 0.26229508196721313,
      "support": 25.0
    },
    "\ud83c\udf84": {
      "precision": 0.5483870967741935,
      "recall": 0.5483870967741935,
      "f1-score": 0.5483870967741935,
      "support": 31.0
    },
    "\ud83d\udc95": {
      "precision": 0.17647058823529413,
      "recall": 0.11538461538461539,
      "f1-score": 0.13953488372093023,
      "support": 52.0
    },
    "\ud83d\udcf7": {
      "precision": 0.08695652173913043,
      "recall": 0.13793103448275862,
      "f1-score": 0.10666666666666667,
      "support": 29.0
    },
    "\ud83d\udd25": {
      "precision": 0.3076923076923077,
      "recall": 0.10810810810810811,
      "f1-score": 0.16,
      "support": 74.0
    },
    "\ud83d\ude01": {
      "precision": 0.0,
      "recall": 0.0,
      "f1-score": 0.0,
      "support": 23.0
    },
    "\ud83d\ude09": {
      "precision": 0.0,
      "recall": 0.0,
      "f1-score": 0.0,
      "support": 26.0
    },
    "\ud83d\ude18": {
      "precision": 0.08108108108108109,
      "recall": 0.125,
      "f1-score": 0.09836065573770492,
      "support": 24.0
    },
    "\ud83d\udc99": {
      "precision": 0.041666666666666664,
      "recall": 0.03225806451612903,
      "f1-score": 0.03636363636363636,
      "support": 31.0
    },
    "\ud83d\ude0e": {
      "precision": 0.043478260869565216,
      "recall": 0.05,
      "f1-score": 0.046511627906976744,
      "support": 40.0
    },
    "micro avg": {
      "precision": 0.2205128205128205,
      "recall": 0.215,
      "f1-score": 0.21772151898734177,
      "support": 1000.0
    },
    "macro avg": {
      "precision": 0.15056774794032662,
      "recall": 0.14499517341300736,
      "f1-score": 0.13890476961491033,
      "support": 1000.0
    },
    "weighted avg": {
      "precision": 0.20811304960318955,
      "recall": 0.215,
      "f1-score": 0.20125458056671586,
      "support": 1000.0
    }
  },
  "accuracy": 0.215,
  "confusion_matrix": [
    [
      5,
      12,
      0,
      1,
      5,
      3,
      0,
      1,
      4,
      2,
      4,
      1,
      1,
      1,
      2,
      1,
      1,
      5,
      2,
      2
    ],
    [
      3,
      106,
      0,
      3,
      25,
      13,
      1,
      5,
      7,
      2,
      1,
      3,
      10,
      6,
      2,
      4,
      0,
      9,
      8,
      6
    ],
    [
      1,
      12,
      0,
      0,
      4,
      2,
      1,
      1,
      3,
      0,
      1,
      1,
      0,
      3,
      0,
      2,
      0,
      1,
      1,
      2
    ],
    [
      2,
      9,
      0,
      0,
      3,
      1,
      0,
      0,
      1,
      2,
      0,
      0,
      1,
      2,
      0,
      0,
      0,
      0,
      0,
      1
    ],
    [
      1,
      29,
      0,
      1,
      16,
      11,
      3,
      1,
      7,
      0,
      3,
      0,
      4,
      5,
      1,
      3,
      0,
      3,
      3,
      2
    ],
    [
      0,
      3,
      0,
      0,
      6,
      6,
      0,
      2,
      1,
      1,
      2,
      1,
      1,
      2,
      0,
      0,
      0,
      0,
      0,
      6
    ],
    [
      0,
      6,
      0,
      1,
      3,
      1,
      1,
      1,
      4,
      2,
      2,
      1,
      0,
      0,
      1,
      0,
      0,
      0,
      1,
      1
    ],
    [
      2,
      2,
      0,
      0,
      3,
      3,
      0,
      2,
      2,
      1,
      0,
      0,
      1,
      0,
      1,
      1,
      1,
      0,
      1,
      0
    ],
    [
      0,
      16,
      0,
      0,
      5,
      9,
      0,
      5,
      24,
      4,
      3,
      1,
      2,
      5,
      4,
      2,
      1,
      2,
      0,
      6
    ],
    [
      2,
      5,
      0,
      0,
      5,
      2,
      1,
      1,
      4,
      6,
      4,
      0,
      1,
      6,
      1,
      3,
      0,
      2,
      1,
      2
    ],
    [
      1,
      6,
      0,
      0,
      1,
      2,
      0,
      0,
      1,
      0,
      8,
      0,
      0,
      1,
      1,
      1,
      0,
      0,
      0,
      2
    ],
    [
      1,
      8,
      0,
      0,
      2,
      1,
      0,
      0,
      0,
      0,
      0,
      17,
      0,
      0,
      2,
      0,
      0,
      0,
      0,
      0
    ],
    [
      1,
      19,
      0,
      1,
      5,
      2,
      0,
      0,
      1,
      0,
      1,
      1,
      6,
      1,
      1,
      1,
      3,
      5,
      2,
      0
    ],
    [
      1,
      8,
      0,
      0,
      2,
      1,
      0,
      0,
      6,
      3,
      0,
      1,
      0,
      4,
      0,
      0,
      0,
      0,
      0,
      2
    ],
    [
      2,
      16,
      0,
      1,
      6,
      5,
      0,
      4,
      5,
      3,
      2,
      0,
      2,
      8,
      8,
      2,
      0,
      2,
      1,
      7
    ],
    [
      0,
      6,
      0,
      0,
      2,
      4,
      0,
      2,
      6,
      0,
      0,
      1,
      0,
      0,
      0,
      0,
      1,
      0,
      1,
      0
    ],
    [
      0,
      4,
      0,
      1,
      7,
      1,
      0,
      1,
      3,
      1,
      1,
      1,
      0,
      1,
      1,
      0,
      0,
      2,
      0,
      1
    ],
    [
      0,
      9,
      0,
      0,
      0,
      2,
      0,
      0,
      3,
      0,
      0,
      1,
      2,
      0,
      0,
      0,
      0,
      3,
      1,
      3
    ],
    [
      0,
      12,
      0,
      0,
      5,
      3,
      0,
      0,
      0,
      0,
      1,
      1,
      3,
      0,
      0,
      1,
      0,
      1,
      1,
      1
    ],
    [
      2,
      11,
      0,
      0,
      6,
      4,
      0,
      4,
      2,
      0,
      3,
      0,
      0,
      1,
      1,
      0,
      0,
      2,
      1,
      2
    ]
  ],
  "labels": [
    "\u2728",
    "\u2764",
    "\ud83c\uddfa\ud83c\uddf8",
    "\ud83d\udc9c",
    "\ud83d\ude0d",
    "\ud83d\ude0a",
    "\ud83d\udcaf",
    "\ud83d\ude1c",
    "\ud83d\ude02",
    "\ud83d\udcf8",
    "\u2600",
    "\ud83c\udf84",
    "\ud83d\udc95",
    "\ud83d\udcf7",
    "\ud83d\udd25",
    "\ud83d\ude01",
    "\ud83d\ude09",
    "\ud83d\ude18",
    "\ud83d\udc99",
    "\ud83d\ude0e"
  ]
}