{
  "classification_report": {
    "\ud83d\ude01": {
      "precision": 0.0,
      "recall": 0.0,
      "f1-score": 0.0,
      "support": 23.0
    },
    "\ud83d\ude1c": {
      "precision": 0.07407407407407407,
      "recall": 0.2,
      "f1-score": 0.10810810810810811,
      "support": 20.0
    },
    "\u2764": {
      "precision": 0.5263157894736842,
      "recall": 0.37037037037037035,
      "f1-score": 0.43478260869565216,
      "support": 216.0
    },
    "\u2600": {
      "precision": 0.3125,
      "recall": 0.4,
      "f1-score": 0.3508771929824561,
      "support": 25.0
    },
    "\ud83d\udcf7": {
      "precision": 0.15,
      "recall": 0.10344827586206896,
      "f1-score": 0.12244897959183673,
      "support": 29.0
    },
    "\ud83d\udd25": {
      "precision": 0.5641025641025641,
      "recall": 0.2972972972972973,
      "f1-score": 0.3893805309734513,
      "support": 74.0
    },
    "\ud83c\uddfa\ud83c\uddf8": {
      "precision": 0.4444444444444444,
      "recall": 0.10256410256410256,
      "f1-score": 0.16666666666666666,
      "support": 39.0
    },
    "\ud83c\udf84": {
      "precision": 0.696969696969697,
      "recall": 0.7419354838709677,
      "f1-score": 0.71875,
      "support": 31.0
    },
    "\ud83d\ude09": {
      "precision": 0.2,
      "recall": 0.038461538461538464,
      "f1-score": 0.06451612903225806,
      "support": 26.0
    },
    "\ud83d\ude18": {
      "precision": 0.0,
      "recall": 0.0,
      "f1-score": 0.0,
      "support": 24.0
    },
    "\ud83d\udcaf": {
      "precision": 0.0,
      "recall": 0.0,
      "f1-score": 0.0,
      "support": 25.0
    },
    "\ud83d\udc9c": {
      "precision": 0.0,
      "recall": 0.0,
      "f1-score": 0.0,
      "support": 22.0
    },
    "\ud83d\ude0d": {
      "precision": 0.22448979591836735,
      "recall": 0.1134020618556701,
      "f1-score": 0.1506849315068493,
      "support": 97.0
    },
    "\ud83d\udc95": {
      "precision": 0.16666666666666666,
      "recall": 0.038461538461538464,
      "f1-score": 0.0625,
      "support": 52.0
    },
    "\ud83d\ude0a": {
      "precision": 0.10101010101010101,
      "recall": 0.3125,
      "f1-score": 0.15267175572519084,
      "support": 32.0
    },
    "\u2728": {
      "precision": 0.35714285714285715,
      "recall": 0.09090909090909091,
      "f1-score": 0.14492753623188406,
      "support": 55.0
    },
    "\ud83d\ude02": {
      "precision": 0.3888888888888889,
      "recall": 0.15384615384615385,
      "f1-score": 0.2204724409448819,
      "support": 91.0
    },
    "\ud83d\ude0e": {
      "precision": 0.25,
      "recall": 0.025,
      "f1-score": 0.045454545454545456,
      "support": 40.0
    },
    "\ud83d\udc99": {
      "precision": 0.09523809523809523,
      "recall": 0.12903225806451613,
      "f1-score": 0.1095890410958904,
      "support": 31.0
    },
    "\ud83d\udcf8": {
      "precision": 0.2727272727272727,
      "recall": 0.0625,
      "f1-score": 0.1016949152542373,
      "support": 48.0
    },
    "micro avg": {
      "precision": 0.3107255520504732,
      "recall": 0.197,
      "f1-score": 0.24112607099143207,
      "support": 1000.0
    },
    "macro avg": {
      "precision": 0.24122851233283563,
      "recall": 0.15898640857816573,
      "f1-score": 0.1671762691131954,
      "support": 1000.0
    },
    "weighted avg": {
      "precision": 0.3279607118688886,
      "recall": 0.197,
      "f1-score": 0.22855372370248797,
      "support": 1000.0
    }
  },
  "accuracy": 0.197,
  "confusion_matrix": [
    [
      0,
      4,
      2,
      0,
      0,
      0,
      0,
      1,
      0,
      0,
      0,
      0,
      2,
      0,
      4,
      0,
      1,
      0,
      1,
      0
    ],
    [
      0,
      4,
      1,
      0,
      0,
      2,
      0,
      0,
      1,
      1,
      0,
      0,
      0,
      0,
      2,
      0,
      1,
      0,
      0,
      0
    ],
    [
      1,
      3,
      80,
      7,
      1,
      3,
      0,
      2,
      1,
      6,
      0,
      0,
      12,
      4,
      15,
      3,
      2,
      0,
      12,
      2
    ],
    [
      0,
      1,
      2,
      10,
      0,
      0,
      0,
      0,
      0,
      2,
      0,
      0,
      0,
      0,
      0,
      0,
      0,
      0,
      1,
      0
    ],
    [
      0,
      3,
      2,
      0,
      3,
      0,
      0,
      1,
      0,
      0,
      0,
      0,
      3,
      0,
      2,
      0,
      4,
      0,
      0,
      0
    ],
    [
      0,
      0,
      3,
      1,
      2,
      22,
      1,
      0,
      0,
      1,
      0,
      1,
      4,
      0,
      4,
      2,
      3,
      0,
      3,
      1
    ],
    [
      0,
      1,
      5,
      0,
      1,
      0,
      4,
      0,
      0,
      0,
      0,
      0,
      0,
      0,
      1,
      0,
      0,
      0,
      4,
      0
    ],
    [
      0,
      0,
      0,
      0,
      0,
      1,
      0,
      23,
      0,
      0,
      0,
      0,
      0,
      0,
      1,
      0,
      0,
      0,
      0,
      0
    ],
    [
      0,
      1,
      2,
      2,
      0,
      0,
      0,
      1,
      1,
      1,
      0,
      0,
      1,
      0,
      3,
      0,
      1,
      0,
      0,
      0
    ],
    [
      0,
      2,
      5,
      0,
      0,
      0,
      0,
      1,
      1,
      0,
      0,
      0,
      2,
      1,
      4,
      0,
      1,
      0,
      1,
      1
    ],
    [
      0,
      2,
      0,
      1,
      0,
      1,
      0,
      1,
      0,
      0,
      0,
      0,
      1,
      0,
      3,
      0,
      1,
      0,
      2,
      2
    ],
    [
      0,
      0,
      4,
      0,
      1,
      0,
      0,
      0,
      0,
      0,
      0,
      0,
      0,
      2,
      3,
      1,
      0,
      1,
      2,
      1
    ],
    [
      0,
      4,
      6,
      3,
      2,
      1,
      1,
      0,
      0,
      3,
      0,
      0,
      11,
      0,
      11,
      0,
      3,
      2,
      6,
      1
    ],
    [
      0,
      0,
      14,
      0,
      0,
      1,
      0,
      1,
      0,
      4,
      0,
      0,
      2,
      2,
      5,
      1,
      0,
      0,
      2,
      0
    ],
    [
      0,
      4,
      4,
      3,
      1,
      0,
      1,
      0,
      0,
      0,
      0,
      0,
      0,
      0,
      10,
      0,
      0,
      0,
      1,
      0
    ],
    [
      0,
      1,
      7,
      2,
      0,
      1,
      0,
      1,
      0,
      1,
      0,
      0,
      5,
      1,
      6,
      5,
      1,
      0,
      2,
      0
    ],
    [
      0,
      16,
      3,
      0,
      3,
      3,
      0,
      0,
      1,
      1,
      0,
      0,
      2,
      0,
      10,
      0,
      14,
      0,
      0,
      0
    ],
    [
      0,
      2,
      1,
      1,
      2,
      2,
      1,
      0,
      0,
      0,
      0,
      0,
      1,
      1,
      7,
      0,
      2,
      1,
      1,
      0
    ],
    [
      0,
      0,
      11,
      1,
      1,
      0,
      1,
      0,
      0,
      1,
      0,
      0,
      2,
      1,
      2,
      1,
      0,
      0,
      4,
      0
    ],
    [
      0,
      6,
      0,
      1,
      3,
      2,
      0,
      1,
      0,
      0,
      0,
      0,
      1,
      0,
      6,
      1,
      2,
      0,
      0,
      3
    ]
  ],
  "labels": [
    "\ud83d\ude01",
    "\ud83d\ude1c",
    "\u2764",
    "\u2600",
    "\ud83d\udcf7",
    "\ud83d\udd25",
    "\ud83c\uddfa\ud83c\uddf8",
    "\ud83c\udf84",
    "\ud83d\ude09",
    "\ud83d\ude18",
    "\ud83d\udcaf",
    "\ud83d\udc9c",
    "\ud83d\ude0d",
    "\ud83d\udc95",
    "\ud83d\ude0a",
    "\u2728",
    "\ud83d\ude02",
    "\ud83d\ude0e",
    "\ud83d\udc99",
    "\ud83d\udcf8"
  ]
}