{
  "classification_report": {
    "\ud83d\ude01": {
      "precision": 0.0,
      "recall": 0.0,
      "f1-score": 0.0,
      "support": 23.0
    },
    "\ud83c\uddfa\ud83c\uddf8": {
      "precision": 0.0,
      "recall": 0.0,
      "f1-score": 0.0,
      "support": 39.0
    },
    "\ud83d\ude0e": {
      "precision": 0.20512820512820512,
      "recall": 0.2,
      "f1-score": 0.20253164556962025,
      "support": 40.0
    },
    "\ud83c\udf84": {
      "precision": 0.6666666666666666,
      "recall": 0.25806451612903225,
      "f1-score": 0.37209302325581395,
      "support": 31.0
    },
    "\ud83d\ude09": {
      "precision": 0.0,
      "recall": 0.0,
      "f1-score": 0.0,
      "support": 26.0
    },
    "\ud83d\ude18": {
      "precision": 0.07142857142857142,
      "recall": 0.041666666666666664,
      "f1-score": 0.05263157894736842,
      "support": 24.0
    },
    "\ud83d\udc99": {
      "precision": 0.11538461538461539,
      "recall": 0.0967741935483871,
      "f1-score": 0.10526315789473684,
      "support": 31.0
    },
    "\u2600": {
      "precision": 0.14285714285714285,
      "recall": 0.28,
      "f1-score": 0.1891891891891892,
      "support": 25.0
    },
    "\ud83d\ude0a": {
      "precision": 0.04697986577181208,
      "recall": 0.21875,
      "f1-score": 0.07734806629834254,
      "support": 32.0
    },
    "\ud83d\ude0d": {
      "precision": 0.15217391304347827,
      "recall": 0.07216494845360824,
      "f1-score": 0.0979020979020979,
      "support": 97.0
    },
    "\ud83d\ude1c": {
      "precision": 0.13333333333333333,
      "recall": 0.1,
      "f1-score": 0.11428571428571428,
      "support": 20.0
    },
    "\ud83d\udc95": {
      "precision": 0.08108108108108109,
      "recall": 0.057692307692307696,
      "f1-score": 0.06741573033707865,
      "support": 52.0
    },
    "\ud83d\udd25": {
      "precision": 0.36,
      "recall": 0.12162162162162163,
      "f1-score": 0.18181818181818182,
      "support": 74.0
    },
    "\ud83d\udcf8": {
      "precision": 0.18181818181818182,
      "recall": 0.041666666666666664,
      "f1-score": 0.06779661016949153,
      "support": 48.0
    },
    "\u2728": {
      "precision": 0.16666666666666666,
      "recall": 0.05454545454545454,
      "f1-score": 0.0821917808219178,
      "support": 55.0
    },
    "\u2764": {
      "precision": 0.26842105263157895,
      "recall": 0.4722222222222222,
      "f1-score": 0.3422818791946309,
      "support": 216.0
    },
    "\ud83d\udc9c": {
      "precision": 0.07142857142857142,
      "recall": 0.045454545454545456,
      "f1-score": 0.05555555555555555,
      "support": 22.0
    },
    "\ud83d\ude02": {
      "precision": 0.26495726495726496,
      "recall": 0.34065934065934067,
      "f1-score": 0.2980769230769231,
      "support": 91.0
    },
    "\ud83d\udcf7": {
      "precision": 0.0,
      "recall": 0.0,
      "f1-score": 0.0,
      "support": 29.0
    },
    "\ud83d\udcaf": {
      "precision": 0.0,
      "recall": 0.0,
      "f1-score": 0.0,
      "support": 25.0
    },
    "micro avg": {
      "precision": 0.20082815734989648,
      "recall": 0.194,
      "f1-score": 0.19735503560528994,
      "support": 1000.0
    },
    "macro avg": {
      "precision": 0.14641625660985852,
      "recall": 0.12006412418299266,
      "f1-score": 0.11531905671583312,
      "support": 1000.0
    },
    "weighted avg": {
      "precision": 0.18907696683213063,
      "recall": 0.194,
      "f1-score": 0.1701646077603603,
      "support": 1000.0
    }
  },
  "accuracy": 0.194,
  "confusion_matrix": [
    [
      0,
      0,
      3,
      0,
      0,
      0,
      0,
      0,
      5,
      1,
      0,
      2,
      0,
      1,
      1,
      5,
      0,
      3,
      0,
      0
    ],
    [
      0,
      0,
      4,
      0,
      0,
      0,
      0,
      5,
      2,
      4,
      1,
      0,
      0,
      0,
      1,
      13,
      0,
      3,
      1,
      1
    ],
    [
      0,
      0,
      8,
      0,
      0,
      0,
      1,
      2,
      9,
      0,
      1,
      1,
      0,
      0,
      0,
      10,
      1,
      4,
      0,
      0
    ],
    [
      0,
      0,
      1,
      8,
      0,
      1,
      0,
      0,
      2,
      0,
      1,
      0,
      0,
      0,
      0,
      15,
      0,
      2,
      0,
      0
    ],
    [
      0,
      0,
      1,
      0,
      0,
      2,
      0,
      2,
      6,
      1,
      0,
      0,
      0,
      0,
      0,
      8,
      0,
      6,
      0,
      0
    ],
    [
      0,
      0,
      1,
      1,
      0,
      1,
      0,
      2,
      4,
      1,
      0,
      2,
      0,
      0,
      0,
      8,
      0,
      3,
      0,
      0
    ],
    [
      0,
      0,
      1,
      0,
      0,
      1,
      3,
      1,
      2,
      0,
      0,
      2,
      0,
      0,
      2,
      13,
      0,
      3,
      1,
      0
    ],
    [
      0,
      0,
      2,
      0,
      0,
      0,
      1,
      7,
      2,
      0,
      0,
      1,
      0,
      0,
      1,
      10,
      0,
      1,
      0,
      0
    ],
    [
      0,
      0,
      2,
      0,
      0,
      1,
      0,
      2,
      7,
      1,
      1,
      1,
      1,
      0,
      1,
      12,
      0,
      1,
      0,
      0
    ],
    [
      0,
      0,
      2,
      0,
      0,
      1,
      6,
      6,
      13,
      7,
      2,
      3,
      1,
      2,
      2,
      39,
      1,
      9,
      0,
      0
    ],
    [
      0,
      0,
      0,
      0,
      0,
      1,
      1,
      2,
      3,
      0,
      2,
      0,
      0,
      1,
      0,
      5,
      0,
      4,
      0,
      1
    ],
    [
      0,
      0,
      3,
      0,
      0,
      0,
      0,
      1,
      11,
      5,
      0,
      3,
      0,
      0,
      0,
      26,
      0,
      3,
      0,
      0
    ],
    [
      0,
      0,
      2,
      0,
      0,
      3,
      0,
      2,
      7,
      5,
      2,
      2,
      9,
      0,
      0,
      27,
      2,
      9,
      1,
      2
    ],
    [
      0,
      0,
      2,
      0,
      0,
      0,
      2,
      2,
      10,
      0,
      1,
      2,
      2,
      2,
      0,
      17,
      1,
      5,
      1,
      1
    ],
    [
      0,
      0,
      0,
      1,
      0,
      0,
      3,
      3,
      12,
      2,
      0,
      2,
      1,
      0,
      3,
      22,
      0,
      5,
      0,
      0
    ],
    [
      0,
      0,
      4,
      0,
      0,
      2,
      6,
      8,
      29,
      14,
      3,
      10,
      3,
      1,
      6,
      102,
      4,
      14,
      1,
      0
    ],
    [
      0,
      0,
      0,
      0,
      0,
      0,
      0,
      0,
      4,
      1,
      0,
      3,
      2,
      1,
      0,
      9,
      1,
      0,
      0,
      0
    ],
    [
      2,
      0,
      2,
      0,
      0,
      1,
      2,
      2,
      12,
      2,
      1,
      2,
      3,
      1,
      0,
      22,
      3,
      31,
      1,
      0
    ],
    [
      0,
      0,
      1,
      0,
      0,
      0,
      0,
      1,
      4,
      2,
      0,
      1,
      1,
      2,
      0,
      11,
      0,
      6,
      0,
      0
    ],
    [
      1,
      0,
      0,
      2,
      0,
      0,
      1,
      1,
      5,
      0,
      0,
      0,
      2,
      0,
      1,
      6,
      1,
      5,
      0,
      0
    ]
  ],
  "labels": [
    "\ud83d\ude01",
    "\ud83c\uddfa\ud83c\uddf8",
    "\ud83d\ude0e",
    "\ud83c\udf84",
    "\ud83d\ude09",
    "\ud83d\ude18",
    "\ud83d\udc99",
    "\u2600",
    "\ud83d\ude0a",
    "\ud83d\ude0d",
    "\ud83d\ude1c",
    "\ud83d\udc95",
    "\ud83d\udd25",
    "\ud83d\udcf8",
    "\u2728",
    "\u2764",
    "\ud83d\udc9c",
    "\ud83d\ude02",
    "\ud83d\udcf7",
    "\ud83d\udcaf"
  ]
}