{
  "classification_report": {
    "\ud83d\ude01": {
      "precision": 0.0,
      "recall": 0.0,
      "f1-score": 0.0,
      "support": 23.0
    },
    "\ud83c\uddfa\ud83c\uddf8": {
      "precision": 0.0,
      "recall": 0.0,
      "f1-score": 0.0,
      "support": 39.0
    },
    "\u2764": {
      "precision": 0.6923076923076923,
      "recall": 0.041666666666666664,
      "f1-score": 0.07860262008733625,
      "support": 216.0
    },
    "\ud83d\ude09": {
      "precision": 0.0,
      "recall": 0.0,
      "f1-score": 0.0,
      "support": 26.0
    },
    "\ud83d\udcaf": {
      "precision": 0.0,
      "recall": 0.0,
      "f1-score": 0.0,
      "support": 25.0
    },
    "\ud83d\ude0d": {
      "precision": 0.2,
      "recall": 0.13402061855670103,
      "f1-score": 0.16049382716049382,
      "support": 97.0
    },
    "\ud83d\udc99": {
      "precision": 0.125,
      "recall": 0.03225806451612903,
      "f1-score": 0.05128205128205128,
      "support": 31.0
    },
    "\ud83d\udc9c": {
      "precision": 0.0,
      "recall": 0.0,
      "f1-score": 0.0,
      "support": 22.0
    },
    "\ud83d\ude0e": {
      "precision": 0.0967741935483871,
      "recall": 0.075,
      "f1-score": 0.08450704225352113,
      "support": 40.0
    },
    "\ud83d\ude02": {
      "precision": 0.30303030303030304,
      "recall": 0.10989010989010989,
      "f1-score": 0.16129032258064516,
      "support": 91.0
    },
    "\ud83d\udcf7": {
      "precision": 0.0,
      "recall": 0.0,
      "f1-score": 0.0,
      "support": 29.0
    },
    "\ud83d\udd25": {
      "precision": 0.5161290322580645,
      "recall": 0.21621621621621623,
      "f1-score": 0.3047619047619048,
      "support": 74.0
    },
    "\ud83d\ude1c": {
      "precision": 0.0,
      "recall": 0.0,
      "f1-score": 0.0,
      "support": 20.0
    },
    "\ud83c\udf84": {
      "precision": 0.6111111111111112,
      "recall": 0.3548387096774194,
      "f1-score": 0.4489795918367347,
      "support": 31.0
    },
    "\ud83d\udc95": {
      "precision": 0.3333333333333333,
      "recall": 0.019230769230769232,
      "f1-score": 0.03636363636363636,
      "support": 52.0
    },
    "\ud83d\ude0a": {
      "precision": 0.06227106227106227,
      "recall": 0.53125,
      "f1-score": 0.11147540983606558,
      "support": 32.0
    },
    "\u2600": {
      "precision": 0.6666666666666666,
      "recall": 0.24,
      "f1-score": 0.35294117647058826,
      "support": 25.0
    },
    "\u2728": {
      "precision": 0.46153846153846156,
      "recall": 0.10909090909090909,
      "f1-score": 0.17647058823529413,
      "support": 55.0
    },
    "\ud83d\ude18": {
      "precision": 0.0,
      "recall": 0.0,
      "f1-score": 0.0,
      "support": 24.0
    },
    "\ud83d\udcf8": {
      "precision": 0.0625,
      "recall": 0.020833333333333332,
      "f1-score": 0.03125,
      "support": 48.0
    },
    "micro avg": {
      "precision": 0.18042226487523993,
      "recall": 0.094,
      "f1-score": 0.12360289283366206,
      "support": 1000.0
    },
    "macro avg": {
      "precision": 0.20653309280325405,
      "recall": 0.0942147698589127,
      "f1-score": 0.09992090854341358,
      "support": 1000.0
    },
    "weighted avg": {
      "precision": 0.3257754690649853,
      "recall": 0.094,
      "f1-score": 0.11415179407784448,
      "support": 1000.0
    }
  },
  "accuracy": 0.094,
  "confusion_matrix": [
    [
      0,
      0,
      0,
      0,
      0,
      0,
      1,
      0,
      0,
      1,
      0,
      0,
      0,
      0,
      0,
      9,
      0,
      0,
      0,
      0
    ],
    [
      0,
      0,
      0,
      0,
      0,
      0,
      0,
      0,
      0,
      0,
      1,
      0,
      0,
      0,
      0,
      10,
      0,
      1,
      0,
      0
    ],
    [
      0,
      0,
      9,
      0,
      1,
      27,
      3,
      1,
      3,
      11,
      0,
      2,
      0,
      3,
      0,
      61,
      1,
      1,
      0,
      2
    ],
    [
      0,
      0,
      0,
      0,
      0,
      2,
      0,
      0,
      0,
      1,
      0,
      1,
      0,
      1,
      1,
      8,
      0,
      0,
      0,
      0
    ],
    [
      0,
      0,
      0,
      0,
      0,
      1,
      0,
      0,
      2,
      1,
      0,
      2,
      0,
      0,
      0,
      4,
      0,
      0,
      0,
      0
    ],
    [
      0,
      0,
      0,
      0,
      0,
      13,
      0,
      0,
      1,
      2,
      0,
      0,
      0,
      0,
      0,
      29,
      1,
      0,
      1,
      2
    ],
    [
      0,
      0,
      0,
      0,
      0,
      3,
      1,
      0,
      0,
      0,
      0,
      0,
      0,
      0,
      0,
      12,
      0,
      0,
      0,
      0
    ],
    [
      0,
      0,
      0,
      0,
      0,
      2,
      0,
      0,
      0,
      0,
      1,
      0,
      0,
      0,
      0,
      10,
      0,
      1,
      0,
      0
    ],
    [
      0,
      0,
      0,
      0,
      0,
      0,
      0,
      0,
      3,
      1,
      0,
      4,
      0,
      0,
      0,
      10,
      1,
      0,
      0,
      1
    ],
    [
      0,
      0,
      0,
      0,
      0,
      3,
      1,
      0,
      3,
      10,
      0,
      2,
      0,
      0,
      0,
      13,
      0,
      0,
      0,
      4
    ],
    [
      0,
      0,
      0,
      0,
      0,
      1,
      0,
      0,
      2,
      1,
      0,
      0,
      0,
      2,
      0,
      3,
      0,
      1,
      0,
      3
    ],
    [
      0,
      0,
      0,
      0,
      0,
      2,
      0,
      1,
      4,
      2,
      0,
      16,
      0,
      0,
      0,
      14,
      0,
      0,
      0,
      1
    ],
    [
      0,
      0,
      0,
      0,
      0,
      1,
      1,
      0,
      2,
      0,
      0,
      2,
      0,
      0,
      0,
      3,
      0,
      0,
      0,
      0
    ],
    [
      0,
      0,
      0,
      0,
      0,
      2,
      0,
      1,
      0,
      0,
      0,
      1,
      0,
      11,
      0,
      2,
      0,
      0,
      0,
      0
    ],
    [
      0,
      0,
      1,
      0,
      0,
      2,
      0,
      0,
      2,
      0,
      0,
      0,
      0,
      0,
      1,
      19,
      0,
      1,
      0,
      1
    ],
    [
      0,
      0,
      0,
      0,
      0,
      0,
      0,
      0,
      1,
      0,
      0,
      0,
      0,
      0,
      0,
      17,
      0,
      1,
      0,
      1
    ],
    [
      0,
      0,
      2,
      0,
      0,
      0,
      0,
      0,
      3,
      0,
      0,
      0,
      0,
      0,
      0,
      5,
      6,
      0,
      0,
      0
    ],
    [
      0,
      0,
      1,
      0,
      0,
      2,
      1,
      0,
      2,
      0,
      0,
      0,
      0,
      0,
      0,
      23,
      0,
      6,
      0,
      0
    ],
    [
      0,
      0,
      0,
      0,
      0,
      2,
      0,
      0,
      2,
      0,
      0,
      1,
      0,
      1,
      1,
      9,
      0,
      0,
      0,
      0
    ],
    [
      0,
      0,
      0,
      0,
      0,
      2,
      0,
      0,
      1,
      3,
      1,
      0,
      0,
      0,
      0,
      12,
      0,
      1,
      0,
      1
    ]
  ],
  "labels": [
    "\ud83d\ude01",
    "\ud83c\uddfa\ud83c\uddf8",
    "\u2764",
    "\ud83d\ude09",
    "\ud83d\udcaf",
    "\ud83d\ude0d",
    "\ud83d\udc99",
    "\ud83d\udc9c",
    "\ud83d\ude0e",
    "\ud83d\ude02",
    "\ud83d\udcf7",
    "\ud83d\udd25",
    "\ud83d\ude1c",
    "\ud83c\udf84",
    "\ud83d\udc95",
    "\ud83d\ude0a",
    "\u2600",
    "\u2728",
    "\ud83d\ude18",
    "\ud83d\udcf8"
  ]
}