{
  "classification_report": {
    "\ud83c\udf84": {
      "precision": 0.7142857142857143,
      "recall": 0.6451612903225806,
      "f1-score": 0.6779661016949152,
      "support": 31.0
    },
    "\ud83d\udc9c": {
      "precision": 0.0,
      "recall": 0.0,
      "f1-score": 0.0,
      "support": 22.0
    },
    "\ud83d\ude01": {
      "precision": 0.0,
      "recall": 0.0,
      "f1-score": 0.0,
      "support": 23.0
    },
    "\ud83d\ude02": {
      "precision": 0.4791666666666667,
      "recall": 0.25274725274725274,
      "f1-score": 0.33093525179856115,
      "support": 91.0
    },
    "\ud83d\ude0a": {
      "precision": 0.08641975308641975,
      "recall": 0.21875,
      "f1-score": 0.12389380530973451,
      "support": 32.0
    },
    "\ud83d\ude1c": {
      "precision": 0.08333333333333333,
      "recall": 0.15,
      "f1-score": 0.10714285714285714,
      "support": 20.0
    },
    "\ud83c\uddfa\ud83c\uddf8": {
      "precision": 0.2,
      "recall": 0.07692307692307693,
      "f1-score": 0.1111111111111111,
      "support": 39.0
    },
    "\ud83d\udcaf": {
      "precision": 0.0,
      "recall": 0.0,
      "f1-score": 0.0,
      "support": 25.0
    },
    "\ud83d\udc99": {
      "precision": 0.10344827586206896,
      "recall": 0.0967741935483871,
      "f1-score": 0.1,
      "support": 31.0
    },
    "\ud83d\ude0e": {
      "precision": 0.21428571428571427,
      "recall": 0.075,
      "f1-score": 0.1111111111111111,
      "support": 40.0
    },
    "\ud83d\ude09": {
      "precision": 0.0,
      "recall": 0.0,
      "f1-score": 0.0,
      "support": 26.0
    },
    "\ud83d\udc95": {
      "precision": 0.2,
      "recall": 0.019230769230769232,
      "f1-score": 0.03508771929824561,
      "support": 52.0
    },
    "\ud83d\udcf7": {
      "precision": 0.10714285714285714,
      "recall": 0.10344827586206896,
      "f1-score": 0.10526315789473684,
      "support": 29.0
    },
    "\ud83d\udd25": {
      "precision": 0.44285714285714284,
      "recall": 0.4189189189189189,
      "f1-score": 0.4305555555555556,
      "support": 74.0
    },
    "\ud83d\udcf8": {
      "precision": 0.3333333333333333,
      "recall": 0.041666666666666664,
      "f1-score": 0.07407407407407407,
      "support": 48.0
    },
    "\u2728": {
      "precision": 0.21428571428571427,
      "recall": 0.05454545454545454,
      "f1-score": 0.08695652173913043,
      "support": 55.0
    },
    "\ud83d\ude18": {
      "precision": 0.05,
      "recall": 0.041666666666666664,
      "f1-score": 0.045454545454545456,
      "support": 24.0
    },
    "\u2600": {
      "precision": 0.2391304347826087,
      "recall": 0.44,
      "f1-score": 0.30985915492957744,
      "support": 25.0
    },
    "\u2764": {
      "precision": 0.40764331210191085,
      "recall": 0.5925925925925926,
      "f1-score": 0.4830188679245283,
      "support": 216.0
    },
    "\ud83d\ude0d": {
      "precision": 0.2962962962962963,
      "recall": 0.24742268041237114,
      "f1-score": 0.2696629213483146,
      "support": 97.0
    },
    "micro avg": {
      "precision": 0.3170441001191895,
      "recall": 0.266,
      "f1-score": 0.28928765633496467,
      "support": 1000.0
    },
    "macro avg": {
      "precision": 0.20858142741598903,
      "recall": 0.1737423919218403,
      "f1-score": 0.1701046378193499,
      "support": 1000.0
    },
    "weighted avg": {
      "precision": 0.28779169043671304,
      "recall": 0.266,
      "f1-score": 0.253520528908166,
      "support": 1000.0
    }
  },
  "accuracy": 0.266,
  "confusion_matrix": [
    [
      20,
      0,
      0,
      1,
      0,
      0,
      0,
      0,
      0,
      0,
      0,
      0,
      0,
      1,
      0,
      0,
      0,
      1,
      2,
      0
    ],
    [
      0,
      0,
      0,
      0,
      1,
      1,
      0,
      0,
      1,
      1,
      0,
      1,
      1,
      0,
      1,
      0,
      0,
      1,
      9,
      0
    ],
    [
      0,
      0,
      0,
      2,
      4,
      2,
      0,
      0,
      1,
      0,
      1,
      0,
      0,
      0,
      1,
      1,
      0,
      0,
      5,
      1
    ],
    [
      0,
      0,
      0,
      23,
      13,
      10,
      3,
      0,
      4,
      2,
      1,
      0,
      2,
      3,
      0,
      0,
      1,
      1,
      13,
      3
    ],
    [
      0,
      0,
      0,
      0,
      7,
      0,
      1,
      0,
      1,
      1,
      0,
      0,
      0,
      0,
      0,
      1,
      2,
      3,
      9,
      3
    ],
    [
      0,
      0,
      0,
      3,
      0,
      3,
      0,
      0,
      2,
      0,
      0,
      0,
      0,
      2,
      0,
      0,
      2,
      0,
      1,
      1
    ],
    [
      1,
      0,
      0,
      0,
      2,
      0,
      3,
      0,
      2,
      1,
      0,
      0,
      1,
      1,
      0,
      0,
      2,
      3,
      14,
      1
    ],
    [
      0,
      0,
      0,
      1,
      1,
      1,
      1,
      0,
      1,
      0,
      0,
      0,
      2,
      3,
      0,
      0,
      0,
      2,
      4,
      1
    ],
    [
      0,
      0,
      0,
      0,
      0,
      1,
      1,
      0,
      3,
      0,
      0,
      0,
      1,
      1,
      1,
      1,
      1,
      0,
      17,
      1
    ],
    [
      1,
      0,
      0,
      2,
      6,
      1,
      2,
      0,
      1,
      3,
      0,
      0,
      0,
      1,
      0,
      1,
      0,
      1,
      8,
      3
    ],
    [
      1,
      0,
      0,
      1,
      2,
      3,
      0,
      0,
      1,
      0,
      0,
      0,
      0,
      0,
      0,
      0,
      1,
      3,
      4,
      5
    ],
    [
      1,
      0,
      0,
      0,
      0,
      0,
      0,
      0,
      1,
      1,
      0,
      1,
      0,
      2,
      0,
      1,
      1,
      1,
      30,
      5
    ],
    [
      1,
      0,
      0,
      5,
      3,
      3,
      0,
      0,
      0,
      1,
      0,
      0,
      3,
      2,
      0,
      0,
      0,
      1,
      3,
      0
    ],
    [
      1,
      0,
      0,
      3,
      3,
      0,
      0,
      1,
      1,
      0,
      0,
      0,
      2,
      31,
      0,
      1,
      1,
      2,
      10,
      4
    ],
    [
      0,
      0,
      0,
      3,
      8,
      2,
      1,
      0,
      1,
      2,
      1,
      0,
      8,
      7,
      2,
      0,
      1,
      2,
      3,
      1
    ],
    [
      0,
      0,
      0,
      1,
      5,
      2,
      0,
      0,
      2,
      0,
      0,
      0,
      0,
      3,
      0,
      3,
      2,
      2,
      19,
      5
    ],
    [
      1,
      0,
      0,
      1,
      4,
      1,
      0,
      0,
      2,
      0,
      0,
      0,
      0,
      0,
      0,
      0,
      1,
      0,
      8,
      1
    ],
    [
      0,
      0,
      0,
      0,
      1,
      1,
      0,
      0,
      0,
      1,
      0,
      0,
      0,
      2,
      0,
      0,
      1,
      11,
      6,
      1
    ],
    [
      1,
      0,
      0,
      2,
      10,
      3,
      0,
      0,
      3,
      0,
      0,
      2,
      6,
      7,
      1,
      2,
      3,
      8,
      128,
      21
    ],
    [
      0,
      0,
      0,
      0,
      11,
      2,
      3,
      0,
      2,
      1,
      0,
      1,
      2,
      4,
      0,
      3,
      1,
      4,
      21,
      24
    ]
  ],
  "labels": [
    "\ud83c\udf84",
    "\ud83d\udc9c",
    "\ud83d\ude01",
    "\ud83d\ude02",
    "\ud83d\ude0a",
    "\ud83d\ude1c",
    "\ud83c\uddfa\ud83c\uddf8",
    "\ud83d\udcaf",
    "\ud83d\udc99",
    "\ud83d\ude0e",
    "\ud83d\ude09",
    "\ud83d\udc95",
    "\ud83d\udcf7",
    "\ud83d\udd25",
    "\ud83d\udcf8",
    "\u2728",
    "\ud83d\ude18",
    "\u2600",
    "\u2764",
    "\ud83d\ude0d"
  ]
}