{
  "classification_report": {
    "\u2764": {
      "precision": 0.45098039215686275,
      "recall": 0.10648148148148148,
      "f1-score": 0.17228464419475656,
      "support": 216.0
    },
    "\ud83d\udcf7": {
      "precision": 0.14285714285714285,
      "recall": 0.034482758620689655,
      "f1-score": 0.05555555555555555,
      "support": 29.0
    },
    "\ud83c\udf84": {
      "precision": 0.8333333333333334,
      "recall": 0.4838709677419355,
      "f1-score": 0.6122448979591837,
      "support": 31.0
    },
    "\ud83d\ude0a": {
      "precision": 0.07633587786259542,
      "recall": 0.3125,
      "f1-score": 0.12269938650306748,
      "support": 32.0
    },
    "\ud83d\udc95": {
      "precision": 0.25,
      "recall": 0.019230769230769232,
      "f1-score": 0.03571428571428571,
      "support": 52.0
    },
    "\ud83d\ude02": {
      "precision": 0.3333333333333333,
      "recall": 0.0989010989010989,
      "f1-score": 0.15254237288135594,
      "support": 91.0
    },
    "\ud83d\ude0d": {
      "precision": 0.1686746987951807,
      "recall": 0.14432989690721648,
      "f1-score": 0.15555555555555556,
      "support": 97.0
    },
    "\ud83d\udc9c": {
      "precision": 0.0,
      "recall": 0.0,
      "f1-score": 0.0,
      "support": 22.0
    },
    "\ud83d\ude18": {
      "precision": 0.0,
      "recall": 0.0,
      "f1-score": 0.0,
      "support": 24.0
    },
    "\u2600": {
      "precision": 0.0,
      "recall": 0.0,
      "f1-score": 0.0,
      "support": 25.0
    },
    "\ud83d\udcf8": {
      "precision": 0.4166666666666667,
      "recall": 0.10416666666666667,
      "f1-score": 0.16666666666666666,
      "support": 48.0
    },
    "\u2728": {
      "precision": 0.25,
      "recall": 0.10909090909090909,
      "f1-score": 0.1518987341772152,
      "support": 55.0
    },
    "\ud83d\udd25": {
      "precision": 0.5263157894736842,
      "recall": 0.13513513513513514,
      "f1-score": 0.21505376344086022,
      "support": 74.0
    },
    "\ud83c\uddfa\ud83c\uddf8": {
      "precision": 0.3684210526315789,
      "recall": 0.1794871794871795,
      "f1-score": 0.2413793103448276,
      "support": 39.0
    },
    "\ud83d\udcaf": {
      "precision": 0.0,
      "recall": 0.0,
      "f1-score": 0.0,
      "support": 25.0
    },
    "\ud83d\ude0e": {
      "precision": 0.2,
      "recall": 0.025,
      "f1-score": 0.044444444444444446,
      "support": 40.0
    },
    "\ud83d\ude01": {
      "precision": 0.0,
      "recall": 0.0,
      "f1-score": 0.0,
      "support": 23.0
    },
    "\ud83d\udc99": {
      "precision": 0.0,
      "recall": 0.0,
      "f1-score": 0.0,
      "support": 31.0
    },
    "\ud83d\ude09": {
      "precision": 0.0,
      "recall": 0.0,
      "f1-score": 0.0,
      "support": 26.0
    },
    "\ud83d\ude1c": {
      "precision": 0.0,
      "recall": 0.0,
      "f1-score": 0.0,
      "support": 20.0
    },
    "micro avg": {
      "precision": 0.24878048780487805,
      "recall": 0.102,
      "f1-score": 0.14468085106382977,
      "support": 1000.0
    },
    "macro avg": {
      "precision": 0.20084591435551893,
      "recall": 0.08763384316315408,
      "f1-score": 0.10630198087188872,
      "support": 1000.0
    },
    "weighted avg": {
      "precision": 0.28459127186382593,
      "recall": 0.102,
      "f1-score": 0.13601793389584307,
      "support": 1000.0
    }
  },
  "accuracy": 0.102,
  "confusion_matrix": [
    [
      23,
      1,
      1,
      25,
      3,
      1,
      18,
      0,
      1,
      0,
      0,
      1,
      1,
      0,
      0,
      0,
      0,
      0,
      2,
      0
    ],
    [
      1,
      1,
      0,
      2,
      0,
      0,
      1,
      0,
      0,
      0,
      0,
      0,
      0,
      0,
      0,
      0,
      0,
      0,
      0,
      0
    ],
    [
      0,
      0,
      15,
      4,
      0,
      0,
      3,
      0,
      0,
      0,
      0,
      0,
      1,
      0,
      0,
      0,
      0,
      0,
      0,
      0
    ],
    [
      1,
      0,
      0,
      10,
      0,
      0,
      2,
      0,
      0,
      0,
      0,
      0,
      0,
      2,
      0,
      1,
      0,
      0,
      0,
      0
    ],
    [
      6,
      0,
      0,
      8,
      1,
      1,
      9,
      0,
      0,
      0,
      0,
      1,
      0,
      0,
      0,
      0,
      0,
      0,
      0,
      0
    ],
    [
      2,
      1,
      0,
      11,
      0,
      9,
      3,
      0,
      0,
      0,
      1,
      1,
      0,
      2,
      0,
      1,
      0,
      0,
      0,
      0
    ],
    [
      3,
      0,
      0,
      15,
      0,
      0,
      14,
      0,
      1,
      0,
      2,
      3,
      1,
      2,
      0,
      0,
      0,
      0,
      0,
      0
    ],
    [
      2,
      0,
      0,
      4,
      0,
      0,
      3,
      0,
      0,
      0,
      0,
      2,
      1,
      0,
      0,
      0,
      0,
      0,
      0,
      0
    ],
    [
      0,
      0,
      1,
      6,
      0,
      1,
      3,
      0,
      0,
      0,
      0,
      1,
      0,
      0,
      0,
      0,
      0,
      0,
      0,
      0
    ],
    [
      0,
      0,
      0,
      4,
      0,
      1,
      0,
      0,
      0,
      0,
      0,
      0,
      0,
      1,
      0,
      1,
      0,
      0,
      0,
      0
    ],
    [
      2,
      2,
      0,
      1,
      0,
      3,
      3,
      0,
      0,
      0,
      5,
      2,
      1,
      0,
      0,
      0,
      0,
      0,
      0,
      0
    ],
    [
      3,
      0,
      1,
      13,
      0,
      0,
      3,
      0,
      0,
      0,
      0,
      6,
      2,
      1,
      0,
      1,
      0,
      0,
      1,
      0
    ],
    [
      0,
      0,
      0,
      2,
      0,
      3,
      3,
      1,
      0,
      0,
      3,
      2,
      10,
      1,
      0,
      0,
      0,
      0,
      0,
      0
    ],
    [
      1,
      2,
      0,
      3,
      0,
      0,
      1,
      0,
      0,
      0,
      0,
      2,
      0,
      7,
      2,
      0,
      0,
      0,
      0,
      0
    ],
    [
      0,
      0,
      0,
      3,
      0,
      1,
      0,
      0,
      0,
      0,
      1,
      0,
      0,
      0,
      0,
      0,
      0,
      0,
      0,
      0
    ],
    [
      2,
      0,
      0,
      8,
      0,
      3,
      5,
      0,
      0,
      0,
      0,
      1,
      1,
      0,
      0,
      1,
      0,
      0,
      0,
      0
    ],
    [
      0,
      0,
      0,
      4,
      0,
      2,
      2,
      0,
      0,
      0,
      0,
      0,
      0,
      1,
      0,
      0,
      0,
      0,
      0,
      0
    ],
    [
      3,
      0,
      0,
      5,
      0,
      1,
      5,
      0,
      0,
      0,
      0,
      2,
      0,
      2,
      0,
      0,
      0,
      0,
      1,
      0
    ],
    [
      1,
      0,
      0,
      2,
      0,
      0,
      2,
      0,
      0,
      0,
      0,
      0,
      1,
      0,
      0,
      0,
      0,
      0,
      0,
      0
    ],
    [
      1,
      0,
      0,
      1,
      0,
      1,
      3,
      0,
      0,
      0,
      0,
      0,
      0,
      0,
      0,
      0,
      0,
      1,
      0,
      0
    ]
  ],
  "labels": [
    "\u2764",
    "\ud83d\udcf7",
    "\ud83c\udf84",
    "\ud83d\ude0a",
    "\ud83d\udc95",
    "\ud83d\ude02",
    "\ud83d\ude0d",
    "\ud83d\udc9c",
    "\ud83d\ude18",
    "\u2600",
    "\ud83d\udcf8",
    "\u2728",
    "\ud83d\udd25",
    "\ud83c\uddfa\ud83c\uddf8",
    "\ud83d\udcaf",
    "\ud83d\ude0e",
    "\ud83d\ude01",
    "\ud83d\udc99",
    "\ud83d\ude09",
    "\ud83d\ude1c"
  ]
}