{
  "classification_report": {
    "\ud83d\udc95": {
      "precision": 0.23076923076923078,
      "recall": 0.057692307692307696,
      "f1-score": 0.09230769230769231,
      "support": 52.0
    },
    "\ud83d\udcaf": {
      "precision": 0.0,
      "recall": 0.0,
      "f1-score": 0.0,
      "support": 25.0
    },
    "\ud83d\ude09": {
      "precision": 0.0,
      "recall": 0.0,
      "f1-score": 0.0,
      "support": 26.0
    },
    "\ud83d\ude0a": {
      "precision": 0.06172839506172839,
      "recall": 0.15625,
      "f1-score": 0.08849557522123894,
      "support": 32.0
    },
    "\ud83d\udcf8": {
      "precision": 0.23076923076923078,
      "recall": 0.0625,
      "f1-score": 0.09836065573770492,
      "support": 48.0
    },
    "\ud83d\udcf7": {
      "precision": 0.0,
      "recall": 0.0,
      "f1-score": 0.0,
      "support": 29.0
    },
    "\ud83d\ude02": {
      "precision": 0.42857142857142855,
      "recall": 0.13186813186813187,
      "f1-score": 0.20168067226890757,
      "support": 91.0
    },
    "\u2600": {
      "precision": 0.42857142857142855,
      "recall": 0.24,
      "f1-score": 0.3076923076923077,
      "support": 25.0
    },
    "\ud83d\ude01": {
      "precision": 0.0,
      "recall": 0.0,
      "f1-score": 0.0,
      "support": 23.0
    },
    "\u2728": {
      "precision": 0.3333333333333333,
      "recall": 0.07272727272727272,
      "f1-score": 0.11940298507462686,
      "support": 55.0
    },
    "\ud83d\udd25": {
      "precision": 0.47058823529411764,
      "recall": 0.21621621621621623,
      "f1-score": 0.2962962962962963,
      "support": 74.0
    },
    "\u2764": {
      "precision": 0.49557522123893805,
      "recall": 0.25925925925925924,
      "f1-score": 0.3404255319148936,
      "support": 216.0
    },
    "\ud83c\uddfa\ud83c\uddf8": {
      "precision": 0.35714285714285715,
      "recall": 0.1282051282051282,
      "f1-score": 0.18867924528301888,
      "support": 39.0
    },
    "\ud83c\udf84": {
      "precision": 0.8695652173913043,
      "recall": 0.6451612903225806,
      "f1-score": 0.7407407407407407,
      "support": 31.0
    },
    "\ud83d\udc99": {
      "precision": 0.06666666666666667,
      "recall": 0.03225806451612903,
      "f1-score": 0.043478260869565216,
      "support": 31.0
    },
    "\ud83d\ude1c": {
      "precision": 0.2222222222222222,
      "recall": 0.1,
      "f1-score": 0.13793103448275862,
      "support": 20.0
    },
    "\ud83d\ude18": {
      "precision": 0.15384615384615385,
      "recall": 0.08333333333333333,
      "f1-score": 0.10810810810810811,
      "support": 24.0
    },
    "\ud83d\ude0e": {
      "precision": 0.0,
      "recall": 0.0,
      "f1-score": 0.0,
      "support": 40.0
    },
    "\ud83d\udc9c": {
      "precision": 0.5,
      "recall": 0.045454545454545456,
      "f1-score": 0.08333333333333333,
      "support": 22.0
    },
    "\ud83d\ude0d": {
      "precision": 0.10810810810810811,
      "recall": 0.041237113402061855,
      "f1-score": 0.05970149253731343,
      "support": 97.0
    },
    "micro avg": {
      "precision": 0.319634703196347,
      "recall": 0.14,
      "f1-score": 0.19471488178025034,
      "support": 1000.0
    },
    "macro avg": {
      "precision": 0.24787288644933742,
      "recall": 0.11360813314984833,
      "f1-score": 0.14533169659342532,
      "support": 1000.0
    },
    "weighted avg": {
      "precision": 0.3075426264234999,
      "recall": 0.14,
      "f1-score": 0.18507029675957493,
      "support": 1000.0
    }
  },
  "accuracy": 0.14,
  "confusion_matrix": [
    [
      3,
      0,
      0,
      1,
      0,
      0,
      0,
      0,
      0,
      0,
      1,
      11,
      0,
      0,
      0,
      0,
      2,
      0,
      0,
      4
    ],
    [
      0,
      0,
      0,
      1,
      0,
      1,
      1,
      1,
      0,
      0,
      0,
      0,
      2,
      0,
      1,
      0,
      0,
      0,
      0,
      1
    ],
    [
      0,
      0,
      0,
      3,
      0,
      0,
      0,
      0,
      0,
      0,
      1,
      1,
      1,
      1,
      1,
      0,
      0,
      0,
      0,
      2
    ],
    [
      0,
      0,
      0,
      5,
      0,
      0,
      0,
      1,
      0,
      0,
      0,
      3,
      1,
      0,
      1,
      1,
      0,
      1,
      0,
      0
    ],
    [
      0,
      0,
      0,
      4,
      3,
      3,
      2,
      2,
      1,
      0,
      0,
      1,
      1,
      0,
      0,
      0,
      0,
      1,
      0,
      0
    ],
    [
      0,
      0,
      0,
      1,
      3,
      0,
      0,
      0,
      0,
      0,
      0,
      0,
      0,
      0,
      1,
      0,
      0,
      0,
      0,
      1
    ],
    [
      2,
      0,
      0,
      10,
      3,
      0,
      12,
      1,
      0,
      0,
      6,
      3,
      0,
      0,
      0,
      3,
      0,
      1,
      0,
      2
    ],
    [
      0,
      0,
      0,
      1,
      0,
      0,
      0,
      6,
      0,
      0,
      0,
      2,
      0,
      0,
      0,
      0,
      0,
      0,
      0,
      0
    ],
    [
      0,
      0,
      0,
      7,
      0,
      0,
      0,
      0,
      0,
      1,
      0,
      0,
      0,
      0,
      1,
      0,
      0,
      0,
      0,
      2
    ],
    [
      0,
      0,
      1,
      7,
      1,
      1,
      0,
      0,
      0,
      4,
      0,
      5,
      1,
      0,
      1,
      0,
      0,
      0,
      0,
      1
    ],
    [
      0,
      0,
      0,
      3,
      1,
      0,
      2,
      0,
      0,
      0,
      16,
      2,
      0,
      0,
      2,
      1,
      2,
      0,
      0,
      1
    ],
    [
      5,
      0,
      0,
      12,
      1,
      2,
      3,
      0,
      0,
      4,
      2,
      56,
      0,
      1,
      3,
      0,
      5,
      0,
      1,
      13
    ],
    [
      0,
      0,
      0,
      2,
      0,
      1,
      0,
      1,
      0,
      1,
      0,
      2,
      5,
      0,
      0,
      0,
      0,
      1,
      0,
      0
    ],
    [
      0,
      0,
      0,
      1,
      0,
      0,
      1,
      0,
      0,
      0,
      2,
      2,
      0,
      20,
      0,
      0,
      0,
      0,
      0,
      0
    ],
    [
      2,
      0,
      1,
      2,
      0,
      0,
      0,
      0,
      0,
      0,
      0,
      4,
      1,
      0,
      1,
      0,
      0,
      0,
      0,
      4
    ],
    [
      0,
      0,
      0,
      2,
      0,
      0,
      1,
      0,
      0,
      0,
      1,
      1,
      0,
      0,
      0,
      2,
      0,
      0,
      0,
      0
    ],
    [
      0,
      0,
      0,
      3,
      0,
      0,
      0,
      0,
      0,
      0,
      0,
      5,
      0,
      1,
      0,
      1,
      2,
      0,
      0,
      1
    ],
    [
      0,
      0,
      0,
      5,
      0,
      0,
      2,
      1,
      0,
      1,
      2,
      2,
      0,
      0,
      0,
      1,
      0,
      0,
      0,
      1
    ],
    [
      0,
      0,
      0,
      3,
      0,
      0,
      0,
      0,
      0,
      0,
      1,
      4,
      0,
      0,
      2,
      0,
      0,
      0,
      1,
      0
    ],
    [
      1,
      0,
      1,
      8,
      1,
      0,
      4,
      1,
      0,
      1,
      2,
      9,
      2,
      0,
      1,
      0,
      2,
      1,
      0,
      4
    ]
  ],
  "labels": [
    "\ud83d\udc95",
    "\ud83d\udcaf",
    "\ud83d\ude09",
    "\ud83d\ude0a",
    "\ud83d\udcf8",
    "\ud83d\udcf7",
    "\ud83d\ude02",
    "\u2600",
    "\ud83d\ude01",
    "\u2728",
    "\ud83d\udd25",
    "\u2764",
    "\ud83c\uddfa\ud83c\uddf8",
    "\ud83c\udf84",
    "\ud83d\udc99",
    "\ud83d\ude1c",
    "\ud83d\ude18",
    "\ud83d\ude0e",
    "\ud83d\udc9c",
    "\ud83d\ude0d"
  ]
}