{
  "classification_report": {
    "\ud83d\udc99": {
      "precision": 0.06976744186046512,
      "recall": 0.0967741935483871,
      "f1-score": 0.08108108108108109,
      "support": 31.0
    },
    "\ud83c\uddfa\ud83c\uddf8": {
      "precision": 0.1875,
      "recall": 0.07692307692307693,
      "f1-score": 0.10909090909090909,
      "support": 39.0
    },
    "\ud83d\udcf7": {
      "precision": 0.14814814814814814,
      "recall": 0.13793103448275862,
      "f1-score": 0.14285714285714285,
      "support": 29.0
    },
    "\ud83d\udcaf": {
      "precision": 0.5,
      "recall": 0.04,
      "f1-score": 0.07407407407407407,
      "support": 25.0
    },
    "\ud83d\ude01": {
      "precision": 0.0,
      "recall": 0.0,
      "f1-score": 0.0,
      "support": 23.0
    },
    "\ud83d\ude09": {
      "precision": 0.0,
      "recall": 0.0,
      "f1-score": 0.0,
      "support": 26.0
    },
    "\u2728": {
      "precision": 0.21428571428571427,
      "recall": 0.05454545454545454,
      "f1-score": 0.08695652173913043,
      "support": 55.0
    },
    "\ud83d\udc95": {
      "precision": 0.2,
      "recall": 0.038461538461538464,
      "f1-score": 0.06451612903225806,
      "support": 52.0
    },
    "\u2600": {
      "precision": 0.21568627450980393,
      "recall": 0.44,
      "f1-score": 0.2894736842105263,
      "support": 25.0
    },
    "\ud83d\ude0a": {
      "precision": 0.09803921568627451,
      "recall": 0.3125,
      "f1-score": 0.14925373134328357,
      "support": 32.0
    },
    "\ud83d\udd25": {
      "precision": 0.49230769230769234,
      "recall": 0.43243243243243246,
      "f1-score": 0.460431654676259,
      "support": 74.0
    },
    "\ud83d\ude18": {
      "precision": 0.125,
      "recall": 0.125,
      "f1-score": 0.125,
      "support": 24.0
    },
    "\ud83d\udcf8": {
      "precision": 0.2222222222222222,
      "recall": 0.041666666666666664,
      "f1-score": 0.07017543859649122,
      "support": 48.0
    },
    "\ud83c\udf84": {
      "precision": 0.6756756756756757,
      "recall": 0.8064516129032258,
      "f1-score": 0.7352941176470589,
      "support": 31.0
    },
    "\ud83d\ude1c": {
      "precision": 0.03636363636363636,
      "recall": 0.1,
      "f1-score": 0.05333333333333334,
      "support": 20.0
    },
    "\u2764": {
      "precision": 0.44150943396226416,
      "recall": 0.5416666666666666,
      "f1-score": 0.4864864864864865,
      "support": 216.0
    },
    "\ud83d\ude0d": {
      "precision": 0.2948717948717949,
      "recall": 0.23711340206185566,
      "f1-score": 0.26285714285714284,
      "support": 97.0
    },
    "\ud83d\ude02": {
      "precision": 0.45454545454545453,
      "recall": 0.21978021978021978,
      "f1-score": 0.2962962962962963,
      "support": 91.0
    },
    "\ud83d\udc9c": {
      "precision": 0.0,
      "recall": 0.0,
      "f1-score": 0.0,
      "support": 22.0
    },
    "\ud83d\ude0e": {
      "precision": 0.25,
      "recall": 0.05,
      "f1-score": 0.08333333333333333,
      "support": 40.0
    },
    "micro avg": {
      "precision": 0.30652680652680653,
      "recall": 0.263,
      "f1-score": 0.2831001076426265,
      "support": 1000.0
    },
    "macro avg": {
      "precision": 0.2312961352219573,
      "recall": 0.18756231492361414,
      "f1-score": 0.17852555383274035,
      "support": 1000.0
    },
    "weighted avg": {
      "precision": 0.304089605817095,
      "recall": 0.263,
      "f1-score": 0.2580888449232663,
      "support": 1000.0
    }
  },
  "accuracy": 0.263,
  "confusion_matrix": [
    [
      3,
      2,
      1,
      0,
      0,
      0,
      1,
      0,
      0,
      3,
      0,
      1,
      1,
      0,
      1,
      15,
      1,
      0,
      0,
      0
    ],
    [
      3,
      3,
      1,
      0,
      0,
      0,
      0,
      0,
      2,
      3,
      2,
      0,
      0,
      3,
      1,
      10,
      2,
      0,
      0,
      0
    ],
    [
      0,
      0,
      4,
      0,
      0,
      0,
      0,
      0,
      1,
      1,
      1,
      0,
      1,
      1,
      3,
      5,
      1,
      6,
      0,
      0
    ],
    [
      1,
      1,
      2,
      1,
      0,
      0,
      0,
      0,
      2,
      4,
      4,
      0,
      0,
      0,
      2,
      3,
      0,
      1,
      0,
      0
    ],
    [
      1,
      0,
      0,
      0,
      0,
      1,
      1,
      0,
      0,
      5,
      0,
      0,
      0,
      0,
      4,
      5,
      1,
      1,
      0,
      0
    ],
    [
      1,
      0,
      0,
      0,
      0,
      0,
      0,
      0,
      3,
      2,
      0,
      1,
      0,
      1,
      4,
      4,
      4,
      1,
      0,
      0
    ],
    [
      4,
      0,
      0,
      0,
      0,
      0,
      3,
      0,
      2,
      6,
      1,
      2,
      0,
      0,
      3,
      17,
      5,
      1,
      0,
      0
    ],
    [
      2,
      0,
      0,
      0,
      0,
      0,
      1,
      2,
      3,
      1,
      2,
      4,
      0,
      1,
      0,
      23,
      4,
      0,
      0,
      1
    ],
    [
      0,
      1,
      0,
      0,
      0,
      0,
      0,
      0,
      11,
      0,
      1,
      2,
      0,
      0,
      1,
      5,
      1,
      0,
      0,
      0
    ],
    [
      0,
      1,
      0,
      0,
      0,
      0,
      1,
      0,
      3,
      10,
      0,
      1,
      0,
      0,
      2,
      6,
      2,
      0,
      0,
      1
    ],
    [
      5,
      1,
      3,
      1,
      0,
      0,
      1,
      0,
      3,
      4,
      32,
      0,
      0,
      1,
      2,
      7,
      3,
      3,
      0,
      0
    ],
    [
      2,
      0,
      0,
      0,
      0,
      1,
      0,
      0,
      1,
      4,
      0,
      3,
      1,
      1,
      3,
      5,
      1,
      0,
      0,
      0
    ],
    [
      2,
      1,
      7,
      0,
      0,
      2,
      0,
      1,
      2,
      9,
      3,
      0,
      2,
      0,
      5,
      3,
      3,
      3,
      0,
      1
    ],
    [
      0,
      0,
      0,
      0,
      0,
      1,
      0,
      0,
      0,
      0,
      1,
      0,
      0,
      25,
      0,
      2,
      0,
      1,
      0,
      0
    ],
    [
      1,
      0,
      0,
      0,
      0,
      0,
      0,
      0,
      0,
      3,
      2,
      1,
      0,
      0,
      2,
      1,
      1,
      3,
      0,
      0
    ],
    [
      7,
      0,
      4,
      0,
      0,
      0,
      3,
      5,
      10,
      14,
      7,
      4,
      2,
      1,
      2,
      117,
      19,
      1,
      0,
      0
    ],
    [
      5,
      3,
      4,
      0,
      0,
      0,
      1,
      0,
      4,
      12,
      3,
      3,
      0,
      1,
      5,
      16,
      23,
      1,
      0,
      1
    ],
    [
      3,
      2,
      1,
      0,
      0,
      3,
      0,
      0,
      1,
      15,
      5,
      1,
      1,
      0,
      14,
      7,
      3,
      20,
      0,
      1
    ],
    [
      1,
      0,
      0,
      0,
      0,
      0,
      1,
      2,
      0,
      0,
      0,
      1,
      1,
      0,
      1,
      9,
      2,
      0,
      0,
      1
    ],
    [
      2,
      1,
      0,
      0,
      0,
      0,
      1,
      0,
      3,
      6,
      1,
      0,
      0,
      2,
      0,
      5,
      2,
      2,
      0,
      2
    ]
  ],
  "labels": [
    "\ud83d\udc99",
    "\ud83c\uddfa\ud83c\uddf8",
    "\ud83d\udcf7",
    "\ud83d\udcaf",
    "\ud83d\ude01",
    "\ud83d\ude09",
    "\u2728",
    "\ud83d\udc95",
    "\u2600",
    "\ud83d\ude0a",
    "\ud83d\udd25",
    "\ud83d\ude18",
    "\ud83d\udcf8",
    "\ud83c\udf84",
    "\ud83d\ude1c",
    "\u2764",
    "\ud83d\ude0d",
    "\ud83d\ude02",
    "\ud83d\udc9c",
    "\ud83d\ude0e"
  ]
}