{
  "classification_report": {
    "\ud83d\ude02": {
      "precision": 0.35294117647058826,
      "recall": 0.06593406593406594,
      "f1-score": 0.1111111111111111,
      "support": 91.0
    },
    "\ud83d\udcaf": {
      "precision": 0.0,
      "recall": 0.0,
      "f1-score": 0.0,
      "support": 25.0
    },
    "\ud83d\udd25": {
      "precision": 0.4444444444444444,
      "recall": 0.10810810810810811,
      "f1-score": 0.17391304347826086,
      "support": 74.0
    },
    "\ud83d\ude0d": {
      "precision": 0.20512820512820512,
      "recall": 0.08247422680412371,
      "f1-score": 0.11764705882352941,
      "support": 97.0
    },
    "\ud83c\uddfa\ud83c\uddf8": {
      "precision": 0.14285714285714285,
      "recall": 0.05128205128205128,
      "f1-score": 0.07547169811320754,
      "support": 39.0
    },
    "\ud83d\udcf7": {
      "precision": 0.0,
      "recall": 0.0,
      "f1-score": 0.0,
      "support": 29.0
    },
    "\ud83d\udcf8": {
      "precision": 0.25,
      "recall": 0.041666666666666664,
      "f1-score": 0.07142857142857142,
      "support": 48.0
    },
    "\ud83d\ude0e": {
      "precision": 0.0,
      "recall": 0.0,
      "f1-score": 0.0,
      "support": 40.0
    },
    "\ud83d\ude18": {
      "precision": 0.0,
      "recall": 0.0,
      "f1-score": 0.0,
      "support": 24.0
    },
    "\u2764": {
      "precision": 0.41911764705882354,
      "recall": 0.2638888888888889,
      "f1-score": 0.32386363636363635,
      "support": 216.0
    },
    "\u2728": {
      "precision": 0.14285714285714285,
      "recall": 0.01818181818181818,
      "f1-score": 0.03225806451612903,
      "support": 55.0
    },
    "\ud83d\ude0a": {
      "precision": 0.05,
      "recall": 0.125,
      "f1-score": 0.07142857142857142,
      "support": 32.0
    },
    "\u2600": {
      "precision": 0.45454545454545453,
      "recall": 0.2,
      "f1-score": 0.2777777777777778,
      "support": 25.0
    },
    "\ud83d\ude1c": {
      "precision": 0.1,
      "recall": 0.05,
      "f1-score": 0.06666666666666667,
      "support": 20.0
    },
    "\ud83d\ude09": {
      "precision": 0.0,
      "recall": 0.0,
      "f1-score": 0.0,
      "support": 26.0
    },
    "\ud83d\udc95": {
      "precision": 0.1111111111111111,
      "recall": 0.038461538461538464,
      "f1-score": 0.05714285714285714,
      "support": 52.0
    },
    "\ud83d\udc99": {
      "precision": 0.125,
      "recall": 0.06451612903225806,
      "f1-score": 0.0851063829787234,
      "support": 31.0
    },
    "\ud83d\ude01": {
      "precision": 0.0,
      "recall": 0.0,
      "f1-score": 0.0,
      "support": 23.0
    },
    "\ud83d\udc9c": {
      "precision": 0.0,
      "recall": 0.0,
      "f1-score": 0.0,
      "support": 22.0
    },
    "\ud83c\udf84": {
      "precision": 0.75,
      "recall": 0.5806451612903226,
      "f1-score": 0.6545454545454545,
      "support": 31.0
    },
    "micro avg": {
      "precision": 0.27230046948356806,
      "recall": 0.116,
      "f1-score": 0.16269284712482468,
      "support": 1000.0
    },
    "macro avg": {
      "precision": 0.17740011622364565,
      "recall": 0.08450793273249209,
      "f1-score": 0.10591804471872483,
      "support": 1000.0
    },
    "weighted avg": {
      "precision": 0.2487283691798398,
      "recall": 0.116,
      "f1-score": 0.14895727529047398,
      "support": 1000.0
    }
  },
  "accuracy": 0.116,
  "confusion_matrix": [
    [
      6,
      1,
      3,
      2,
      0,
      1,
      2,
      0,
      1,
      4,
      0,
      10,
      0,
      4,
      1,
      0,
      0,
      0,
      0,
      0
    ],
    [
      1,
      0,
      0,
      2,
      1,
      0,
      0,
      0,
      0,
      1,
      0,
      1,
      0,
      0,
      0,
      0,
      1,
      0,
      0,
      0
    ],
    [
      1,
      0,
      8,
      1,
      0,
      1,
      0,
      0,
      0,
      9,
      0,
      1,
      2,
      1,
      0,
      3,
      0,
      0,
      0,
      0
    ],
    [
      2,
      0,
      0,
      8,
      4,
      1,
      0,
      1,
      3,
      8,
      0,
      7,
      1,
      0,
      0,
      0,
      2,
      0,
      0,
      0
    ],
    [
      0,
      0,
      1,
      0,
      2,
      1,
      0,
      0,
      0,
      5,
      1,
      4,
      0,
      0,
      0,
      0,
      0,
      0,
      0,
      0
    ],
    [
      0,
      0,
      0,
      1,
      0,
      0,
      2,
      1,
      0,
      3,
      0,
      1,
      0,
      0,
      0,
      0,
      0,
      0,
      0,
      1
    ],
    [
      1,
      0,
      0,
      1,
      0,
      1,
      2,
      0,
      0,
      1,
      0,
      3,
      1,
      1,
      0,
      1,
      0,
      0,
      0,
      0
    ],
    [
      0,
      0,
      1,
      1,
      0,
      0,
      0,
      0,
      0,
      1,
      2,
      4,
      1,
      1,
      0,
      0,
      0,
      0,
      0,
      0
    ],
    [
      0,
      0,
      0,
      1,
      0,
      0,
      0,
      0,
      0,
      5,
      0,
      2,
      0,
      0,
      1,
      1,
      0,
      0,
      0,
      1
    ],
    [
      4,
      0,
      1,
      13,
      1,
      1,
      0,
      0,
      4,
      57,
      3,
      13,
      0,
      1,
      0,
      9,
      8,
      0,
      0,
      1
    ],
    [
      1,
      0,
      0,
      2,
      0,
      0,
      0,
      0,
      0,
      4,
      1,
      8,
      0,
      0,
      2,
      0,
      0,
      0,
      0,
      1
    ],
    [
      0,
      0,
      0,
      0,
      3,
      0,
      1,
      0,
      0,
      3,
      0,
      4,
      0,
      0,
      0,
      0,
      0,
      0,
      0,
      1
    ],
    [
      0,
      0,
      1,
      0,
      1,
      0,
      0,
      2,
      0,
      2,
      0,
      1,
      5,
      0,
      0,
      0,
      1,
      0,
      0,
      0
    ],
    [
      1,
      0,
      1,
      0,
      0,
      0,
      0,
      0,
      0,
      2,
      0,
      1,
      0,
      1,
      0,
      0,
      1,
      0,
      0,
      0
    ],
    [
      0,
      0,
      0,
      2,
      0,
      0,
      1,
      0,
      0,
      0,
      0,
      2,
      0,
      0,
      0,
      1,
      0,
      0,
      0,
      0
    ],
    [
      0,
      0,
      1,
      1,
      0,
      1,
      0,
      1,
      0,
      16,
      0,
      4,
      1,
      0,
      0,
      2,
      0,
      0,
      0,
      0
    ],
    [
      0,
      0,
      0,
      1,
      2,
      0,
      0,
      0,
      1,
      6,
      0,
      3,
      0,
      0,
      0,
      0,
      2,
      0,
      0,
      0
    ],
    [
      0,
      0,
      0,
      0,
      0,
      0,
      0,
      0,
      0,
      2,
      0,
      5,
      0,
      1,
      1,
      1,
      1,
      0,
      0,
      1
    ],
    [
      0,
      0,
      0,
      1,
      0,
      1,
      0,
      0,
      0,
      3,
      0,
      6,
      0,
      0,
      0,
      0,
      0,
      0,
      0,
      0
    ],
    [
      0,
      0,
      1,
      2,
      0,
      0,
      0,
      0,
      0,
      4,
      0,
      0,
      0,
      0,
      0,
      0,
      0,
      0,
      0,
      18
    ]
  ],
  "labels": [
    "\ud83d\ude02",
    "\ud83d\udcaf",
    "\ud83d\udd25",
    "\ud83d\ude0d",
    "\ud83c\uddfa\ud83c\uddf8",
    "\ud83d\udcf7",
    "\ud83d\udcf8",
    "\ud83d\ude0e",
    "\ud83d\ude18",
    "\u2764",
    "\u2728",
    "\ud83d\ude0a",
    "\u2600",
    "\ud83d\ude1c",
    "\ud83d\ude09",
    "\ud83d\udc95",
    "\ud83d\udc99",
    "\ud83d\ude01",
    "\ud83d\udc9c",
    "\ud83c\udf84"
  ]
}