{
  "classification_report": {
    "\ud83d\udc9c": {
      "precision": 0.0,
      "recall": 0.0,
      "f1-score": 0.0,
      "support": 22.0
    },
    "\ud83d\ude0e": {
      "precision": 0.0,
      "recall": 0.0,
      "f1-score": 0.0,
      "support": 40.0
    },
    "\u2728": {
      "precision": 0.043478260869565216,
      "recall": 0.01818181818181818,
      "f1-score": 0.02564102564102564,
      "support": 55.0
    },
    "\ud83d\ude0d": {
      "precision": 0.2,
      "recall": 0.010309278350515464,
      "f1-score": 0.0196078431372549,
      "support": 97.0
    },
    "\ud83c\udf84": {
      "precision": 0.4,
      "recall": 0.06451612903225806,
      "f1-score": 0.1111111111111111,
      "support": 31.0
    },
    "\ud83d\udcaf": {
      "precision": 0.0,
      "recall": 0.0,
      "f1-score": 0.0,
      "support": 25.0
    },
    "\ud83d\udd25": {
      "precision": 0.42857142857142855,
      "recall": 0.12162162162162163,
      "f1-score": 0.18947368421052632,
      "support": 74.0
    },
    "\ud83d\ude0a": {
      "precision": 0.03,
      "recall": 0.28125,
      "f1-score": 0.05421686746987952,
      "support": 32.0
    },
    "\ud83d\udc99": {
      "precision": 0.16666666666666666,
      "recall": 0.03225806451612903,
      "f1-score": 0.05405405405405406,
      "support": 31.0
    },
    "\ud83d\ude02": {
      "precision": 0.3088235294117647,
      "recall": 0.23076923076923078,
      "f1-score": 0.2641509433962264,
      "support": 91.0
    },
    "\ud83d\ude1c": {
      "precision": 0.0,
      "recall": 0.0,
      "f1-score": 0.0,
      "support": 20.0
    },
    "\ud83c\uddfa\ud83c\uddf8": {
      "precision": 0.0,
      "recall": 0.0,
      "f1-score": 0.0,
      "support": 39.0
    },
    "\ud83d\udcf7": {
      "precision": 0.0,
      "recall": 0.0,
      "f1-score": 0.0,
      "support": 29.0
    },
    "\ud83d\udcf8": {
      "precision": 0.09523809523809523,
      "recall": 0.125,
      "f1-score": 0.10810810810810811,
      "support": 48.0
    },
    "\ud83d\ude09": {
      "precision": 0.0,
      "recall": 0.0,
      "f1-score": 0.0,
      "support": 26.0
    },
    "\u2764": {
      "precision": 0.5,
      "recall": 0.004629629629629629,
      "f1-score": 0.009174311926605505,
      "support": 216.0
    },
    "\ud83d\ude01": {
      "precision": 0.0,
      "recall": 0.0,
      "f1-score": 0.0,
      "support": 23.0
    },
    "\u2600": {
      "precision": 0.2,
      "recall": 0.12,
      "f1-score": 0.15,
      "support": 25.0
    },
    "\ud83d\ude18": {
      "precision": 0.5,
      "recall": 0.041666666666666664,
      "f1-score": 0.07692307692307693,
      "support": 24.0
    },
    "\ud83d\udc95": {
      "precision": 0.10344827586206896,
      "recall": 0.057692307692307696,
      "f1-score": 0.07407407407407407,
      "support": 52.0
    },
    "micro avg": {
      "precision": 0.10229276895943562,
      "recall": 0.058,
      "f1-score": 0.07402680280791321,
      "support": 1000.0
    },
    "macro avg": {
      "precision": 0.14881131283097948,
      "recall": 0.055394737323008855,
      "f1-score": 0.05682675500259713,
      "support": 1000.0
    },
    "weighted avg": {
      "precision": 0.23508593682150522,
      "recall": 0.058,
      "f1-score": 0.06484491181770363,
      "support": 1000.0
    }
  },
  "accuracy": 0.058,
  "confusion_matrix": [
    [
      0,
      2,
      1,
      0,
      0,
      0,
      0,
      7,
      0,
      1,
      0,
      0,
      0,
      1,
      0,
      1,
      0,
      0,
      0,
      0
    ],
    [
      0,
      0,
      1,
      1,
      0,
      0,
      1,
      10,
      0,
      3,
      0,
      0,
      0,
      2,
      0,
      0,
      0,
      1,
      0,
      0
    ],
    [
      1,
      1,
      1,
      0,
      0,
      0,
      1,
      23,
      0,
      2,
      0,
      0,
      0,
      3,
      0,
      0,
      0,
      0,
      0,
      1
    ],
    [
      1,
      3,
      2,
      1,
      0,
      1,
      1,
      35,
      0,
      3,
      0,
      0,
      0,
      8,
      0,
      0,
      0,
      2,
      1,
      4
    ],
    [
      0,
      0,
      0,
      0,
      2,
      0,
      1,
      8,
      0,
      1,
      0,
      0,
      0,
      1,
      0,
      0,
      0,
      0,
      0,
      0
    ],
    [
      0,
      1,
      0,
      0,
      0,
      0,
      0,
      6,
      0,
      3,
      0,
      0,
      0,
      2,
      0,
      0,
      0,
      0,
      0,
      1
    ],
    [
      1,
      2,
      3,
      1,
      0,
      0,
      9,
      13,
      0,
      7,
      0,
      0,
      0,
      11,
      0,
      0,
      1,
      0,
      0,
      0
    ],
    [
      0,
      2,
      0,
      0,
      0,
      0,
      0,
      9,
      0,
      1,
      0,
      0,
      0,
      2,
      0,
      0,
      0,
      1,
      0,
      0
    ],
    [
      1,
      0,
      1,
      0,
      0,
      0,
      2,
      13,
      1,
      0,
      0,
      0,
      0,
      0,
      0,
      0,
      0,
      1,
      0,
      2
    ],
    [
      0,
      2,
      2,
      0,
      0,
      0,
      1,
      24,
      0,
      21,
      0,
      0,
      0,
      4,
      0,
      0,
      0,
      2,
      0,
      1
    ],
    [
      0,
      0,
      0,
      1,
      0,
      0,
      1,
      5,
      1,
      1,
      0,
      0,
      0,
      0,
      0,
      0,
      0,
      0,
      0,
      0
    ],
    [
      0,
      0,
      3,
      0,
      0,
      0,
      0,
      9,
      0,
      1,
      0,
      0,
      0,
      3,
      0,
      0,
      0,
      0,
      0,
      0
    ],
    [
      0,
      0,
      0,
      0,
      1,
      0,
      0,
      4,
      0,
      2,
      0,
      0,
      0,
      7,
      0,
      0,
      0,
      1,
      0,
      0
    ],
    [
      0,
      0,
      2,
      0,
      0,
      0,
      1,
      10,
      0,
      5,
      0,
      0,
      0,
      6,
      0,
      0,
      0,
      0,
      0,
      0
    ],
    [
      0,
      0,
      0,
      0,
      0,
      0,
      0,
      10,
      0,
      2,
      0,
      0,
      0,
      2,
      0,
      0,
      0,
      0,
      0,
      0
    ],
    [
      0,
      4,
      4,
      1,
      2,
      0,
      2,
      70,
      3,
      10,
      1,
      0,
      0,
      6,
      0,
      1,
      1,
      4,
      0,
      16
    ],
    [
      0,
      0,
      0,
      0,
      0,
      0,
      1,
      12,
      0,
      1,
      0,
      0,
      0,
      1,
      0,
      0,
      0,
      0,
      0,
      0
    ],
    [
      0,
      2,
      0,
      0,
      0,
      0,
      0,
      7,
      0,
      1,
      0,
      0,
      0,
      1,
      0,
      0,
      0,
      3,
      0,
      0
    ],
    [
      0,
      0,
      0,
      0,
      0,
      0,
      0,
      9,
      0,
      3,
      0,
      0,
      0,
      0,
      0,
      0,
      0,
      0,
      1,
      1
    ],
    [
      0,
      1,
      3,
      0,
      0,
      0,
      0,
      16,
      1,
      0,
      0,
      0,
      0,
      3,
      0,
      0,
      0,
      0,
      0,
      3
    ]
  ],
  "labels": [
    "\ud83d\udc9c",
    "\ud83d\ude0e",
    "\u2728",
    "\ud83d\ude0d",
    "\ud83c\udf84",
    "\ud83d\udcaf",
    "\ud83d\udd25",
    "\ud83d\ude0a",
    "\ud83d\udc99",
    "\ud83d\ude02",
    "\ud83d\ude1c",
    "\ud83c\uddfa\ud83c\uddf8",
    "\ud83d\udcf7",
    "\ud83d\udcf8",
    "\ud83d\ude09",
    "\u2764",
    "\ud83d\ude01",
    "\u2600",
    "\ud83d\ude18",
    "\ud83d\udc95"
  ]
}