{
  "classification_report": {
    "\ud83d\ude18": {
      "precision": 0.0,
      "recall": 0.0,
      "f1-score": 0.0,
      "support": 24.0
    },
    "\ud83d\ude0a": {
      "precision": 0.06666666666666667,
      "recall": 0.125,
      "f1-score": 0.08695652173913043,
      "support": 32.0
    },
    "\u2600": {
      "precision": 0.3333333333333333,
      "recall": 0.16,
      "f1-score": 0.21621621621621623,
      "support": 25.0
    },
    "\ud83d\ude0d": {
      "precision": 0.0625,
      "recall": 0.020618556701030927,
      "f1-score": 0.031007751937984496,
      "support": 97.0
    },
    "\u2728": {
      "precision": 0.36363636363636365,
      "recall": 0.07272727272727272,
      "f1-score": 0.12121212121212122,
      "support": 55.0
    },
    "\ud83d\ude01": {
      "precision": 0.0,
      "recall": 0.0,
      "f1-score": 0.0,
      "support": 23.0
    },
    "\ud83d\ude0e": {
      "precision": 0.0,
      "recall": 0.0,
      "f1-score": 0.0,
      "support": 40.0
    },
    "\ud83d\udc9c": {
      "precision": 0.0,
      "recall": 0.0,
      "f1-score": 0.0,
      "support": 22.0
    },
    "\ud83c\udf84": {
      "precision": 0.7391304347826086,
      "recall": 0.5483870967741935,
      "f1-score": 0.6296296296296297,
      "support": 31.0
    },
    "\ud83d\ude1c": {
      "precision": 0.3,
      "recall": 0.15,
      "f1-score": 0.2,
      "support": 20.0
    },
    "\u2764": {
      "precision": 0.3173076923076923,
      "recall": 0.1527777777777778,
      "f1-score": 0.20625,
      "support": 216.0
    },
    "\ud83d\ude09": {
      "precision": 0.0,
      "recall": 0.0,
      "f1-score": 0.0,
      "support": 26.0
    },
    "\ud83d\udcf7": {
      "precision": 0.0,
      "recall": 0.0,
      "f1-score": 0.0,
      "support": 29.0
    },
    "\ud83d\udcaf": {
      "precision": 0.0,
      "recall": 0.0,
      "f1-score": 0.0,
      "support": 25.0
    },
    "\ud83d\udc99": {
      "precision": 0.16666666666666666,
      "recall": 0.0967741935483871,
      "f1-score": 0.12244897959183673,
      "support": 31.0
    },
    "\ud83d\udcf8": {
      "precision": 0.058823529411764705,
      "recall": 0.020833333333333332,
      "f1-score": 0.03076923076923077,
      "support": 48.0
    },
    "\ud83c\uddfa\ud83c\uddf8": {
      "precision": 0.3333333333333333,
      "recall": 0.05128205128205128,
      "f1-score": 0.08888888888888889,
      "support": 39.0
    },
    "\ud83d\udc95": {
      "precision": 0.23076923076923078,
      "recall": 0.057692307692307696,
      "f1-score": 0.09230769230769231,
      "support": 52.0
    },
    "\ud83d\ude02": {
      "precision": 0.47619047619047616,
      "recall": 0.10989010989010989,
      "f1-score": 0.17857142857142858,
      "support": 91.0
    },
    "\ud83d\udd25": {
      "precision": 0.47368421052631576,
      "recall": 0.12162162162162163,
      "f1-score": 0.1935483870967742,
      "support": 74.0
    },
    "micro avg": {
      "precision": 0.2526595744680851,
      "recall": 0.095,
      "f1-score": 0.1380813953488372,
      "support": 1000.0
    },
    "macro avg": {
      "precision": 0.19610209688122263,
      "recall": 0.0843802160674043,
      "f1-score": 0.10989034239804665,
      "support": 1000.0
    },
    "weighted avg": {
      "precision": 0.24535683267410113,
      "recall": 0.095,
      "f1-score": 0.13004303998032524,
      "support": 1000.0
    }
  },
  "accuracy": 0.095,
  "confusion_matrix": [
    [
      0,
      3,
      0,
      1,
      0,
      0,
      0,
      0,
      1,
      0,
      3,
      1,
      0,
      0,
      1,
      0,
      0,
      1,
      0,
      1
    ],
    [
      0,
      4,
      0,
      1,
      1,
      0,
      0,
      0,
      0,
      0,
      4,
      0,
      0,
      0,
      1,
      0,
      0,
      0,
      1,
      0
    ],
    [
      0,
      0,
      4,
      0,
      0,
      0,
      1,
      0,
      0,
      1,
      4,
      0,
      0,
      0,
      1,
      0,
      1,
      0,
      0,
      0
    ],
    [
      3,
      3,
      0,
      2,
      1,
      0,
      1,
      0,
      0,
      1,
      8,
      1,
      0,
      0,
      3,
      0,
      1,
      0,
      3,
      0
    ],
    [
      0,
      6,
      1,
      0,
      4,
      0,
      0,
      0,
      1,
      0,
      3,
      0,
      0,
      0,
      1,
      0,
      0,
      0,
      0,
      1
    ],
    [
      0,
      3,
      0,
      0,
      0,
      0,
      0,
      0,
      0,
      0,
      3,
      0,
      0,
      0,
      0,
      1,
      0,
      0,
      0,
      0
    ],
    [
      0,
      4,
      0,
      0,
      0,
      0,
      0,
      0,
      1,
      1,
      1,
      0,
      1,
      0,
      0,
      0,
      1,
      0,
      0,
      0
    ],
    [
      0,
      3,
      0,
      0,
      0,
      0,
      1,
      0,
      0,
      0,
      2,
      0,
      0,
      0,
      0,
      1,
      0,
      1,
      0,
      0
    ],
    [
      0,
      0,
      0,
      1,
      0,
      0,
      0,
      0,
      17,
      1,
      3,
      0,
      0,
      0,
      0,
      0,
      0,
      0,
      0,
      0
    ],
    [
      0,
      0,
      0,
      0,
      0,
      0,
      0,
      0,
      0,
      3,
      1,
      1,
      0,
      0,
      1,
      1,
      0,
      0,
      0,
      0
    ],
    [
      2,
      10,
      2,
      13,
      2,
      0,
      1,
      0,
      1,
      0,
      33,
      0,
      1,
      0,
      5,
      6,
      0,
      8,
      2,
      2
    ],
    [
      1,
      2,
      0,
      1,
      0,
      1,
      0,
      0,
      0,
      1,
      4,
      0,
      0,
      0,
      0,
      0,
      0,
      0,
      0,
      0
    ],
    [
      0,
      1,
      0,
      2,
      0,
      0,
      1,
      0,
      1,
      0,
      2,
      0,
      0,
      0,
      0,
      1,
      0,
      0,
      0,
      1
    ],
    [
      0,
      1,
      0,
      2,
      0,
      0,
      0,
      0,
      0,
      0,
      0,
      0,
      0,
      0,
      0,
      0,
      0,
      0,
      1,
      0
    ],
    [
      1,
      0,
      1,
      2,
      0,
      0,
      0,
      0,
      0,
      0,
      6,
      0,
      1,
      0,
      3,
      1,
      1,
      0,
      0,
      0
    ],
    [
      0,
      4,
      1,
      0,
      1,
      0,
      0,
      0,
      0,
      0,
      1,
      0,
      2,
      0,
      1,
      1,
      0,
      0,
      3,
      2
    ],
    [
      0,
      2,
      0,
      0,
      0,
      0,
      0,
      0,
      0,
      0,
      9,
      0,
      1,
      0,
      1,
      0,
      2,
      0,
      0,
      1
    ],
    [
      1,
      5,
      1,
      5,
      2,
      0,
      0,
      0,
      1,
      0,
      9,
      0,
      0,
      0,
      0,
      1,
      0,
      3,
      0,
      0
    ],
    [
      1,
      8,
      0,
      1,
      0,
      0,
      0,
      0,
      0,
      2,
      2,
      2,
      1,
      0,
      0,
      3,
      0,
      0,
      10,
      2
    ],
    [
      0,
      1,
      2,
      1,
      0,
      0,
      3,
      0,
      0,
      0,
      6,
      0,
      0,
      0,
      0,
      1,
      0,
      0,
      1,
      9
    ]
  ],
  "labels": [
    "\ud83d\ude18",
    "\ud83d\ude0a",
    "\u2600",
    "\ud83d\ude0d",
    "\u2728",
    "\ud83d\ude01",
    "\ud83d\ude0e",
    "\ud83d\udc9c",
    "\ud83c\udf84",
    "\ud83d\ude1c",
    "\u2764",
    "\ud83d\ude09",
    "\ud83d\udcf7",
    "\ud83d\udcaf",
    "\ud83d\udc99",
    "\ud83d\udcf8",
    "\ud83c\uddfa\ud83c\uddf8",
    "\ud83d\udc95",
    "\ud83d\ude02",
    "\ud83d\udd25"
  ]
}