{
  "classification_report": {
    "\ud83d\udcf7": {
      "precision": 0.0,
      "recall": 0.0,
      "f1-score": 0.0,
      "support": 29.0
    },
    "\ud83d\ude0d": {
      "precision": 0.3333333333333333,
      "recall": 0.041237113402061855,
      "f1-score": 0.07339449541284404,
      "support": 97.0
    },
    "\ud83d\ude01": {
      "precision": 0.0,
      "recall": 0.0,
      "f1-score": 0.0,
      "support": 23.0
    },
    "\ud83d\udd25": {
      "precision": 0.2894736842105263,
      "recall": 0.14864864864864866,
      "f1-score": 0.19642857142857142,
      "support": 74.0
    },
    "\ud83d\udc95": {
      "precision": 0.14285714285714285,
      "recall": 0.057692307692307696,
      "f1-score": 0.0821917808219178,
      "support": 52.0
    },
    "\ud83d\ude0a": {
      "precision": 0.05825242718446602,
      "recall": 0.5625,
      "f1-score": 0.10557184750733138,
      "support": 32.0
    },
    "\ud83d\udc99": {
      "precision": 0.0,
      "recall": 0.0,
      "f1-score": 0.0,
      "support": 31.0
    },
    "\ud83c\uddfa\ud83c\uddf8": {
      "precision": 0.0,
      "recall": 0.0,
      "f1-score": 0.0,
      "support": 39.0
    },
    "\ud83d\ude09": {
      "precision": 0.0,
      "recall": 0.0,
      "f1-score": 0.0,
      "support": 26.0
    },
    "\ud83d\ude0e": {
      "precision": 0.1,
      "recall": 0.05,
      "f1-score": 0.06666666666666667,
      "support": 40.0
    },
    "\ud83d\udcaf": {
      "precision": 0.4,
      "recall": 0.08,
      "f1-score": 0.13333333333333333,
      "support": 25.0
    },
    "\ud83d\ude1c": {
      "precision": 0.16666666666666666,
      "recall": 0.05,
      "f1-score": 0.07692307692307693,
      "support": 20.0
    },
    "\u2728": {
      "precision": 0.2,
      "recall": 0.07272727272727272,
      "f1-score": 0.10666666666666667,
      "support": 55.0
    },
    "\ud83d\udc9c": {
      "precision": 0.09090909090909091,
      "recall": 0.045454545454545456,
      "f1-score": 0.06060606060606061,
      "support": 22.0
    },
    "\u2764": {
      "precision": 0.5294117647058824,
      "recall": 0.20833333333333334,
      "f1-score": 0.29900332225913623,
      "support": 216.0
    },
    "\ud83d\udcf8": {
      "precision": 0.22857142857142856,
      "recall": 0.16666666666666666,
      "f1-score": 0.1927710843373494,
      "support": 48.0
    },
    "\ud83c\udf84": {
      "precision": 0.5625,
      "recall": 0.5806451612903226,
      "f1-score": 0.5714285714285714,
      "support": 31.0
    },
    "\ud83d\ude18": {
      "precision": 0.15384615384615385,
      "recall": 0.08333333333333333,
      "f1-score": 0.10810810810810811,
      "support": 24.0
    },
    "\u2600": {
      "precision": 0.3448275862068966,
      "recall": 0.4,
      "f1-score": 0.37037037037037035,
      "support": 25.0
    },
    "\ud83d\ude02": {
      "precision": 0.3050847457627119,
      "recall": 0.3956043956043956,
      "f1-score": 0.3444976076555024,
      "support": 91.0
    },
    "micro avg": {
      "precision": 0.2099236641221374,
      "recall": 0.165,
      "f1-score": 0.18477043673012317,
      "support": 1000.0
    },
    "macro avg": {
      "precision": 0.19528670121271494,
      "recall": 0.1471421389076444,
      "f1-score": 0.13939807817627534,
      "support": 1000.0
    },
    "weighted avg": {
      "precision": 0.276217947356506,
      "recall": 0.165,
      "f1-score": 0.17880086512315255,
      "support": 1000.0
    }
  },
  "accuracy": 0.165,
  "confusion_matrix": [
    [
      0,
      0,
      0,
      1,
      0,
      7,
      1,
      0,
      0,
      0,
      0,
      0,
      1,
      0,
      1,
      5,
      1,
      0,
      0,
      5
    ],
    [
      1,
      4,
      2,
      2,
      2,
      39,
      3,
      0,
      0,
      4,
      0,
      1,
      0,
      0,
      4,
      1,
      0,
      2,
      1,
      7
    ],
    [
      0,
      0,
      0,
      0,
      0,
      8,
      1,
      0,
      0,
      1,
      0,
      0,
      0,
      0,
      1,
      0,
      1,
      0,
      0,
      8
    ],
    [
      0,
      2,
      1,
      11,
      1,
      26,
      0,
      0,
      0,
      4,
      1,
      0,
      2,
      1,
      1,
      4,
      1,
      0,
      3,
      6
    ],
    [
      0,
      2,
      1,
      0,
      3,
      11,
      0,
      0,
      1,
      0,
      0,
      0,
      3,
      1,
      2,
      3,
      1,
      1,
      1,
      6
    ],
    [
      0,
      0,
      2,
      1,
      2,
      18,
      0,
      0,
      0,
      1,
      0,
      0,
      0,
      0,
      1,
      0,
      0,
      0,
      1,
      0
    ],
    [
      0,
      0,
      1,
      0,
      0,
      14,
      0,
      0,
      0,
      0,
      0,
      0,
      0,
      0,
      3,
      0,
      1,
      0,
      1,
      1
    ],
    [
      1,
      0,
      3,
      1,
      0,
      8,
      0,
      0,
      0,
      0,
      0,
      0,
      1,
      0,
      4,
      1,
      1,
      0,
      0,
      2
    ],
    [
      0,
      0,
      1,
      0,
      0,
      9,
      0,
      0,
      0,
      0,
      0,
      1,
      0,
      0,
      0,
      1,
      0,
      1,
      0,
      5
    ],
    [
      0,
      0,
      1,
      2,
      0,
      17,
      0,
      0,
      0,
      2,
      0,
      0,
      1,
      0,
      0,
      2,
      0,
      0,
      2,
      2
    ],
    [
      0,
      0,
      1,
      1,
      0,
      6,
      0,
      0,
      0,
      0,
      2,
      1,
      0,
      0,
      0,
      0,
      1,
      0,
      0,
      6
    ],
    [
      0,
      0,
      0,
      2,
      0,
      4,
      0,
      0,
      0,
      0,
      0,
      1,
      1,
      0,
      3,
      0,
      0,
      1,
      0,
      3
    ],
    [
      0,
      1,
      1,
      2,
      0,
      16,
      0,
      0,
      0,
      3,
      0,
      0,
      4,
      2,
      8,
      3,
      2,
      0,
      2,
      1
    ],
    [
      0,
      1,
      0,
      0,
      1,
      8,
      0,
      0,
      0,
      0,
      0,
      0,
      0,
      1,
      5,
      2,
      0,
      0,
      0,
      2
    ],
    [
      0,
      1,
      2,
      5,
      10,
      67,
      3,
      0,
      0,
      1,
      0,
      0,
      5,
      3,
      45,
      2,
      3,
      5,
      5,
      15
    ],
    [
      0,
      0,
      0,
      4,
      0,
      10,
      0,
      0,
      0,
      1,
      0,
      2,
      1,
      1,
      3,
      8,
      0,
      0,
      2,
      9
    ],
    [
      0,
      0,
      0,
      1,
      0,
      3,
      0,
      0,
      0,
      0,
      0,
      0,
      0,
      0,
      2,
      0,
      18,
      0,
      0,
      2
    ],
    [
      0,
      0,
      1,
      1,
      1,
      8,
      0,
      0,
      0,
      1,
      1,
      0,
      0,
      1,
      0,
      0,
      1,
      2,
      0,
      1
    ],
    [
      0,
      0,
      1,
      1,
      0,
      5,
      1,
      0,
      0,
      0,
      0,
      0,
      1,
      0,
      2,
      0,
      0,
      0,
      10,
      1
    ],
    [
      0,
      1,
      2,
      3,
      1,
      25,
      0,
      0,
      0,
      2,
      1,
      0,
      0,
      1,
      0,
      3,
      1,
      1,
      1,
      36
    ]
  ],
  "labels": [
    "\ud83d\udcf7",
    "\ud83d\ude0d",
    "\ud83d\ude01",
    "\ud83d\udd25",
    "\ud83d\udc95",
    "\ud83d\ude0a",
    "\ud83d\udc99",
    "\ud83c\uddfa\ud83c\uddf8",
    "\ud83d\ude09",
    "\ud83d\ude0e",
    "\ud83d\udcaf",
    "\ud83d\ude1c",
    "\u2728",
    "\ud83d\udc9c",
    "\u2764",
    "\ud83d\udcf8",
    "\ud83c\udf84",
    "\ud83d\ude18",
    "\u2600",
    "\ud83d\ude02"
  ]
}