{
  "classification_report": {
    "\ud83d\udcf8": {
      "precision": 0.2727272727272727,
      "recall": 0.1875,
      "f1-score": 0.2222222222222222,
      "support": 48.0
    },
    "\ud83d\ude09": {
      "precision": 0.0,
      "recall": 0.0,
      "f1-score": 0.0,
      "support": 26.0
    },
    "\ud83d\ude0a": {
      "precision": 0.06206896551724138,
      "recall": 0.28125,
      "f1-score": 0.1016949152542373,
      "support": 32.0
    },
    "\ud83d\ude0e": {
      "precision": 0.09859154929577464,
      "recall": 0.175,
      "f1-score": 0.12612612612612611,
      "support": 40.0
    },
    "\ud83d\ude18": {
      "precision": 0.034482758620689655,
      "recall": 0.041666666666666664,
      "f1-score": 0.03773584905660377,
      "support": 24.0
    },
    "\ud83d\udc95": {
      "precision": 0.25,
      "recall": 0.1346153846153846,
      "f1-score": 0.175,
      "support": 52.0
    },
    "\ud83d\udd25": {
      "precision": 0.5641025641025641,
      "recall": 0.2972972972972973,
      "f1-score": 0.3893805309734513,
      "support": 74.0
    },
    "\u2728": {
      "precision": 0.26666666666666666,
      "recall": 0.07272727272727272,
      "f1-score": 0.11428571428571428,
      "support": 55.0
    },
    "\ud83d\udc9c": {
      "precision": 0.0,
      "recall": 0.0,
      "f1-score": 0.0,
      "support": 22.0
    },
    "\ud83c\udf84": {
      "precision": 0.5517241379310345,
      "recall": 0.5161290322580645,
      "f1-score": 0.5333333333333333,
      "support": 31.0
    },
    "\ud83d\udcaf": {
      "precision": 0.3333333333333333,
      "recall": 0.04,
      "f1-score": 0.07142857142857142,
      "support": 25.0
    },
    "\ud83d\ude0d": {
      "precision": 0.19402985074626866,
      "recall": 0.13402061855670103,
      "f1-score": 0.15853658536585366,
      "support": 97.0
    },
    "\ud83d\udcf7": {
      "precision": 0.13333333333333333,
      "recall": 0.06896551724137931,
      "f1-score": 0.09090909090909091,
      "support": 29.0
    },
    "\u2764": {
      "precision": 0.41964285714285715,
      "recall": 0.4351851851851852,
      "f1-score": 0.42727272727272725,
      "support": 216.0
    },
    "\ud83c\uddfa\ud83c\uddf8": {
      "precision": 0.0,
      "recall": 0.0,
      "f1-score": 0.0,
      "support": 39.0
    },
    "\ud83d\udc99": {
      "precision": 0.1,
      "recall": 0.03225806451612903,
      "f1-score": 0.04878048780487805,
      "support": 31.0
    },
    "\ud83d\ude01": {
      "precision": 0.0,
      "recall": 0.0,
      "f1-score": 0.0,
      "support": 23.0
    },
    "\u2600": {
      "precision": 0.1935483870967742,
      "recall": 0.48,
      "f1-score": 0.27586206896551724,
      "support": 25.0
    },
    "\ud83d\ude1c": {
      "precision": 0.12,
      "recall": 0.15,
      "f1-score": 0.13333333333333333,
      "support": 20.0
    },
    "\ud83d\ude02": {
      "precision": 0.3464566929133858,
      "recall": 0.4835164835164835,
      "f1-score": 0.4036697247706422,
      "support": 91.0
    },
    "micro avg": {
      "precision": 0.26119402985074625,
      "recall": 0.245,
      "f1-score": 0.2528379772961816,
      "support": 1000.0
    },
    "macro avg": {
      "precision": 0.1970354184713598,
      "recall": 0.17650657612902818,
      "f1-score": 0.16547856405511513,
      "support": 1000.0
    },
    "weighted avg": {
      "precision": 0.2698920902500895,
      "recall": 0.245,
      "f1-score": 0.24050521054864787,
      "support": 1000.0
    }
  },
  "accuracy": 0.245,
  "confusion_matrix": [
    [
      9,
      0,
      7,
      10,
      0,
      1,
      0,
      1,
      0,
      0,
      0,
      4,
      2,
      2,
      0,
      0,
      0,
      2,
      3,
      5
    ],
    [
      1,
      0,
      6,
      1,
      3,
      1,
      1,
      0,
      0,
      1,
      0,
      2,
      0,
      1,
      0,
      0,
      0,
      3,
      0,
      4
    ],
    [
      0,
      0,
      9,
      2,
      0,
      1,
      0,
      1,
      0,
      1,
      0,
      2,
      0,
      5,
      0,
      0,
      1,
      4,
      1,
      2
    ],
    [
      0,
      0,
      8,
      7,
      1,
      0,
      0,
      0,
      1,
      1,
      0,
      2,
      2,
      5,
      0,
      0,
      0,
      3,
      1,
      5
    ],
    [
      0,
      0,
      6,
      3,
      1,
      1,
      0,
      0,
      0,
      1,
      0,
      0,
      0,
      6,
      0,
      0,
      0,
      1,
      0,
      4
    ],
    [
      1,
      0,
      2,
      4,
      1,
      7,
      2,
      1,
      0,
      0,
      0,
      6,
      1,
      17,
      0,
      0,
      1,
      3,
      3,
      1
    ],
    [
      3,
      0,
      8,
      8,
      3,
      0,
      22,
      2,
      3,
      0,
      2,
      5,
      1,
      6,
      0,
      0,
      0,
      2,
      3,
      4
    ],
    [
      0,
      0,
      10,
      3,
      4,
      0,
      1,
      4,
      0,
      1,
      0,
      3,
      0,
      20,
      0,
      1,
      0,
      2,
      1,
      4
    ],
    [
      0,
      0,
      6,
      2,
      0,
      2,
      0,
      1,
      0,
      0,
      0,
      3,
      2,
      4,
      0,
      0,
      0,
      0,
      0,
      1
    ],
    [
      0,
      0,
      1,
      1,
      0,
      0,
      0,
      0,
      0,
      16,
      0,
      0,
      0,
      6,
      0,
      0,
      0,
      2,
      0,
      4
    ],
    [
      1,
      0,
      3,
      2,
      0,
      0,
      1,
      0,
      0,
      2,
      1,
      1,
      0,
      1,
      0,
      0,
      0,
      2,
      1,
      4
    ],
    [
      4,
      0,
      20,
      7,
      5,
      1,
      1,
      0,
      2,
      1,
      0,
      13,
      0,
      18,
      0,
      6,
      1,
      4,
      0,
      7
    ],
    [
      3,
      0,
      5,
      2,
      0,
      0,
      0,
      1,
      0,
      1,
      0,
      2,
      2,
      2,
      0,
      1,
      0,
      0,
      1,
      7
    ],
    [
      6,
      0,
      26,
      8,
      8,
      11,
      3,
      2,
      4,
      2,
      0,
      15,
      1,
      94,
      0,
      0,
      0,
      13,
      2,
      19
    ],
    [
      1,
      0,
      1,
      2,
      0,
      0,
      1,
      1,
      0,
      0,
      0,
      1,
      2,
      14,
      0,
      0,
      0,
      2,
      1,
      1
    ],
    [
      0,
      0,
      5,
      1,
      1,
      1,
      0,
      1,
      0,
      1,
      0,
      5,
      1,
      9,
      0,
      1,
      0,
      1,
      0,
      0
    ],
    [
      1,
      0,
      7,
      2,
      0,
      0,
      0,
      0,
      0,
      1,
      0,
      0,
      0,
      2,
      0,
      0,
      0,
      2,
      1,
      3
    ],
    [
      0,
      0,
      2,
      1,
      0,
      1,
      1,
      0,
      0,
      0,
      0,
      2,
      0,
      5,
      0,
      0,
      0,
      12,
      0,
      1
    ],
    [
      1,
      0,
      3,
      0,
      1,
      0,
      3,
      0,
      0,
      0,
      0,
      0,
      0,
      0,
      0,
      1,
      0,
      0,
      3,
      7
    ],
    [
      2,
      0,
      10,
      5,
      1,
      1,
      3,
      0,
      1,
      0,
      0,
      1,
      1,
      7,
      0,
      0,
      2,
      4,
      4,
      44
    ]
  ],
  "labels": [
    "\ud83d\udcf8",
    "\ud83d\ude09",
    "\ud83d\ude0a",
    "\ud83d\ude0e",
    "\ud83d\ude18",
    "\ud83d\udc95",
    "\ud83d\udd25",
    "\u2728",
    "\ud83d\udc9c",
    "\ud83c\udf84",
    "\ud83d\udcaf",
    "\ud83d\ude0d",
    "\ud83d\udcf7",
    "\u2764",
    "\ud83c\uddfa\ud83c\uddf8",
    "\ud83d\udc99",
    "\ud83d\ude01",
    "\u2600",
    "\ud83d\ude1c",
    "\ud83d\ude02"
  ]
}