{
  "classification_report": {
    "\ud83d\ude01": {
      "precision": 0.0,
      "recall": 0.0,
      "f1-score": 0.0,
      "support": 23.0
    },
    "\u2764": {
      "precision": 0.421455938697318,
      "recall": 0.5092592592592593,
      "f1-score": 0.4612159329140461,
      "support": 216.0
    },
    "\ud83d\ude1c": {
      "precision": 0.0,
      "recall": 0.0,
      "f1-score": 0.0,
      "support": 20.0
    },
    "\ud83c\udf84": {
      "precision": 0.696969696969697,
      "recall": 0.7419354838709677,
      "f1-score": 0.71875,
      "support": 31.0
    },
    "\u2728": {
      "precision": 0.1568627450980392,
      "recall": 0.2909090909090909,
      "f1-score": 0.20382165605095542,
      "support": 55.0
    },
    "\ud83d\udcaf": {
      "precision": 0.0,
      "recall": 0.0,
      "f1-score": 0.0,
      "support": 25.0
    },
    "\ud83d\udc95": {
      "precision": 0.125,
      "recall": 0.07692307692307693,
      "f1-score": 0.09523809523809523,
      "support": 52.0
    },
    "\ud83d\ude09": {
      "precision": 0.05555555555555555,
      "recall": 0.038461538461538464,
      "f1-score": 0.045454545454545456,
      "support": 26.0
    },
    "\ud83d\udc9c": {
      "precision": 0.3333333333333333,
      "recall": 0.045454545454545456,
      "f1-score": 0.08,
      "support": 22.0
    },
    "\ud83d\udc99": {
      "precision": 0.0,
      "recall": 0.0,
      "f1-score": 0.0,
      "support": 31.0
    },
    "\u2600": {
      "precision": 0.2857142857142857,
      "recall": 0.48,
      "f1-score": 0.3582089552238806,
      "support": 25.0
    },
    "\ud83d\ude0e": {
      "precision": 0.2222222222222222,
      "recall": 0.05,
      "f1-score": 0.08163265306122448,
      "support": 40.0
    },
    "\ud83d\ude0a": {
      "precision": 0.06470588235294118,
      "recall": 0.34375,
      "f1-score": 0.10891089108910891,
      "support": 32.0
    },
    "\ud83d\ude02": {
      "precision": 0.36538461538461536,
      "recall": 0.2087912087912088,
      "f1-score": 0.26573426573426573,
      "support": 91.0
    },
    "\ud83d\udd25": {
      "precision": 0.336734693877551,
      "recall": 0.44594594594594594,
      "f1-score": 0.38372093023255816,
      "support": 74.0
    },
    "\ud83d\udcf8": {
      "precision": 0.35714285714285715,
      "recall": 0.10416666666666667,
      "f1-score": 0.16129032258064516,
      "support": 48.0
    },
    "\ud83d\ude0d": {
      "precision": 0.20754716981132076,
      "recall": 0.1134020618556701,
      "f1-score": 0.14666666666666667,
      "support": 97.0
    },
    "\ud83d\ude18": {
      "precision": 0.0,
      "recall": 0.0,
      "f1-score": 0.0,
      "support": 24.0
    },
    "\ud83c\uddfa\ud83c\uddf8": {
      "precision": 0.2916666666666667,
      "recall": 0.1794871794871795,
      "f1-score": 0.2222222222222222,
      "support": 39.0
    },
    "\ud83d\udcf7": {
      "precision": 0.125,
      "recall": 0.034482758620689655,
      "f1-score": 0.05405405405405406,
      "support": 29.0
    },
    "micro avg": {
      "precision": 0.27586206896551724,
      "recall": 0.256,
      "f1-score": 0.26556016597510373,
      "support": 1000.0
    },
    "macro avg": {
      "precision": 0.20226478314132015,
      "recall": 0.18314844081229195,
      "f1-score": 0.1693460595261134,
      "support": 1000.0
    },
    "weighted avg": {
      "precision": 0.2650914063513854,
      "recall": 0.256,
      "f1-score": 0.24149396364813244,
      "support": 1000.0
    }
  },
  "accuracy": 0.256,
  "confusion_matrix": [
    [
      0,
      3,
      0,
      1,
      3,
      0,
      0,
      0,
      0,
      0,
      0,
      0,
      9,
      0,
      0,
      2,
      0,
      0,
      1,
      0
    ],
    [
      0,
      110,
      0,
      2,
      16,
      0,
      14,
      0,
      1,
      2,
      5,
      0,
      29,
      4,
      5,
      0,
      17,
      0,
      0,
      1
    ],
    [
      0,
      2,
      0,
      0,
      0,
      0,
      0,
      1,
      0,
      0,
      0,
      0,
      4,
      6,
      2,
      1,
      0,
      0,
      1,
      0
    ],
    [
      0,
      3,
      0,
      23,
      0,
      0,
      0,
      0,
      0,
      0,
      0,
      0,
      1,
      1,
      1,
      0,
      1,
      0,
      0,
      0
    ],
    [
      0,
      12,
      0,
      0,
      16,
      0,
      0,
      1,
      0,
      0,
      2,
      1,
      9,
      1,
      5,
      0,
      2,
      0,
      2,
      0
    ],
    [
      0,
      5,
      0,
      1,
      5,
      0,
      0,
      0,
      0,
      0,
      0,
      0,
      3,
      1,
      6,
      0,
      1,
      0,
      1,
      0
    ],
    [
      0,
      23,
      0,
      1,
      7,
      0,
      4,
      3,
      0,
      0,
      0,
      0,
      6,
      0,
      0,
      1,
      5,
      0,
      0,
      0
    ],
    [
      0,
      5,
      0,
      1,
      1,
      0,
      1,
      1,
      0,
      0,
      2,
      0,
      6,
      2,
      2,
      0,
      1,
      0,
      0,
      0
    ],
    [
      0,
      3,
      0,
      0,
      6,
      0,
      1,
      1,
      1,
      0,
      0,
      0,
      4,
      0,
      1,
      0,
      0,
      0,
      0,
      1
    ],
    [
      0,
      14,
      0,
      1,
      2,
      0,
      2,
      0,
      0,
      0,
      0,
      0,
      4,
      0,
      1,
      0,
      1,
      0,
      2,
      1
    ],
    [
      0,
      4,
      0,
      0,
      1,
      0,
      0,
      0,
      0,
      0,
      12,
      0,
      3,
      2,
      1,
      0,
      1,
      0,
      1,
      0
    ],
    [
      0,
      7,
      0,
      0,
      2,
      0,
      0,
      0,
      0,
      0,
      3,
      2,
      13,
      2,
      4,
      0,
      2,
      0,
      1,
      0
    ],
    [
      1,
      8,
      0,
      1,
      2,
      0,
      1,
      0,
      0,
      0,
      5,
      0,
      11,
      0,
      1,
      1,
      1,
      0,
      0,
      0
    ],
    [
      1,
      8,
      0,
      0,
      7,
      0,
      1,
      5,
      0,
      0,
      1,
      1,
      16,
      19,
      13,
      2,
      5,
      0,
      2,
      1
    ],
    [
      0,
      8,
      0,
      0,
      8,
      1,
      1,
      0,
      1,
      0,
      2,
      0,
      9,
      2,
      33,
      0,
      1,
      0,
      1,
      0
    ],
    [
      0,
      5,
      0,
      0,
      7,
      0,
      2,
      1,
      0,
      0,
      5,
      1,
      6,
      5,
      8,
      5,
      0,
      0,
      1,
      1
    ],
    [
      0,
      17,
      0,
      0,
      10,
      1,
      4,
      3,
      0,
      2,
      4,
      1,
      22,
      4,
      8,
      1,
      11,
      0,
      2,
      1
    ],
    [
      0,
      6,
      0,
      1,
      2,
      0,
      1,
      0,
      0,
      0,
      0,
      0,
      6,
      0,
      3,
      1,
      2,
      0,
      1,
      0
    ],
    [
      0,
      14,
      0,
      0,
      4,
      0,
      0,
      0,
      0,
      1,
      1,
      1,
      4,
      1,
      1,
      0,
      1,
      0,
      7,
      1
    ],
    [
      0,
      4,
      0,
      1,
      3,
      0,
      0,
      2,
      0,
      0,
      0,
      2,
      5,
      2,
      3,
      0,
      1,
      0,
      1,
      1
    ]
  ],
  "labels": [
    "\ud83d\ude01",
    "\u2764",
    "\ud83d\ude1c",
    "\ud83c\udf84",
    "\u2728",
    "\ud83d\udcaf",
    "\ud83d\udc95",
    "\ud83d\ude09",
    "\ud83d\udc9c",
    "\ud83d\udc99",
    "\u2600",
    "\ud83d\ude0e",
    "\ud83d\ude0a",
    "\ud83d\ude02",
    "\ud83d\udd25",
    "\ud83d\udcf8",
    "\ud83d\ude0d",
    "\ud83d\ude18",
    "\ud83c\uddfa\ud83c\uddf8",
    "\ud83d\udcf7"
  ]
}