{
  "classification_report": {
    "\ud83d\ude0a": {
      "precision": 0.08270676691729323,
      "recall": 0.34375,
      "f1-score": 0.13333333333333333,
      "support": 32.0
    },
    "\ud83d\udc99": {
      "precision": 0.047619047619047616,
      "recall": 0.06451612903225806,
      "f1-score": 0.0547945205479452,
      "support": 31.0
    },
    "\ud83d\ude09": {
      "precision": 0.0,
      "recall": 0.0,
      "f1-score": 0.0,
      "support": 26.0
    },
    "\ud83d\udd25": {
      "precision": 0.4915254237288136,
      "recall": 0.3918918918918919,
      "f1-score": 0.43609022556390975,
      "support": 74.0
    },
    "\ud83d\udcaf": {
      "precision": 0.0,
      "recall": 0.0,
      "f1-score": 0.0,
      "support": 25.0
    },
    "\ud83d\ude02": {
      "precision": 0.5555555555555556,
      "recall": 0.21978021978021978,
      "f1-score": 0.31496062992125984,
      "support": 91.0
    },
    "\ud83d\ude18": {
      "precision": 0.08,
      "recall": 0.08333333333333333,
      "f1-score": 0.08163265306122448,
      "support": 24.0
    },
    "\ud83c\udf84": {
      "precision": 0.7333333333333333,
      "recall": 0.7096774193548387,
      "f1-score": 0.7213114754098361,
      "support": 31.0
    },
    "\u2764": {
      "precision": 0.47692307692307695,
      "recall": 0.4305555555555556,
      "f1-score": 0.45255474452554745,
      "support": 216.0
    },
    "\ud83d\udc9c": {
      "precision": 0.0,
      "recall": 0.0,
      "f1-score": 0.0,
      "support": 22.0
    },
    "\ud83d\ude1c": {
      "precision": 0.037037037037037035,
      "recall": 0.1,
      "f1-score": 0.05405405405405406,
      "support": 20.0
    },
    "\ud83c\uddfa\ud83c\uddf8": {
      "precision": 0.5555555555555556,
      "recall": 0.2564102564102564,
      "f1-score": 0.3508771929824561,
      "support": 39.0
    },
    "\u2600": {
      "precision": 0.36666666666666664,
      "recall": 0.44,
      "f1-score": 0.4,
      "support": 25.0
    },
    "\ud83d\udc95": {
      "precision": 0.125,
      "recall": 0.019230769230769232,
      "f1-score": 0.03333333333333333,
      "support": 52.0
    },
    "\ud83d\ude01": {
      "precision": 0.0,
      "recall": 0.0,
      "f1-score": 0.0,
      "support": 23.0
    },
    "\ud83d\ude0d": {
      "precision": 0.20930232558139536,
      "recall": 0.18556701030927836,
      "f1-score": 0.19672131147540983,
      "support": 97.0
    },
    "\u2728": {
      "precision": 0.25,
      "recall": 0.09090909090909091,
      "f1-score": 0.13333333333333333,
      "support": 55.0
    },
    "\ud83d\udcf8": {
      "precision": 0.1111111111111111,
      "recall": 0.020833333333333332,
      "f1-score": 0.03508771929824561,
      "support": 48.0
    },
    "\ud83d\udcf7": {
      "precision": 0.09375,
      "recall": 0.10344827586206896,
      "f1-score": 0.09836065573770492,
      "support": 29.0
    },
    "\ud83d\ude0e": {
      "precision": 0.14285714285714285,
      "recall": 0.025,
      "f1-score": 0.0425531914893617,
      "support": 40.0
    },
    "micro avg": {
      "precision": 0.2920353982300885,
      "recall": 0.231,
      "f1-score": 0.25795644891122277,
      "support": 1000.0
    },
    "macro avg": {
      "precision": 0.21794715214430144,
      "recall": 0.17424516425014475,
      "f1-score": 0.17694991870334775,
      "support": 1000.0
    },
    "weighted avg": {
      "precision": 0.30461273058083804,
      "recall": 0.231,
      "f1-score": 0.2481217777363715,
      "support": 1000.0
    }
  },
  "accuracy": 0.231,
  "confusion_matrix": [
    [
      11,
      1,
      0,
      0,
      1,
      0,
      0,
      0,
      5,
      0,
      2,
      1,
      1,
      0,
      0,
      1,
      0,
      0,
      1,
      0
    ],
    [
      6,
      2,
      0,
      0,
      0,
      0,
      2,
      0,
      9,
      0,
      0,
      1,
      1,
      2,
      0,
      4,
      1,
      0,
      0,
      0
    ],
    [
      5,
      0,
      0,
      0,
      0,
      1,
      2,
      1,
      2,
      0,
      2,
      0,
      0,
      0,
      0,
      5,
      0,
      0,
      0,
      0
    ],
    [
      6,
      3,
      0,
      29,
      0,
      4,
      2,
      0,
      5,
      1,
      3,
      0,
      0,
      0,
      0,
      2,
      0,
      1,
      3,
      0
    ],
    [
      3,
      3,
      0,
      3,
      0,
      1,
      0,
      1,
      2,
      0,
      2,
      1,
      1,
      0,
      0,
      0,
      0,
      0,
      1,
      1
    ],
    [
      16,
      4,
      0,
      7,
      0,
      20,
      1,
      0,
      7,
      0,
      13,
      0,
      1,
      0,
      0,
      3,
      1,
      0,
      2,
      0
    ],
    [
      5,
      1,
      0,
      0,
      0,
      0,
      2,
      1,
      6,
      0,
      1,
      0,
      0,
      0,
      0,
      3,
      0,
      0,
      0,
      0
    ],
    [
      0,
      0,
      0,
      2,
      0,
      1,
      0,
      22,
      0,
      0,
      0,
      0,
      0,
      0,
      0,
      0,
      0,
      0,
      0,
      0
    ],
    [
      17,
      9,
      1,
      3,
      0,
      1,
      3,
      1,
      93,
      0,
      3,
      0,
      5,
      4,
      0,
      31,
      6,
      3,
      4,
      1
    ],
    [
      6,
      0,
      0,
      0,
      0,
      0,
      0,
      0,
      7,
      0,
      0,
      0,
      1,
      1,
      0,
      1,
      0,
      1,
      1,
      0
    ],
    [
      3,
      0,
      0,
      2,
      0,
      2,
      1,
      0,
      2,
      0,
      2,
      0,
      0,
      0,
      0,
      2,
      0,
      0,
      0,
      1
    ],
    [
      2,
      4,
      0,
      0,
      0,
      0,
      1,
      0,
      5,
      0,
      1,
      10,
      1,
      0,
      0,
      1,
      1,
      0,
      1,
      1
    ],
    [
      1,
      1,
      0,
      2,
      0,
      0,
      1,
      0,
      1,
      0,
      1,
      1,
      11,
      0,
      0,
      0,
      0,
      0,
      0,
      0
    ],
    [
      3,
      5,
      0,
      0,
      0,
      0,
      4,
      1,
      20,
      0,
      0,
      0,
      0,
      1,
      0,
      4,
      1,
      0,
      0,
      0
    ],
    [
      7,
      1,
      0,
      0,
      0,
      0,
      0,
      1,
      2,
      0,
      5,
      0,
      0,
      0,
      0,
      1,
      0,
      0,
      0,
      0
    ],
    [
      12,
      4,
      0,
      2,
      1,
      0,
      2,
      1,
      14,
      0,
      4,
      4,
      3,
      0,
      0,
      18,
      2,
      1,
      3,
      1
    ],
    [
      12,
      1,
      1,
      2,
      0,
      0,
      2,
      0,
      7,
      0,
      2,
      0,
      2,
      0,
      0,
      4,
      5,
      1,
      3,
      1
    ],
    [
      5,
      2,
      0,
      2,
      0,
      3,
      1,
      0,
      3,
      0,
      6,
      0,
      2,
      0,
      0,
      1,
      3,
      1,
      10,
      0
    ],
    [
      0,
      1,
      1,
      3,
      0,
      2,
      0,
      1,
      2,
      0,
      3,
      0,
      0,
      0,
      0,
      3,
      0,
      1,
      3,
      0
    ],
    [
      13,
      0,
      0,
      2,
      1,
      1,
      1,
      0,
      3,
      0,
      4,
      0,
      1,
      0,
      0,
      2,
      0,
      0,
      0,
      1
    ]
  ],
  "labels": [
    "\ud83d\ude0a",
    "\ud83d\udc99",
    "\ud83d\ude09",
    "\ud83d\udd25",
    "\ud83d\udcaf",
    "\ud83d\ude02",
    "\ud83d\ude18",
    "\ud83c\udf84",
    "\u2764",
    "\ud83d\udc9c",
    "\ud83d\ude1c",
    "\ud83c\uddfa\ud83c\uddf8",
    "\u2600",
    "\ud83d\udc95",
    "\ud83d\ude01",
    "\ud83d\ude0d",
    "\u2728",
    "\ud83d\udcf8",
    "\ud83d\udcf7",
    "\ud83d\ude0e"
  ]
}