{
  "classification_report": {
    "\ud83d\udc9c": {
      "precision": 0.0,
      "recall": 0.0,
      "f1-score": 0.0,
      "support": 22.0
    },
    "\ud83c\udf84": {
      "precision": 0.7,
      "recall": 0.6774193548387096,
      "f1-score": 0.6885245901639344,
      "support": 31.0
    },
    "\ud83c\uddfa\ud83c\uddf8": {
      "precision": 0.38461538461538464,
      "recall": 0.2564102564102564,
      "f1-score": 0.3076923076923077,
      "support": 39.0
    },
    "\ud83d\udd25": {
      "precision": 0.38961038961038963,
      "recall": 0.40540540540540543,
      "f1-score": 0.3973509933774834,
      "support": 74.0
    },
    "\ud83d\ude0a": {
      "precision": 0.07262569832402235,
      "recall": 0.40625,
      "f1-score": 0.12322274881516587,
      "support": 32.0
    },
    "\u2764": {
      "precision": 0.45933014354066987,
      "recall": 0.4444444444444444,
      "f1-score": 0.45176470588235296,
      "support": 216.0
    },
    "\ud83d\ude09": {
      "precision": 0.03225806451612903,
      "recall": 0.038461538461538464,
      "f1-score": 0.03508771929824561,
      "support": 26.0
    },
    "\u2728": {
      "precision": 0.175,
      "recall": 0.2545454545454545,
      "f1-score": 0.2074074074074074,
      "support": 55.0
    },
    "\ud83d\ude18": {
      "precision": 0.3333333333333333,
      "recall": 0.041666666666666664,
      "f1-score": 0.07407407407407407,
      "support": 24.0
    },
    "\ud83d\udcaf": {
      "precision": 0.0,
      "recall": 0.0,
      "f1-score": 0.0,
      "support": 25.0
    },
    "\ud83d\ude0d": {
      "precision": 0.16666666666666666,
      "recall": 0.12371134020618557,
      "f1-score": 0.14201183431952663,
      "support": 97.0
    },
    "\ud83d\udcf8": {
      "precision": 0.21428571428571427,
      "recall": 0.0625,
      "f1-score": 0.0967741935483871,
      "support": 48.0
    },
    "\ud83d\udc99": {
      "precision": 0.0,
      "recall": 0.0,
      "f1-score": 0.0,
      "support": 31.0
    },
    "\ud83d\udcf7": {
      "precision": 0.07692307692307693,
      "recall": 0.034482758620689655,
      "f1-score": 0.047619047619047616,
      "support": 29.0
    },
    "\ud83d\udc95": {
      "precision": 0.16129032258064516,
      "recall": 0.09615384615384616,
      "f1-score": 0.12048192771084337,
      "support": 52.0
    },
    "\ud83d\ude0e": {
      "precision": 0.09523809523809523,
      "recall": 0.05,
      "f1-score": 0.06557377049180328,
      "support": 40.0
    },
    "\u2600": {
      "precision": 0.4,
      "recall": 0.48,
      "f1-score": 0.43636363636363634,
      "support": 25.0
    },
    "\ud83d\ude02": {
      "precision": 0.3620689655172414,
      "recall": 0.23076923076923078,
      "f1-score": 0.28187919463087246,
      "support": 91.0
    },
    "\ud83d\ude01": {
      "precision": 0.0,
      "recall": 0.0,
      "f1-score": 0.0,
      "support": 23.0
    },
    "\ud83d\ude1c": {
      "precision": 0.0,
      "recall": 0.0,
      "f1-score": 0.0,
      "support": 20.0
    },
    "micro avg": {
      "precision": 0.2725225225225225,
      "recall": 0.242,
      "f1-score": 0.2563559322033898,
      "support": 1000.0
    },
    "macro avg": {
      "precision": 0.2011622927575684,
      "recall": 0.1801110148261214,
      "f1-score": 0.17379140756975442,
      "support": 1000.0
    },
    "weighted avg": {
      "precision": 0.2693622584886781,
      "recall": 0.242,
      "f1-score": 0.24361937640603418,
      "support": 1000.0
    }
  },
  "accuracy": 0.242,
  "confusion_matrix": [
    [
      0,
      0,
      0,
      1,
      4,
      4,
      0,
      4,
      0,
      0,
      2,
      0,
      0,
      1,
      2,
      0,
      0,
      0,
      0,
      0
    ],
    [
      0,
      21,
      0,
      2,
      2,
      2,
      0,
      0,
      0,
      0,
      2,
      0,
      0,
      0,
      0,
      0,
      0,
      0,
      0,
      0
    ],
    [
      0,
      0,
      10,
      2,
      6,
      8,
      0,
      3,
      0,
      0,
      1,
      0,
      0,
      1,
      0,
      2,
      0,
      1,
      0,
      0
    ],
    [
      1,
      0,
      0,
      30,
      9,
      12,
      0,
      4,
      0,
      0,
      3,
      2,
      0,
      0,
      2,
      2,
      1,
      2,
      0,
      0
    ],
    [
      1,
      1,
      1,
      0,
      13,
      1,
      2,
      0,
      0,
      0,
      3,
      0,
      0,
      1,
      2,
      2,
      0,
      1,
      0,
      0
    ],
    [
      1,
      1,
      2,
      10,
      27,
      96,
      5,
      17,
      0,
      0,
      19,
      2,
      1,
      0,
      11,
      0,
      4,
      5,
      0,
      0
    ],
    [
      0,
      1,
      1,
      0,
      6,
      0,
      1,
      1,
      0,
      0,
      4,
      1,
      0,
      0,
      2,
      2,
      1,
      1,
      0,
      0
    ],
    [
      1,
      1,
      1,
      3,
      12,
      9,
      1,
      14,
      0,
      0,
      2,
      0,
      0,
      1,
      1,
      2,
      2,
      3,
      0,
      0
    ],
    [
      0,
      0,
      0,
      2,
      7,
      10,
      0,
      0,
      1,
      0,
      0,
      0,
      0,
      1,
      1,
      0,
      0,
      0,
      0,
      0
    ],
    [
      0,
      0,
      1,
      5,
      3,
      3,
      1,
      3,
      0,
      0,
      0,
      0,
      0,
      0,
      0,
      1,
      1,
      2,
      0,
      0
    ],
    [
      1,
      0,
      3,
      4,
      22,
      13,
      3,
      11,
      1,
      0,
      12,
      1,
      1,
      1,
      1,
      2,
      2,
      5,
      1,
      0
    ],
    [
      0,
      0,
      1,
      6,
      6,
      2,
      1,
      7,
      0,
      1,
      2,
      3,
      0,
      3,
      1,
      0,
      4,
      6,
      0,
      0
    ],
    [
      0,
      1,
      3,
      1,
      8,
      7,
      2,
      0,
      0,
      0,
      2,
      0,
      0,
      0,
      2,
      1,
      0,
      0,
      0,
      0
    ],
    [
      0,
      1,
      0,
      0,
      3,
      3,
      1,
      4,
      0,
      1,
      5,
      0,
      0,
      1,
      0,
      2,
      0,
      3,
      0,
      0
    ],
    [
      1,
      1,
      0,
      0,
      8,
      17,
      1,
      3,
      1,
      0,
      8,
      0,
      0,
      1,
      5,
      1,
      0,
      0,
      0,
      0
    ],
    [
      0,
      0,
      0,
      2,
      10,
      6,
      1,
      3,
      0,
      0,
      2,
      1,
      0,
      0,
      0,
      2,
      3,
      2,
      0,
      0
    ],
    [
      0,
      0,
      1,
      2,
      3,
      2,
      0,
      1,
      0,
      0,
      0,
      0,
      0,
      0,
      0,
      0,
      12,
      3,
      0,
      0
    ],
    [
      0,
      1,
      0,
      5,
      15,
      11,
      10,
      3,
      0,
      0,
      3,
      4,
      0,
      2,
      1,
      1,
      0,
      21,
      2,
      0
    ],
    [
      0,
      1,
      0,
      1,
      10,
      2,
      1,
      1,
      0,
      0,
      2,
      0,
      0,
      0,
      0,
      1,
      0,
      0,
      0,
      0
    ],
    [
      0,
      0,
      2,
      1,
      5,
      1,
      1,
      1,
      0,
      0,
      0,
      0,
      1,
      0,
      0,
      0,
      0,
      3,
      0,
      0
    ]
  ],
  "labels": [
    "\ud83d\udc9c",
    "\ud83c\udf84",
    "\ud83c\uddfa\ud83c\uddf8",
    "\ud83d\udd25",
    "\ud83d\ude0a",
    "\u2764",
    "\ud83d\ude09",
    "\u2728",
    "\ud83d\ude18",
    "\ud83d\udcaf",
    "\ud83d\ude0d",
    "\ud83d\udcf8",
    "\ud83d\udc99",
    "\ud83d\udcf7",
    "\ud83d\udc95",
    "\ud83d\ude0e",
    "\u2600",
    "\ud83d\ude02",
    "\ud83d\ude01",
    "\ud83d\ude1c"
  ]
}