{
  "classification_report": {
    "\ud83d\udd25": {
      "precision": 0.48717948717948717,
      "recall": 0.25675675675675674,
      "f1-score": 0.336283185840708,
      "support": 74.0
    },
    "\ud83c\udf84": {
      "precision": 0.52,
      "recall": 0.41935483870967744,
      "f1-score": 0.4642857142857143,
      "support": 31.0
    },
    "\ud83d\ude18": {
      "precision": 0.06060606060606061,
      "recall": 0.08333333333333333,
      "f1-score": 0.07017543859649122,
      "support": 24.0
    },
    "\u2600": {
      "precision": 0.2153846153846154,
      "recall": 0.56,
      "f1-score": 0.3111111111111111,
      "support": 25.0
    },
    "\ud83d\ude0e": {
      "precision": 0.08771929824561403,
      "recall": 0.125,
      "f1-score": 0.10309278350515463,
      "support": 40.0
    },
    "\ud83d\ude09": {
      "precision": 0.0,
      "recall": 0.0,
      "f1-score": 0.0,
      "support": 26.0
    },
    "\ud83d\udcaf": {
      "precision": 0.25,
      "recall": 0.04,
      "f1-score": 0.06896551724137931,
      "support": 25.0
    },
    "\u2728": {
      "precision": 0.22727272727272727,
      "recall": 0.09090909090909091,
      "f1-score": 0.12987012987012986,
      "support": 55.0
    },
    "\ud83d\udc9c": {
      "precision": 0.1111111111111111,
      "recall": 0.045454545454545456,
      "f1-score": 0.06451612903225806,
      "support": 22.0
    },
    "\ud83d\ude0a": {
      "precision": 0.05161290322580645,
      "recall": 0.25,
      "f1-score": 0.0855614973262032,
      "support": 32.0
    },
    "\ud83d\ude02": {
      "precision": 0.29464285714285715,
      "recall": 0.3626373626373626,
      "f1-score": 0.3251231527093596,
      "support": 91.0
    },
    "\ud83d\udcf8": {
      "precision": 0.2727272727272727,
      "recall": 0.25,
      "f1-score": 0.2608695652173913,
      "support": 48.0
    },
    "\ud83d\udcf7": {
      "precision": 0.041666666666666664,
      "recall": 0.034482758620689655,
      "f1-score": 0.03773584905660377,
      "support": 29.0
    },
    "\ud83d\ude01": {
      "precision": 0.0,
      "recall": 0.0,
      "f1-score": 0.0,
      "support": 23.0
    },
    "\ud83c\uddfa\ud83c\uddf8": {
      "precision": 0.0,
      "recall": 0.0,
      "f1-score": 0.0,
      "support": 39.0
    },
    "\ud83d\ude1c": {
      "precision": 0.05,
      "recall": 0.05,
      "f1-score": 0.05,
      "support": 20.0
    },
    "\ud83d\udc95": {
      "precision": 0.15151515151515152,
      "recall": 0.09615384615384616,
      "f1-score": 0.11764705882352941,
      "support": 52.0
    },
    "\ud83d\udc99": {
      "precision": 0.0,
      "recall": 0.0,
      "f1-score": 0.0,
      "support": 31.0
    },
    "\u2764": {
      "precision": 0.4748603351955307,
      "recall": 0.39351851851851855,
      "f1-score": 0.43037974683544306,
      "support": 216.0
    },
    "\ud83d\ude0d": {
      "precision": 0.19047619047619047,
      "recall": 0.20618556701030927,
      "f1-score": 0.19801980198019803,
      "support": 97.0
    },
    "micro avg": {
      "precision": 0.23784355179704017,
      "recall": 0.225,
      "f1-score": 0.2312435765673176,
      "support": 1000.0
    },
    "macro avg": {
      "precision": 0.1743387338374546,
      "recall": 0.16318933090520654,
      "f1-score": 0.15268183407158376,
      "support": 1000.0
    },
    "weighted avg": {
      "precision": 0.2564018253493931,
      "recall": 0.225,
      "f1-score": 0.22837770918339556,
      "support": 1000.0
    }
  },
  "accuracy": 0.225,
  "confusion_matrix": [
    [
      19,
      0,
      2,
      4,
      4,
      0,
      1,
      2,
      1,
      5,
      10,
      7,
      4,
      0,
      0,
      1,
      0,
      2,
      1,
      8
    ],
    [
      2,
      13,
      0,
      0,
      0,
      0,
      0,
      0,
      0,
      3,
      2,
      0,
      0,
      1,
      0,
      0,
      0,
      0,
      8,
      1
    ],
    [
      0,
      0,
      2,
      0,
      1,
      0,
      0,
      0,
      1,
      7,
      2,
      0,
      0,
      0,
      0,
      0,
      3,
      0,
      4,
      2
    ],
    [
      1,
      0,
      1,
      14,
      2,
      0,
      0,
      0,
      0,
      0,
      1,
      1,
      1,
      1,
      0,
      0,
      0,
      0,
      2,
      0
    ],
    [
      3,
      0,
      1,
      2,
      5,
      0,
      0,
      1,
      0,
      10,
      6,
      1,
      0,
      0,
      0,
      1,
      0,
      0,
      5,
      3
    ],
    [
      1,
      0,
      1,
      3,
      1,
      0,
      0,
      0,
      1,
      5,
      3,
      1,
      1,
      0,
      0,
      1,
      0,
      1,
      1,
      4
    ],
    [
      0,
      1,
      3,
      1,
      2,
      0,
      1,
      0,
      0,
      5,
      6,
      1,
      0,
      1,
      0,
      1,
      0,
      0,
      1,
      2
    ],
    [
      1,
      1,
      1,
      4,
      3,
      0,
      0,
      5,
      0,
      12,
      1,
      1,
      2,
      1,
      0,
      2,
      2,
      0,
      9,
      5
    ],
    [
      0,
      0,
      0,
      1,
      2,
      0,
      0,
      2,
      1,
      6,
      1,
      1,
      1,
      0,
      0,
      0,
      1,
      0,
      4,
      2
    ],
    [
      0,
      0,
      0,
      4,
      4,
      0,
      0,
      0,
      0,
      8,
      3,
      0,
      0,
      0,
      0,
      1,
      1,
      2,
      6,
      2
    ],
    [
      2,
      1,
      0,
      2,
      8,
      0,
      0,
      0,
      1,
      13,
      33,
      3,
      1,
      0,
      0,
      7,
      1,
      2,
      6,
      6
    ],
    [
      1,
      0,
      0,
      6,
      2,
      0,
      0,
      1,
      0,
      4,
      9,
      12,
      3,
      1,
      0,
      0,
      1,
      0,
      3,
      3
    ],
    [
      0,
      1,
      0,
      0,
      2,
      0,
      1,
      1,
      0,
      3,
      6,
      6,
      1,
      0,
      0,
      1,
      0,
      0,
      4,
      1
    ],
    [
      0,
      1,
      0,
      1,
      3,
      0,
      0,
      0,
      0,
      9,
      3,
      1,
      0,
      0,
      0,
      0,
      0,
      0,
      1,
      3
    ],
    [
      3,
      2,
      0,
      1,
      3,
      0,
      0,
      2,
      1,
      0,
      4,
      0,
      2,
      0,
      0,
      0,
      0,
      0,
      5,
      1
    ],
    [
      1,
      0,
      2,
      0,
      1,
      0,
      0,
      0,
      0,
      6,
      6,
      0,
      0,
      0,
      0,
      1,
      0,
      0,
      0,
      3
    ],
    [
      0,
      1,
      6,
      1,
      1,
      0,
      0,
      2,
      0,
      11,
      0,
      0,
      3,
      0,
      0,
      1,
      5,
      2,
      13,
      3
    ],
    [
      1,
      1,
      1,
      1,
      0,
      1,
      0,
      0,
      0,
      9,
      0,
      0,
      1,
      0,
      0,
      1,
      1,
      0,
      7,
      4
    ],
    [
      3,
      3,
      7,
      15,
      6,
      0,
      0,
      3,
      2,
      21,
      12,
      4,
      1,
      2,
      0,
      1,
      17,
      1,
      85,
      32
    ],
    [
      1,
      0,
      6,
      5,
      7,
      1,
      1,
      3,
      1,
      18,
      4,
      5,
      3,
      1,
      0,
      1,
      1,
      0,
      14,
      20
    ]
  ],
  "labels": [
    "\ud83d\udd25",
    "\ud83c\udf84",
    "\ud83d\ude18",
    "\u2600",
    "\ud83d\ude0e",
    "\ud83d\ude09",
    "\ud83d\udcaf",
    "\u2728",
    "\ud83d\udc9c",
    "\ud83d\ude0a",
    "\ud83d\ude02",
    "\ud83d\udcf8",
    "\ud83d\udcf7",
    "\ud83d\ude01",
    "\ud83c\uddfa\ud83c\uddf8",
    "\ud83d\ude1c",
    "\ud83d\udc95",
    "\ud83d\udc99",
    "\u2764",
    "\ud83d\ude0d"
  ]
}