{
  "classification_report": {
    "\u2728": {
      "precision": 0.3333333333333333,
      "recall": 0.07272727272727272,
      "f1-score": 0.11940298507462686,
      "support": 55.0
    },
    "\u2600": {
      "precision": 0.5555555555555556,
      "recall": 0.2,
      "f1-score": 0.29411764705882354,
      "support": 25.0
    },
    "\u2764": {
      "precision": 0.5757575757575758,
      "recall": 0.08796296296296297,
      "f1-score": 0.15261044176706828,
      "support": 216.0
    },
    "\ud83d\udcf7": {
      "precision": 0.0,
      "recall": 0.0,
      "f1-score": 0.0,
      "support": 29.0
    },
    "\ud83d\udc95": {
      "precision": 0.2222222222222222,
      "recall": 0.038461538461538464,
      "f1-score": 0.06557377049180328,
      "support": 52.0
    },
    "\ud83d\udd25": {
      "precision": 0.40625,
      "recall": 0.17567567567567569,
      "f1-score": 0.24528301886792453,
      "support": 74.0
    },
    "\ud83d\udc9c": {
      "precision": 0.0,
      "recall": 0.0,
      "f1-score": 0.0,
      "support": 22.0
    },
    "\ud83d\ude0d": {
      "precision": 0.18571428571428572,
      "recall": 0.13402061855670103,
      "f1-score": 0.15568862275449102,
      "support": 97.0
    },
    "\ud83d\ude1c": {
      "precision": 0.0,
      "recall": 0.0,
      "f1-score": 0.0,
      "support": 20.0
    },
    "\ud83d\ude01": {
      "precision": 0.0,
      "recall": 0.0,
      "f1-score": 0.0,
      "support": 23.0
    },
    "\ud83c\udf84": {
      "precision": 0.7391304347826086,
      "recall": 0.5483870967741935,
      "f1-score": 0.6296296296296297,
      "support": 31.0
    },
    "\ud83d\ude0a": {
      "precision": 0.06227106227106227,
      "recall": 0.53125,
      "f1-score": 0.11147540983606558,
      "support": 32.0
    },
    "\ud83d\ude09": {
      "precision": 0.0,
      "recall": 0.0,
      "f1-score": 0.0,
      "support": 26.0
    },
    "\ud83d\ude02": {
      "precision": 0.38095238095238093,
      "recall": 0.17582417582417584,
      "f1-score": 0.24060150375939848,
      "support": 91.0
    },
    "\ud83c\uddfa\ud83c\uddf8": {
      "precision": 0.0,
      "recall": 0.0,
      "f1-score": 0.0,
      "support": 39.0
    },
    "\ud83d\ude18": {
      "precision": 0.14285714285714285,
      "recall": 0.041666666666666664,
      "f1-score": 0.06451612903225806,
      "support": 24.0
    },
    "\ud83d\udcf8": {
      "precision": 0.25,
      "recall": 0.0625,
      "f1-score": 0.1,
      "support": 48.0
    },
    "\ud83d\udcaf": {
      "precision": 0.0,
      "recall": 0.0,
      "f1-score": 0.0,
      "support": 25.0
    },
    "\ud83d\udc99": {
      "precision": 0.1,
      "recall": 0.03225806451612903,
      "f1-score": 0.04878048780487805,
      "support": 31.0
    },
    "\ud83d\ude0e": {
      "precision": 0.07142857142857142,
      "recall": 0.05,
      "f1-score": 0.058823529411764705,
      "support": 40.0
    },
    "micro avg": {
      "precision": 0.19824561403508772,
      "recall": 0.113,
      "f1-score": 0.14394904458598726,
      "support": 1000.0
    },
    "macro avg": {
      "precision": 0.20127362824373699,
      "recall": 0.10753670360826577,
      "f1-score": 0.11432515877443661,
      "support": 1000.0
    },
    "weighted avg": {
      "precision": 0.29717629827901565,
      "recall": 0.113,
      "f1-score": 0.1387405285168215,
      "support": 1000.0
    }
  },
  "accuracy": 0.113,
  "confusion_matrix": [
    [
      4,
      1,
      2,
      0,
      0,
      0,
      0,
      5,
      0,
      0,
      0,
      21,
      1,
      0,
      0,
      0,
      0,
      0,
      1,
      1
    ],
    [
      0,
      5,
      1,
      1,
      0,
      0,
      0,
      0,
      0,
      0,
      0,
      3,
      0,
      0,
      0,
      0,
      0,
      0,
      0,
      4
    ],
    [
      2,
      0,
      19,
      0,
      3,
      1,
      2,
      29,
      0,
      0,
      2,
      65,
      0,
      8,
      0,
      1,
      0,
      0,
      6,
      2
    ],
    [
      1,
      0,
      0,
      0,
      0,
      0,
      0,
      1,
      0,
      0,
      2,
      6,
      0,
      0,
      0,
      0,
      2,
      0,
      0,
      2
    ],
    [
      1,
      0,
      2,
      1,
      2,
      0,
      0,
      3,
      0,
      0,
      0,
      20,
      0,
      2,
      0,
      1,
      0,
      0,
      0,
      1
    ],
    [
      1,
      1,
      0,
      0,
      1,
      13,
      0,
      2,
      0,
      0,
      0,
      12,
      0,
      3,
      0,
      0,
      2,
      0,
      0,
      5
    ],
    [
      1,
      0,
      0,
      1,
      0,
      0,
      0,
      2,
      0,
      0,
      0,
      10,
      0,
      0,
      0,
      1,
      0,
      0,
      0,
      0
    ],
    [
      1,
      1,
      3,
      1,
      0,
      1,
      0,
      13,
      0,
      0,
      0,
      27,
      0,
      2,
      0,
      2,
      2,
      0,
      0,
      3
    ],
    [
      0,
      0,
      1,
      0,
      0,
      2,
      0,
      0,
      0,
      0,
      0,
      6,
      0,
      0,
      0,
      0,
      0,
      0,
      1,
      1
    ],
    [
      0,
      0,
      1,
      0,
      0,
      0,
      0,
      1,
      0,
      0,
      0,
      6,
      0,
      0,
      0,
      0,
      0,
      0,
      1,
      0
    ],
    [
      0,
      0,
      0,
      0,
      0,
      1,
      0,
      0,
      0,
      0,
      17,
      4,
      0,
      0,
      0,
      0,
      0,
      0,
      0,
      0
    ],
    [
      0,
      0,
      0,
      0,
      0,
      0,
      0,
      1,
      0,
      0,
      0,
      17,
      0,
      0,
      0,
      0,
      1,
      0,
      0,
      1
    ],
    [
      0,
      0,
      0,
      0,
      1,
      1,
      0,
      2,
      0,
      1,
      1,
      7,
      0,
      1,
      0,
      0,
      0,
      0,
      0,
      0
    ],
    [
      0,
      0,
      1,
      1,
      0,
      3,
      0,
      2,
      0,
      0,
      0,
      12,
      0,
      16,
      0,
      1,
      2,
      0,
      0,
      2
    ],
    [
      0,
      0,
      2,
      1,
      0,
      2,
      0,
      1,
      0,
      0,
      0,
      9,
      0,
      0,
      0,
      0,
      0,
      0,
      0,
      1
    ],
    [
      0,
      0,
      0,
      0,
      1,
      1,
      0,
      3,
      0,
      0,
      1,
      8,
      0,
      2,
      0,
      1,
      0,
      0,
      0,
      1
    ],
    [
      1,
      0,
      0,
      0,
      1,
      0,
      0,
      2,
      0,
      0,
      0,
      11,
      0,
      3,
      0,
      0,
      3,
      0,
      0,
      0
    ],
    [
      0,
      0,
      0,
      0,
      0,
      3,
      0,
      1,
      0,
      0,
      0,
      2,
      0,
      3,
      0,
      0,
      0,
      0,
      0,
      2
    ],
    [
      0,
      0,
      1,
      0,
      0,
      0,
      0,
      2,
      0,
      0,
      0,
      14,
      0,
      1,
      0,
      0,
      0,
      0,
      1,
      0
    ],
    [
      0,
      1,
      0,
      0,
      0,
      4,
      0,
      0,
      0,
      0,
      0,
      13,
      0,
      1,
      0,
      0,
      0,
      0,
      0,
      2
    ]
  ],
  "labels": [
    "\u2728",
    "\u2600",
    "\u2764",
    "\ud83d\udcf7",
    "\ud83d\udc95",
    "\ud83d\udd25",
    "\ud83d\udc9c",
    "\ud83d\ude0d",
    "\ud83d\ude1c",
    "\ud83d\ude01",
    "\ud83c\udf84",
    "\ud83d\ude0a",
    "\ud83d\ude09",
    "\ud83d\ude02",
    "\ud83c\uddfa\ud83c\uddf8",
    "\ud83d\ude18",
    "\ud83d\udcf8",
    "\ud83d\udcaf",
    "\ud83d\udc99",
    "\ud83d\ude0e"
  ]
}