{
  "classification_report": {
    "\ud83d\udc9c": {
      "precision": 0.0,
      "recall": 0.0,
      "f1-score": 0.0,
      "support": 22.0
    },
    "\ud83d\ude09": {
      "precision": 0.0,
      "recall": 0.0,
      "f1-score": 0.0,
      "support": 26.0
    },
    "\ud83d\ude1c": {
      "precision": 0.0,
      "recall": 0.0,
      "f1-score": 0.0,
      "support": 20.0
    },
    "\ud83d\udcf8": {
      "precision": 0.125,
      "recall": 0.020833333333333332,
      "f1-score": 0.03571428571428571,
      "support": 48.0
    },
    "\ud83c\udf84": {
      "precision": 0.7692307692307693,
      "recall": 0.6451612903225806,
      "f1-score": 0.7017543859649122,
      "support": 31.0
    },
    "\ud83d\udc95": {
      "precision": 0.16666666666666666,
      "recall": 0.057692307692307696,
      "f1-score": 0.08571428571428572,
      "support": 52.0
    },
    "\ud83d\udcf7": {
      "precision": 0.0,
      "recall": 0.0,
      "f1-score": 0.0,
      "support": 29.0
    },
    "\ud83d\ude0d": {
      "precision": 0.1328125,
      "recall": 0.17525773195876287,
      "f1-score": 0.1511111111111111,
      "support": 97.0
    },
    "\ud83d\ude0a": {
      "precision": 0.06896551724137931,
      "recall": 0.375,
      "f1-score": 0.11650485436893204,
      "support": 32.0
    },
    "\ud83d\udcaf": {
      "precision": 0.0,
      "recall": 0.0,
      "f1-score": 0.0,
      "support": 25.0
    },
    "\ud83d\ude18": {
      "precision": 0.0,
      "recall": 0.0,
      "f1-score": 0.0,
      "support": 24.0
    },
    "\ud83d\udc99": {
      "precision": 0.0,
      "recall": 0.0,
      "f1-score": 0.0,
      "support": 31.0
    },
    "\u2764": {
      "precision": 0.4429530201342282,
      "recall": 0.3055555555555556,
      "f1-score": 0.36164383561643837,
      "support": 216.0
    },
    "\ud83d\ude0e": {
      "precision": 0.25,
      "recall": 0.025,
      "f1-score": 0.045454545454545456,
      "support": 40.0
    },
    "\ud83d\ude01": {
      "precision": 0.0,
      "recall": 0.0,
      "f1-score": 0.0,
      "support": 23.0
    },
    "\ud83c\uddfa\ud83c\uddf8": {
      "precision": 0.46153846153846156,
      "recall": 0.3076923076923077,
      "f1-score": 0.36923076923076925,
      "support": 39.0
    },
    "\u2600": {
      "precision": 0.0,
      "recall": 0.0,
      "f1-score": 0.0,
      "support": 25.0
    },
    "\ud83d\udd25": {
      "precision": 0.35398230088495575,
      "recall": 0.5405405405405406,
      "f1-score": 0.42780748663101603,
      "support": 74.0
    },
    "\ud83d\ude02": {
      "precision": 0.5151515151515151,
      "recall": 0.18681318681318682,
      "f1-score": 0.27419354838709675,
      "support": 91.0
    },
    "\u2728": {
      "precision": 0.12195121951219512,
      "recall": 0.18181818181818182,
      "f1-score": 0.145985401459854,
      "support": 55.0
    },
    "micro avg": {
      "precision": 0.25285895806861497,
      "recall": 0.199,
      "f1-score": 0.22271964185786233,
      "support": 1000.0
    },
    "macro avg": {
      "precision": 0.17041259851800855,
      "recall": 0.14106822178633785,
      "f1-score": 0.13575572548266235,
      "support": 1000.0
    },
    "weighted avg": {
      "precision": 0.25706117713098325,
      "recall": 0.199,
      "f1-score": 0.2052835619594699,
      "support": 1000.0
    }
  },
  "accuracy": 0.199,
  "confusion_matrix": [
    [
      0,
      0,
      0,
      0,
      0,
      0,
      0,
      5,
      3,
      0,
      0,
      0,
      4,
      0,
      0,
      0,
      0,
      2,
      0,
      3
    ],
    [
      0,
      0,
      0,
      0,
      0,
      0,
      0,
      6,
      7,
      0,
      0,
      0,
      1,
      0,
      0,
      0,
      0,
      0,
      0,
      2
    ],
    [
      0,
      0,
      0,
      0,
      0,
      0,
      0,
      3,
      7,
      0,
      0,
      1,
      2,
      0,
      1,
      0,
      0,
      1,
      0,
      0
    ],
    [
      0,
      0,
      0,
      1,
      0,
      0,
      3,
      4,
      8,
      1,
      0,
      0,
      3,
      0,
      0,
      2,
      0,
      9,
      1,
      7
    ],
    [
      0,
      0,
      0,
      0,
      20,
      0,
      0,
      3,
      1,
      0,
      0,
      0,
      1,
      0,
      0,
      0,
      0,
      3,
      0,
      1
    ],
    [
      0,
      1,
      0,
      0,
      1,
      3,
      0,
      8,
      8,
      0,
      0,
      1,
      15,
      0,
      0,
      0,
      0,
      0,
      1,
      3
    ],
    [
      0,
      0,
      0,
      0,
      0,
      0,
      0,
      2,
      3,
      0,
      0,
      0,
      1,
      0,
      0,
      0,
      0,
      6,
      2,
      5
    ],
    [
      1,
      1,
      0,
      1,
      0,
      1,
      0,
      17,
      18,
      0,
      0,
      0,
      17,
      1,
      0,
      1,
      0,
      9,
      2,
      10
    ],
    [
      0,
      0,
      0,
      0,
      0,
      1,
      0,
      3,
      12,
      0,
      0,
      0,
      5,
      0,
      0,
      2,
      0,
      1,
      1,
      2
    ],
    [
      0,
      0,
      0,
      0,
      0,
      0,
      0,
      2,
      5,
      0,
      0,
      0,
      2,
      0,
      0,
      1,
      0,
      4,
      1,
      1
    ],
    [
      0,
      0,
      0,
      0,
      1,
      1,
      0,
      5,
      5,
      0,
      0,
      0,
      5,
      0,
      0,
      0,
      0,
      1,
      0,
      0
    ],
    [
      0,
      1,
      0,
      0,
      0,
      1,
      0,
      3,
      4,
      0,
      1,
      0,
      8,
      0,
      0,
      3,
      0,
      2,
      0,
      3
    ],
    [
      0,
      0,
      0,
      0,
      2,
      9,
      0,
      38,
      30,
      0,
      1,
      0,
      66,
      1,
      1,
      1,
      0,
      10,
      2,
      15
    ],
    [
      0,
      0,
      0,
      0,
      1,
      0,
      0,
      7,
      11,
      0,
      0,
      0,
      2,
      1,
      0,
      1,
      0,
      5,
      3,
      3
    ],
    [
      0,
      0,
      0,
      0,
      0,
      0,
      0,
      3,
      10,
      0,
      0,
      1,
      0,
      0,
      0,
      0,
      0,
      2,
      1,
      3
    ],
    [
      0,
      0,
      0,
      0,
      0,
      0,
      1,
      0,
      5,
      0,
      0,
      0,
      4,
      0,
      0,
      12,
      0,
      4,
      0,
      4
    ],
    [
      0,
      1,
      0,
      0,
      0,
      0,
      0,
      1,
      3,
      0,
      0,
      0,
      0,
      0,
      1,
      0,
      0,
      0,
      0,
      1
    ],
    [
      1,
      0,
      0,
      2,
      0,
      0,
      0,
      5,
      7,
      0,
      0,
      0,
      1,
      0,
      0,
      0,
      0,
      40,
      1,
      5
    ],
    [
      1,
      2,
      0,
      3,
      1,
      1,
      1,
      5,
      16,
      0,
      0,
      0,
      4,
      0,
      0,
      2,
      0,
      10,
      17,
      4
    ],
    [
      0,
      3,
      0,
      1,
      0,
      1,
      0,
      8,
      11,
      0,
      0,
      0,
      8,
      1,
      0,
      1,
      0,
      4,
      1,
      10
    ]
  ],
  "labels": [
    "\ud83d\udc9c",
    "\ud83d\ude09",
    "\ud83d\ude1c",
    "\ud83d\udcf8",
    "\ud83c\udf84",
    "\ud83d\udc95",
    "\ud83d\udcf7",
    "\ud83d\ude0d",
    "\ud83d\ude0a",
    "\ud83d\udcaf",
    "\ud83d\ude18",
    "\ud83d\udc99",
    "\u2764",
    "\ud83d\ude0e",
    "\ud83d\ude01",
    "\ud83c\uddfa\ud83c\uddf8",
    "\u2600",
    "\ud83d\udd25",
    "\ud83d\ude02",
    "\u2728"
  ]
}