{
  "classification_report": {
    "\ud83d\udc99": {
      "precision": 0.0,
      "recall": 0.0,
      "f1-score": 0.0,
      "support": 31.0
    },
    "\ud83c\udf84": {
      "precision": 0.8636363636363636,
      "recall": 0.6129032258064516,
      "f1-score": 0.7169811320754716,
      "support": 31.0
    },
    "\ud83d\udcf8": {
      "precision": 0.08333333333333333,
      "recall": 0.020833333333333332,
      "f1-score": 0.03333333333333333,
      "support": 48.0
    },
    "\ud83d\ude18": {
      "precision": 0.14285714285714285,
      "recall": 0.041666666666666664,
      "f1-score": 0.06451612903225806,
      "support": 24.0
    },
    "\ud83d\udcaf": {
      "precision": 0.0,
      "recall": 0.0,
      "f1-score": 0.0,
      "support": 25.0
    },
    "\ud83d\udd25": {
      "precision": 0.5294117647058824,
      "recall": 0.24324324324324326,
      "f1-score": 0.3333333333333333,
      "support": 74.0
    },
    "\ud83d\ude0d": {
      "precision": 0.1984126984126984,
      "recall": 0.25773195876288657,
      "f1-score": 0.2242152466367713,
      "support": 97.0
    },
    "\ud83d\ude0e": {
      "precision": 0.0,
      "recall": 0.0,
      "f1-score": 0.0,
      "support": 40.0
    },
    "\ud83d\udcf7": {
      "precision": 0.16666666666666666,
      "recall": 0.034482758620689655,
      "f1-score": 0.05714285714285714,
      "support": 29.0
    },
    "\ud83d\ude01": {
      "precision": 0.0,
      "recall": 0.0,
      "f1-score": 0.0,
      "support": 23.0
    },
    "\ud83d\ude1c": {
      "precision": 0.0,
      "recall": 0.0,
      "f1-score": 0.0,
      "support": 20.0
    },
    "\ud83d\ude0a": {
      "precision": 0.058823529411764705,
      "recall": 0.34375,
      "f1-score": 0.1004566210045662,
      "support": 32.0
    },
    "\u2600": {
      "precision": 0.0,
      "recall": 0.0,
      "f1-score": 0.0,
      "support": 25.0
    },
    "\ud83d\udc9c": {
      "precision": 0.0,
      "recall": 0.0,
      "f1-score": 0.0,
      "support": 22.0
    },
    "\u2764": {
      "precision": 1.0,
      "recall": 0.009259259259259259,
      "f1-score": 0.01834862385321101,
      "support": 216.0
    },
    "\ud83d\udc95": {
      "precision": 0.15384615384615385,
      "recall": 0.07692307692307693,
      "f1-score": 0.10256410256410256,
      "support": 52.0
    },
    "\ud83d\ude02": {
      "precision": 0.358974358974359,
      "recall": 0.15384615384615385,
      "f1-score": 0.2153846153846154,
      "support": 91.0
    },
    "\ud83d\ude09": {
      "precision": 0.0,
      "recall": 0.0,
      "f1-score": 0.0,
      "support": 26.0
    },
    "\ud83c\uddfa\ud83c\uddf8": {
      "precision": 0.5333333333333333,
      "recall": 0.20512820512820512,
      "f1-score": 0.2962962962962963,
      "support": 39.0
    },
    "\u2728": {
      "precision": 0.1276595744680851,
      "recall": 0.10909090909090909,
      "f1-score": 0.11764705882352941,
      "support": 55.0
    },
    "micro avg": {
      "precision": 0.205607476635514,
      "recall": 0.11,
      "f1-score": 0.14332247557003258,
      "support": 1000.0
    },
    "macro avg": {
      "precision": 0.21084774598228914,
      "recall": 0.10544293953404375,
      "f1-score": 0.11401096747401729,
      "support": 1000.0
    },
    "weighted avg": {
      "precision": 0.38382743057248697,
      "recall": 0.11,
      "f1-score": 0.12358488238731287,
      "support": 1000.0
    }
  },
  "accuracy": 0.11,
  "confusion_matrix": [
    [
      0,
      0,
      0,
      0,
      0,
      0,
      6,
      0,
      0,
      0,
      0,
      8,
      0,
      0,
      0,
      1,
      0,
      1,
      3,
      2
    ],
    [
      0,
      19,
      0,
      0,
      0,
      2,
      2,
      0,
      0,
      0,
      0,
      2,
      0,
      0,
      0,
      0,
      0,
      0,
      0,
      0
    ],
    [
      0,
      0,
      1,
      0,
      0,
      2,
      1,
      0,
      3,
      0,
      0,
      9,
      0,
      0,
      0,
      2,
      3,
      0,
      1,
      3
    ],
    [
      0,
      0,
      1,
      1,
      0,
      0,
      7,
      0,
      0,
      0,
      0,
      4,
      0,
      0,
      0,
      1,
      0,
      0,
      0,
      1
    ],
    [
      0,
      1,
      0,
      0,
      0,
      0,
      0,
      1,
      0,
      0,
      0,
      2,
      0,
      0,
      0,
      0,
      2,
      0,
      0,
      0
    ],
    [
      0,
      0,
      1,
      0,
      0,
      18,
      8,
      1,
      0,
      0,
      0,
      5,
      0,
      1,
      0,
      1,
      5,
      0,
      0,
      2
    ],
    [
      0,
      0,
      0,
      1,
      0,
      2,
      25,
      0,
      0,
      0,
      0,
      22,
      0,
      0,
      0,
      3,
      3,
      1,
      2,
      4
    ],
    [
      0,
      0,
      0,
      0,
      0,
      1,
      5,
      0,
      0,
      0,
      0,
      10,
      0,
      0,
      0,
      0,
      2,
      0,
      0,
      0
    ],
    [
      0,
      0,
      0,
      0,
      0,
      0,
      0,
      0,
      1,
      0,
      0,
      3,
      0,
      0,
      0,
      0,
      1,
      0,
      1,
      2
    ],
    [
      0,
      0,
      0,
      0,
      0,
      0,
      3,
      0,
      0,
      0,
      0,
      7,
      0,
      0,
      0,
      1,
      2,
      1,
      0,
      1
    ],
    [
      0,
      0,
      0,
      0,
      0,
      0,
      1,
      0,
      0,
      0,
      0,
      5,
      0,
      0,
      0,
      0,
      2,
      0,
      0,
      0
    ],
    [
      0,
      0,
      1,
      0,
      0,
      0,
      6,
      0,
      0,
      0,
      0,
      11,
      0,
      0,
      0,
      1,
      0,
      0,
      0,
      0
    ],
    [
      0,
      0,
      0,
      0,
      0,
      1,
      0,
      0,
      0,
      1,
      0,
      5,
      0,
      0,
      0,
      0,
      0,
      0,
      0,
      1
    ],
    [
      0,
      0,
      1,
      0,
      0,
      0,
      4,
      0,
      0,
      0,
      0,
      5,
      0,
      0,
      0,
      1,
      0,
      0,
      0,
      2
    ],
    [
      0,
      1,
      0,
      4,
      0,
      4,
      32,
      2,
      0,
      0,
      0,
      39,
      0,
      0,
      2,
      7,
      2,
      0,
      0,
      16
    ],
    [
      0,
      0,
      1,
      1,
      0,
      0,
      10,
      0,
      0,
      0,
      0,
      8,
      0,
      0,
      0,
      4,
      2,
      0,
      0,
      4
    ],
    [
      0,
      0,
      4,
      0,
      0,
      0,
      8,
      0,
      1,
      0,
      0,
      17,
      0,
      1,
      0,
      2,
      14,
      0,
      0,
      1
    ],
    [
      0,
      1,
      0,
      0,
      0,
      1,
      3,
      0,
      0,
      0,
      0,
      5,
      0,
      0,
      0,
      0,
      0,
      0,
      0,
      1
    ],
    [
      0,
      0,
      0,
      0,
      0,
      2,
      1,
      0,
      1,
      0,
      0,
      4,
      0,
      0,
      0,
      1,
      0,
      0,
      8,
      1
    ],
    [
      0,
      0,
      2,
      0,
      0,
      1,
      4,
      0,
      0,
      0,
      0,
      16,
      0,
      1,
      0,
      1,
      1,
      1,
      0,
      6
    ]
  ],
  "labels": [
    "\ud83d\udc99",
    "\ud83c\udf84",
    "\ud83d\udcf8",
    "\ud83d\ude18",
    "\ud83d\udcaf",
    "\ud83d\udd25",
    "\ud83d\ude0d",
    "\ud83d\ude0e",
    "\ud83d\udcf7",
    "\ud83d\ude01",
    "\ud83d\ude1c",
    "\ud83d\ude0a",
    "\u2600",
    "\ud83d\udc9c",
    "\u2764",
    "\ud83d\udc95",
    "\ud83d\ude02",
    "\ud83d\ude09",
    "\ud83c\uddfa\ud83c\uddf8",
    "\u2728"
  ]
}