{
  "classification_report": {
    "\ud83d\ude01": {
      "precision": 0.0,
      "recall": 0.0,
      "f1-score": 0.0,
      "support": 23.0
    },
    "\ud83d\ude1c": {
      "precision": 0.0,
      "recall": 0.0,
      "f1-score": 0.0,
      "support": 20.0
    },
    "\ud83d\ude02": {
      "precision": 0.3333333333333333,
      "recall": 0.07692307692307693,
      "f1-score": 0.125,
      "support": 91.0
    },
    "\ud83d\udd25": {
      "precision": 0.6333333333333333,
      "recall": 0.25675675675675674,
      "f1-score": 0.36538461538461536,
      "support": 74.0
    },
    "\ud83d\udcf7": {
      "precision": 0.16666666666666666,
      "recall": 0.034482758620689655,
      "f1-score": 0.05714285714285714,
      "support": 29.0
    },
    "\u2600": {
      "precision": 0.0,
      "recall": 0.0,
      "f1-score": 0.0,
      "support": 25.0
    },
    "\ud83d\ude18": {
      "precision": 0.0,
      "recall": 0.0,
      "f1-score": 0.0,
      "support": 24.0
    },
    "\ud83d\udc9c": {
      "precision": 0.0,
      "recall": 0.0,
      "f1-score": 0.0,
      "support": 22.0
    },
    "\ud83d\ude0a": {
      "precision": 0.06722689075630252,
      "recall": 0.25,
      "f1-score": 0.10596026490066225,
      "support": 32.0
    },
    "\u2764": {
      "precision": 0.42105263157894735,
      "recall": 0.1111111111111111,
      "f1-score": 0.17582417582417584,
      "support": 216.0
    },
    "\ud83d\ude0e": {
      "precision": 0.2,
      "recall": 0.025,
      "f1-score": 0.044444444444444446,
      "support": 40.0
    },
    "\ud83c\uddfa\ud83c\uddf8": {
      "precision": 0.2727272727272727,
      "recall": 0.07692307692307693,
      "f1-score": 0.12,
      "support": 39.0
    },
    "\ud83d\ude09": {
      "precision": 0.0,
      "recall": 0.0,
      "f1-score": 0.0,
      "support": 26.0
    },
    "\ud83d\udcaf": {
      "precision": 0.0,
      "recall": 0.0,
      "f1-score": 0.0,
      "support": 25.0
    },
    "\u2728": {
      "precision": 0.36,
      "recall": 0.16363636363636364,
      "f1-score": 0.225,
      "support": 55.0
    },
    "\ud83d\udc95": {
      "precision": 0.15384615384615385,
      "recall": 0.038461538461538464,
      "f1-score": 0.06153846153846154,
      "support": 52.0
    },
    "\ud83d\udcf8": {
      "precision": 0.3125,
      "recall": 0.10416666666666667,
      "f1-score": 0.15625,
      "support": 48.0
    },
    "\ud83d\udc99": {
      "precision": 0.5,
      "recall": 0.03225806451612903,
      "f1-score": 0.06060606060606061,
      "support": 31.0
    },
    "\ud83c\udf84": {
      "precision": 0.7083333333333334,
      "recall": 0.5483870967741935,
      "f1-score": 0.6181818181818182,
      "support": 31.0
    },
    "\ud83d\ude0d": {
      "precision": 0.23333333333333334,
      "recall": 0.21649484536082475,
      "f1-score": 0.22459893048128343,
      "support": 97.0
    },
    "micro avg": {
      "precision": 0.2757009345794392,
      "recall": 0.118,
      "f1-score": 0.16526610644257703,
      "support": 1000.0
    },
    "macro avg": {
      "precision": 0.21811764744543383,
      "recall": 0.09673006778752136,
      "f1-score": 0.11699658142521893,
      "support": 1000.0
    },
    "weighted avg": {
      "precision": 0.2966599925616179,
      "recall": 0.118,
      "f1-score": 0.15380065312733407,
      "support": 1000.0
    }
  },
  "accuracy": 0.118,
  "confusion_matrix": [
    [
      0,
      0,
      1,
      0,
      0,
      0,
      0,
      0,
      3,
      0,
      0,
      0,
      0,
      0,
      0,
      1,
      0,
      0,
      1,
      1
    ],
    [
      0,
      0,
      1,
      0,
      0,
      0,
      0,
      0,
      5,
      0,
      0,
      0,
      0,
      0,
      0,
      0,
      0,
      1,
      0,
      0
    ],
    [
      0,
      0,
      7,
      1,
      2,
      0,
      0,
      1,
      10,
      2,
      1,
      1,
      0,
      0,
      0,
      1,
      3,
      0,
      0,
      8
    ],
    [
      0,
      0,
      1,
      19,
      0,
      0,
      0,
      1,
      3,
      3,
      0,
      0,
      0,
      0,
      1,
      0,
      2,
      0,
      0,
      6
    ],
    [
      0,
      0,
      2,
      0,
      1,
      0,
      0,
      0,
      3,
      1,
      0,
      1,
      0,
      0,
      1,
      0,
      1,
      0,
      0,
      1
    ],
    [
      1,
      0,
      0,
      0,
      0,
      0,
      0,
      0,
      2,
      1,
      0,
      0,
      0,
      0,
      0,
      0,
      0,
      0,
      0,
      0
    ],
    [
      0,
      0,
      0,
      0,
      0,
      0,
      0,
      0,
      5,
      4,
      0,
      0,
      0,
      0,
      0,
      0,
      0,
      0,
      1,
      2
    ],
    [
      0,
      0,
      0,
      0,
      0,
      0,
      0,
      0,
      6,
      1,
      0,
      0,
      0,
      0,
      2,
      0,
      0,
      0,
      0,
      2
    ],
    [
      0,
      0,
      0,
      0,
      0,
      0,
      0,
      0,
      8,
      2,
      2,
      1,
      0,
      0,
      0,
      1,
      2,
      0,
      1,
      4
    ],
    [
      0,
      0,
      1,
      1,
      1,
      0,
      1,
      0,
      12,
      24,
      0,
      0,
      0,
      0,
      5,
      3,
      0,
      0,
      2,
      19
    ],
    [
      0,
      0,
      0,
      2,
      0,
      0,
      0,
      0,
      9,
      2,
      1,
      0,
      0,
      0,
      2,
      0,
      0,
      0,
      0,
      2
    ],
    [
      0,
      0,
      0,
      0,
      1,
      0,
      0,
      0,
      6,
      3,
      0,
      3,
      0,
      0,
      1,
      1,
      0,
      0,
      0,
      2
    ],
    [
      0,
      0,
      0,
      1,
      0,
      0,
      0,
      0,
      2,
      0,
      0,
      0,
      0,
      0,
      0,
      1,
      1,
      0,
      1,
      6
    ],
    [
      0,
      0,
      2,
      0,
      0,
      0,
      0,
      0,
      2,
      0,
      0,
      0,
      0,
      0,
      1,
      0,
      0,
      0,
      1,
      0
    ],
    [
      0,
      0,
      2,
      1,
      0,
      0,
      0,
      1,
      9,
      1,
      0,
      0,
      1,
      0,
      9,
      0,
      1,
      0,
      0,
      2
    ],
    [
      0,
      0,
      1,
      1,
      1,
      0,
      0,
      0,
      6,
      7,
      1,
      0,
      1,
      0,
      1,
      2,
      0,
      0,
      0,
      8
    ],
    [
      0,
      0,
      2,
      2,
      0,
      0,
      0,
      0,
      3,
      0,
      0,
      1,
      0,
      0,
      1,
      1,
      5,
      0,
      0,
      2
    ],
    [
      0,
      0,
      0,
      0,
      0,
      0,
      0,
      0,
      7,
      2,
      0,
      2,
      0,
      0,
      0,
      1,
      0,
      1,
      0,
      3
    ],
    [
      0,
      0,
      0,
      2,
      0,
      0,
      0,
      0,
      3,
      1,
      0,
      0,
      0,
      0,
      0,
      0,
      0,
      0,
      17,
      1
    ],
    [
      0,
      0,
      1,
      0,
      0,
      0,
      1,
      0,
      15,
      3,
      0,
      2,
      1,
      0,
      1,
      1,
      1,
      0,
      0,
      21
    ]
  ],
  "labels": [
    "\ud83d\ude01",
    "\ud83d\ude1c",
    "\ud83d\ude02",
    "\ud83d\udd25",
    "\ud83d\udcf7",
    "\u2600",
    "\ud83d\ude18",
    "\ud83d\udc9c",
    "\ud83d\ude0a",
    "\u2764",
    "\ud83d\ude0e",
    "\ud83c\uddfa\ud83c\uddf8",
    "\ud83d\ude09",
    "\ud83d\udcaf",
    "\u2728",
    "\ud83d\udc95",
    "\ud83d\udcf8",
    "\ud83d\udc99",
    "\ud83c\udf84",
    "\ud83d\ude0d"
  ]
}