{
  "classification_report": {
    "\ud83d\ude09": {
      "precision": 0.0,
      "recall": 0.0,
      "f1-score": 0.0,
      "support": 26.0
    },
    "\ud83d\udcf8": {
      "precision": 0.20754716981132076,
      "recall": 0.22916666666666666,
      "f1-score": 0.21782178217821782,
      "support": 48.0
    },
    "\u2728": {
      "precision": 0.11428571428571428,
      "recall": 0.07272727272727272,
      "f1-score": 0.08888888888888889,
      "support": 55.0
    },
    "\ud83d\udc99": {
      "precision": 0.0,
      "recall": 0.0,
      "f1-score": 0.0,
      "support": 31.0
    },
    "\ud83d\ude1c": {
      "precision": 1.0,
      "recall": 0.05,
      "f1-score": 0.09523809523809523,
      "support": 20.0
    },
    "\ud83d\ude01": {
      "precision": 0.0,
      "recall": 0.0,
      "f1-score": 0.0,
      "support": 23.0
    },
    "\ud83c\uddfa\ud83c\uddf8": {
      "precision": 0.0,
      "recall": 0.0,
      "f1-score": 0.0,
      "support": 39.0
    },
    "\ud83d\udc9c": {
      "precision": 0.2,
      "recall": 0.045454545454545456,
      "f1-score": 0.07407407407407407,
      "support": 22.0
    },
    "\ud83d\udcaf": {
      "precision": 0.0,
      "recall": 0.0,
      "f1-score": 0.0,
      "support": 25.0
    },
    "\u2600": {
      "precision": 0.17391304347826086,
      "recall": 0.16,
      "f1-score": 0.16666666666666666,
      "support": 25.0
    },
    "\ud83d\udc95": {
      "precision": 0.13043478260869565,
      "recall": 0.057692307692307696,
      "f1-score": 0.08,
      "support": 52.0
    },
    "\ud83d\ude0a": {
      "precision": 0.025974025974025976,
      "recall": 0.25,
      "f1-score": 0.047058823529411764,
      "support": 32.0
    },
    "\ud83d\udd25": {
      "precision": 0.4594594594594595,
      "recall": 0.22972972972972974,
      "f1-score": 0.3063063063063063,
      "support": 74.0
    },
    "\ud83c\udf84": {
      "precision": 0.4,
      "recall": 0.12903225806451613,
      "f1-score": 0.1951219512195122,
      "support": 31.0
    },
    "\ud83d\ude18": {
      "precision": 0.25,
      "recall": 0.08333333333333333,
      "f1-score": 0.125,
      "support": 24.0
    },
    "\u2764": {
      "precision": 0.3333333333333333,
      "recall": 0.05092592592592592,
      "f1-score": 0.08835341365461848,
      "support": 216.0
    },
    "\ud83d\ude0d": {
      "precision": 0.19047619047619047,
      "recall": 0.041237113402061855,
      "f1-score": 0.06779661016949153,
      "support": 97.0
    },
    "\ud83d\ude02": {
      "precision": 0.2967032967032967,
      "recall": 0.2967032967032967,
      "f1-score": 0.2967032967032967,
      "support": 91.0
    },
    "\ud83d\udcf7": {
      "precision": 0.0,
      "recall": 0.0,
      "f1-score": 0.0,
      "support": 29.0
    },
    "\ud83d\ude0e": {
      "precision": 0.05,
      "recall": 0.025,
      "f1-score": 0.03333333333333333,
      "support": 40.0
    },
    "micro avg": {
      "precision": 0.14390602055800295,
      "recall": 0.098,
      "f1-score": 0.11659726353361094,
      "support": 1000.0
    },
    "macro avg": {
      "precision": 0.19160635080651484,
      "recall": 0.08605012248498281,
      "f1-score": 0.09411816209809566,
      "support": 1000.0
    },
    "weighted avg": {
      "precision": 0.22448577252662572,
      "recall": 0.098,
      "f1-score": 0.11442066401108586,
      "support": 1000.0
    }
  },
  "accuracy": 0.098,
  "confusion_matrix": [
    [
      0,
      2,
      0,
      0,
      0,
      0,
      0,
      0,
      0,
      0,
      0,
      8,
      0,
      0,
      2,
      1,
      0,
      2,
      0,
      0
    ],
    [
      0,
      11,
      1,
      0,
      0,
      0,
      0,
      0,
      0,
      2,
      1,
      10,
      1,
      0,
      0,
      0,
      0,
      5,
      0,
      2
    ],
    [
      0,
      3,
      4,
      0,
      0,
      0,
      0,
      0,
      0,
      2,
      0,
      21,
      1,
      1,
      0,
      3,
      2,
      2,
      0,
      1
    ],
    [
      0,
      0,
      0,
      0,
      0,
      1,
      0,
      0,
      0,
      2,
      1,
      13,
      1,
      1,
      1,
      2,
      2,
      0,
      0,
      0
    ],
    [
      0,
      0,
      0,
      1,
      1,
      0,
      0,
      0,
      0,
      0,
      0,
      6,
      1,
      0,
      0,
      0,
      1,
      2,
      0,
      0
    ],
    [
      0,
      2,
      1,
      0,
      0,
      0,
      0,
      0,
      0,
      0,
      0,
      12,
      1,
      0,
      0,
      0,
      0,
      2,
      0,
      0
    ],
    [
      0,
      4,
      4,
      0,
      0,
      0,
      0,
      0,
      1,
      1,
      0,
      8,
      0,
      0,
      0,
      1,
      0,
      2,
      0,
      1
    ],
    [
      0,
      0,
      1,
      0,
      0,
      0,
      0,
      1,
      0,
      0,
      1,
      9,
      0,
      0,
      0,
      1,
      0,
      1,
      0,
      1
    ],
    [
      0,
      1,
      0,
      0,
      0,
      0,
      0,
      0,
      0,
      1,
      1,
      5,
      0,
      0,
      1,
      0,
      0,
      5,
      0,
      0
    ],
    [
      0,
      1,
      0,
      0,
      0,
      0,
      0,
      0,
      0,
      4,
      0,
      8,
      0,
      0,
      0,
      0,
      0,
      0,
      0,
      3
    ],
    [
      0,
      1,
      4,
      1,
      0,
      0,
      0,
      0,
      0,
      0,
      3,
      19,
      0,
      0,
      0,
      2,
      1,
      1,
      0,
      1
    ],
    [
      0,
      0,
      1,
      0,
      0,
      0,
      0,
      0,
      0,
      1,
      0,
      8,
      0,
      0,
      0,
      1,
      0,
      2,
      0,
      2
    ],
    [
      0,
      8,
      1,
      2,
      0,
      0,
      0,
      1,
      1,
      0,
      0,
      14,
      17,
      0,
      0,
      1,
      2,
      5,
      0,
      2
    ],
    [
      0,
      0,
      1,
      0,
      0,
      0,
      0,
      0,
      0,
      1,
      0,
      8,
      1,
      4,
      0,
      1,
      0,
      2,
      0,
      0
    ],
    [
      0,
      0,
      0,
      1,
      0,
      0,
      0,
      0,
      0,
      0,
      1,
      9,
      1,
      1,
      2,
      1,
      1,
      3,
      0,
      0
    ],
    [
      0,
      4,
      9,
      3,
      0,
      1,
      0,
      3,
      0,
      3,
      11,
      69,
      3,
      3,
      1,
      11,
      6,
      15,
      0,
      3
    ],
    [
      0,
      3,
      3,
      0,
      0,
      0,
      0,
      0,
      1,
      3,
      3,
      40,
      1,
      0,
      1,
      2,
      4,
      8,
      0,
      2
    ],
    [
      0,
      5,
      3,
      0,
      0,
      0,
      0,
      0,
      0,
      2,
      1,
      23,
      5,
      0,
      0,
      1,
      0,
      27,
      0,
      1
    ],
    [
      0,
      7,
      0,
      0,
      0,
      0,
      0,
      0,
      0,
      0,
      0,
      2,
      3,
      0,
      0,
      2,
      0,
      5,
      0,
      0
    ],
    [
      0,
      1,
      2,
      0,
      0,
      0,
      0,
      0,
      0,
      1,
      0,
      16,
      1,
      0,
      0,
      3,
      2,
      2,
      0,
      1
    ]
  ],
  "labels": [
    "\ud83d\ude09",
    "\ud83d\udcf8",
    "\u2728",
    "\ud83d\udc99",
    "\ud83d\ude1c",
    "\ud83d\ude01",
    "\ud83c\uddfa\ud83c\uddf8",
    "\ud83d\udc9c",
    "\ud83d\udcaf",
    "\u2600",
    "\ud83d\udc95",
    "\ud83d\ude0a",
    "\ud83d\udd25",
    "\ud83c\udf84",
    "\ud83d\ude18",
    "\u2764",
    "\ud83d\ude0d",
    "\ud83d\ude02",
    "\ud83d\udcf7",
    "\ud83d\ude0e"
  ]
}