{
  "classification_report": {
    "\ud83d\ude01": {
      "precision": 0.0,
      "recall": 0.0,
      "f1-score": 0.0,
      "support": 23.0
    },
    "\ud83c\uddfa\ud83c\uddf8": {
      "precision": 0.0,
      "recall": 0.0,
      "f1-score": 0.0,
      "support": 39.0
    },
    "\ud83d\ude0e": {
      "precision": 0.13043478260869565,
      "recall": 0.075,
      "f1-score": 0.09523809523809523,
      "support": 40.0
    },
    "\ud83d\ude0a": {
      "precision": 0.022222222222222223,
      "recall": 0.21875,
      "f1-score": 0.040345821325648415,
      "support": 32.0
    },
    "\u2764": {
      "precision": 0.3888888888888889,
      "recall": 0.06481481481481481,
      "f1-score": 0.1111111111111111,
      "support": 216.0
    },
    "\ud83d\udcf7": {
      "precision": 0.0,
      "recall": 0.0,
      "f1-score": 0.0,
      "support": 29.0
    },
    "\ud83d\ude0d": {
      "precision": 0.22727272727272727,
      "recall": 0.05154639175257732,
      "f1-score": 0.08403361344537816,
      "support": 97.0
    },
    "\ud83c\udf84": {
      "precision": 0.5,
      "recall": 0.12903225806451613,
      "f1-score": 0.20512820512820512,
      "support": 31.0
    },
    "\ud83d\udd25": {
      "precision": 0.4864864864864865,
      "recall": 0.24324324324324326,
      "f1-score": 0.32432432432432434,
      "support": 74.0
    },
    "\ud83d\udc9c": {
      "precision": 0.2,
      "recall": 0.045454545454545456,
      "f1-score": 0.07407407407407407,
      "support": 22.0
    },
    "\ud83d\udc95": {
      "precision": 0.15384615384615385,
      "recall": 0.07692307692307693,
      "f1-score": 0.10256410256410256,
      "support": 52.0
    },
    "\ud83d\udcaf": {
      "precision": 0.0,
      "recall": 0.0,
      "f1-score": 0.0,
      "support": 25.0
    },
    "\ud83d\ude02": {
      "precision": 0.3191489361702128,
      "recall": 0.32967032967032966,
      "f1-score": 0.32432432432432434,
      "support": 91.0
    },
    "\ud83d\udc99": {
      "precision": 0.07692307692307693,
      "recall": 0.03225806451612903,
      "f1-score": 0.045454545454545456,
      "support": 31.0
    },
    "\u2728": {
      "precision": 0.11428571428571428,
      "recall": 0.07272727272727272,
      "f1-score": 0.08888888888888889,
      "support": 55.0
    },
    "\ud83d\ude09": {
      "precision": 0.0,
      "recall": 0.0,
      "f1-score": 0.0,
      "support": 26.0
    },
    "\ud83d\ude18": {
      "precision": 0.25,
      "recall": 0.08333333333333333,
      "f1-score": 0.125,
      "support": 24.0
    },
    "\ud83d\udcf8": {
      "precision": 0.2777777777777778,
      "recall": 0.3125,
      "f1-score": 0.29411764705882354,
      "support": 48.0
    },
    "\ud83d\ude1c": {
      "precision": 1.0,
      "recall": 0.05,
      "f1-score": 0.09523809523809523,
      "support": 20.0
    },
    "\u2600": {
      "precision": 0.19230769230769232,
      "recall": 0.2,
      "f1-score": 0.19607843137254902,
      "support": 25.0
    },
    "micro avg": {
      "precision": 0.1607898448519041,
      "recall": 0.114,
      "f1-score": 0.1334113516676419,
      "support": 1000.0
    },
    "macro avg": {
      "precision": 0.21697972293948245,
      "recall": 0.09926266652499192,
      "f1-score": 0.11029606397740828,
      "support": 1000.0
    },
    "weighted avg": {
      "precision": 0.2577278654637582,
      "recall": 0.114,
      "f1-score": 0.13430965097747602,
      "support": 1000.0
    }
  },
  "accuracy": 0.114,
  "confusion_matrix": [
    [
      0,
      0,
      0,
      12,
      0,
      0,
      0,
      0,
      0,
      0,
      0,
      0,
      3,
      0,
      2,
      0,
      0,
      2,
      0,
      0
    ],
    [
      0,
      0,
      1,
      7,
      1,
      0,
      0,
      0,
      0,
      0,
      1,
      1,
      2,
      0,
      4,
      0,
      0,
      2,
      0,
      2
    ],
    [
      0,
      0,
      3,
      14,
      3,
      0,
      2,
      0,
      1,
      0,
      0,
      0,
      2,
      0,
      3,
      0,
      0,
      1,
      0,
      1
    ],
    [
      0,
      0,
      2,
      7,
      1,
      0,
      0,
      0,
      0,
      0,
      0,
      0,
      2,
      1,
      1,
      0,
      0,
      0,
      0,
      2
    ],
    [
      2,
      0,
      2,
      70,
      14,
      0,
      5,
      2,
      3,
      3,
      13,
      0,
      13,
      3,
      9,
      0,
      2,
      5,
      0,
      3
    ],
    [
      0,
      0,
      0,
      1,
      1,
      0,
      0,
      0,
      3,
      0,
      0,
      0,
      5,
      0,
      0,
      0,
      0,
      9,
      0,
      1
    ],
    [
      0,
      0,
      2,
      42,
      3,
      0,
      5,
      0,
      1,
      0,
      2,
      1,
      8,
      2,
      3,
      0,
      1,
      3,
      0,
      2
    ],
    [
      0,
      0,
      0,
      7,
      1,
      0,
      0,
      4,
      1,
      0,
      0,
      0,
      2,
      0,
      1,
      0,
      0,
      0,
      0,
      1
    ],
    [
      0,
      0,
      3,
      14,
      0,
      0,
      2,
      0,
      18,
      1,
      0,
      0,
      7,
      2,
      1,
      0,
      0,
      6,
      0,
      0
    ],
    [
      0,
      0,
      1,
      9,
      2,
      0,
      0,
      0,
      0,
      1,
      1,
      0,
      1,
      0,
      0,
      0,
      0,
      0,
      0,
      0
    ],
    [
      0,
      0,
      1,
      19,
      3,
      0,
      2,
      0,
      0,
      0,
      4,
      0,
      1,
      1,
      4,
      0,
      0,
      1,
      0,
      0
    ],
    [
      0,
      0,
      0,
      6,
      1,
      0,
      0,
      0,
      0,
      0,
      1,
      0,
      5,
      0,
      0,
      0,
      1,
      1,
      0,
      1
    ],
    [
      0,
      0,
      1,
      27,
      0,
      0,
      0,
      0,
      6,
      0,
      2,
      0,
      30,
      0,
      2,
      0,
      0,
      3,
      0,
      2
    ],
    [
      1,
      0,
      0,
      14,
      2,
      0,
      3,
      1,
      0,
      0,
      1,
      0,
      0,
      1,
      0,
      0,
      1,
      0,
      0,
      2
    ],
    [
      0,
      0,
      1,
      21,
      3,
      0,
      2,
      0,
      1,
      0,
      0,
      1,
      3,
      0,
      4,
      0,
      0,
      3,
      0,
      2
    ],
    [
      0,
      0,
      0,
      12,
      0,
      0,
      1,
      0,
      0,
      0,
      0,
      0,
      1,
      0,
      0,
      0,
      1,
      2,
      0,
      0
    ],
    [
      0,
      0,
      0,
      9,
      1,
      0,
      0,
      1,
      1,
      0,
      1,
      0,
      3,
      1,
      0,
      0,
      2,
      0,
      0,
      0
    ],
    [
      0,
      0,
      3,
      12,
      0,
      0,
      0,
      0,
      1,
      0,
      0,
      0,
      4,
      1,
      1,
      0,
      0,
      15,
      0,
      2
    ],
    [
      0,
      0,
      0,
      7,
      0,
      0,
      0,
      0,
      1,
      0,
      0,
      0,
      2,
      1,
      0,
      0,
      0,
      0,
      1,
      0
    ],
    [
      0,
      0,
      3,
      5,
      0,
      0,
      0,
      0,
      0,
      0,
      0,
      0,
      0,
      0,
      0,
      0,
      0,
      1,
      0,
      5
    ]
  ],
  "labels": [
    "\ud83d\ude01",
    "\ud83c\uddfa\ud83c\uddf8",
    "\ud83d\ude0e",
    "\ud83d\ude0a",
    "\u2764",
    "\ud83d\udcf7",
    "\ud83d\ude0d",
    "\ud83c\udf84",
    "\ud83d\udd25",
    "\ud83d\udc9c",
    "\ud83d\udc95",
    "\ud83d\udcaf",
    "\ud83d\ude02",
    "\ud83d\udc99",
    "\u2728",
    "\ud83d\ude09",
    "\ud83d\ude18",
    "\ud83d\udcf8",
    "\ud83d\ude1c",
    "\u2600"
  ]
}