{
  "classification_report": {
    "\ud83d\udcf8": {
      "precision": 0.45454545454545453,
      "recall": 0.10416666666666667,
      "f1-score": 0.1694915254237288,
      "support": 48.0
    },
    "\u2728": {
      "precision": 0.4166666666666667,
      "recall": 0.09090909090909091,
      "f1-score": 0.14925373134328357,
      "support": 55.0
    },
    "\ud83d\ude0a": {
      "precision": 0.05357142857142857,
      "recall": 0.1875,
      "f1-score": 0.08333333333333333,
      "support": 32.0
    },
    "\ud83c\udf84": {
      "precision": 0.7307692307692307,
      "recall": 0.6129032258064516,
      "f1-score": 0.6666666666666666,
      "support": 31.0
    },
    "\ud83d\ude0d": {
      "precision": 0.273972602739726,
      "recall": 0.20618556701030927,
      "f1-score": 0.23529411764705882,
      "support": 97.0
    },
    "\ud83d\ude02": {
      "precision": 0.5,
      "recall": 0.27472527472527475,
      "f1-score": 0.3546099290780142,
      "support": 91.0
    },
    "\ud83d\udcaf": {
      "precision": 0.5,
      "recall": 0.04,
      "f1-score": 0.07407407407407407,
      "support": 25.0
    },
    "\ud83d\ude01": {
      "precision": 0.0,
      "recall": 0.0,
      "f1-score": 0.0,
      "support": 23.0
    },
    "\ud83c\uddfa\ud83c\uddf8": {
      "precision": 0.47368421052631576,
      "recall": 0.23076923076923078,
      "f1-score": 0.3103448275862069,
      "support": 39.0
    },
    "\ud83d\ude0e": {
      "precision": 0.09090909090909091,
      "recall": 0.025,
      "f1-score": 0.0392156862745098,
      "support": 40.0
    },
    "\ud83d\udd25": {
      "precision": 0.4461538461538462,
      "recall": 0.3918918918918919,
      "f1-score": 0.4172661870503597,
      "support": 74.0
    },
    "\ud83d\ude1c": {
      "precision": 0.125,
      "recall": 0.1,
      "f1-score": 0.1111111111111111,
      "support": 20.0
    },
    "\ud83d\ude09": {
      "precision": 0.0,
      "recall": 0.0,
      "f1-score": 0.0,
      "support": 26.0
    },
    "\ud83d\udc99": {
      "precision": 0.041666666666666664,
      "recall": 0.03225806451612903,
      "f1-score": 0.03636363636363636,
      "support": 31.0
    },
    "\ud83d\udc95": {
      "precision": 0.25,
      "recall": 0.057692307692307696,
      "f1-score": 0.09375,
      "support": 52.0
    },
    "\ud83d\udc9c": {
      "precision": 0.0,
      "recall": 0.0,
      "f1-score": 0.0,
      "support": 22.0
    },
    "\u2600": {
      "precision": 0.5,
      "recall": 0.44,
      "f1-score": 0.46808510638297873,
      "support": 25.0
    },
    "\ud83d\udcf7": {
      "precision": 0.11764705882352941,
      "recall": 0.06896551724137931,
      "f1-score": 0.08695652173913043,
      "support": 29.0
    },
    "\u2764": {
      "precision": 0.43548387096774194,
      "recall": 0.5,
      "f1-score": 0.46551724137931033,
      "support": 216.0
    },
    "\ud83d\ude18": {
      "precision": 0.1111111111111111,
      "recall": 0.08333333333333333,
      "f1-score": 0.09523809523809523,
      "support": 24.0
    },
    "micro avg": {
      "precision": 0.33422818791946307,
      "recall": 0.249,
      "f1-score": 0.28538681948424066,
      "support": 1000.0
    },
    "macro avg": {
      "precision": 0.27605906192254037,
      "recall": 0.17231500852810328,
      "f1-score": 0.1928285895345749,
      "support": 1000.0
    },
    "weighted avg": {
      "precision": 0.3382383694492562,
      "recall": 0.249,
      "f1-score": 0.2664583403189874,
      "support": 1000.0
    }
  },
  "accuracy": 0.249,
  "confusion_matrix": [
    [
      5,
      0,
      7,
      0,
      0,
      4,
      0,
      0,
      0,
      0,
      4,
      0,
      0,
      1,
      0,
      0,
      1,
      6,
      4,
      0
    ],
    [
      0,
      5,
      6,
      0,
      5,
      0,
      0,
      0,
      0,
      1,
      1,
      1,
      2,
      2,
      0,
      0,
      0,
      1,
      14,
      1
    ],
    [
      0,
      0,
      6,
      0,
      2,
      0,
      0,
      0,
      1,
      0,
      1,
      0,
      0,
      1,
      0,
      0,
      1,
      0,
      7,
      2
    ],
    [
      0,
      0,
      0,
      19,
      0,
      1,
      0,
      0,
      0,
      0,
      2,
      0,
      1,
      1,
      0,
      0,
      0,
      0,
      4,
      0
    ],
    [
      0,
      0,
      17,
      0,
      20,
      1,
      0,
      0,
      3,
      2,
      2,
      1,
      0,
      4,
      0,
      0,
      2,
      0,
      23,
      3
    ],
    [
      2,
      0,
      8,
      1,
      2,
      25,
      0,
      0,
      1,
      1,
      6,
      6,
      1,
      1,
      1,
      0,
      1,
      0,
      9,
      0
    ],
    [
      0,
      0,
      2,
      0,
      1,
      3,
      1,
      0,
      0,
      0,
      3,
      0,
      0,
      0,
      0,
      0,
      2,
      0,
      0,
      2
    ],
    [
      0,
      0,
      5,
      1,
      3,
      1,
      0,
      0,
      0,
      0,
      0,
      0,
      1,
      1,
      0,
      0,
      0,
      0,
      2,
      0
    ],
    [
      0,
      1,
      2,
      0,
      0,
      1,
      0,
      0,
      9,
      1,
      1,
      0,
      0,
      1,
      0,
      0,
      1,
      3,
      5,
      0
    ],
    [
      0,
      0,
      8,
      0,
      2,
      2,
      0,
      0,
      0,
      1,
      1,
      0,
      1,
      1,
      0,
      0,
      1,
      0,
      6,
      0
    ],
    [
      0,
      2,
      5,
      0,
      6,
      2,
      1,
      0,
      0,
      0,
      29,
      1,
      0,
      1,
      0,
      1,
      0,
      2,
      5,
      2
    ],
    [
      0,
      0,
      2,
      0,
      2,
      1,
      0,
      0,
      0,
      1,
      2,
      2,
      0,
      0,
      0,
      0,
      0,
      0,
      2,
      1
    ],
    [
      0,
      0,
      7,
      0,
      4,
      2,
      0,
      0,
      1,
      0,
      2,
      1,
      0,
      0,
      0,
      0,
      0,
      0,
      5,
      0
    ],
    [
      0,
      0,
      6,
      0,
      3,
      0,
      0,
      0,
      2,
      0,
      1,
      0,
      0,
      1,
      3,
      0,
      0,
      0,
      12,
      1
    ],
    [
      0,
      1,
      4,
      0,
      3,
      2,
      0,
      0,
      0,
      0,
      1,
      0,
      0,
      2,
      3,
      0,
      0,
      0,
      22,
      2
    ],
    [
      0,
      0,
      5,
      0,
      1,
      0,
      0,
      0,
      0,
      1,
      1,
      0,
      0,
      1,
      0,
      0,
      0,
      2,
      6,
      0
    ],
    [
      0,
      0,
      2,
      0,
      0,
      0,
      0,
      0,
      1,
      0,
      1,
      0,
      0,
      1,
      0,
      0,
      11,
      0,
      4,
      0
    ],
    [
      1,
      0,
      1,
      1,
      1,
      3,
      0,
      0,
      0,
      0,
      3,
      2,
      0,
      0,
      0,
      0,
      0,
      2,
      4,
      0
    ],
    [
      3,
      3,
      15,
      3,
      16,
      2,
      0,
      0,
      1,
      2,
      4,
      2,
      0,
      4,
      5,
      0,
      2,
      1,
      108,
      2
    ],
    [
      0,
      0,
      4,
      1,
      2,
      0,
      0,
      0,
      0,
      1,
      0,
      0,
      0,
      1,
      0,
      0,
      0,
      0,
      6,
      2
    ]
  ],
  "labels": [
    "\ud83d\udcf8",
    "\u2728",
    "\ud83d\ude0a",
    "\ud83c\udf84",
    "\ud83d\ude0d",
    "\ud83d\ude02",
    "\ud83d\udcaf",
    "\ud83d\ude01",
    "\ud83c\uddfa\ud83c\uddf8",
    "\ud83d\ude0e",
    "\ud83d\udd25",
    "\ud83d\ude1c",
    "\ud83d\ude09",
    "\ud83d\udc99",
    "\ud83d\udc95",
    "\ud83d\udc9c",
    "\u2600",
    "\ud83d\udcf7",
    "\u2764",
    "\ud83d\ude18"
  ]
}