{
  "classification_report": {
    "\ud83d\udcf8": {
      "precision": 0.13157894736842105,
      "recall": 0.10416666666666667,
      "f1-score": 0.11627906976744186,
      "support": 48.0
    },
    "\u2600": {
      "precision": 0.2033898305084746,
      "recall": 0.48,
      "f1-score": 0.2857142857142857,
      "support": 25.0
    },
    "\u2728": {
      "precision": 0.18181818181818182,
      "recall": 0.07272727272727272,
      "f1-score": 0.1038961038961039,
      "support": 55.0
    },
    "\ud83d\ude1c": {
      "precision": 0.13043478260869565,
      "recall": 0.15,
      "f1-score": 0.13953488372093023,
      "support": 20.0
    },
    "\ud83d\ude0e": {
      "precision": 0.06896551724137931,
      "recall": 0.15,
      "f1-score": 0.09448818897637795,
      "support": 40.0
    },
    "\ud83d\ude02": {
      "precision": 0.2975206611570248,
      "recall": 0.3956043956043956,
      "f1-score": 0.33962264150943394,
      "support": 91.0
    },
    "\ud83d\udc9c": {
      "precision": 0.0,
      "recall": 0.0,
      "f1-score": 0.0,
      "support": 22.0
    },
    "\ud83d\ude01": {
      "precision": 0.0,
      "recall": 0.0,
      "f1-score": 0.0,
      "support": 23.0
    },
    "\ud83d\udd25": {
      "precision": 0.4358974358974359,
      "recall": 0.22972972972972974,
      "f1-score": 0.3008849557522124,
      "support": 74.0
    },
    "\ud83d\ude0d": {
      "precision": 0.1956521739130435,
      "recall": 0.18556701030927836,
      "f1-score": 0.19047619047619047,
      "support": 97.0
    },
    "\u2764": {
      "precision": 0.42857142857142855,
      "recall": 0.4166666666666667,
      "f1-score": 0.4225352112676056,
      "support": 216.0
    },
    "\ud83c\uddfa\ud83c\uddf8": {
      "precision": 0.0,
      "recall": 0.0,
      "f1-score": 0.0,
      "support": 39.0
    },
    "\ud83d\udcf7": {
      "precision": 0.17647058823529413,
      "recall": 0.10344827586206896,
      "f1-score": 0.13043478260869565,
      "support": 29.0
    },
    "\ud83d\ude0a": {
      "precision": 0.08148148148148149,
      "recall": 0.34375,
      "f1-score": 0.1317365269461078,
      "support": 32.0
    },
    "\ud83d\ude18": {
      "precision": 0.08823529411764706,
      "recall": 0.125,
      "f1-score": 0.10344827586206896,
      "support": 24.0
    },
    "\ud83d\udcaf": {
      "precision": 0.5,
      "recall": 0.04,
      "f1-score": 0.07407407407407407,
      "support": 25.0
    },
    "\ud83d\ude09": {
      "precision": 0.0,
      "recall": 0.0,
      "f1-score": 0.0,
      "support": 26.0
    },
    "\ud83d\udc99": {
      "precision": 0.0,
      "recall": 0.0,
      "f1-score": 0.0,
      "support": 31.0
    },
    "\ud83d\udc95": {
      "precision": 0.125,
      "recall": 0.07692307692307693,
      "f1-score": 0.09523809523809523,
      "support": 52.0
    },
    "\ud83c\udf84": {
      "precision": 0.6956521739130435,
      "recall": 0.5161290322580645,
      "f1-score": 0.5925925925925926,
      "support": 31.0
    },
    "micro avg": {
      "precision": 0.23829344432882413,
      "recall": 0.229,
      "f1-score": 0.23355430902600713,
      "support": 1000.0
    },
    "macro avg": {
      "precision": 0.18703342484157756,
      "recall": 0.169485606337361,
      "f1-score": 0.15604779392011084,
      "support": 1000.0
    },
    "weighted avg": {
      "precision": 0.24805625035727727,
      "recall": 0.229,
      "f1-score": 0.2235792460056898,
      "support": 1000.0
    }
  },
  "accuracy": 0.229,
  "confusion_matrix": [
    [
      5,
      3,
      4,
      2,
      8,
      8,
      0,
      0,
      2,
      3,
      4,
      0,
      1,
      5,
      0,
      0,
      0,
      0,
      0,
      0
    ],
    [
      1,
      12,
      1,
      0,
      1,
      3,
      0,
      0,
      2,
      0,
      3,
      0,
      1,
      0,
      1,
      0,
      0,
      0,
      0,
      0
    ],
    [
      4,
      5,
      4,
      0,
      5,
      3,
      1,
      1,
      3,
      6,
      11,
      0,
      0,
      9,
      1,
      0,
      0,
      1,
      0,
      1
    ],
    [
      0,
      0,
      0,
      3,
      2,
      4,
      0,
      0,
      1,
      1,
      0,
      0,
      0,
      7,
      1,
      0,
      0,
      1,
      0,
      0
    ],
    [
      1,
      2,
      1,
      2,
      6,
      4,
      0,
      1,
      2,
      2,
      7,
      0,
      0,
      6,
      1,
      1,
      0,
      1,
      0,
      1
    ],
    [
      3,
      5,
      0,
      7,
      5,
      36,
      2,
      0,
      2,
      2,
      8,
      0,
      2,
      13,
      2,
      0,
      0,
      0,
      2,
      0
    ],
    [
      1,
      0,
      1,
      0,
      2,
      2,
      0,
      0,
      0,
      1,
      4,
      0,
      1,
      6,
      0,
      0,
      0,
      0,
      3,
      0
    ],
    [
      0,
      1,
      0,
      0,
      2,
      6,
      0,
      0,
      0,
      3,
      1,
      0,
      1,
      6,
      0,
      0,
      0,
      1,
      1,
      1
    ],
    [
      6,
      3,
      1,
      1,
      9,
      8,
      1,
      0,
      17,
      7,
      10,
      0,
      1,
      5,
      2,
      0,
      0,
      1,
      2,
      0
    ],
    [
      5,
      4,
      1,
      1,
      8,
      10,
      0,
      0,
      2,
      18,
      10,
      0,
      2,
      18,
      4,
      0,
      0,
      2,
      3,
      0
    ],
    [
      4,
      14,
      2,
      1,
      9,
      16,
      2,
      1,
      2,
      25,
      90,
      0,
      1,
      22,
      10,
      0,
      0,
      3,
      11,
      1
    ],
    [
      1,
      0,
      2,
      0,
      4,
      3,
      0,
      2,
      1,
      1,
      11,
      0,
      2,
      1,
      0,
      0,
      0,
      0,
      0,
      1
    ],
    [
      1,
      1,
      1,
      2,
      2,
      8,
      1,
      0,
      0,
      2,
      3,
      0,
      3,
      1,
      1,
      0,
      0,
      0,
      1,
      1
    ],
    [
      0,
      3,
      0,
      0,
      6,
      1,
      0,
      0,
      0,
      3,
      6,
      0,
      0,
      11,
      0,
      0,
      0,
      1,
      1,
      0
    ],
    [
      1,
      1,
      0,
      0,
      3,
      0,
      1,
      0,
      0,
      1,
      5,
      0,
      0,
      6,
      3,
      0,
      0,
      1,
      1,
      1
    ],
    [
      1,
      1,
      0,
      2,
      5,
      4,
      0,
      0,
      1,
      1,
      3,
      0,
      0,
      1,
      1,
      1,
      0,
      1,
      1,
      0
    ],
    [
      2,
      2,
      0,
      2,
      2,
      2,
      0,
      0,
      0,
      3,
      4,
      0,
      1,
      5,
      2,
      0,
      0,
      0,
      0,
      0
    ],
    [
      0,
      1,
      2,
      0,
      3,
      0,
      0,
      0,
      0,
      3,
      5,
      0,
      1,
      7,
      3,
      0,
      0,
      0,
      2,
      0
    ],
    [
      2,
      1,
      2,
      0,
      5,
      2,
      1,
      0,
      2,
      8,
      18,
      0,
      0,
      4,
      2,
      0,
      0,
      0,
      4,
      0
    ],
    [
      0,
      0,
      0,
      0,
      0,
      1,
      0,
      0,
      2,
      2,
      7,
      0,
      0,
      2,
      0,
      0,
      0,
      0,
      0,
      16
    ]
  ],
  "labels": [
    "\ud83d\udcf8",
    "\u2600",
    "\u2728",
    "\ud83d\ude1c",
    "\ud83d\ude0e",
    "\ud83d\ude02",
    "\ud83d\udc9c",
    "\ud83d\ude01",
    "\ud83d\udd25",
    "\ud83d\ude0d",
    "\u2764",
    "\ud83c\uddfa\ud83c\uddf8",
    "\ud83d\udcf7",
    "\ud83d\ude0a",
    "\ud83d\ude18",
    "\ud83d\udcaf",
    "\ud83d\ude09",
    "\ud83d\udc99",
    "\ud83d\udc95",
    "\ud83c\udf84"
  ]
}