{
  "classification_report": {
    "\ud83d\ude01": {
      "precision": 0.0,
      "recall": 0.0,
      "f1-score": 0.0,
      "support": 23.0
    },
    "\ud83d\udcf7": {
      "precision": 0.0,
      "recall": 0.0,
      "f1-score": 0.0,
      "support": 29.0
    },
    "\ud83d\ude0a": {
      "precision": 0.050335570469798654,
      "recall": 0.46875,
      "f1-score": 0.09090909090909091,
      "support": 32.0
    },
    "\ud83d\udcf8": {
      "precision": 0.16,
      "recall": 0.08333333333333333,
      "f1-score": 0.1095890410958904,
      "support": 48.0
    },
    "\ud83d\ude0e": {
      "precision": 0.09523809523809523,
      "recall": 0.05,
      "f1-score": 0.06557377049180328,
      "support": 40.0
    },
    "\ud83d\ude1c": {
      "precision": 0.16666666666666666,
      "recall": 0.05,
      "f1-score": 0.07692307692307693,
      "support": 20.0
    },
    "\ud83c\uddfa\ud83c\uddf8": {
      "precision": 0.0,
      "recall": 0.0,
      "f1-score": 0.0,
      "support": 39.0
    },
    "\ud83d\ude02": {
      "precision": 0.3,
      "recall": 0.3626373626373626,
      "f1-score": 0.3283582089552239,
      "support": 91.0
    },
    "\ud83d\ude18": {
      "precision": 0.0,
      "recall": 0.0,
      "f1-score": 0.0,
      "support": 24.0
    },
    "\ud83d\udc9c": {
      "precision": 0.09090909090909091,
      "recall": 0.045454545454545456,
      "f1-score": 0.06060606060606061,
      "support": 22.0
    },
    "\ud83d\udd25": {
      "precision": 0.42857142857142855,
      "recall": 0.24324324324324326,
      "f1-score": 0.3103448275862069,
      "support": 74.0
    },
    "\ud83d\ude09": {
      "precision": 0.0,
      "recall": 0.0,
      "f1-score": 0.0,
      "support": 26.0
    },
    "\ud83d\ude0d": {
      "precision": 0.36363636363636365,
      "recall": 0.041237113402061855,
      "f1-score": 0.07407407407407407,
      "support": 97.0
    },
    "\u2600": {
      "precision": 0.21951219512195122,
      "recall": 0.36,
      "f1-score": 0.2727272727272727,
      "support": 25.0
    },
    "\ud83d\udcaf": {
      "precision": 0.3333333333333333,
      "recall": 0.04,
      "f1-score": 0.07142857142857142,
      "support": 25.0
    },
    "\ud83c\udf84": {
      "precision": 0.5625,
      "recall": 0.5806451612903226,
      "f1-score": 0.5714285714285714,
      "support": 31.0
    },
    "\ud83d\udc95": {
      "precision": 0.14814814814814814,
      "recall": 0.07692307692307693,
      "f1-score": 0.10126582278481013,
      "support": 52.0
    },
    "\ud83d\udc99": {
      "precision": 0.18181818181818182,
      "recall": 0.06451612903225806,
      "f1-score": 0.09523809523809523,
      "support": 31.0
    },
    "\u2728": {
      "precision": 0.19230769230769232,
      "recall": 0.09090909090909091,
      "f1-score": 0.12345679012345678,
      "support": 55.0
    },
    "\u2764": {
      "precision": 0.43564356435643564,
      "recall": 0.2037037037037037,
      "f1-score": 0.277602523659306,
      "support": 216.0
    },
    "micro avg": {
      "precision": 0.20405576679340937,
      "recall": 0.161,
      "f1-score": 0.17998882057015092,
      "support": 1000.0
    },
    "macro avg": {
      "precision": 0.1864310165288593,
      "recall": 0.13806763799644994,
      "f1-score": 0.13147628990157553,
      "support": 1000.0
    },
    "weighted avg": {
      "precision": 0.26199524691426634,
      "recall": 0.161,
      "f1-score": 0.17498406413722364,
      "support": 1000.0
    }
  },
  "accuracy": 0.161,
  "confusion_matrix": [
    [
      0,
      0,
      10,
      3,
      1,
      1,
      0,
      2,
      0,
      0,
      0,
      0,
      0,
      0,
      0,
      0,
      2,
      0,
      0,
      0
    ],
    [
      0,
      0,
      9,
      2,
      1,
      0,
      0,
      3,
      1,
      0,
      2,
      0,
      0,
      1,
      0,
      1,
      0,
      0,
      0,
      3
    ],
    [
      1,
      0,
      15,
      0,
      2,
      0,
      0,
      1,
      0,
      0,
      0,
      0,
      0,
      1,
      0,
      0,
      0,
      0,
      1,
      4
    ],
    [
      0,
      0,
      15,
      4,
      2,
      0,
      0,
      8,
      0,
      0,
      3,
      0,
      0,
      1,
      0,
      0,
      2,
      2,
      0,
      5
    ],
    [
      1,
      0,
      12,
      0,
      2,
      0,
      0,
      6,
      0,
      0,
      0,
      0,
      0,
      0,
      0,
      3,
      0,
      0,
      1,
      1
    ],
    [
      0,
      0,
      8,
      1,
      0,
      1,
      0,
      2,
      1,
      0,
      1,
      0,
      0,
      0,
      0,
      0,
      0,
      0,
      0,
      1
    ],
    [
      1,
      1,
      5,
      1,
      0,
      0,
      0,
      1,
      0,
      0,
      0,
      0,
      0,
      3,
      0,
      0,
      0,
      0,
      3,
      9
    ],
    [
      3,
      0,
      21,
      2,
      2,
      1,
      0,
      33,
      1,
      0,
      3,
      0,
      0,
      2,
      0,
      1,
      3,
      2,
      1,
      1
    ],
    [
      0,
      0,
      10,
      1,
      0,
      0,
      0,
      3,
      0,
      0,
      0,
      0,
      1,
      1,
      0,
      1,
      1,
      0,
      0,
      1
    ],
    [
      0,
      0,
      9,
      1,
      1,
      0,
      0,
      1,
      0,
      1,
      1,
      0,
      0,
      0,
      0,
      0,
      0,
      0,
      1,
      4
    ],
    [
      0,
      0,
      18,
      2,
      1,
      3,
      0,
      9,
      0,
      1,
      18,
      0,
      1,
      4,
      0,
      0,
      1,
      0,
      2,
      4
    ],
    [
      0,
      0,
      9,
      1,
      1,
      0,
      0,
      3,
      3,
      0,
      0,
      0,
      1,
      3,
      0,
      0,
      0,
      0,
      0,
      2
    ],
    [
      2,
      0,
      28,
      2,
      1,
      0,
      0,
      8,
      2,
      2,
      3,
      0,
      4,
      3,
      1,
      0,
      2,
      2,
      4,
      7
    ],
    [
      0,
      0,
      10,
      0,
      0,
      0,
      0,
      0,
      0,
      0,
      0,
      0,
      0,
      9,
      0,
      1,
      0,
      0,
      1,
      2
    ],
    [
      0,
      0,
      5,
      1,
      0,
      0,
      0,
      6,
      0,
      0,
      2,
      0,
      0,
      1,
      1,
      2,
      0,
      1,
      0,
      2
    ],
    [
      0,
      0,
      4,
      0,
      0,
      0,
      0,
      2,
      0,
      0,
      0,
      0,
      0,
      0,
      0,
      18,
      0,
      0,
      0,
      2
    ],
    [
      0,
      0,
      22,
      0,
      0,
      0,
      0,
      2,
      0,
      0,
      3,
      0,
      2,
      0,
      0,
      0,
      4,
      0,
      1,
      4
    ],
    [
      0,
      0,
      13,
      1,
      1,
      0,
      0,
      0,
      0,
      0,
      0,
      0,
      0,
      1,
      0,
      1,
      0,
      2,
      1,
      1
    ],
    [
      1,
      0,
      18,
      1,
      1,
      0,
      0,
      5,
      0,
      1,
      2,
      0,
      0,
      3,
      1,
      2,
      2,
      0,
      5,
      4
    ],
    [
      2,
      0,
      57,
      2,
      5,
      0,
      0,
      15,
      4,
      6,
      4,
      0,
      2,
      8,
      0,
      2,
      10,
      2,
      5,
      44
    ]
  ],
  "labels": [
    "\ud83d\ude01",
    "\ud83d\udcf7",
    "\ud83d\ude0a",
    "\ud83d\udcf8",
    "\ud83d\ude0e",
    "\ud83d\ude1c",
    "\ud83c\uddfa\ud83c\uddf8",
    "\ud83d\ude02",
    "\ud83d\ude18",
    "\ud83d\udc9c",
    "\ud83d\udd25",
    "\ud83d\ude09",
    "\ud83d\ude0d",
    "\u2600",
    "\ud83d\udcaf",
    "\ud83c\udf84",
    "\ud83d\udc95",
    "\ud83d\udc99",
    "\u2728",
    "\u2764"
  ]
}