{
  "classification_report": {
    "\ud83d\udc9c": {
      "precision": 0.0,
      "recall": 0.0,
      "f1-score": 0.0,
      "support": 22.0
    },
    "\ud83d\udc95": {
      "precision": 0.16666666666666666,
      "recall": 0.057692307692307696,
      "f1-score": 0.08571428571428572,
      "support": 52.0
    },
    "\ud83d\ude0d": {
      "precision": 0.1826086956521739,
      "recall": 0.21649484536082475,
      "f1-score": 0.19811320754716982,
      "support": 97.0
    },
    "\ud83d\udc99": {
      "precision": 0.0,
      "recall": 0.0,
      "f1-score": 0.0,
      "support": 31.0
    },
    "\ud83d\ude09": {
      "precision": 0.0,
      "recall": 0.0,
      "f1-score": 0.0,
      "support": 26.0
    },
    "\ud83d\ude0a": {
      "precision": 0.05555555555555555,
      "recall": 0.25,
      "f1-score": 0.09090909090909091,
      "support": 32.0
    },
    "\ud83d\udcf8": {
      "precision": 0.2,
      "recall": 0.0625,
      "f1-score": 0.09523809523809523,
      "support": 48.0
    },
    "\ud83d\udcf7": {
      "precision": 0.14285714285714285,
      "recall": 0.034482758620689655,
      "f1-score": 0.05555555555555555,
      "support": 29.0
    },
    "\u2728": {
      "precision": 0.15789473684210525,
      "recall": 0.10909090909090909,
      "f1-score": 0.12903225806451613,
      "support": 55.0
    },
    "\ud83d\ude01": {
      "precision": 0.0,
      "recall": 0.0,
      "f1-score": 0.0,
      "support": 23.0
    },
    "\ud83c\udf84": {
      "precision": 0.9,
      "recall": 0.5806451612903226,
      "f1-score": 0.7058823529411765,
      "support": 31.0
    },
    "\u2764": {
      "precision": 0.4166666666666667,
      "recall": 0.11574074074074074,
      "f1-score": 0.18115942028985507,
      "support": 216.0
    },
    "\ud83d\ude1c": {
      "precision": 0.0,
      "recall": 0.0,
      "f1-score": 0.0,
      "support": 20.0
    },
    "\ud83c\uddfa\ud83c\uddf8": {
      "precision": 0.375,
      "recall": 0.15384615384615385,
      "f1-score": 0.21818181818181817,
      "support": 39.0
    },
    "\ud83d\udcaf": {
      "precision": 0.0,
      "recall": 0.0,
      "f1-score": 0.0,
      "support": 25.0
    },
    "\ud83d\ude02": {
      "precision": 0.3181818181818182,
      "recall": 0.15384615384615385,
      "f1-score": 0.2074074074074074,
      "support": 91.0
    },
    "\u2600": {
      "precision": 0.0,
      "recall": 0.0,
      "f1-score": 0.0,
      "support": 25.0
    },
    "\ud83d\ude18": {
      "precision": 0.0,
      "recall": 0.0,
      "f1-score": 0.0,
      "support": 24.0
    },
    "\ud83d\ude0e": {
      "precision": 0.2,
      "recall": 0.025,
      "f1-score": 0.044444444444444446,
      "support": 40.0
    },
    "\ud83d\udd25": {
      "precision": 0.5,
      "recall": 0.28378378378378377,
      "f1-score": 0.3620689655172414,
      "support": 74.0
    },
    "micro avg": {
      "precision": 0.23388581952117865,
      "recall": 0.127,
      "f1-score": 0.1646143875567077,
      "support": 1000.0
    },
    "macro avg": {
      "precision": 0.18077156412110645,
      "recall": 0.10215614071359429,
      "f1-score": 0.11868534509053282,
      "support": 1000.0
    },
    "weighted avg": {
      "precision": 0.25706410104642374,
      "recall": 0.127,
      "f1-score": 0.1568293627074011,
      "support": 1000.0
    }
  },
  "accuracy": 0.127,
  "confusion_matrix": [
    [
      0,
      0,
      2,
      0,
      0,
      5,
      0,
      0,
      0,
      0,
      0,
      2,
      0,
      0,
      0,
      1,
      0,
      0,
      0,
      0
    ],
    [
      0,
      3,
      14,
      0,
      0,
      7,
      0,
      1,
      2,
      0,
      0,
      6,
      0,
      0,
      0,
      2,
      0,
      1,
      0,
      1
    ],
    [
      0,
      2,
      21,
      0,
      1,
      17,
      0,
      0,
      5,
      0,
      0,
      5,
      0,
      1,
      0,
      5,
      1,
      1,
      1,
      2
    ],
    [
      0,
      0,
      5,
      0,
      0,
      8,
      0,
      0,
      0,
      0,
      0,
      4,
      0,
      2,
      0,
      1,
      0,
      1,
      0,
      0
    ],
    [
      0,
      0,
      4,
      0,
      0,
      4,
      0,
      0,
      2,
      0,
      1,
      2,
      0,
      0,
      0,
      0,
      0,
      0,
      0,
      0
    ],
    [
      0,
      0,
      5,
      0,
      0,
      8,
      0,
      0,
      1,
      0,
      0,
      2,
      0,
      1,
      0,
      1,
      0,
      0,
      0,
      0
    ],
    [
      0,
      1,
      2,
      0,
      0,
      5,
      3,
      4,
      3,
      0,
      0,
      0,
      0,
      0,
      0,
      5,
      0,
      0,
      0,
      3
    ],
    [
      0,
      0,
      1,
      0,
      1,
      1,
      2,
      1,
      1,
      0,
      0,
      1,
      0,
      0,
      0,
      1,
      0,
      0,
      0,
      2
    ],
    [
      0,
      2,
      3,
      0,
      3,
      13,
      0,
      0,
      6,
      0,
      0,
      2,
      0,
      0,
      0,
      0,
      0,
      0,
      1,
      1
    ],
    [
      0,
      0,
      2,
      0,
      0,
      6,
      1,
      0,
      1,
      0,
      0,
      0,
      0,
      0,
      0,
      1,
      0,
      0,
      0,
      0
    ],
    [
      0,
      0,
      3,
      0,
      0,
      3,
      0,
      0,
      0,
      0,
      18,
      1,
      0,
      0,
      0,
      1,
      0,
      0,
      0,
      2
    ],
    [
      0,
      7,
      27,
      0,
      1,
      24,
      0,
      0,
      9,
      0,
      1,
      25,
      0,
      0,
      0,
      3,
      0,
      4,
      0,
      1
    ],
    [
      0,
      0,
      5,
      0,
      0,
      4,
      0,
      0,
      0,
      0,
      0,
      0,
      0,
      0,
      0,
      2,
      0,
      0,
      0,
      1
    ],
    [
      0,
      0,
      2,
      0,
      0,
      2,
      0,
      1,
      1,
      0,
      0,
      1,
      0,
      6,
      0,
      0,
      0,
      0,
      0,
      2
    ],
    [
      0,
      0,
      1,
      0,
      0,
      2,
      1,
      0,
      0,
      0,
      0,
      0,
      0,
      2,
      0,
      1,
      0,
      0,
      0,
      0
    ],
    [
      1,
      1,
      5,
      0,
      0,
      10,
      6,
      0,
      1,
      0,
      0,
      4,
      0,
      1,
      0,
      14,
      0,
      0,
      0,
      4
    ],
    [
      0,
      1,
      2,
      0,
      0,
      9,
      0,
      0,
      1,
      0,
      0,
      0,
      0,
      1,
      0,
      0,
      0,
      0,
      1,
      0
    ],
    [
      1,
      1,
      4,
      0,
      0,
      4,
      0,
      0,
      0,
      0,
      0,
      2,
      0,
      0,
      0,
      1,
      0,
      0,
      0,
      0
    ],
    [
      0,
      0,
      4,
      0,
      0,
      9,
      0,
      0,
      0,
      0,
      0,
      2,
      0,
      1,
      0,
      2,
      0,
      0,
      1,
      2
    ],
    [
      1,
      0,
      3,
      0,
      0,
      3,
      2,
      0,
      5,
      0,
      0,
      1,
      0,
      1,
      0,
      3,
      0,
      2,
      1,
      21
    ]
  ],
  "labels": [
    "\ud83d\udc9c",
    "\ud83d\udc95",
    "\ud83d\ude0d",
    "\ud83d\udc99",
    "\ud83d\ude09",
    "\ud83d\ude0a",
    "\ud83d\udcf8",
    "\ud83d\udcf7",
    "\u2728",
    "\ud83d\ude01",
    "\ud83c\udf84",
    "\u2764",
    "\ud83d\ude1c",
    "\ud83c\uddfa\ud83c\uddf8",
    "\ud83d\udcaf",
    "\ud83d\ude02",
    "\u2600",
    "\ud83d\ude18",
    "\ud83d\ude0e",
    "\ud83d\udd25"
  ]
}