{
  "classification_report": {
    "\ud83d\ude0e": {
      "precision": 0.07575757575757576,
      "recall": 0.125,
      "f1-score": 0.09433962264150944,
      "support": 40.0
    },
    "\ud83d\udcaf": {
      "precision": 0.0,
      "recall": 0.0,
      "f1-score": 0.0,
      "support": 25.0
    },
    "\ud83d\ude0a": {
      "precision": 0.07065217391304347,
      "recall": 0.40625,
      "f1-score": 0.12037037037037036,
      "support": 32.0
    },
    "\ud83d\udc9c": {
      "precision": 0.0,
      "recall": 0.0,
      "f1-score": 0.0,
      "support": 22.0
    },
    "\ud83d\udc95": {
      "precision": 0.12,
      "recall": 0.057692307692307696,
      "f1-score": 0.07792207792207792,
      "support": 52.0
    },
    "\u2764": {
      "precision": 0.48214285714285715,
      "recall": 0.375,
      "f1-score": 0.421875,
      "support": 216.0
    },
    "\ud83d\udcf7": {
      "precision": 0.0625,
      "recall": 0.034482758620689655,
      "f1-score": 0.044444444444444446,
      "support": 29.0
    },
    "\ud83d\udcf8": {
      "precision": 0.20930232558139536,
      "recall": 0.1875,
      "f1-score": 0.1978021978021978,
      "support": 48.0
    },
    "\ud83d\ude1c": {
      "precision": 0.08695652173913043,
      "recall": 0.1,
      "f1-score": 0.09302325581395349,
      "support": 20.0
    },
    "\ud83d\ude0d": {
      "precision": 0.23529411764705882,
      "recall": 0.24742268041237114,
      "f1-score": 0.24120603015075376,
      "support": 97.0
    },
    "\ud83c\udf84": {
      "precision": 0.5483870967741935,
      "recall": 0.5483870967741935,
      "f1-score": 0.5483870967741935,
      "support": 31.0
    },
    "\ud83d\udd25": {
      "precision": 0.4375,
      "recall": 0.1891891891891892,
      "f1-score": 0.2641509433962264,
      "support": 74.0
    },
    "\ud83d\ude18": {
      "precision": 0.08823529411764706,
      "recall": 0.125,
      "f1-score": 0.10344827586206896,
      "support": 24.0
    },
    "\u2728": {
      "precision": 0.25,
      "recall": 0.09090909090909091,
      "f1-score": 0.13333333333333333,
      "support": 55.0
    },
    "\ud83d\udc99": {
      "precision": 0.2,
      "recall": 0.03225806451612903,
      "f1-score": 0.05555555555555555,
      "support": 31.0
    },
    "\ud83d\ude09": {
      "precision": 0.0,
      "recall": 0.0,
      "f1-score": 0.0,
      "support": 26.0
    },
    "\ud83c\uddfa\ud83c\uddf8": {
      "precision": 0.0,
      "recall": 0.0,
      "f1-score": 0.0,
      "support": 39.0
    },
    "\u2600": {
      "precision": 0.27450980392156865,
      "recall": 0.56,
      "f1-score": 0.3684210526315789,
      "support": 25.0
    },
    "\ud83d\ude02": {
      "precision": 0.32061068702290074,
      "recall": 0.46153846153846156,
      "f1-score": 0.3783783783783784,
      "support": 91.0
    },
    "\ud83d\ude01": {
      "precision": 0.0,
      "recall": 0.0,
      "f1-score": 0.0,
      "support": 23.0
    },
    "micro avg": {
      "precision": 0.24579831932773108,
      "recall": 0.234,
      "f1-score": 0.23975409836065573,
      "support": 1000.0
    },
    "macro avg": {
      "precision": 0.17309242268086852,
      "recall": 0.17703148248262163,
      "f1-score": 0.1571328817538321,
      "support": 1000.0
    },
    "weighted avg": {
      "precision": 0.2595766658887786,
      "recall": 0.234,
      "f1-score": 0.23057167196954476,
      "support": 1000.0
    }
  },
  "accuracy": 0.234,
  "confusion_matrix": [
    [
      5,
      0,
      11,
      0,
      0,
      1,
      1,
      1,
      0,
      4,
      1,
      1,
      1,
      1,
      0,
      0,
      0,
      2,
      8,
      0
    ],
    [
      3,
      0,
      4,
      0,
      0,
      1,
      0,
      1,
      4,
      1,
      1,
      0,
      1,
      0,
      0,
      0,
      0,
      1,
      7,
      0
    ],
    [
      5,
      0,
      13,
      0,
      1,
      4,
      0,
      0,
      1,
      4,
      0,
      0,
      0,
      0,
      0,
      0,
      0,
      1,
      2,
      0
    ],
    [
      1,
      0,
      7,
      0,
      2,
      4,
      1,
      1,
      0,
      4,
      0,
      0,
      0,
      1,
      0,
      0,
      0,
      0,
      1,
      0
    ],
    [
      1,
      0,
      9,
      0,
      3,
      17,
      1,
      0,
      2,
      3,
      0,
      2,
      7,
      1,
      1,
      0,
      0,
      1,
      2,
      0
    ],
    [
      5,
      0,
      32,
      3,
      11,
      81,
      0,
      5,
      1,
      28,
      3,
      1,
      6,
      2,
      3,
      0,
      0,
      13,
      15,
      2
    ],
    [
      1,
      0,
      1,
      0,
      0,
      2,
      1,
      8,
      1,
      2,
      1,
      1,
      0,
      1,
      0,
      0,
      0,
      1,
      7,
      0
    ],
    [
      3,
      0,
      4,
      0,
      0,
      3,
      2,
      9,
      2,
      2,
      0,
      5,
      0,
      2,
      0,
      0,
      0,
      4,
      8,
      2
    ],
    [
      2,
      0,
      6,
      0,
      0,
      0,
      0,
      0,
      2,
      1,
      0,
      1,
      1,
      0,
      0,
      0,
      0,
      0,
      6,
      0
    ],
    [
      5,
      1,
      18,
      1,
      3,
      13,
      0,
      3,
      0,
      24,
      0,
      1,
      6,
      3,
      0,
      0,
      0,
      3,
      7,
      1
    ],
    [
      0,
      0,
      3,
      0,
      0,
      5,
      0,
      0,
      0,
      1,
      17,
      2,
      0,
      0,
      0,
      1,
      0,
      0,
      1,
      0
    ],
    [
      11,
      0,
      7,
      1,
      0,
      2,
      3,
      9,
      2,
      7,
      0,
      14,
      3,
      0,
      0,
      0,
      0,
      2,
      11,
      1
    ],
    [
      1,
      0,
      7,
      1,
      2,
      3,
      0,
      0,
      1,
      3,
      0,
      0,
      3,
      0,
      0,
      1,
      0,
      0,
      2,
      0
    ],
    [
      5,
      0,
      13,
      0,
      1,
      11,
      2,
      1,
      3,
      4,
      1,
      0,
      0,
      5,
      0,
      0,
      0,
      2,
      2,
      3
    ],
    [
      0,
      0,
      9,
      0,
      0,
      4,
      1,
      0,
      1,
      3,
      1,
      1,
      4,
      1,
      1,
      1,
      0,
      1,
      0,
      1
    ],
    [
      1,
      0,
      7,
      0,
      0,
      1,
      1,
      2,
      0,
      3,
      1,
      0,
      2,
      0,
      0,
      0,
      0,
      2,
      4,
      0
    ],
    [
      3,
      0,
      7,
      0,
      0,
      8,
      2,
      0,
      0,
      0,
      3,
      1,
      0,
      2,
      0,
      0,
      0,
      1,
      3,
      0
    ],
    [
      3,
      0,
      2,
      0,
      0,
      4,
      0,
      0,
      0,
      0,
      0,
      1,
      0,
      0,
      0,
      0,
      0,
      14,
      0,
      0
    ],
    [
      7,
      0,
      16,
      1,
      2,
      4,
      1,
      2,
      3,
      4,
      1,
      1,
      0,
      1,
      0,
      0,
      0,
      2,
      42,
      0
    ],
    [
      4,
      0,
      8,
      0,
      0,
      0,
      0,
      1,
      0,
      4,
      1,
      0,
      0,
      0,
      0,
      0,
      0,
      1,
      3,
      0
    ]
  ],
  "labels": [
    "\ud83d\ude0e",
    "\ud83d\udcaf",
    "\ud83d\ude0a",
    "\ud83d\udc9c",
    "\ud83d\udc95",
    "\u2764",
    "\ud83d\udcf7",
    "\ud83d\udcf8",
    "\ud83d\ude1c",
    "\ud83d\ude0d",
    "\ud83c\udf84",
    "\ud83d\udd25",
    "\ud83d\ude18",
    "\u2728",
    "\ud83d\udc99",
    "\ud83d\ude09",
    "\ud83c\uddfa\ud83c\uddf8",
    "\u2600",
    "\ud83d\ude02",
    "\ud83d\ude01"
  ]
}