{
  "classification_report": {
    "\ud83d\ude0a": {
      "precision": 0.056074766355140186,
      "recall": 0.1875,
      "f1-score": 0.08633093525179857,
      "support": 32.0
    },
    "\ud83d\udd25": {
      "precision": 0.5945945945945946,
      "recall": 0.2972972972972973,
      "f1-score": 0.3963963963963964,
      "support": 74.0
    },
    "\ud83c\uddfa\ud83c\uddf8": {
      "precision": 0.0,
      "recall": 0.0,
      "f1-score": 0.0,
      "support": 39.0
    },
    "\u2600": {
      "precision": 0.17391304347826086,
      "recall": 0.48,
      "f1-score": 0.2553191489361702,
      "support": 25.0
    },
    "\ud83d\udc99": {
      "precision": 0.16666666666666666,
      "recall": 0.03225806451612903,
      "f1-score": 0.05405405405405406,
      "support": 31.0
    },
    "\ud83d\udc95": {
      "precision": 0.10344827586206896,
      "recall": 0.057692307692307696,
      "f1-score": 0.07407407407407407,
      "support": 52.0
    },
    "\ud83d\ude18": {
      "precision": 0.14814814814814814,
      "recall": 0.16666666666666666,
      "f1-score": 0.1568627450980392,
      "support": 24.0
    },
    "\ud83d\ude01": {
      "precision": 0.0,
      "recall": 0.0,
      "f1-score": 0.0,
      "support": 23.0
    },
    "\ud83d\ude0e": {
      "precision": 0.08823529411764706,
      "recall": 0.15,
      "f1-score": 0.1111111111111111,
      "support": 40.0
    },
    "\u2728": {
      "precision": 0.16666666666666666,
      "recall": 0.03636363636363636,
      "f1-score": 0.05970149253731343,
      "support": 55.0
    },
    "\ud83d\ude1c": {
      "precision": 0.2,
      "recall": 0.2,
      "f1-score": 0.2,
      "support": 20.0
    },
    "\ud83d\udcf7": {
      "precision": 0.0625,
      "recall": 0.034482758620689655,
      "f1-score": 0.044444444444444446,
      "support": 29.0
    },
    "\ud83d\udcf8": {
      "precision": 0.22727272727272727,
      "recall": 0.10416666666666667,
      "f1-score": 0.14285714285714285,
      "support": 48.0
    },
    "\ud83d\ude09": {
      "precision": 0.0,
      "recall": 0.0,
      "f1-score": 0.0,
      "support": 26.0
    },
    "\ud83c\udf84": {
      "precision": 0.59375,
      "recall": 0.6129032258064516,
      "f1-score": 0.6031746031746031,
      "support": 31.0
    },
    "\ud83d\udcaf": {
      "precision": 0.5,
      "recall": 0.04,
      "f1-score": 0.07407407407407407,
      "support": 25.0
    },
    "\u2764": {
      "precision": 0.3824561403508772,
      "recall": 0.5046296296296297,
      "f1-score": 0.4351297405189621,
      "support": 216.0
    },
    "\ud83d\udc9c": {
      "precision": 0.0,
      "recall": 0.0,
      "f1-score": 0.0,
      "support": 22.0
    },
    "\ud83d\ude02": {
      "precision": 0.32061068702290074,
      "recall": 0.46153846153846156,
      "f1-score": 0.3783783783783784,
      "support": 91.0
    },
    "\ud83d\ude0d": {
      "precision": 0.2,
      "recall": 0.15463917525773196,
      "f1-score": 0.1744186046511628,
      "support": 97.0
    },
    "micro avg": {
      "precision": 0.2655426765015806,
      "recall": 0.252,
      "f1-score": 0.258594150846588,
      "support": 1000.0
    },
    "macro avg": {
      "precision": 0.1992168505267849,
      "recall": 0.17600689450278342,
      "f1-score": 0.16231634727788624,
      "support": 1000.0
    },
    "weighted avg": {
      "precision": 0.2557537693527077,
      "recall": 0.252,
      "f1-score": 0.2335345192606596,
      "support": 1000.0
    }
  },
  "accuracy": 0.252,
  "confusion_matrix": [
    [
      6,
      0,
      0,
      5,
      0,
      3,
      0,
      1,
      4,
      1,
      1,
      0,
      0,
      0,
      1,
      0,
      5,
      0,
      1,
      2
    ],
    [
      3,
      22,
      0,
      2,
      0,
      0,
      2,
      0,
      5,
      1,
      1,
      1,
      1,
      0,
      0,
      1,
      11,
      3,
      9,
      8
    ],
    [
      0,
      0,
      0,
      5,
      2,
      0,
      0,
      0,
      4,
      2,
      0,
      1,
      0,
      0,
      0,
      0,
      17,
      0,
      1,
      1
    ],
    [
      2,
      1,
      0,
      12,
      0,
      1,
      0,
      0,
      1,
      0,
      0,
      0,
      0,
      0,
      0,
      0,
      6,
      0,
      0,
      1
    ],
    [
      1,
      0,
      0,
      1,
      1,
      1,
      1,
      0,
      1,
      1,
      0,
      1,
      0,
      0,
      1,
      0,
      14,
      0,
      1,
      4
    ],
    [
      2,
      0,
      0,
      3,
      0,
      3,
      2,
      0,
      4,
      0,
      2,
      0,
      1,
      0,
      0,
      0,
      24,
      0,
      4,
      5
    ],
    [
      5,
      0,
      0,
      0,
      0,
      0,
      4,
      0,
      3,
      0,
      0,
      0,
      1,
      0,
      2,
      0,
      7,
      0,
      0,
      2
    ],
    [
      7,
      0,
      0,
      1,
      0,
      2,
      0,
      0,
      2,
      0,
      1,
      0,
      1,
      0,
      0,
      0,
      4,
      0,
      2,
      0
    ],
    [
      8,
      1,
      0,
      2,
      0,
      1,
      1,
      0,
      6,
      0,
      1,
      1,
      0,
      0,
      1,
      0,
      5,
      1,
      5,
      1
    ],
    [
      10,
      2,
      0,
      3,
      1,
      1,
      3,
      0,
      2,
      2,
      0,
      0,
      0,
      0,
      2,
      0,
      21,
      0,
      3,
      4
    ],
    [
      2,
      0,
      0,
      0,
      1,
      0,
      1,
      0,
      1,
      0,
      4,
      0,
      1,
      0,
      0,
      0,
      0,
      0,
      8,
      1
    ],
    [
      2,
      0,
      0,
      3,
      0,
      0,
      0,
      0,
      2,
      1,
      1,
      1,
      2,
      0,
      1,
      0,
      4,
      0,
      8,
      4
    ],
    [
      8,
      4,
      0,
      2,
      0,
      1,
      0,
      0,
      6,
      0,
      1,
      5,
      5,
      0,
      0,
      0,
      7,
      0,
      6,
      1
    ],
    [
      6,
      0,
      0,
      2,
      0,
      1,
      2,
      0,
      2,
      0,
      0,
      0,
      1,
      0,
      1,
      0,
      3,
      0,
      4,
      3
    ],
    [
      1,
      0,
      0,
      1,
      0,
      0,
      0,
      0,
      0,
      0,
      0,
      0,
      0,
      0,
      19,
      0,
      7,
      0,
      3,
      0
    ],
    [
      2,
      1,
      0,
      1,
      0,
      0,
      1,
      0,
      2,
      0,
      0,
      0,
      1,
      0,
      1,
      1,
      3,
      0,
      8,
      2
    ],
    [
      19,
      2,
      0,
      17,
      0,
      9,
      4,
      0,
      8,
      3,
      2,
      1,
      4,
      0,
      1,
      0,
      109,
      1,
      14,
      16
    ],
    [
      4,
      0,
      0,
      0,
      0,
      2,
      0,
      0,
      1,
      1,
      0,
      2,
      0,
      0,
      0,
      0,
      8,
      0,
      1,
      3
    ],
    [
      6,
      2,
      0,
      5,
      0,
      2,
      2,
      3,
      5,
      0,
      5,
      1,
      1,
      0,
      0,
      0,
      8,
      1,
      42,
      2
    ],
    [
      13,
      2,
      0,
      4,
      1,
      2,
      4,
      0,
      9,
      0,
      1,
      2,
      3,
      0,
      2,
      0,
      22,
      1,
      11,
      15
    ]
  ],
  "labels": [
    "\ud83d\ude0a",
    "\ud83d\udd25",
    "\ud83c\uddfa\ud83c\uddf8",
    "\u2600",
    "\ud83d\udc99",
    "\ud83d\udc95",
    "\ud83d\ude18",
    "\ud83d\ude01",
    "\ud83d\ude0e",
    "\u2728",
    "\ud83d\ude1c",
    "\ud83d\udcf7",
    "\ud83d\udcf8",
    "\ud83d\ude09",
    "\ud83c\udf84",
    "\ud83d\udcaf",
    "\u2764",
    "\ud83d\udc9c",
    "\ud83d\ude02",
    "\ud83d\ude0d"
  ]
}