{
  "classification_report": {
    "\ud83c\uddfa\ud83c\uddf8": {
      "precision": 0.0,
      "recall": 0.0,
      "f1-score": 0.0,
      "support": 39.0
    },
    "\ud83d\ude09": {
      "precision": 0.0,
      "recall": 0.0,
      "f1-score": 0.0,
      "support": 26.0
    },
    "\u2600": {
      "precision": 0.5416666666666666,
      "recall": 0.52,
      "f1-score": 0.5306122448979592,
      "support": 25.0
    },
    "\u2728": {
      "precision": 0.32142857142857145,
      "recall": 0.16363636363636364,
      "f1-score": 0.21686746987951808,
      "support": 55.0
    },
    "\ud83d\ude02": {
      "precision": 0.3877551020408163,
      "recall": 0.2087912087912088,
      "f1-score": 0.2714285714285714,
      "support": 91.0
    },
    "\ud83d\ude18": {
      "precision": 0.06666666666666667,
      "recall": 0.041666666666666664,
      "f1-score": 0.05128205128205128,
      "support": 24.0
    },
    "\ud83d\udcf8": {
      "precision": 0.38461538461538464,
      "recall": 0.10416666666666667,
      "f1-score": 0.16393442622950818,
      "support": 48.0
    },
    "\ud83d\ude01": {
      "precision": 0.0,
      "recall": 0.0,
      "f1-score": 0.0,
      "support": 23.0
    },
    "\u2764": {
      "precision": 0.5539568345323741,
      "recall": 0.35648148148148145,
      "f1-score": 0.43380281690140843,
      "support": 216.0
    },
    "\ud83d\ude1c": {
      "precision": 0.3333333333333333,
      "recall": 0.1,
      "f1-score": 0.15384615384615385,
      "support": 20.0
    },
    "\ud83d\udd25": {
      "precision": 0.34210526315789475,
      "recall": 0.35135135135135137,
      "f1-score": 0.3466666666666667,
      "support": 74.0
    },
    "\ud83c\udf84": {
      "precision": 0.5806451612903226,
      "recall": 0.5806451612903226,
      "f1-score": 0.5806451612903226,
      "support": 31.0
    },
    "\ud83d\udc99": {
      "precision": 0.08695652173913043,
      "recall": 0.06451612903225806,
      "f1-score": 0.07407407407407407,
      "support": 31.0
    },
    "\ud83d\ude0d": {
      "precision": 0.1391304347826087,
      "recall": 0.16494845360824742,
      "f1-score": 0.1509433962264151,
      "support": 97.0
    },
    "\ud83d\udcaf": {
      "precision": 0.0625,
      "recall": 0.04,
      "f1-score": 0.04878048780487805,
      "support": 25.0
    },
    "\ud83d\ude0a": {
      "precision": 0.06569343065693431,
      "recall": 0.28125,
      "f1-score": 0.10650887573964497,
      "support": 32.0
    },
    "\ud83d\udc95": {
      "precision": 0.16216216216216217,
      "recall": 0.11538461538461539,
      "f1-score": 0.1348314606741573,
      "support": 52.0
    },
    "\ud83d\udc9c": {
      "precision": 0.043478260869565216,
      "recall": 0.045454545454545456,
      "f1-score": 0.044444444444444446,
      "support": 22.0
    },
    "\ud83d\udcf7": {
      "precision": 0.047619047619047616,
      "recall": 0.034482758620689655,
      "f1-score": 0.04,
      "support": 29.0
    },
    "\ud83d\ude0e": {
      "precision": 0.1,
      "recall": 0.125,
      "f1-score": 0.1111111111111111,
      "support": 40.0
    },
    "micro avg": {
      "precision": 0.2588957055214724,
      "recall": 0.211,
      "f1-score": 0.2325068870523416,
      "support": 1000.0
    },
    "macro avg": {
      "precision": 0.21098564207807394,
      "recall": 0.16488877009922084,
      "f1-score": 0.17298897062484425,
      "support": 1000.0
    },
    "weighted avg": {
      "precision": 0.2908305239231978,
      "recall": 0.211,
      "f1-score": 0.2345833636428963,
      "support": 1000.0
    }
  },
  "accuracy": 0.211,
  "confusion_matrix": [
    [
      0,
      0,
      0,
      2,
      1,
      1,
      0,
      1,
      2,
      0,
      5,
      0,
      0,
      0,
      1,
      4,
      1,
      1,
      1,
      2
    ],
    [
      0,
      0,
      0,
      0,
      2,
      0,
      0,
      0,
      3,
      0,
      2,
      0,
      0,
      5,
      0,
      6,
      0,
      1,
      0,
      1
    ],
    [
      0,
      0,
      13,
      0,
      0,
      0,
      0,
      0,
      5,
      1,
      0,
      0,
      0,
      0,
      0,
      2,
      0,
      0,
      1,
      0
    ],
    [
      0,
      1,
      1,
      9,
      0,
      1,
      1,
      1,
      7,
      0,
      4,
      2,
      2,
      4,
      0,
      9,
      0,
      1,
      3,
      2
    ],
    [
      0,
      1,
      0,
      1,
      19,
      1,
      1,
      0,
      3,
      0,
      5,
      2,
      0,
      11,
      4,
      10,
      1,
      1,
      1,
      5
    ],
    [
      0,
      0,
      0,
      0,
      0,
      1,
      0,
      1,
      5,
      0,
      0,
      1,
      0,
      2,
      0,
      6,
      2,
      1,
      1,
      1
    ],
    [
      0,
      0,
      1,
      3,
      2,
      1,
      5,
      0,
      3,
      0,
      3,
      0,
      0,
      2,
      2,
      6,
      1,
      1,
      5,
      2
    ],
    [
      0,
      1,
      0,
      0,
      2,
      0,
      0,
      0,
      4,
      0,
      0,
      1,
      1,
      2,
      0,
      6,
      0,
      0,
      0,
      2
    ],
    [
      0,
      1,
      4,
      3,
      8,
      2,
      0,
      0,
      77,
      0,
      7,
      2,
      6,
      33,
      4,
      27,
      12,
      4,
      2,
      9
    ],
    [
      0,
      0,
      0,
      0,
      0,
      0,
      0,
      1,
      1,
      2,
      2,
      0,
      1,
      1,
      0,
      4,
      0,
      0,
      0,
      1
    ],
    [
      0,
      0,
      0,
      2,
      1,
      1,
      2,
      0,
      2,
      0,
      26,
      1,
      3,
      3,
      2,
      9,
      2,
      2,
      2,
      6
    ],
    [
      0,
      0,
      0,
      0,
      0,
      0,
      0,
      0,
      1,
      0,
      2,
      18,
      0,
      4,
      0,
      2,
      0,
      0,
      0,
      0
    ],
    [
      0,
      0,
      0,
      1,
      0,
      1,
      0,
      0,
      1,
      1,
      2,
      1,
      2,
      2,
      0,
      6,
      4,
      3,
      0,
      3
    ],
    [
      0,
      1,
      2,
      2,
      7,
      2,
      1,
      0,
      9,
      1,
      5,
      0,
      4,
      16,
      0,
      13,
      6,
      4,
      1,
      5
    ],
    [
      0,
      0,
      0,
      1,
      1,
      0,
      0,
      1,
      1,
      1,
      5,
      1,
      0,
      3,
      1,
      0,
      2,
      1,
      0,
      1
    ],
    [
      0,
      0,
      0,
      0,
      1,
      1,
      1,
      0,
      0,
      0,
      0,
      0,
      1,
      5,
      0,
      9,
      0,
      0,
      0,
      4
    ],
    [
      0,
      1,
      0,
      2,
      2,
      3,
      0,
      1,
      9,
      0,
      2,
      1,
      0,
      11,
      1,
      6,
      6,
      1,
      1,
      0
    ],
    [
      0,
      0,
      1,
      1,
      0,
      0,
      0,
      0,
      3,
      0,
      0,
      0,
      2,
      3,
      0,
      2,
      0,
      1,
      2,
      0
    ],
    [
      0,
      0,
      0,
      0,
      2,
      0,
      1,
      0,
      3,
      0,
      1,
      0,
      0,
      3,
      1,
      3,
      0,
      1,
      1,
      1
    ],
    [
      0,
      0,
      2,
      1,
      1,
      0,
      1,
      0,
      0,
      0,
      5,
      1,
      1,
      5,
      0,
      7,
      0,
      0,
      0,
      5
    ]
  ],
  "labels": [
    "\ud83c\uddfa\ud83c\uddf8",
    "\ud83d\ude09",
    "\u2600",
    "\u2728",
    "\ud83d\ude02",
    "\ud83d\ude18",
    "\ud83d\udcf8",
    "\ud83d\ude01",
    "\u2764",
    "\ud83d\ude1c",
    "\ud83d\udd25",
    "\ud83c\udf84",
    "\ud83d\udc99",
    "\ud83d\ude0d",
    "\ud83d\udcaf",
    "\ud83d\ude0a",
    "\ud83d\udc95",
    "\ud83d\udc9c",
    "\ud83d\udcf7",
    "\ud83d\ude0e"
  ]
}