{
  "classification_report": {
    "\ud83d\udc95": {
      "precision": 0.12121212121212122,
      "recall": 0.07692307692307693,
      "f1-score": 0.09411764705882353,
      "support": 52.0
    },
    "\ud83d\ude1c": {
      "precision": 0.045454545454545456,
      "recall": 0.05,
      "f1-score": 0.047619047619047616,
      "support": 20.0
    },
    "\ud83c\udf84": {
      "precision": 0.5862068965517241,
      "recall": 0.5483870967741935,
      "f1-score": 0.5666666666666667,
      "support": 31.0
    },
    "\ud83d\ude09": {
      "precision": 0.0,
      "recall": 0.0,
      "f1-score": 0.0,
      "support": 26.0
    },
    "\ud83d\udcaf": {
      "precision": 0.0,
      "recall": 0.0,
      "f1-score": 0.0,
      "support": 25.0
    },
    "\ud83d\udc9c": {
      "precision": 0.0,
      "recall": 0.0,
      "f1-score": 0.0,
      "support": 22.0
    },
    "\ud83d\udcf8": {
      "precision": 0.2553191489361702,
      "recall": 0.25,
      "f1-score": 0.25263157894736843,
      "support": 48.0
    },
    "\ud83c\uddfa\ud83c\uddf8": {
      "precision": 0.0,
      "recall": 0.0,
      "f1-score": 0.0,
      "support": 39.0
    },
    "\u2728": {
      "precision": 0.25,
      "recall": 0.09090909090909091,
      "f1-score": 0.13333333333333333,
      "support": 55.0
    },
    "\ud83d\udcf7": {
      "precision": 0.0625,
      "recall": 0.034482758620689655,
      "f1-score": 0.044444444444444446,
      "support": 29.0
    },
    "\u2600": {
      "precision": 0.28846153846153844,
      "recall": 0.6,
      "f1-score": 0.38961038961038963,
      "support": 25.0
    },
    "\ud83d\ude0a": {
      "precision": 0.06951871657754011,
      "recall": 0.40625,
      "f1-score": 0.1187214611872146,
      "support": 32.0
    },
    "\u2764": {
      "precision": 0.5098039215686274,
      "recall": 0.3611111111111111,
      "f1-score": 0.42276422764227645,
      "support": 216.0
    },
    "\ud83d\ude18": {
      "precision": 0.05405405405405406,
      "recall": 0.08333333333333333,
      "f1-score": 0.06557377049180328,
      "support": 24.0
    },
    "\ud83d\udd25": {
      "precision": 0.5185185185185185,
      "recall": 0.1891891891891892,
      "f1-score": 0.27722772277227725,
      "support": 74.0
    },
    "\ud83d\ude0d": {
      "precision": 0.22105263157894736,
      "recall": 0.21649484536082475,
      "f1-score": 0.21875,
      "support": 97.0
    },
    "\ud83d\udc99": {
      "precision": 0.1111111111111111,
      "recall": 0.03225806451612903,
      "f1-score": 0.05,
      "support": 31.0
    },
    "\ud83d\ude0e": {
      "precision": 0.08695652173913043,
      "recall": 0.15,
      "f1-score": 0.11009174311926606,
      "support": 40.0
    },
    "\ud83d\ude02": {
      "precision": 0.31297709923664124,
      "recall": 0.45054945054945056,
      "f1-score": 0.36936936936936937,
      "support": 91.0
    },
    "\ud83d\ude01": {
      "precision": 0.0,
      "recall": 0.0,
      "f1-score": 0.0,
      "support": 23.0
    },
    "micro avg": {
      "precision": 0.24392819429778248,
      "recall": 0.231,
      "f1-score": 0.23728813559322035,
      "support": 1000.0
    },
    "macro avg": {
      "precision": 0.1746573412500335,
      "recall": 0.17699440086435445,
      "f1-score": 0.15804607011311403,
      "support": 1000.0
    },
    "weighted avg": {
      "precision": 0.2692695328803737,
      "recall": 0.231,
      "f1-score": 0.23189177726111976,
      "support": 1000.0
    }
  },
  "accuracy": 0.231,
  "confusion_matrix": [
    [
      4,
      0,
      0,
      1,
      0,
      0,
      0,
      0,
      1,
      1,
      1,
      9,
      16,
      8,
      1,
      3,
      2,
      0,
      3,
      0
    ],
    [
      0,
      1,
      0,
      0,
      0,
      0,
      1,
      0,
      0,
      0,
      0,
      8,
      0,
      2,
      0,
      1,
      0,
      0,
      7,
      0
    ],
    [
      0,
      0,
      17,
      0,
      0,
      0,
      0,
      0,
      0,
      0,
      0,
      3,
      5,
      0,
      2,
      1,
      0,
      0,
      2,
      0
    ],
    [
      0,
      0,
      1,
      0,
      0,
      0,
      2,
      0,
      0,
      0,
      3,
      8,
      1,
      1,
      0,
      3,
      0,
      2,
      3,
      0
    ],
    [
      1,
      4,
      1,
      0,
      0,
      0,
      1,
      0,
      0,
      0,
      1,
      4,
      0,
      1,
      0,
      2,
      1,
      3,
      6,
      0
    ],
    [
      2,
      0,
      0,
      0,
      0,
      0,
      1,
      0,
      1,
      1,
      0,
      7,
      4,
      0,
      0,
      4,
      0,
      1,
      1,
      0
    ],
    [
      0,
      1,
      0,
      0,
      0,
      0,
      12,
      0,
      3,
      3,
      5,
      5,
      2,
      0,
      1,
      2,
      0,
      2,
      9,
      1
    ],
    [
      0,
      0,
      3,
      0,
      0,
      0,
      0,
      0,
      2,
      2,
      1,
      4,
      6,
      0,
      0,
      0,
      0,
      4,
      3,
      0
    ],
    [
      1,
      2,
      1,
      0,
      0,
      0,
      1,
      0,
      5,
      2,
      3,
      15,
      10,
      0,
      1,
      3,
      0,
      4,
      2,
      1
    ],
    [
      0,
      0,
      1,
      0,
      0,
      1,
      9,
      0,
      0,
      1,
      1,
      2,
      2,
      0,
      1,
      2,
      0,
      1,
      6,
      1
    ],
    [
      0,
      0,
      0,
      0,
      0,
      0,
      0,
      0,
      0,
      0,
      15,
      1,
      4,
      0,
      1,
      0,
      0,
      3,
      0,
      0
    ],
    [
      3,
      1,
      0,
      0,
      0,
      0,
      0,
      0,
      0,
      0,
      1,
      13,
      2,
      0,
      0,
      4,
      0,
      5,
      2,
      0
    ],
    [
      11,
      1,
      3,
      0,
      0,
      3,
      4,
      0,
      3,
      0,
      12,
      35,
      78,
      9,
      2,
      27,
      5,
      6,
      14,
      1
    ],
    [
      3,
      1,
      0,
      1,
      0,
      1,
      0,
      0,
      0,
      0,
      0,
      7,
      3,
      2,
      0,
      2,
      0,
      2,
      2,
      0
    ],
    [
      0,
      1,
      0,
      0,
      0,
      1,
      7,
      0,
      0,
      3,
      2,
      7,
      1,
      3,
      14,
      6,
      0,
      12,
      14,
      0
    ],
    [
      4,
      3,
      0,
      0,
      1,
      0,
      4,
      0,
      2,
      1,
      1,
      21,
      9,
      7,
      1,
      21,
      0,
      8,
      4,
      1
    ],
    [
      2,
      1,
      1,
      1,
      0,
      0,
      1,
      0,
      1,
      1,
      1,
      7,
      3,
      3,
      0,
      3,
      1,
      1,
      0,
      2
    ],
    [
      0,
      0,
      0,
      0,
      0,
      0,
      1,
      0,
      1,
      0,
      3,
      9,
      2,
      1,
      1,
      4,
      0,
      6,
      9,
      0
    ],
    [
      2,
      5,
      0,
      0,
      0,
      2,
      2,
      0,
      1,
      1,
      2,
      15,
      5,
      0,
      1,
      4,
      0,
      6,
      41,
      1
    ],
    [
      0,
      1,
      1,
      0,
      0,
      0,
      1,
      0,
      0,
      0,
      0,
      7,
      0,
      0,
      1,
      3,
      0,
      3,
      3,
      0
    ]
  ],
  "labels": [
    "\ud83d\udc95",
    "\ud83d\ude1c",
    "\ud83c\udf84",
    "\ud83d\ude09",
    "\ud83d\udcaf",
    "\ud83d\udc9c",
    "\ud83d\udcf8",
    "\ud83c\uddfa\ud83c\uddf8",
    "\u2728",
    "\ud83d\udcf7",
    "\u2600",
    "\ud83d\ude0a",
    "\u2764",
    "\ud83d\ude18",
    "\ud83d\udd25",
    "\ud83d\ude0d",
    "\ud83d\udc99",
    "\ud83d\ude0e",
    "\ud83d\ude02",
    "\ud83d\ude01"
  ]
}