{
  "classification_report": {
    "\ud83d\ude0d": {
      "precision": 0.18181818181818182,
      "recall": 0.16494845360824742,
      "f1-score": 0.17297297297297298,
      "support": 97.0
    },
    "\ud83d\udc95": {
      "precision": 0.21052631578947367,
      "recall": 0.15384615384615385,
      "f1-score": 0.17777777777777778,
      "support": 52.0
    },
    "\u2600": {
      "precision": 0.47058823529411764,
      "recall": 0.32,
      "f1-score": 0.38095238095238093,
      "support": 25.0
    },
    "\ud83d\udc99": {
      "precision": 0.0,
      "recall": 0.0,
      "f1-score": 0.0,
      "support": 31.0
    },
    "\ud83c\uddfa\ud83c\uddf8": {
      "precision": 0.3181818181818182,
      "recall": 0.1794871794871795,
      "f1-score": 0.22950819672131148,
      "support": 39.0
    },
    "\ud83d\udcf7": {
      "precision": 0.058823529411764705,
      "recall": 0.034482758620689655,
      "f1-score": 0.043478260869565216,
      "support": 29.0
    },
    "\ud83d\udd25": {
      "precision": 0.4426229508196721,
      "recall": 0.36486486486486486,
      "f1-score": 0.4,
      "support": 74.0
    },
    "\ud83d\udcaf": {
      "precision": 0.0,
      "recall": 0.0,
      "f1-score": 0.0,
      "support": 25.0
    },
    "\ud83d\udcf8": {
      "precision": 0.3333333333333333,
      "recall": 0.14583333333333334,
      "f1-score": 0.2028985507246377,
      "support": 48.0
    },
    "\ud83d\ude01": {
      "precision": 0.0,
      "recall": 0.0,
      "f1-score": 0.0,
      "support": 23.0
    },
    "\ud83d\ude02": {
      "precision": 0.3617021276595745,
      "recall": 0.18681318681318682,
      "f1-score": 0.2463768115942029,
      "support": 91.0
    },
    "\ud83d\ude0e": {
      "precision": 0.041666666666666664,
      "recall": 0.025,
      "f1-score": 0.03125,
      "support": 40.0
    },
    "\ud83d\udc9c": {
      "precision": 0.0,
      "recall": 0.0,
      "f1-score": 0.0,
      "support": 22.0
    },
    "\ud83d\ude18": {
      "precision": 0.25,
      "recall": 0.041666666666666664,
      "f1-score": 0.07142857142857142,
      "support": 24.0
    },
    "\u2728": {
      "precision": 0.21951219512195122,
      "recall": 0.16363636363636364,
      "f1-score": 0.1875,
      "support": 55.0
    },
    "\ud83d\ude0a": {
      "precision": 0.0975609756097561,
      "recall": 0.375,
      "f1-score": 0.15483870967741936,
      "support": 32.0
    },
    "\u2764": {
      "precision": 0.4246575342465753,
      "recall": 0.4305555555555556,
      "f1-score": 0.42758620689655175,
      "support": 216.0
    },
    "\ud83c\udf84": {
      "precision": 0.76,
      "recall": 0.6129032258064516,
      "f1-score": 0.6785714285714286,
      "support": 31.0
    },
    "\ud83d\ude09": {
      "precision": 0.023255813953488372,
      "recall": 0.038461538461538464,
      "f1-score": 0.028985507246376812,
      "support": 26.0
    },
    "\ud83d\ude1c": {
      "precision": 0.0,
      "recall": 0.0,
      "f1-score": 0.0,
      "support": 20.0
    },
    "micro avg": {
      "precision": 0.2812887236679058,
      "recall": 0.227,
      "f1-score": 0.25124515771997785,
      "support": 1000.0
    },
    "macro avg": {
      "precision": 0.20971248389531869,
      "recall": 0.16187496403501156,
      "f1-score": 0.17170626877165987,
      "support": 1000.0
    },
    "weighted avg": {
      "precision": 0.27488487035741543,
      "recall": 0.227,
      "f1-score": 0.23989732446157436,
      "support": 1000.0
    }
  },
  "accuracy": 0.227,
  "confusion_matrix": [
    [
      16,
      1,
      2,
      2,
      3,
      1,
      2,
      0,
      1,
      0,
      4,
      2,
      0,
      1,
      6,
      9,
      21,
      0,
      3,
      0
    ],
    [
      5,
      8,
      0,
      0,
      0,
      1,
      0,
      0,
      0,
      0,
      0,
      0,
      1,
      1,
      2,
      6,
      15,
      1,
      2,
      0
    ],
    [
      0,
      0,
      8,
      0,
      1,
      0,
      2,
      0,
      0,
      0,
      2,
      2,
      0,
      0,
      1,
      2,
      4,
      0,
      0,
      0
    ],
    [
      2,
      3,
      0,
      0,
      3,
      0,
      0,
      0,
      0,
      0,
      0,
      1,
      0,
      0,
      1,
      6,
      11,
      0,
      2,
      0
    ],
    [
      1,
      0,
      0,
      0,
      7,
      1,
      2,
      1,
      0,
      0,
      1,
      1,
      0,
      0,
      1,
      4,
      9,
      0,
      2,
      0
    ],
    [
      1,
      0,
      0,
      0,
      0,
      1,
      0,
      2,
      4,
      0,
      2,
      1,
      0,
      0,
      4,
      1,
      3,
      0,
      4,
      0
    ],
    [
      6,
      3,
      0,
      1,
      0,
      0,
      27,
      0,
      2,
      1,
      1,
      3,
      1,
      0,
      0,
      5,
      10,
      0,
      1,
      0
    ],
    [
      2,
      0,
      0,
      0,
      1,
      0,
      4,
      0,
      0,
      0,
      1,
      2,
      0,
      0,
      0,
      4,
      3,
      0,
      1,
      0
    ],
    [
      2,
      1,
      2,
      0,
      2,
      6,
      3,
      0,
      7,
      0,
      3,
      1,
      0,
      0,
      3,
      4,
      4,
      0,
      2,
      0
    ],
    [
      3,
      0,
      0,
      0,
      0,
      1,
      0,
      0,
      0,
      0,
      1,
      0,
      0,
      0,
      1,
      5,
      3,
      1,
      2,
      0
    ],
    [
      4,
      1,
      0,
      0,
      1,
      3,
      4,
      1,
      3,
      0,
      17,
      2,
      1,
      0,
      1,
      8,
      11,
      0,
      9,
      0
    ],
    [
      1,
      0,
      0,
      0,
      1,
      0,
      3,
      0,
      1,
      0,
      2,
      1,
      0,
      0,
      1,
      11,
      5,
      0,
      2,
      0
    ],
    [
      4,
      0,
      0,
      0,
      0,
      1,
      0,
      0,
      0,
      0,
      0,
      1,
      0,
      0,
      2,
      3,
      4,
      0,
      0,
      0
    ],
    [
      3,
      1,
      1,
      0,
      0,
      1,
      1,
      0,
      1,
      0,
      0,
      1,
      0,
      1,
      0,
      5,
      6,
      0,
      0,
      0
    ],
    [
      2,
      2,
      2,
      0,
      0,
      1,
      3,
      0,
      1,
      1,
      2,
      2,
      1,
      0,
      9,
      7,
      6,
      1,
      3,
      0
    ],
    [
      2,
      2,
      0,
      0,
      1,
      0,
      0,
      0,
      1,
      0,
      1,
      2,
      1,
      0,
      0,
      12,
      2,
      1,
      3,
      0
    ],
    [
      31,
      14,
      1,
      2,
      1,
      0,
      5,
      0,
      0,
      0,
      5,
      1,
      1,
      1,
      8,
      23,
      93,
      1,
      6,
      0
    ],
    [
      0,
      0,
      0,
      0,
      0,
      0,
      2,
      0,
      0,
      0,
      0,
      0,
      0,
      0,
      0,
      2,
      3,
      19,
      0,
      0
    ],
    [
      3,
      2,
      1,
      0,
      1,
      0,
      1,
      0,
      0,
      0,
      1,
      1,
      0,
      0,
      0,
      3,
      2,
      1,
      1,
      0
    ],
    [
      0,
      0,
      0,
      0,
      0,
      0,
      2,
      0,
      0,
      0,
      4,
      0,
      0,
      0,
      1,
      3,
      4,
      0,
      0,
      0
    ]
  ],
  "labels": [
    "\ud83d\ude0d",
    "\ud83d\udc95",
    "\u2600",
    "\ud83d\udc99",
    "\ud83c\uddfa\ud83c\uddf8",
    "\ud83d\udcf7",
    "\ud83d\udd25",
    "\ud83d\udcaf",
    "\ud83d\udcf8",
    "\ud83d\ude01",
    "\ud83d\ude02",
    "\ud83d\ude0e",
    "\ud83d\udc9c",
    "\ud83d\ude18",
    "\u2728",
    "\ud83d\ude0a",
    "\u2764",
    "\ud83c\udf84",
    "\ud83d\ude09",
    "\ud83d\ude1c"
  ]
}