{
  "classification_report": {
    "\ud83d\ude18": {
      "precision": 0.0,
      "recall": 0.0,
      "f1-score": 0.0,
      "support": 24.0
    },
    "\ud83d\ude02": {
      "precision": 0.41935483870967744,
      "recall": 0.14285714285714285,
      "f1-score": 0.21311475409836064,
      "support": 91.0
    },
    "\ud83d\udc99": {
      "precision": 0.0,
      "recall": 0.0,
      "f1-score": 0.0,
      "support": 31.0
    },
    "\ud83d\udcf8": {
      "precision": 0.0,
      "recall": 0.0,
      "f1-score": 0.0,
      "support": 48.0
    },
    "\ud83d\udd25": {
      "precision": 0.4117647058823529,
      "recall": 0.1891891891891892,
      "f1-score": 0.25925925925925924,
      "support": 74.0
    },
    "\u2764": {
      "precision": 0.42,
      "recall": 0.09722222222222222,
      "f1-score": 0.15789473684210525,
      "support": 216.0
    },
    "\ud83d\ude01": {
      "precision": 0.0,
      "recall": 0.0,
      "f1-score": 0.0,
      "support": 23.0
    },
    "\u2600": {
      "precision": 1.0,
      "recall": 0.04,
      "f1-score": 0.07692307692307693,
      "support": 25.0
    },
    "\u2728": {
      "precision": 0.20588235294117646,
      "recall": 0.12727272727272726,
      "f1-score": 0.15730337078651685,
      "support": 55.0
    },
    "\ud83c\udf84": {
      "precision": 0.7,
      "recall": 0.45161290322580644,
      "f1-score": 0.5490196078431373,
      "support": 31.0
    },
    "\ud83d\ude0e": {
      "precision": 0.5,
      "recall": 0.025,
      "f1-score": 0.047619047619047616,
      "support": 40.0
    },
    "\ud83d\udc95": {
      "precision": 0.23076923076923078,
      "recall": 0.057692307692307696,
      "f1-score": 0.09230769230769231,
      "support": 52.0
    },
    "\ud83d\ude09": {
      "precision": 0.0,
      "recall": 0.0,
      "f1-score": 0.0,
      "support": 26.0
    },
    "\ud83d\ude0d": {
      "precision": 0.1951219512195122,
      "recall": 0.16494845360824742,
      "f1-score": 0.1787709497206704,
      "support": 97.0
    },
    "\ud83d\udcaf": {
      "precision": 0.0,
      "recall": 0.0,
      "f1-score": 0.0,
      "support": 25.0
    },
    "\ud83c\uddfa\ud83c\uddf8": {
      "precision": 0.125,
      "recall": 0.02564102564102564,
      "f1-score": 0.0425531914893617,
      "support": 39.0
    },
    "\ud83d\ude0a": {
      "precision": 0.047244094488188976,
      "recall": 0.1875,
      "f1-score": 0.07547169811320754,
      "support": 32.0
    },
    "\ud83d\udc9c": {
      "precision": 0.0,
      "recall": 0.0,
      "f1-score": 0.0,
      "support": 22.0
    },
    "\ud83d\ude1c": {
      "precision": 0.0,
      "recall": 0.0,
      "f1-score": 0.0,
      "support": 20.0
    },
    "\ud83d\udcf7": {
      "precision": 0.1111111111111111,
      "recall": 0.034482758620689655,
      "f1-score": 0.05263157894736842,
      "support": 29.0
    },
    "micro avg": {
      "precision": 0.23222748815165878,
      "recall": 0.098,
      "f1-score": 0.13783403656821377,
      "support": 1000.0
    },
    "macro avg": {
      "precision": 0.2183124142560625,
      "recall": 0.07717093651646792,
      "f1-score": 0.0951434481974902,
      "support": 1000.0
    },
    "weighted avg": {
      "precision": 0.27791127048377645,
      "recall": 0.098,
      "f1-score": 0.12992478975035168,
      "support": 1000.0
    }
  },
  "accuracy": 0.098,
  "confusion_matrix": [
    [
      0,
      0,
      0,
      0,
      0,
      0,
      1,
      0,
      1,
      1,
      0,
      1,
      0,
      4,
      0,
      0,
      3,
      0,
      0,
      0
    ],
    [
      0,
      13,
      0,
      2,
      3,
      2,
      0,
      0,
      0,
      0,
      0,
      0,
      0,
      5,
      0,
      2,
      13,
      1,
      0,
      3
    ],
    [
      0,
      1,
      0,
      0,
      0,
      3,
      0,
      0,
      1,
      0,
      0,
      0,
      0,
      5,
      0,
      1,
      6,
      0,
      0,
      0
    ],
    [
      0,
      3,
      0,
      0,
      3,
      2,
      0,
      0,
      1,
      0,
      0,
      0,
      0,
      1,
      0,
      0,
      5,
      0,
      0,
      1
    ],
    [
      0,
      2,
      0,
      0,
      14,
      3,
      0,
      0,
      2,
      0,
      0,
      0,
      1,
      3,
      0,
      1,
      3,
      1,
      0,
      0
    ],
    [
      1,
      1,
      0,
      0,
      2,
      21,
      0,
      0,
      7,
      1,
      0,
      4,
      2,
      14,
      0,
      0,
      20,
      0,
      0,
      1
    ],
    [
      0,
      1,
      0,
      0,
      0,
      1,
      0,
      0,
      1,
      0,
      0,
      0,
      0,
      0,
      0,
      0,
      4,
      0,
      0,
      0
    ],
    [
      0,
      0,
      0,
      0,
      1,
      0,
      0,
      1,
      0,
      0,
      0,
      0,
      0,
      0,
      0,
      1,
      3,
      0,
      0,
      0
    ],
    [
      0,
      0,
      0,
      0,
      1,
      1,
      0,
      0,
      7,
      1,
      0,
      2,
      0,
      5,
      0,
      0,
      11,
      0,
      0,
      0
    ],
    [
      0,
      0,
      0,
      0,
      0,
      2,
      0,
      0,
      0,
      14,
      0,
      0,
      0,
      1,
      0,
      0,
      2,
      0,
      0,
      0
    ],
    [
      0,
      2,
      0,
      0,
      0,
      0,
      0,
      0,
      1,
      0,
      1,
      0,
      0,
      2,
      0,
      0,
      12,
      0,
      0,
      0
    ],
    [
      0,
      1,
      0,
      0,
      1,
      5,
      0,
      0,
      3,
      0,
      0,
      3,
      0,
      12,
      0,
      0,
      8,
      0,
      0,
      0
    ],
    [
      0,
      1,
      0,
      0,
      0,
      0,
      0,
      0,
      0,
      1,
      0,
      0,
      0,
      4,
      0,
      0,
      1,
      0,
      0,
      0
    ],
    [
      0,
      3,
      0,
      0,
      2,
      3,
      0,
      0,
      3,
      0,
      1,
      2,
      1,
      16,
      0,
      0,
      16,
      0,
      0,
      1
    ],
    [
      0,
      1,
      0,
      0,
      1,
      0,
      0,
      0,
      1,
      0,
      0,
      0,
      0,
      0,
      0,
      1,
      2,
      0,
      0,
      0
    ],
    [
      0,
      0,
      0,
      0,
      4,
      7,
      0,
      0,
      2,
      0,
      0,
      0,
      0,
      2,
      0,
      1,
      2,
      0,
      0,
      1
    ],
    [
      0,
      1,
      0,
      0,
      0,
      0,
      0,
      0,
      0,
      1,
      0,
      0,
      0,
      4,
      0,
      1,
      6,
      0,
      0,
      0
    ],
    [
      0,
      0,
      0,
      0,
      0,
      0,
      0,
      0,
      3,
      0,
      0,
      1,
      0,
      1,
      0,
      0,
      5,
      0,
      0,
      1
    ],
    [
      0,
      0,
      0,
      0,
      1,
      0,
      0,
      0,
      0,
      0,
      0,
      0,
      0,
      0,
      0,
      0,
      2,
      0,
      0,
      0
    ],
    [
      0,
      1,
      0,
      1,
      1,
      0,
      0,
      0,
      1,
      1,
      0,
      0,
      0,
      3,
      0,
      0,
      3,
      0,
      0,
      1
    ]
  ],
  "labels": [
    "\ud83d\ude18",
    "\ud83d\ude02",
    "\ud83d\udc99",
    "\ud83d\udcf8",
    "\ud83d\udd25",
    "\u2764",
    "\ud83d\ude01",
    "\u2600",
    "\u2728",
    "\ud83c\udf84",
    "\ud83d\ude0e",
    "\ud83d\udc95",
    "\ud83d\ude09",
    "\ud83d\ude0d",
    "\ud83d\udcaf",
    "\ud83c\uddfa\ud83c\uddf8",
    "\ud83d\ude0a",
    "\ud83d\udc9c",
    "\ud83d\ude1c",
    "\ud83d\udcf7"
  ]
}