{
  "classification_report": {
    "\ud83c\uddfa\ud83c\uddf8": {
      "precision": 0.0,
      "recall": 0.0,
      "f1-score": 0.0,
      "support": 39.0
    },
    "\ud83d\udd25": {
      "precision": 0.5833333333333334,
      "recall": 0.1891891891891892,
      "f1-score": 0.2857142857142857,
      "support": 74.0
    },
    "\ud83d\ude01": {
      "precision": 0.0,
      "recall": 0.0,
      "f1-score": 0.0,
      "support": 23.0
    },
    "\u2728": {
      "precision": 0.36363636363636365,
      "recall": 0.07272727272727272,
      "f1-score": 0.12121212121212122,
      "support": 55.0
    },
    "\ud83d\ude18": {
      "precision": 0.13793103448275862,
      "recall": 0.16666666666666666,
      "f1-score": 0.1509433962264151,
      "support": 24.0
    },
    "\ud83d\ude0a": {
      "precision": 0.07894736842105263,
      "recall": 0.28125,
      "f1-score": 0.1232876712328767,
      "support": 32.0
    },
    "\ud83d\udcaf": {
      "precision": 0.0,
      "recall": 0.0,
      "f1-score": 0.0,
      "support": 25.0
    },
    "\ud83d\ude1c": {
      "precision": 0.25,
      "recall": 0.1,
      "f1-score": 0.14285714285714285,
      "support": 20.0
    },
    "\u2764": {
      "precision": 0.43506493506493504,
      "recall": 0.6203703703703703,
      "f1-score": 0.5114503816793893,
      "support": 216.0
    },
    "\ud83d\udc9c": {
      "precision": 0.0,
      "recall": 0.0,
      "f1-score": 0.0,
      "support": 22.0
    },
    "\ud83d\ude02": {
      "precision": 0.3057324840764331,
      "recall": 0.5274725274725275,
      "f1-score": 0.3870967741935484,
      "support": 91.0
    },
    "\ud83c\udf84": {
      "precision": 0.6428571428571429,
      "recall": 0.5806451612903226,
      "f1-score": 0.6101694915254238,
      "support": 31.0
    },
    "\ud83d\ude0e": {
      "precision": 0.1,
      "recall": 0.175,
      "f1-score": 0.12727272727272726,
      "support": 40.0
    },
    "\ud83d\udcf7": {
      "precision": 0.09090909090909091,
      "recall": 0.034482758620689655,
      "f1-score": 0.05,
      "support": 29.0
    },
    "\ud83d\udc95": {
      "precision": 0.1875,
      "recall": 0.057692307692307696,
      "f1-score": 0.08823529411764706,
      "support": 52.0
    },
    "\ud83d\udcf8": {
      "precision": 0.25,
      "recall": 0.16666666666666666,
      "f1-score": 0.2,
      "support": 48.0
    },
    "\ud83d\udc99": {
      "precision": 0.0,
      "recall": 0.0,
      "f1-score": 0.0,
      "support": 31.0
    },
    "\ud83d\ude0d": {
      "precision": 0.17721518987341772,
      "recall": 0.14432989690721648,
      "f1-score": 0.1590909090909091,
      "support": 97.0
    },
    "\u2600": {
      "precision": 0.2413793103448276,
      "recall": 0.56,
      "f1-score": 0.3373493975903614,
      "support": 25.0
    },
    "\ud83d\ude09": {
      "precision": 0.0,
      "recall": 0.0,
      "f1-score": 0.0,
      "support": 26.0
    },
    "micro avg": {
      "precision": 0.2910602910602911,
      "recall": 0.28,
      "f1-score": 0.2854230377166157,
      "support": 1000.0
    },
    "macro avg": {
      "precision": 0.19222531264996776,
      "recall": 0.18382464088016146,
      "f1-score": 0.1647339796356424,
      "support": 1000.0
    },
    "weighted avg": {
      "precision": 0.2673383005499852,
      "recall": 0.28,
      "f1-score": 0.2474435542938058,
      "support": 1000.0
    }
  },
  "accuracy": 0.28,
  "confusion_matrix": [
    [
      0,
      0,
      2,
      0,
      0,
      2,
      0,
      0,
      13,
      0,
      3,
      1,
      3,
      3,
      0,
      0,
      0,
      1,
      2,
      0
    ],
    [
      0,
      14,
      1,
      0,
      2,
      5,
      0,
      1,
      11,
      0,
      14,
      0,
      10,
      3,
      0,
      5,
      0,
      3,
      3,
      0
    ],
    [
      0,
      0,
      0,
      0,
      0,
      5,
      0,
      0,
      4,
      0,
      7,
      1,
      1,
      0,
      0,
      1,
      0,
      1,
      2,
      0
    ],
    [
      0,
      1,
      1,
      4,
      2,
      9,
      0,
      0,
      18,
      0,
      5,
      1,
      3,
      0,
      0,
      3,
      1,
      4,
      3,
      0
    ],
    [
      0,
      0,
      0,
      0,
      4,
      5,
      0,
      0,
      8,
      0,
      3,
      0,
      2,
      0,
      1,
      0,
      1,
      0,
      0,
      0
    ],
    [
      0,
      0,
      0,
      0,
      1,
      9,
      0,
      0,
      5,
      0,
      3,
      0,
      6,
      0,
      1,
      0,
      0,
      4,
      2,
      0
    ],
    [
      0,
      0,
      1,
      0,
      0,
      1,
      0,
      1,
      3,
      0,
      7,
      1,
      5,
      0,
      0,
      1,
      0,
      2,
      1,
      0
    ],
    [
      0,
      1,
      0,
      0,
      0,
      5,
      0,
      2,
      4,
      0,
      6,
      0,
      0,
      0,
      0,
      0,
      1,
      0,
      0,
      0
    ],
    [
      0,
      0,
      0,
      3,
      8,
      17,
      0,
      1,
      134,
      1,
      15,
      0,
      4,
      0,
      4,
      2,
      1,
      13,
      11,
      0
    ],
    [
      0,
      0,
      0,
      0,
      0,
      5,
      0,
      0,
      9,
      0,
      2,
      0,
      1,
      1,
      2,
      0,
      0,
      2,
      0,
      0
    ],
    [
      0,
      1,
      0,
      0,
      1,
      6,
      0,
      3,
      10,
      1,
      48,
      1,
      3,
      0,
      1,
      2,
      1,
      6,
      4,
      0
    ],
    [
      0,
      2,
      0,
      0,
      0,
      1,
      0,
      0,
      7,
      0,
      2,
      18,
      0,
      0,
      0,
      0,
      0,
      1,
      0,
      0
    ],
    [
      0,
      3,
      0,
      0,
      0,
      9,
      0,
      0,
      6,
      0,
      4,
      0,
      7,
      1,
      0,
      0,
      0,
      6,
      3,
      0
    ],
    [
      0,
      0,
      1,
      1,
      0,
      1,
      1,
      0,
      5,
      0,
      8,
      1,
      0,
      1,
      0,
      3,
      0,
      4,
      1,
      0
    ],
    [
      0,
      0,
      0,
      1,
      2,
      6,
      0,
      0,
      22,
      1,
      1,
      2,
      4,
      0,
      3,
      0,
      0,
      8,
      1,
      0
    ],
    [
      0,
      2,
      0,
      1,
      3,
      2,
      0,
      0,
      6,
      0,
      13,
      0,
      3,
      1,
      0,
      8,
      0,
      1,
      6,
      0
    ],
    [
      0,
      0,
      0,
      0,
      2,
      5,
      0,
      0,
      10,
      0,
      0,
      2,
      1,
      1,
      2,
      0,
      0,
      4,
      2,
      0
    ],
    [
      0,
      0,
      1,
      0,
      2,
      15,
      0,
      0,
      27,
      0,
      9,
      0,
      13,
      0,
      1,
      5,
      0,
      14,
      2,
      0
    ],
    [
      0,
      0,
      0,
      1,
      0,
      0,
      0,
      0,
      4,
      0,
      2,
      0,
      2,
      0,
      1,
      0,
      1,
      0,
      14,
      0
    ],
    [
      0,
      0,
      0,
      0,
      2,
      6,
      0,
      0,
      2,
      0,
      5,
      0,
      2,
      0,
      0,
      2,
      0,
      5,
      1,
      0
    ]
  ],
  "labels": [
    "\ud83c\uddfa\ud83c\uddf8",
    "\ud83d\udd25",
    "\ud83d\ude01",
    "\u2728",
    "\ud83d\ude18",
    "\ud83d\ude0a",
    "\ud83d\udcaf",
    "\ud83d\ude1c",
    "\u2764",
    "\ud83d\udc9c",
    "\ud83d\ude02",
    "\ud83c\udf84",
    "\ud83d\ude0e",
    "\ud83d\udcf7",
    "\ud83d\udc95",
    "\ud83d\udcf8",
    "\ud83d\udc99",
    "\ud83d\ude0d",
    "\u2600",
    "\ud83d\ude09"
  ]
}