{
  "classification_report": {
    "\ud83d\udd25": {
      "precision": 0.42857142857142855,
      "recall": 0.44594594594594594,
      "f1-score": 0.4370860927152318,
      "support": 74.0
    },
    "\ud83d\udc95": {
      "precision": 0.14705882352941177,
      "recall": 0.09615384615384616,
      "f1-score": 0.11627906976744186,
      "support": 52.0
    },
    "\u2600": {
      "precision": 0.2916666666666667,
      "recall": 0.28,
      "f1-score": 0.2857142857142857,
      "support": 25.0
    },
    "\ud83d\udc99": {
      "precision": 0.0,
      "recall": 0.0,
      "f1-score": 0.0,
      "support": 31.0
    },
    "\ud83c\uddfa\ud83c\uddf8": {
      "precision": 0.3103448275862069,
      "recall": 0.23076923076923078,
      "f1-score": 0.2647058823529412,
      "support": 39.0
    },
    "\ud83d\ude18": {
      "precision": 0.0,
      "recall": 0.0,
      "f1-score": 0.0,
      "support": 24.0
    },
    "\ud83d\udcf7": {
      "precision": 0.0,
      "recall": 0.0,
      "f1-score": 0.0,
      "support": 29.0
    },
    "\ud83d\ude01": {
      "precision": 0.0,
      "recall": 0.0,
      "f1-score": 0.0,
      "support": 23.0
    },
    "\ud83d\ude02": {
      "precision": 0.391304347826087,
      "recall": 0.1978021978021978,
      "f1-score": 0.26277372262773724,
      "support": 91.0
    },
    "\ud83d\ude0e": {
      "precision": 0.07692307692307693,
      "recall": 0.05,
      "f1-score": 0.06060606060606061,
      "support": 40.0
    },
    "\ud83c\udf84": {
      "precision": 0.8181818181818182,
      "recall": 0.5806451612903226,
      "f1-score": 0.6792452830188679,
      "support": 31.0
    },
    "\ud83d\udcaf": {
      "precision": 1.0,
      "recall": 0.04,
      "f1-score": 0.07692307692307693,
      "support": 25.0
    },
    "\ud83d\ude1c": {
      "precision": 0.0,
      "recall": 0.0,
      "f1-score": 0.0,
      "support": 20.0
    },
    "\u2728": {
      "precision": 0.175,
      "recall": 0.12727272727272726,
      "f1-score": 0.14736842105263157,
      "support": 55.0
    },
    "\ud83d\ude0d": {
      "precision": 0.18478260869565216,
      "recall": 0.17525773195876287,
      "f1-score": 0.17989417989417988,
      "support": 97.0
    },
    "\ud83d\ude09": {
      "precision": 0.047619047619047616,
      "recall": 0.11538461538461539,
      "f1-score": 0.06741573033707865,
      "support": 26.0
    },
    "\u2764": {
      "precision": 0.4816753926701571,
      "recall": 0.42592592592592593,
      "f1-score": 0.4520884520884521,
      "support": 216.0
    },
    "\ud83d\udc9c": {
      "precision": 0.0,
      "recall": 0.0,
      "f1-score": 0.0,
      "support": 22.0
    },
    "\ud83d\ude0a": {
      "precision": 0.05343511450381679,
      "recall": 0.21875,
      "f1-score": 0.08588957055214724,
      "support": 32.0
    },
    "\ud83d\udcf8": {
      "precision": 0.35714285714285715,
      "recall": 0.10416666666666667,
      "f1-score": 0.16129032258064516,
      "support": 48.0
    },
    "micro avg": {
      "precision": 0.27586206896551724,
      "recall": 0.224,
      "f1-score": 0.24724061810154527,
      "support": 1000.0
    },
    "macro avg": {
      "precision": 0.2381853004958113,
      "recall": 0.15440370245851207,
      "f1-score": 0.1638640075115389,
      "support": 1000.0
    },
    "weighted avg": {
      "precision": 0.2994873884783839,
      "recall": 0.224,
      "f1-score": 0.2406229159125239,
      "support": 1000.0
    }
  },
  "accuracy": 0.224,
  "confusion_matrix": [
    [
      33,
      0,
      1,
      0,
      0,
      0,
      1,
      0,
      2,
      3,
      0,
      0,
      0,
      4,
      7,
      1,
      4,
      0,
      3,
      3
    ],
    [
      1,
      5,
      0,
      0,
      0,
      0,
      0,
      0,
      1,
      1,
      1,
      0,
      0,
      4,
      7,
      2,
      13,
      0,
      8,
      0
    ],
    [
      2,
      1,
      7,
      0,
      2,
      0,
      0,
      0,
      1,
      0,
      0,
      0,
      0,
      1,
      0,
      0,
      2,
      0,
      6,
      0
    ],
    [
      1,
      2,
      1,
      0,
      2,
      0,
      0,
      0,
      0,
      0,
      0,
      0,
      0,
      1,
      3,
      3,
      8,
      0,
      6,
      0
    ],
    [
      4,
      0,
      0,
      0,
      9,
      0,
      2,
      0,
      1,
      2,
      0,
      0,
      0,
      1,
      1,
      1,
      4,
      0,
      4,
      0
    ],
    [
      1,
      1,
      0,
      0,
      0,
      0,
      0,
      0,
      0,
      1,
      0,
      0,
      0,
      0,
      4,
      3,
      6,
      0,
      3,
      0
    ],
    [
      3,
      0,
      0,
      0,
      0,
      0,
      0,
      0,
      2,
      2,
      0,
      0,
      0,
      1,
      2,
      3,
      3,
      0,
      2,
      3
    ],
    [
      0,
      0,
      0,
      0,
      2,
      0,
      1,
      0,
      0,
      0,
      0,
      0,
      0,
      1,
      4,
      2,
      0,
      0,
      6,
      0
    ],
    [
      5,
      1,
      0,
      0,
      3,
      0,
      1,
      0,
      18,
      2,
      0,
      0,
      0,
      2,
      4,
      13,
      6,
      0,
      9,
      2
    ],
    [
      3,
      1,
      1,
      0,
      1,
      0,
      0,
      0,
      3,
      2,
      0,
      0,
      0,
      1,
      3,
      4,
      6,
      0,
      7,
      0
    ],
    [
      2,
      0,
      0,
      0,
      0,
      0,
      0,
      0,
      0,
      0,
      18,
      0,
      0,
      0,
      0,
      4,
      5,
      0,
      0,
      0
    ],
    [
      2,
      0,
      0,
      0,
      2,
      0,
      0,
      0,
      1,
      1,
      1,
      1,
      0,
      0,
      0,
      5,
      1,
      0,
      2,
      0
    ],
    [
      2,
      0,
      0,
      0,
      0,
      0,
      0,
      0,
      2,
      0,
      0,
      0,
      0,
      0,
      2,
      1,
      2,
      0,
      4,
      0
    ],
    [
      1,
      2,
      2,
      0,
      1,
      0,
      0,
      0,
      0,
      2,
      1,
      0,
      0,
      7,
      5,
      6,
      8,
      0,
      11,
      0
    ],
    [
      1,
      2,
      2,
      0,
      2,
      1,
      1,
      2,
      4,
      2,
      0,
      0,
      0,
      6,
      17,
      5,
      13,
      1,
      18,
      1
    ],
    [
      2,
      0,
      1,
      0,
      0,
      0,
      0,
      0,
      0,
      1,
      0,
      0,
      0,
      0,
      2,
      3,
      3,
      0,
      5,
      0
    ],
    [
      5,
      17,
      4,
      1,
      2,
      0,
      1,
      1,
      7,
      3,
      1,
      0,
      0,
      7,
      27,
      2,
      92,
      4,
      20,
      0
    ],
    [
      0,
      0,
      0,
      0,
      0,
      0,
      1,
      0,
      0,
      2,
      0,
      0,
      0,
      2,
      1,
      0,
      6,
      0,
      4,
      0
    ],
    [
      0,
      2,
      1,
      0,
      3,
      0,
      0,
      0,
      1,
      1,
      0,
      0,
      0,
      0,
      2,
      2,
      6,
      0,
      7,
      0
    ],
    [
      9,
      0,
      4,
      0,
      0,
      0,
      3,
      1,
      3,
      1,
      0,
      0,
      0,
      2,
      1,
      3,
      3,
      0,
      6,
      5
    ]
  ],
  "labels": [
    "\ud83d\udd25",
    "\ud83d\udc95",
    "\u2600",
    "\ud83d\udc99",
    "\ud83c\uddfa\ud83c\uddf8",
    "\ud83d\ude18",
    "\ud83d\udcf7",
    "\ud83d\ude01",
    "\ud83d\ude02",
    "\ud83d\ude0e",
    "\ud83c\udf84",
    "\ud83d\udcaf",
    "\ud83d\ude1c",
    "\u2728",
    "\ud83d\ude0d",
    "\ud83d\ude09",
    "\u2764",
    "\ud83d\udc9c",
    "\ud83d\ude0a",
    "\ud83d\udcf8"
  ]
}