{
  "classification_report": {
    "\ud83d\udcf8": {
      "precision": 0.09090909090909091,
      "recall": 0.020833333333333332,
      "f1-score": 0.03389830508474576,
      "support": 48.0
    },
    "\ud83d\ude0a": {
      "precision": 0.08064516129032258,
      "recall": 0.3125,
      "f1-score": 0.1282051282051282,
      "support": 32.0
    },
    "\ud83c\udf84": {
      "precision": 0.7222222222222222,
      "recall": 0.41935483870967744,
      "f1-score": 0.5306122448979592,
      "support": 31.0
    },
    "\u2764": {
      "precision": 0.3618421052631579,
      "recall": 0.25462962962962965,
      "f1-score": 0.29891304347826086,
      "support": 216.0
    },
    "\u2600": {
      "precision": 0.3076923076923077,
      "recall": 0.16,
      "f1-score": 0.21052631578947367,
      "support": 25.0
    },
    "\ud83d\udc99": {
      "precision": 0.0,
      "recall": 0.0,
      "f1-score": 0.0,
      "support": 31.0
    },
    "\ud83d\ude01": {
      "precision": 0.0,
      "recall": 0.0,
      "f1-score": 0.0,
      "support": 23.0
    },
    "\ud83d\ude0e": {
      "precision": 0.125,
      "recall": 0.075,
      "f1-score": 0.09375,
      "support": 40.0
    },
    "\ud83d\udd25": {
      "precision": 0.39622641509433965,
      "recall": 0.28378378378378377,
      "f1-score": 0.33070866141732286,
      "support": 74.0
    },
    "\ud83d\udcf7": {
      "precision": 0.0,
      "recall": 0.0,
      "f1-score": 0.0,
      "support": 29.0
    },
    "\u2728": {
      "precision": 0.15555555555555556,
      "recall": 0.12727272727272726,
      "f1-score": 0.14,
      "support": 55.0
    },
    "\ud83d\ude0d": {
      "precision": 0.19117647058823528,
      "recall": 0.13402061855670103,
      "f1-score": 0.15757575757575756,
      "support": 97.0
    },
    "\ud83c\uddfa\ud83c\uddf8": {
      "precision": 0.17647058823529413,
      "recall": 0.07692307692307693,
      "f1-score": 0.10714285714285714,
      "support": 39.0
    },
    "\ud83d\ude09": {
      "precision": 0.018518518518518517,
      "recall": 0.038461538461538464,
      "f1-score": 0.025,
      "support": 26.0
    },
    "\ud83d\ude1c": {
      "precision": 0.0,
      "recall": 0.0,
      "f1-score": 0.0,
      "support": 20.0
    },
    "\ud83d\ude18": {
      "precision": 0.0,
      "recall": 0.0,
      "f1-score": 0.0,
      "support": 24.0
    },
    "\ud83d\udc95": {
      "precision": 0.06451612903225806,
      "recall": 0.038461538461538464,
      "f1-score": 0.04819277108433735,
      "support": 52.0
    },
    "\ud83d\udcaf": {
      "precision": 0.0,
      "recall": 0.0,
      "f1-score": 0.0,
      "support": 25.0
    },
    "\ud83d\udc9c": {
      "precision": 0.4,
      "recall": 0.09090909090909091,
      "f1-score": 0.14814814814814814,
      "support": 22.0
    },
    "\ud83d\ude02": {
      "precision": 0.42,
      "recall": 0.23076923076923078,
      "f1-score": 0.2978723404255319,
      "support": 91.0
    },
    "micro avg": {
      "precision": 0.23179791976225855,
      "recall": 0.156,
      "f1-score": 0.18649133293484757,
      "support": 1000.0
    },
    "macro avg": {
      "precision": 0.17553872822006514,
      "recall": 0.1131459703405164,
      "f1-score": 0.12752727866247615,
      "support": 1000.0
    },
    "weighted avg": {
      "precision": 0.23434247389489624,
      "recall": 0.156,
      "f1-score": 0.18091456481717982,
      "support": 1000.0
    }
  },
  "accuracy": 0.156,
  "confusion_matrix": [
    [
      1,
      6,
      0,
      3,
      1,
      0,
      0,
      2,
      5,
      2,
      4,
      0,
      0,
      4,
      0,
      0,
      1,
      0,
      0,
      4
    ],
    [
      0,
      10,
      0,
      2,
      0,
      0,
      0,
      2,
      1,
      0,
      1,
      1,
      1,
      3,
      0,
      0,
      0,
      0,
      0,
      2
    ],
    [
      0,
      2,
      13,
      3,
      0,
      0,
      0,
      0,
      0,
      0,
      0,
      0,
      0,
      1,
      0,
      0,
      0,
      0,
      0,
      0
    ],
    [
      1,
      24,
      2,
      55,
      2,
      0,
      0,
      1,
      5,
      0,
      11,
      25,
      1,
      7,
      0,
      1,
      22,
      0,
      1,
      7
    ],
    [
      0,
      1,
      0,
      4,
      4,
      0,
      0,
      3,
      2,
      0,
      1,
      0,
      2,
      0,
      0,
      0,
      1,
      0,
      0,
      0
    ],
    [
      0,
      4,
      0,
      10,
      1,
      0,
      0,
      0,
      1,
      1,
      1,
      1,
      1,
      0,
      0,
      0,
      1,
      0,
      0,
      1
    ],
    [
      1,
      5,
      0,
      4,
      0,
      0,
      0,
      1,
      0,
      0,
      3,
      1,
      1,
      1,
      0,
      0,
      0,
      0,
      0,
      2
    ],
    [
      1,
      5,
      1,
      5,
      0,
      0,
      0,
      3,
      1,
      0,
      1,
      1,
      0,
      4,
      0,
      0,
      0,
      0,
      0,
      1
    ],
    [
      1,
      5,
      0,
      7,
      0,
      0,
      0,
      2,
      21,
      0,
      1,
      4,
      1,
      4,
      0,
      0,
      0,
      0,
      1,
      3
    ],
    [
      2,
      3,
      1,
      0,
      0,
      0,
      0,
      2,
      3,
      0,
      2,
      2,
      0,
      3,
      0,
      0,
      0,
      0,
      0,
      1
    ],
    [
      0,
      11,
      0,
      9,
      1,
      1,
      0,
      2,
      3,
      0,
      7,
      1,
      1,
      3,
      0,
      0,
      0,
      0,
      1,
      0
    ],
    [
      0,
      10,
      0,
      14,
      0,
      0,
      0,
      1,
      3,
      0,
      3,
      13,
      1,
      6,
      0,
      0,
      1,
      0,
      0,
      2
    ],
    [
      0,
      3,
      0,
      9,
      0,
      0,
      0,
      0,
      2,
      1,
      2,
      1,
      3,
      0,
      0,
      0,
      0,
      0,
      0,
      1
    ],
    [
      0,
      5,
      0,
      3,
      1,
      0,
      0,
      1,
      1,
      0,
      0,
      2,
      0,
      1,
      0,
      0,
      0,
      0,
      0,
      2
    ],
    [
      0,
      1,
      0,
      0,
      0,
      0,
      0,
      0,
      0,
      0,
      0,
      0,
      0,
      2,
      0,
      0,
      1,
      0,
      0,
      2
    ],
    [
      0,
      3,
      1,
      4,
      1,
      0,
      1,
      1,
      0,
      0,
      0,
      4,
      0,
      1,
      0,
      0,
      1,
      0,
      0,
      0
    ],
    [
      0,
      6,
      0,
      10,
      1,
      0,
      0,
      0,
      1,
      0,
      4,
      10,
      1,
      5,
      0,
      0,
      2,
      0,
      0,
      0
    ],
    [
      1,
      3,
      0,
      2,
      0,
      0,
      0,
      3,
      1,
      0,
      0,
      0,
      1,
      2,
      0,
      0,
      0,
      0,
      0,
      1
    ],
    [
      1,
      4,
      0,
      5,
      0,
      0,
      0,
      0,
      1,
      0,
      2,
      1,
      0,
      0,
      0,
      0,
      1,
      0,
      2,
      0
    ],
    [
      2,
      13,
      0,
      3,
      1,
      0,
      0,
      0,
      2,
      1,
      2,
      1,
      3,
      7,
      0,
      0,
      0,
      0,
      0,
      21
    ]
  ],
  "labels": [
    "\ud83d\udcf8",
    "\ud83d\ude0a",
    "\ud83c\udf84",
    "\u2764",
    "\u2600",
    "\ud83d\udc99",
    "\ud83d\ude01",
    "\ud83d\ude0e",
    "\ud83d\udd25",
    "\ud83d\udcf7",
    "\u2728",
    "\ud83d\ude0d",
    "\ud83c\uddfa\ud83c\uddf8",
    "\ud83d\ude09",
    "\ud83d\ude1c",
    "\ud83d\ude18",
    "\ud83d\udc95",
    "\ud83d\udcaf",
    "\ud83d\udc9c",
    "\ud83d\ude02"
  ]
}