{
  "classification_report": {
    "\ud83d\udc95": {
      "precision": 0.07692307692307693,
      "recall": 0.057692307692307696,
      "f1-score": 0.06593406593406594,
      "support": 52.0
    },
    "\ud83d\udcf7": {
      "precision": 0.03333333333333333,
      "recall": 0.034482758620689655,
      "f1-score": 0.03389830508474576,
      "support": 29.0
    },
    "\ud83c\uddfa\ud83c\uddf8": {
      "precision": 0.0,
      "recall": 0.0,
      "f1-score": 0.0,
      "support": 39.0
    },
    "\u2600": {
      "precision": 0.21052631578947367,
      "recall": 0.32,
      "f1-score": 0.25396825396825395,
      "support": 25.0
    },
    "\ud83d\ude02": {
      "precision": 0.24675324675324675,
      "recall": 0.2087912087912088,
      "f1-score": 0.2261904761904762,
      "support": 91.0
    },
    "\ud83d\udcf8": {
      "precision": 0.13636363636363635,
      "recall": 0.125,
      "f1-score": 0.13043478260869565,
      "support": 48.0
    },
    "\u2764": {
      "precision": 0.3739495798319328,
      "recall": 0.41203703703703703,
      "f1-score": 0.3920704845814978,
      "support": 216.0
    },
    "\ud83d\ude18": {
      "precision": 0.06521739130434782,
      "recall": 0.125,
      "f1-score": 0.08571428571428572,
      "support": 24.0
    },
    "\ud83d\ude0a": {
      "precision": 0.0625,
      "recall": 0.1875,
      "f1-score": 0.09375,
      "support": 32.0
    },
    "\ud83c\udf84": {
      "precision": 0.72,
      "recall": 0.5806451612903226,
      "f1-score": 0.6428571428571429,
      "support": 31.0
    },
    "\ud83d\ude09": {
      "precision": 0.0,
      "recall": 0.0,
      "f1-score": 0.0,
      "support": 26.0
    },
    "\ud83d\ude0d": {
      "precision": 0.1368421052631579,
      "recall": 0.13402061855670103,
      "f1-score": 0.13541666666666666,
      "support": 97.0
    },
    "\ud83d\ude0e": {
      "precision": 0.030303030303030304,
      "recall": 0.025,
      "f1-score": 0.0273972602739726,
      "support": 40.0
    },
    "\ud83d\ude01": {
      "precision": 0.0,
      "recall": 0.0,
      "f1-score": 0.0,
      "support": 23.0
    },
    "\ud83d\udc99": {
      "precision": 0.05714285714285714,
      "recall": 0.06451612903225806,
      "f1-score": 0.06060606060606061,
      "support": 31.0
    },
    "\ud83d\ude1c": {
      "precision": 0.04,
      "recall": 0.05,
      "f1-score": 0.044444444444444446,
      "support": 20.0
    },
    "\ud83d\udd25": {
      "precision": 0.38235294117647056,
      "recall": 0.17567567567567569,
      "f1-score": 0.24074074074074073,
      "support": 74.0
    },
    "\ud83d\udcaf": {
      "precision": 0.0,
      "recall": 0.0,
      "f1-score": 0.0,
      "support": 25.0
    },
    "\u2728": {
      "precision": 0.14285714285714285,
      "recall": 0.09090909090909091,
      "f1-score": 0.1111111111111111,
      "support": 55.0
    },
    "\ud83d\udc9c": {
      "precision": 0.0,
      "recall": 0.0,
      "f1-score": 0.0,
      "support": 22.0
    },
    "micro avg": {
      "precision": 0.2,
      "recall": 0.188,
      "f1-score": 0.19381443298969073,
      "support": 1000.0
    },
    "macro avg": {
      "precision": 0.13575323285208532,
      "recall": 0.1295634993802646,
      "f1-score": 0.12722670403910802,
      "support": 1000.0
    },
    "weighted avg": {
      "precision": 0.1990966456946831,
      "recall": 0.188,
      "f1-score": 0.18820288025033222,
      "support": 1000.0
    }
  },
  "accuracy": 0.188,
  "confusion_matrix": [
    [
      3,
      1,
      0,
      3,
      2,
      1,
      21,
      2,
      4,
      1,
      1,
      4,
      1,
      1,
      1,
      0,
      3,
      0,
      0,
      1
    ],
    [
      2,
      1,
      0,
      0,
      6,
      6,
      2,
      0,
      3,
      1,
      0,
      3,
      1,
      0,
      0,
      0,
      0,
      0,
      0,
      0
    ],
    [
      0,
      4,
      0,
      2,
      1,
      0,
      12,
      0,
      4,
      0,
      0,
      2,
      2,
      1,
      3,
      1,
      0,
      0,
      1,
      0
    ],
    [
      0,
      0,
      0,
      8,
      1,
      1,
      6,
      1,
      2,
      0,
      0,
      1,
      2,
      1,
      1,
      0,
      0,
      0,
      0,
      0
    ],
    [
      2,
      2,
      0,
      2,
      19,
      4,
      10,
      3,
      13,
      0,
      1,
      9,
      2,
      3,
      0,
      6,
      2,
      2,
      2,
      2
    ],
    [
      2,
      4,
      0,
      2,
      6,
      6,
      2,
      2,
      3,
      0,
      0,
      3,
      1,
      3,
      2,
      2,
      2,
      2,
      2,
      0
    ],
    [
      11,
      3,
      0,
      2,
      8,
      6,
      89,
      11,
      12,
      1,
      1,
      23,
      5,
      3,
      12,
      7,
      2,
      1,
      8,
      4
    ],
    [
      1,
      0,
      0,
      1,
      1,
      1,
      7,
      3,
      2,
      0,
      0,
      2,
      2,
      1,
      2,
      0,
      0,
      0,
      0,
      1
    ],
    [
      1,
      1,
      0,
      2,
      2,
      2,
      6,
      0,
      6,
      1,
      0,
      5,
      2,
      0,
      1,
      0,
      0,
      0,
      0,
      0
    ],
    [
      0,
      0,
      0,
      1,
      0,
      0,
      6,
      0,
      0,
      18,
      0,
      2,
      0,
      0,
      0,
      0,
      2,
      0,
      1,
      0
    ],
    [
      0,
      1,
      0,
      0,
      4,
      1,
      3,
      2,
      1,
      0,
      0,
      4,
      3,
      0,
      0,
      1,
      1,
      0,
      1,
      0
    ],
    [
      4,
      1,
      0,
      4,
      7,
      5,
      20,
      5,
      13,
      0,
      0,
      13,
      4,
      5,
      2,
      0,
      1,
      3,
      1,
      1
    ],
    [
      2,
      1,
      0,
      2,
      1,
      1,
      8,
      1,
      5,
      0,
      0,
      5,
      1,
      0,
      2,
      2,
      3,
      1,
      3,
      1
    ],
    [
      2,
      0,
      0,
      0,
      2,
      0,
      3,
      1,
      6,
      1,
      0,
      3,
      0,
      0,
      0,
      2,
      0,
      0,
      1,
      0
    ],
    [
      3,
      0,
      0,
      1,
      1,
      0,
      11,
      1,
      3,
      1,
      0,
      2,
      1,
      0,
      2,
      0,
      0,
      0,
      3,
      0
    ],
    [
      0,
      1,
      0,
      1,
      3,
      1,
      2,
      1,
      4,
      0,
      0,
      1,
      0,
      1,
      1,
      1,
      2,
      0,
      1,
      0
    ],
    [
      3,
      7,
      0,
      2,
      4,
      3,
      14,
      4,
      4,
      0,
      0,
      6,
      2,
      3,
      2,
      3,
      13,
      0,
      2,
      1
    ],
    [
      1,
      0,
      0,
      0,
      4,
      0,
      2,
      1,
      2,
      1,
      0,
      2,
      1,
      0,
      1,
      0,
      3,
      0,
      1,
      1
    ],
    [
      1,
      2,
      0,
      5,
      4,
      3,
      8,
      6,
      6,
      0,
      1,
      4,
      3,
      1,
      3,
      0,
      0,
      0,
      5,
      1
    ],
    [
      1,
      1,
      0,
      0,
      1,
      3,
      6,
      2,
      3,
      0,
      0,
      1,
      0,
      1,
      0,
      0,
      0,
      0,
      3,
      0
    ]
  ],
  "labels": [
    "\ud83d\udc95",
    "\ud83d\udcf7",
    "\ud83c\uddfa\ud83c\uddf8",
    "\u2600",
    "\ud83d\ude02",
    "\ud83d\udcf8",
    "\u2764",
    "\ud83d\ude18",
    "\ud83d\ude0a",
    "\ud83c\udf84",
    "\ud83d\ude09",
    "\ud83d\ude0d",
    "\ud83d\ude0e",
    "\ud83d\ude01",
    "\ud83d\udc99",
    "\ud83d\ude1c",
    "\ud83d\udd25",
    "\ud83d\udcaf",
    "\u2728",
    "\ud83d\udc9c"
  ]
}