{
  "classification_report": {
    "\ud83c\udf84": {
      "precision": 0.55,
      "recall": 0.7096774193548387,
      "f1-score": 0.6197183098591549,
      "support": 31.0
    },
    "\ud83d\ude0a": {
      "precision": 0.0673076923076923,
      "recall": 0.21875,
      "f1-score": 0.10294117647058823,
      "support": 32.0
    },
    "\ud83d\ude0e": {
      "precision": 0.09375,
      "recall": 0.075,
      "f1-score": 0.08333333333333333,
      "support": 40.0
    },
    "\ud83d\udc95": {
      "precision": 0.19047619047619047,
      "recall": 0.15384615384615385,
      "f1-score": 0.1702127659574468,
      "support": 52.0
    },
    "\u2600": {
      "precision": 0.3333333333333333,
      "recall": 0.52,
      "f1-score": 0.40625,
      "support": 25.0
    },
    "\u2728": {
      "precision": 0.2413793103448276,
      "recall": 0.12727272727272726,
      "f1-score": 0.16666666666666666,
      "support": 55.0
    },
    "\ud83d\ude01": {
      "precision": 0.0,
      "recall": 0.0,
      "f1-score": 0.0,
      "support": 23.0
    },
    "\ud83d\udc9c": {
      "precision": 0.05405405405405406,
      "recall": 0.09090909090909091,
      "f1-score": 0.06779661016949153,
      "support": 22.0
    },
    "\ud83d\ude0d": {
      "precision": 0.288135593220339,
      "recall": 0.17525773195876287,
      "f1-score": 0.21794871794871795,
      "support": 97.0
    },
    "\ud83d\udd25": {
      "precision": 0.3191489361702128,
      "recall": 0.40540540540540543,
      "f1-score": 0.35714285714285715,
      "support": 74.0
    },
    "\ud83d\udcaf": {
      "precision": 0.15384615384615385,
      "recall": 0.08,
      "f1-score": 0.10526315789473684,
      "support": 25.0
    },
    "\ud83d\udcf8": {
      "precision": 0.14285714285714285,
      "recall": 0.041666666666666664,
      "f1-score": 0.06451612903225806,
      "support": 48.0
    },
    "\ud83d\udc99": {
      "precision": 0.13793103448275862,
      "recall": 0.12903225806451613,
      "f1-score": 0.13333333333333333,
      "support": 31.0
    },
    "\ud83d\ude18": {
      "precision": 0.09090909090909091,
      "recall": 0.041666666666666664,
      "f1-score": 0.05714285714285714,
      "support": 24.0
    },
    "\ud83d\ude09": {
      "precision": 0.16666666666666666,
      "recall": 0.07692307692307693,
      "f1-score": 0.10526315789473684,
      "support": 26.0
    },
    "\ud83d\ude1c": {
      "precision": 0.1,
      "recall": 0.05,
      "f1-score": 0.06666666666666667,
      "support": 20.0
    },
    "\ud83c\uddfa\ud83c\uddf8": {
      "precision": 0.0,
      "recall": 0.0,
      "f1-score": 0.0,
      "support": 39.0
    },
    "\u2764": {
      "precision": 0.6296296296296297,
      "recall": 0.3148148148148148,
      "f1-score": 0.41975308641975306,
      "support": 216.0
    },
    "\ud83d\ude02": {
      "precision": 0.46875,
      "recall": 0.16483516483516483,
      "f1-score": 0.24390243902439024,
      "support": 91.0
    },
    "\ud83d\udcf7": {
      "precision": 0.09523809523809523,
      "recall": 0.06896551724137931,
      "f1-score": 0.08,
      "support": 29.0
    },
    "micro avg": {
      "precision": 0.2833562585969739,
      "recall": 0.206,
      "f1-score": 0.23856398378691374,
      "support": 1000.0
    },
    "macro avg": {
      "precision": 0.20617064617680936,
      "recall": 0.17220113469796322,
      "f1-score": 0.17339256324784946,
      "support": 1000.0
    },
    "weighted avg": {
      "precision": 0.3121356315183832,
      "recall": 0.206,
      "f1-score": 0.2335589006779671,
      "support": 1000.0
    }
  },
  "accuracy": 0.206,
  "confusion_matrix": [
    [
      22,
      0,
      0,
      0,
      0,
      1,
      0,
      0,
      1,
      2,
      0,
      0,
      0,
      0,
      0,
      0,
      0,
      2,
      0,
      0
    ],
    [
      1,
      7,
      4,
      2,
      0,
      0,
      0,
      1,
      1,
      3,
      0,
      1,
      1,
      0,
      0,
      0,
      0,
      2,
      0,
      0
    ],
    [
      0,
      7,
      3,
      1,
      1,
      1,
      0,
      0,
      0,
      4,
      1,
      0,
      0,
      0,
      1,
      0,
      0,
      1,
      1,
      0
    ],
    [
      1,
      5,
      0,
      8,
      1,
      2,
      0,
      1,
      6,
      3,
      1,
      0,
      0,
      2,
      1,
      0,
      0,
      6,
      0,
      0
    ],
    [
      0,
      1,
      1,
      1,
      13,
      0,
      0,
      1,
      0,
      0,
      0,
      0,
      0,
      0,
      0,
      0,
      0,
      3,
      0,
      0
    ],
    [
      3,
      7,
      3,
      2,
      0,
      7,
      0,
      3,
      3,
      6,
      1,
      0,
      1,
      0,
      0,
      1,
      0,
      4,
      0,
      0
    ],
    [
      2,
      6,
      0,
      0,
      1,
      0,
      0,
      0,
      0,
      1,
      0,
      1,
      0,
      1,
      0,
      1,
      0,
      2,
      1,
      0
    ],
    [
      0,
      3,
      0,
      3,
      0,
      1,
      0,
      2,
      0,
      1,
      1,
      0,
      1,
      0,
      0,
      0,
      0,
      2,
      0,
      2
    ],
    [
      1,
      10,
      3,
      4,
      2,
      2,
      0,
      5,
      17,
      7,
      2,
      1,
      6,
      0,
      3,
      1,
      0,
      3,
      1,
      3
    ],
    [
      0,
      6,
      1,
      0,
      1,
      4,
      0,
      4,
      2,
      30,
      1,
      1,
      1,
      0,
      0,
      0,
      0,
      2,
      1,
      1
    ],
    [
      1,
      1,
      1,
      0,
      0,
      0,
      0,
      1,
      1,
      4,
      2,
      1,
      2,
      0,
      0,
      0,
      0,
      1,
      2,
      0
    ],
    [
      1,
      5,
      4,
      0,
      0,
      2,
      1,
      2,
      0,
      6,
      0,
      2,
      0,
      0,
      1,
      1,
      0,
      1,
      3,
      4
    ],
    [
      0,
      5,
      0,
      2,
      0,
      0,
      0,
      4,
      1,
      1,
      0,
      0,
      4,
      2,
      0,
      0,
      0,
      4,
      0,
      1
    ],
    [
      1,
      5,
      1,
      1,
      0,
      0,
      0,
      0,
      1,
      2,
      0,
      1,
      1,
      1,
      0,
      0,
      0,
      4,
      0,
      0
    ],
    [
      1,
      2,
      0,
      1,
      2,
      1,
      0,
      0,
      1,
      3,
      1,
      0,
      0,
      1,
      2,
      0,
      0,
      1,
      0,
      0
    ],
    [
      1,
      2,
      1,
      0,
      0,
      0,
      0,
      0,
      0,
      1,
      0,
      0,
      1,
      1,
      1,
      1,
      0,
      0,
      2,
      2
    ],
    [
      1,
      3,
      0,
      0,
      2,
      1,
      0,
      0,
      2,
      4,
      0,
      1,
      0,
      0,
      1,
      0,
      0,
      1,
      0,
      1
    ],
    [
      2,
      16,
      5,
      15,
      16,
      5,
      0,
      10,
      18,
      8,
      1,
      1,
      10,
      2,
      0,
      3,
      0,
      68,
      4,
      2
    ],
    [
      1,
      11,
      4,
      1,
      0,
      0,
      0,
      2,
      4,
      7,
      2,
      2,
      1,
      1,
      1,
      2,
      0,
      0,
      15,
      3
    ],
    [
      1,
      2,
      1,
      1,
      0,
      2,
      0,
      1,
      1,
      1,
      0,
      2,
      0,
      0,
      1,
      0,
      0,
      1,
      2,
      2
    ]
  ],
  "labels": [
    "\ud83c\udf84",
    "\ud83d\ude0a",
    "\ud83d\ude0e",
    "\ud83d\udc95",
    "\u2600",
    "\u2728",
    "\ud83d\ude01",
    "\ud83d\udc9c",
    "\ud83d\ude0d",
    "\ud83d\udd25",
    "\ud83d\udcaf",
    "\ud83d\udcf8",
    "\ud83d\udc99",
    "\ud83d\ude18",
    "\ud83d\ude09",
    "\ud83d\ude1c",
    "\ud83c\uddfa\ud83c\uddf8",
    "\u2764",
    "\ud83d\ude02",
    "\ud83d\udcf7"
  ]
}