{
  "classification_report": {
    "\ud83d\ude01": {
      "precision": 0.0,
      "recall": 0.0,
      "f1-score": 0.0,
      "support": 23.0
    },
    "\ud83d\ude0e": {
      "precision": 0.07142857142857142,
      "recall": 0.075,
      "f1-score": 0.07317073170731707,
      "support": 40.0
    },
    "\ud83d\udcf8": {
      "precision": 0.2777777777777778,
      "recall": 0.10416666666666667,
      "f1-score": 0.15151515151515152,
      "support": 48.0
    },
    "\ud83d\ude09": {
      "precision": 0.09090909090909091,
      "recall": 0.038461538461538464,
      "f1-score": 0.05405405405405406,
      "support": 26.0
    },
    "\ud83d\ude18": {
      "precision": 0.0,
      "recall": 0.0,
      "f1-score": 0.0,
      "support": 24.0
    },
    "\u2600": {
      "precision": 0.2222222222222222,
      "recall": 0.64,
      "f1-score": 0.32989690721649484,
      "support": 25.0
    },
    "\ud83d\ude02": {
      "precision": 0.34210526315789475,
      "recall": 0.14285714285714285,
      "f1-score": 0.20155038759689922,
      "support": 91.0
    },
    "\ud83c\uddfa\ud83c\uddf8": {
      "precision": 0.0,
      "recall": 0.0,
      "f1-score": 0.0,
      "support": 39.0
    },
    "\ud83d\udc95": {
      "precision": 0.14285714285714285,
      "recall": 0.17307692307692307,
      "f1-score": 0.1565217391304348,
      "support": 52.0
    },
    "\u2764": {
      "precision": 0.5540540540540541,
      "recall": 0.18981481481481483,
      "f1-score": 0.2827586206896552,
      "support": 216.0
    },
    "\ud83c\udf84": {
      "precision": 0.5384615384615384,
      "recall": 0.6774193548387096,
      "f1-score": 0.6,
      "support": 31.0
    },
    "\ud83d\ude0d": {
      "precision": 0.2028985507246377,
      "recall": 0.14432989690721648,
      "f1-score": 0.1686746987951807,
      "support": 97.0
    },
    "\ud83d\udcaf": {
      "precision": 0.05,
      "recall": 0.16,
      "f1-score": 0.0761904761904762,
      "support": 25.0
    },
    "\ud83d\udcf7": {
      "precision": 0.06666666666666667,
      "recall": 0.034482758620689655,
      "f1-score": 0.045454545454545456,
      "support": 29.0
    },
    "\ud83d\udc9c": {
      "precision": 0.011363636363636364,
      "recall": 0.045454545454545456,
      "f1-score": 0.01818181818181818,
      "support": 22.0
    },
    "\ud83d\udc99": {
      "precision": 0.05263157894736842,
      "recall": 0.06451612903225806,
      "f1-score": 0.057971014492753624,
      "support": 31.0
    },
    "\ud83d\ude1c": {
      "precision": 0.2857142857142857,
      "recall": 0.1,
      "f1-score": 0.14814814814814814,
      "support": 20.0
    },
    "\u2728": {
      "precision": 0.25806451612903225,
      "recall": 0.14545454545454545,
      "f1-score": 0.18604651162790697,
      "support": 55.0
    },
    "\ud83d\udd25": {
      "precision": 0.38461538461538464,
      "recall": 0.2702702702702703,
      "f1-score": 0.31746031746031744,
      "support": 74.0
    },
    "\ud83d\ude0a": {
      "precision": 0.053763440860215055,
      "recall": 0.15625,
      "f1-score": 0.08,
      "support": 32.0
    },
    "micro avg": {
      "precision": 0.19738406658739596,
      "recall": 0.166,
      "f1-score": 0.18033677349266702,
      "support": 1000.0
    },
    "macro avg": {
      "precision": 0.18027668604447594,
      "recall": 0.15807772932276604,
      "f1-score": 0.1473797561130577,
      "support": 1000.0
    },
    "weighted avg": {
      "precision": 0.2738736762250308,
      "recall": 0.166,
      "f1-score": 0.18703753795181663,
      "support": 1000.0
    }
  },
  "accuracy": 0.166,
  "confusion_matrix": [
    [
      0,
      1,
      1,
      0,
      0,
      1,
      0,
      0,
      1,
      0,
      2,
      3,
      1,
      0,
      0,
      1,
      0,
      1,
      0,
      7
    ],
    [
      0,
      3,
      1,
      1,
      0,
      3,
      2,
      0,
      0,
      0,
      0,
      3,
      4,
      1,
      4,
      0,
      0,
      0,
      4,
      7
    ],
    [
      0,
      3,
      5,
      0,
      0,
      3,
      3,
      0,
      0,
      1,
      0,
      3,
      7,
      4,
      2,
      3,
      1,
      2,
      4,
      0
    ],
    [
      0,
      2,
      2,
      1,
      1,
      0,
      1,
      0,
      1,
      0,
      1,
      5,
      2,
      0,
      0,
      1,
      0,
      0,
      1,
      3
    ],
    [
      0,
      0,
      1,
      0,
      0,
      0,
      2,
      0,
      3,
      0,
      0,
      3,
      2,
      0,
      5,
      2,
      0,
      0,
      0,
      4
    ],
    [
      0,
      1,
      0,
      0,
      0,
      16,
      0,
      0,
      0,
      1,
      0,
      0,
      0,
      0,
      1,
      1,
      0,
      0,
      0,
      1
    ],
    [
      1,
      7,
      1,
      4,
      2,
      1,
      13,
      0,
      7,
      0,
      3,
      2,
      5,
      2,
      2,
      2,
      2,
      1,
      6,
      10
    ],
    [
      0,
      1,
      0,
      0,
      0,
      2,
      0,
      0,
      0,
      2,
      0,
      1,
      3,
      0,
      0,
      1,
      0,
      3,
      2,
      0
    ],
    [
      0,
      1,
      1,
      1,
      0,
      1,
      0,
      0,
      9,
      6,
      1,
      8,
      5,
      0,
      9,
      2,
      0,
      0,
      0,
      2
    ],
    [
      0,
      5,
      0,
      1,
      2,
      35,
      6,
      0,
      24,
      41,
      1,
      12,
      8,
      2,
      32,
      9,
      1,
      3,
      5,
      15
    ],
    [
      0,
      0,
      0,
      0,
      0,
      0,
      1,
      0,
      0,
      4,
      21,
      0,
      1,
      0,
      1,
      0,
      0,
      0,
      1,
      0
    ],
    [
      0,
      5,
      2,
      1,
      1,
      3,
      4,
      0,
      5,
      3,
      2,
      14,
      5,
      4,
      8,
      6,
      0,
      4,
      2,
      13
    ],
    [
      0,
      1,
      0,
      0,
      0,
      1,
      1,
      0,
      1,
      0,
      0,
      0,
      4,
      0,
      3,
      0,
      0,
      1,
      4,
      2
    ],
    [
      0,
      1,
      1,
      0,
      0,
      0,
      1,
      0,
      0,
      2,
      3,
      2,
      5,
      1,
      1,
      0,
      1,
      3,
      1,
      2
    ],
    [
      0,
      1,
      0,
      0,
      0,
      1,
      1,
      0,
      2,
      2,
      0,
      1,
      3,
      0,
      1,
      1,
      0,
      1,
      0,
      2
    ],
    [
      1,
      1,
      0,
      2,
      2,
      0,
      0,
      0,
      6,
      4,
      1,
      2,
      0,
      0,
      4,
      2,
      0,
      1,
      0,
      4
    ],
    [
      0,
      1,
      0,
      0,
      0,
      0,
      1,
      0,
      1,
      1,
      0,
      1,
      2,
      1,
      1,
      1,
      2,
      0,
      0,
      4
    ],
    [
      0,
      4,
      1,
      0,
      0,
      1,
      0,
      0,
      1,
      6,
      3,
      2,
      6,
      0,
      5,
      3,
      0,
      8,
      2,
      6
    ],
    [
      0,
      1,
      1,
      0,
      0,
      2,
      2,
      0,
      1,
      0,
      0,
      2,
      14,
      0,
      7,
      1,
      0,
      3,
      20,
      6
    ],
    [
      0,
      3,
      1,
      0,
      1,
      2,
      0,
      0,
      1,
      1,
      1,
      5,
      3,
      0,
      2,
      2,
      0,
      0,
      0,
      5
    ]
  ],
  "labels": [
    "\ud83d\ude01",
    "\ud83d\ude0e",
    "\ud83d\udcf8",
    "\ud83d\ude09",
    "\ud83d\ude18",
    "\u2600",
    "\ud83d\ude02",
    "\ud83c\uddfa\ud83c\uddf8",
    "\ud83d\udc95",
    "\u2764",
    "\ud83c\udf84",
    "\ud83d\ude0d",
    "\ud83d\udcaf",
    "\ud83d\udcf7",
    "\ud83d\udc9c",
    "\ud83d\udc99",
    "\ud83d\ude1c",
    "\u2728",
    "\ud83d\udd25",
    "\ud83d\ude0a"
  ]
}