{
  "classification_report": {
    "\ud83c\uddfa\ud83c\uddf8": {
      "precision": 0.125,
      "recall": 0.05128205128205128,
      "f1-score": 0.07272727272727272,
      "support": 39.0
    },
    "\ud83d\ude0a": {
      "precision": 0.056910569105691054,
      "recall": 0.21875,
      "f1-score": 0.09032258064516129,
      "support": 32.0
    },
    "\u2764": {
      "precision": 0.42857142857142855,
      "recall": 0.2638888888888889,
      "f1-score": 0.32664756446991405,
      "support": 216.0
    },
    "\ud83d\udd25": {
      "precision": 0.375,
      "recall": 0.24324324324324326,
      "f1-score": 0.29508196721311475,
      "support": 74.0
    },
    "\ud83d\ude18": {
      "precision": 0.0,
      "recall": 0.0,
      "f1-score": 0.0,
      "support": 24.0
    },
    "\u2728": {
      "precision": 0.34615384615384615,
      "recall": 0.16363636363636364,
      "f1-score": 0.2222222222222222,
      "support": 55.0
    },
    "\ud83d\ude01": {
      "precision": 0.0,
      "recall": 0.0,
      "f1-score": 0.0,
      "support": 23.0
    },
    "\ud83d\ude1c": {
      "precision": 0.0,
      "recall": 0.0,
      "f1-score": 0.0,
      "support": 20.0
    },
    "\ud83d\ude0d": {
      "precision": 0.1780821917808219,
      "recall": 0.13402061855670103,
      "f1-score": 0.15294117647058825,
      "support": 97.0
    },
    "\ud83c\udf84": {
      "precision": 0.7692307692307693,
      "recall": 0.3225806451612903,
      "f1-score": 0.45454545454545453,
      "support": 31.0
    },
    "\u2600": {
      "precision": 0.4,
      "recall": 0.16,
      "f1-score": 0.22857142857142856,
      "support": 25.0
    },
    "\ud83d\udc99": {
      "precision": 1.0,
      "recall": 0.03225806451612903,
      "f1-score": 0.0625,
      "support": 31.0
    },
    "\ud83d\udcf8": {
      "precision": 0.1875,
      "recall": 0.0625,
      "f1-score": 0.09375,
      "support": 48.0
    },
    "\ud83d\ude09": {
      "precision": 0.03125,
      "recall": 0.07692307692307693,
      "f1-score": 0.044444444444444446,
      "support": 26.0
    },
    "\ud83d\udcaf": {
      "precision": 0.0,
      "recall": 0.0,
      "f1-score": 0.0,
      "support": 25.0
    },
    "\ud83d\udc9c": {
      "precision": 0.0,
      "recall": 0.0,
      "f1-score": 0.0,
      "support": 22.0
    },
    "\ud83d\udc95": {
      "precision": 0.16129032258064516,
      "recall": 0.09615384615384616,
      "f1-score": 0.12048192771084337,
      "support": 52.0
    },
    "\ud83d\udcf7": {
      "precision": 0.0,
      "recall": 0.0,
      "f1-score": 0.0,
      "support": 29.0
    },
    "\ud83d\ude0e": {
      "precision": 0.05555555555555555,
      "recall": 0.05,
      "f1-score": 0.05263157894736842,
      "support": 40.0
    },
    "\ud83d\ude02": {
      "precision": 0.38235294117647056,
      "recall": 0.14285714285714285,
      "f1-score": 0.208,
      "support": 91.0
    },
    "micro avg": {
      "precision": 0.2302839116719243,
      "recall": 0.146,
      "f1-score": 0.17870257037943696,
      "support": 1000.0
    },
    "macro avg": {
      "precision": 0.2248448812077614,
      "recall": 0.10090469706093667,
      "f1-score": 0.12124338089839067,
      "support": 1000.0
    },
    "weighted avg": {
      "precision": 0.2833920914136404,
      "recall": 0.146,
      "f1-score": 0.17987271581575895,
      "support": 1000.0
    }
  },
  "accuracy": 0.146,
  "confusion_matrix": [
    [
      2,
      6,
      6,
      2,
      0,
      1,
      0,
      0,
      0,
      0,
      0,
      0,
      0,
      2,
      0,
      0,
      0,
      1,
      2,
      0
    ],
    [
      1,
      7,
      4,
      0,
      0,
      0,
      0,
      0,
      2,
      1,
      0,
      0,
      1,
      3,
      0,
      0,
      1,
      0,
      2,
      1
    ],
    [
      1,
      25,
      57,
      3,
      0,
      6,
      0,
      0,
      30,
      0,
      0,
      0,
      1,
      9,
      0,
      1,
      16,
      0,
      4,
      5
    ],
    [
      0,
      7,
      8,
      18,
      0,
      0,
      0,
      0,
      3,
      0,
      0,
      0,
      2,
      1,
      0,
      1,
      2,
      0,
      3,
      1
    ],
    [
      0,
      5,
      4,
      2,
      0,
      0,
      0,
      0,
      1,
      0,
      1,
      0,
      0,
      2,
      0,
      0,
      1,
      0,
      1,
      0
    ],
    [
      0,
      9,
      4,
      3,
      0,
      9,
      0,
      0,
      2,
      1,
      1,
      0,
      2,
      1,
      0,
      0,
      0,
      0,
      4,
      1
    ],
    [
      0,
      4,
      1,
      0,
      0,
      0,
      0,
      0,
      2,
      1,
      0,
      0,
      0,
      1,
      0,
      0,
      0,
      0,
      0,
      1
    ],
    [
      0,
      1,
      3,
      2,
      0,
      1,
      0,
      0,
      0,
      0,
      0,
      0,
      0,
      1,
      0,
      0,
      0,
      0,
      0,
      3
    ],
    [
      3,
      10,
      10,
      1,
      0,
      0,
      0,
      0,
      13,
      0,
      1,
      0,
      2,
      10,
      0,
      0,
      2,
      1,
      3,
      2
    ],
    [
      1,
      2,
      4,
      2,
      0,
      0,
      0,
      0,
      0,
      10,
      0,
      0,
      0,
      0,
      0,
      0,
      0,
      0,
      0,
      0
    ],
    [
      1,
      3,
      4,
      2,
      0,
      0,
      0,
      0,
      0,
      0,
      4,
      0,
      0,
      0,
      0,
      0,
      0,
      0,
      2,
      1
    ],
    [
      2,
      5,
      7,
      0,
      0,
      0,
      0,
      0,
      2,
      0,
      0,
      1,
      0,
      1,
      0,
      0,
      2,
      0,
      2,
      0
    ],
    [
      2,
      4,
      0,
      2,
      0,
      1,
      0,
      0,
      1,
      0,
      2,
      0,
      3,
      6,
      0,
      0,
      1,
      1,
      3,
      2
    ],
    [
      1,
      2,
      1,
      1,
      0,
      0,
      0,
      0,
      3,
      0,
      0,
      0,
      0,
      2,
      0,
      0,
      1,
      0,
      2,
      0
    ],
    [
      1,
      1,
      0,
      2,
      0,
      1,
      0,
      0,
      0,
      0,
      0,
      0,
      0,
      3,
      0,
      0,
      0,
      0,
      2,
      1
    ],
    [
      0,
      6,
      1,
      0,
      0,
      2,
      0,
      0,
      4,
      0,
      0,
      0,
      0,
      0,
      0,
      0,
      0,
      1,
      1,
      0
    ],
    [
      0,
      5,
      10,
      0,
      0,
      4,
      0,
      0,
      4,
      0,
      0,
      0,
      0,
      6,
      0,
      1,
      5,
      0,
      0,
      0
    ],
    [
      0,
      2,
      2,
      0,
      0,
      0,
      0,
      0,
      0,
      0,
      0,
      0,
      2,
      3,
      0,
      0,
      0,
      0,
      2,
      0
    ],
    [
      1,
      7,
      5,
      3,
      0,
      1,
      0,
      0,
      2,
      0,
      1,
      0,
      0,
      1,
      0,
      0,
      0,
      0,
      2,
      3
    ],
    [
      0,
      12,
      2,
      5,
      0,
      0,
      0,
      0,
      4,
      0,
      0,
      0,
      3,
      12,
      0,
      0,
      0,
      3,
      1,
      13
    ]
  ],
  "labels": [
    "\ud83c\uddfa\ud83c\uddf8",
    "\ud83d\ude0a",
    "\u2764",
    "\ud83d\udd25",
    "\ud83d\ude18",
    "\u2728",
    "\ud83d\ude01",
    "\ud83d\ude1c",
    "\ud83d\ude0d",
    "\ud83c\udf84",
    "\u2600",
    "\ud83d\udc99",
    "\ud83d\udcf8",
    "\ud83d\ude09",
    "\ud83d\udcaf",
    "\ud83d\udc9c",
    "\ud83d\udc95",
    "\ud83d\udcf7",
    "\ud83d\ude0e",
    "\ud83d\ude02"
  ]
}