{
  "classification_report": {
    "\ud83d\ude02": {
      "precision": 0.42424242424242425,
      "recall": 0.15384615384615385,
      "f1-score": 0.22580645161290322,
      "support": 91.0
    },
    "\ud83d\ude0a": {
      "precision": 0.05263157894736842,
      "recall": 0.3125,
      "f1-score": 0.09009009009009009,
      "support": 32.0
    },
    "\ud83d\udc9c": {
      "precision": 0.0,
      "recall": 0.0,
      "f1-score": 0.0,
      "support": 22.0
    },
    "\ud83d\ude01": {
      "precision": 0.0,
      "recall": 0.0,
      "f1-score": 0.0,
      "support": 23.0
    },
    "\ud83c\udf84": {
      "precision": 0.8947368421052632,
      "recall": 0.5483870967741935,
      "f1-score": 0.68,
      "support": 31.0
    },
    "\ud83c\uddfa\ud83c\uddf8": {
      "precision": 0.4,
      "recall": 0.20512820512820512,
      "f1-score": 0.2711864406779661,
      "support": 39.0
    },
    "\ud83d\ude18": {
      "precision": 0.14285714285714285,
      "recall": 0.041666666666666664,
      "f1-score": 0.06451612903225806,
      "support": 24.0
    },
    "\ud83d\ude0d": {
      "precision": 0.1610738255033557,
      "recall": 0.24742268041237114,
      "f1-score": 0.1951219512195122,
      "support": 97.0
    },
    "\ud83d\udcaf": {
      "precision": 0.0,
      "recall": 0.0,
      "f1-score": 0.0,
      "support": 25.0
    },
    "\ud83d\ude09": {
      "precision": 0.0,
      "recall": 0.0,
      "f1-score": 0.0,
      "support": 26.0
    },
    "\ud83d\udc99": {
      "precision": 0.0,
      "recall": 0.0,
      "f1-score": 0.0,
      "support": 31.0
    },
    "\ud83d\udc95": {
      "precision": 0.1724137931034483,
      "recall": 0.09615384615384616,
      "f1-score": 0.12345679012345678,
      "support": 52.0
    },
    "\ud83d\udcf8": {
      "precision": 0.25,
      "recall": 0.08333333333333333,
      "f1-score": 0.125,
      "support": 48.0
    },
    "\u2600": {
      "precision": 0.0,
      "recall": 0.0,
      "f1-score": 0.0,
      "support": 25.0
    },
    "\ud83d\ude1c": {
      "precision": 0.0,
      "recall": 0.0,
      "f1-score": 0.0,
      "support": 20.0
    },
    "\ud83d\udcf7": {
      "precision": 0.16666666666666666,
      "recall": 0.034482758620689655,
      "f1-score": 0.05714285714285714,
      "support": 29.0
    },
    "\u2764": {
      "precision": 0.35,
      "recall": 0.032407407407407406,
      "f1-score": 0.059322033898305086,
      "support": 216.0
    },
    "\u2728": {
      "precision": 0.1095890410958904,
      "recall": 0.14545454545454545,
      "f1-score": 0.125,
      "support": 55.0
    },
    "\ud83d\udd25": {
      "precision": 0.45614035087719296,
      "recall": 0.35135135135135137,
      "f1-score": 0.3969465648854962,
      "support": 74.0
    },
    "\ud83d\ude0e": {
      "precision": 0.3333333333333333,
      "recall": 0.025,
      "f1-score": 0.046511627906976744,
      "support": 40.0
    },
    "micro avg": {
      "precision": 0.19968304278922344,
      "recall": 0.126,
      "f1-score": 0.15450643776824036,
      "support": 1000.0
    },
    "macro avg": {
      "precision": 0.19568424993660433,
      "recall": 0.11385670225743819,
      "f1-score": 0.12300504682949112,
      "support": 1000.0
    },
    "weighted avg": {
      "precision": 0.2571938128732687,
      "recall": 0.126,
      "f1-score": 0.1405627237145669,
      "support": 1000.0
    }
  },
  "accuracy": 0.126,
  "confusion_matrix": [
    [
      14,
      16,
      1,
      0,
      0,
      1,
      0,
      7,
      0,
      1,
      0,
      1,
      5,
      0,
      0,
      1,
      0,
      5,
      4,
      0
    ],
    [
      0,
      10,
      0,
      0,
      0,
      0,
      0,
      7,
      0,
      0,
      0,
      1,
      0,
      0,
      0,
      0,
      1,
      1,
      0,
      0
    ],
    [
      0,
      6,
      0,
      0,
      0,
      0,
      0,
      4,
      0,
      0,
      0,
      2,
      1,
      0,
      0,
      0,
      0,
      3,
      0,
      0
    ],
    [
      0,
      11,
      0,
      0,
      0,
      0,
      0,
      3,
      0,
      1,
      0,
      1,
      0,
      0,
      0,
      0,
      0,
      0,
      0,
      0
    ],
    [
      0,
      0,
      0,
      0,
      17,
      0,
      0,
      5,
      0,
      0,
      0,
      0,
      0,
      0,
      0,
      0,
      0,
      2,
      2,
      0
    ],
    [
      0,
      6,
      0,
      0,
      0,
      8,
      0,
      3,
      0,
      0,
      0,
      0,
      0,
      0,
      0,
      1,
      1,
      2,
      2,
      0
    ],
    [
      0,
      4,
      0,
      0,
      1,
      0,
      1,
      5,
      0,
      0,
      0,
      1,
      1,
      0,
      0,
      0,
      1,
      2,
      0,
      0
    ],
    [
      3,
      21,
      0,
      0,
      0,
      3,
      1,
      24,
      0,
      1,
      0,
      3,
      0,
      0,
      0,
      1,
      2,
      7,
      2,
      0
    ],
    [
      2,
      3,
      0,
      0,
      0,
      0,
      0,
      1,
      0,
      0,
      0,
      0,
      0,
      0,
      0,
      0,
      1,
      1,
      1,
      0
    ],
    [
      0,
      6,
      0,
      0,
      1,
      0,
      0,
      3,
      0,
      0,
      0,
      1,
      0,
      0,
      0,
      0,
      0,
      2,
      2,
      0
    ],
    [
      0,
      6,
      0,
      0,
      0,
      3,
      0,
      7,
      0,
      0,
      0,
      2,
      0,
      0,
      0,
      0,
      3,
      3,
      1,
      0
    ],
    [
      2,
      7,
      0,
      0,
      0,
      1,
      1,
      10,
      0,
      0,
      0,
      5,
      1,
      0,
      0,
      0,
      1,
      6,
      0,
      0
    ],
    [
      2,
      8,
      0,
      0,
      0,
      1,
      0,
      4,
      0,
      0,
      0,
      0,
      4,
      0,
      0,
      2,
      0,
      5,
      4,
      0
    ],
    [
      1,
      4,
      0,
      0,
      0,
      0,
      0,
      1,
      0,
      0,
      0,
      0,
      0,
      0,
      0,
      0,
      0,
      0,
      2,
      1
    ],
    [
      1,
      7,
      0,
      0,
      0,
      0,
      0,
      1,
      0,
      0,
      1,
      0,
      0,
      0,
      0,
      0,
      0,
      0,
      2,
      0
    ],
    [
      1,
      2,
      0,
      0,
      0,
      1,
      0,
      5,
      0,
      0,
      0,
      0,
      1,
      0,
      0,
      1,
      2,
      2,
      0,
      0
    ],
    [
      2,
      41,
      0,
      0,
      0,
      1,
      4,
      44,
      0,
      0,
      1,
      9,
      1,
      0,
      0,
      0,
      7,
      17,
      4,
      1
    ],
    [
      0,
      14,
      0,
      0,
      0,
      1,
      0,
      4,
      0,
      2,
      0,
      2,
      1,
      0,
      0,
      0,
      0,
      8,
      3,
      0
    ],
    [
      3,
      6,
      1,
      0,
      0,
      0,
      0,
      8,
      0,
      0,
      0,
      1,
      1,
      0,
      0,
      0,
      1,
      4,
      26,
      0
    ],
    [
      2,
      12,
      0,
      0,
      0,
      0,
      0,
      3,
      0,
      0,
      0,
      0,
      0,
      0,
      0,
      0,
      0,
      3,
      2,
      1
    ]
  ],
  "labels": [
    "\ud83d\ude02",
    "\ud83d\ude0a",
    "\ud83d\udc9c",
    "\ud83d\ude01",
    "\ud83c\udf84",
    "\ud83c\uddfa\ud83c\uddf8",
    "\ud83d\ude18",
    "\ud83d\ude0d",
    "\ud83d\udcaf",
    "\ud83d\ude09",
    "\ud83d\udc99",
    "\ud83d\udc95",
    "\ud83d\udcf8",
    "\u2600",
    "\ud83d\ude1c",
    "\ud83d\udcf7",
    "\u2764",
    "\u2728",
    "\ud83d\udd25",
    "\ud83d\ude0e"
  ]
}