{
  "classification_report": {
    "\ud83d\ude0a": {
      "precision": 0.0743801652892562,
      "recall": 0.28125,
      "f1-score": 0.11764705882352941,
      "support": 32.0
    },
    "\ud83d\udc99": {
      "precision": 0.0,
      "recall": 0.0,
      "f1-score": 0.0,
      "support": 31.0
    },
    "\ud83d\udc95": {
      "precision": 0.0625,
      "recall": 0.038461538461538464,
      "f1-score": 0.047619047619047616,
      "support": 52.0
    },
    "\ud83c\uddfa\ud83c\uddf8": {
      "precision": 0.17647058823529413,
      "recall": 0.07692307692307693,
      "f1-score": 0.10714285714285714,
      "support": 39.0
    },
    "\ud83d\ude02": {
      "precision": 0.3877551020408163,
      "recall": 0.2087912087912088,
      "f1-score": 0.2714285714285714,
      "support": 91.0
    },
    "\ud83d\udc9c": {
      "precision": 0.4,
      "recall": 0.09090909090909091,
      "f1-score": 0.14814814814814814,
      "support": 22.0
    },
    "\ud83d\ude1c": {
      "precision": 0.0,
      "recall": 0.0,
      "f1-score": 0.0,
      "support": 20.0
    },
    "\ud83d\ude0d": {
      "precision": 0.1935483870967742,
      "recall": 0.12371134020618557,
      "f1-score": 0.1509433962264151,
      "support": 97.0
    },
    "\ud83d\udcf7": {
      "precision": 0.0,
      "recall": 0.0,
      "f1-score": 0.0,
      "support": 29.0
    },
    "\ud83d\ude0e": {
      "precision": 0.09090909090909091,
      "recall": 0.05,
      "f1-score": 0.06451612903225806,
      "support": 40.0
    },
    "\ud83d\udcf8": {
      "precision": 0.07692307692307693,
      "recall": 0.020833333333333332,
      "f1-score": 0.03278688524590164,
      "support": 48.0
    },
    "\u2764": {
      "precision": 0.3548387096774194,
      "recall": 0.25462962962962965,
      "f1-score": 0.29649595687331537,
      "support": 216.0
    },
    "\ud83d\ude01": {
      "precision": 0.0,
      "recall": 0.0,
      "f1-score": 0.0,
      "support": 23.0
    },
    "\u2600": {
      "precision": 0.2857142857142857,
      "recall": 0.16,
      "f1-score": 0.20512820512820512,
      "support": 25.0
    },
    "\ud83c\udf84": {
      "precision": 0.7222222222222222,
      "recall": 0.41935483870967744,
      "f1-score": 0.5306122448979592,
      "support": 31.0
    },
    "\ud83d\udcaf": {
      "precision": 0.0,
      "recall": 0.0,
      "f1-score": 0.0,
      "support": 25.0
    },
    "\ud83d\ude09": {
      "precision": 0.017241379310344827,
      "recall": 0.038461538461538464,
      "f1-score": 0.023809523809523808,
      "support": 26.0
    },
    "\ud83d\udd25": {
      "precision": 0.40384615384615385,
      "recall": 0.28378378378378377,
      "f1-score": 0.3333333333333333,
      "support": 74.0
    },
    "\ud83d\ude18": {
      "precision": 0.0,
      "recall": 0.0,
      "f1-score": 0.0,
      "support": 24.0
    },
    "\u2728": {
      "precision": 0.16666666666666666,
      "recall": 0.12727272727272726,
      "f1-score": 0.14432989690721648,
      "support": 55.0
    },
    "micro avg": {
      "precision": 0.22604790419161677,
      "recall": 0.151,
      "f1-score": 0.18105515587529977,
      "support": 1000.0
    },
    "macro avg": {
      "precision": 0.17065079139657005,
      "recall": 0.10871910532408953,
      "f1-score": 0.12369706273081409,
      "support": 1000.0
    },
    "weighted avg": {
      "precision": 0.22837756262862502,
      "recall": 0.151,
      "f1-score": 0.17601882215371917,
      "support": 1000.0
    }
  },
  "accuracy": 0.151,
  "confusion_matrix": [
    [
      9,
      0,
      0,
      1,
      2,
      0,
      0,
      1,
      0,
      1,
      1,
      2,
      0,
      0,
      0,
      0,
      3,
      1,
      0,
      1
    ],
    [
      4,
      0,
      1,
      1,
      1,
      0,
      0,
      1,
      1,
      0,
      0,
      9,
      0,
      1,
      0,
      0,
      0,
      1,
      0,
      1
    ],
    [
      6,
      0,
      2,
      1,
      0,
      0,
      0,
      10,
      0,
      0,
      0,
      10,
      0,
      1,
      0,
      0,
      6,
      1,
      0,
      3
    ],
    [
      2,
      0,
      0,
      3,
      1,
      0,
      0,
      1,
      2,
      0,
      0,
      9,
      0,
      0,
      0,
      0,
      0,
      1,
      0,
      2
    ],
    [
      13,
      0,
      0,
      3,
      19,
      0,
      0,
      1,
      2,
      0,
      2,
      4,
      0,
      1,
      0,
      0,
      6,
      2,
      0,
      2
    ],
    [
      2,
      0,
      1,
      0,
      0,
      2,
      0,
      1,
      0,
      0,
      1,
      4,
      0,
      0,
      0,
      0,
      0,
      1,
      0,
      2
    ],
    [
      1,
      0,
      1,
      0,
      2,
      0,
      0,
      0,
      0,
      0,
      0,
      0,
      0,
      0,
      0,
      0,
      2,
      0,
      0,
      0
    ],
    [
      10,
      0,
      2,
      1,
      2,
      0,
      0,
      12,
      0,
      1,
      1,
      14,
      0,
      0,
      0,
      0,
      6,
      3,
      0,
      3
    ],
    [
      3,
      0,
      0,
      0,
      1,
      0,
      0,
      2,
      0,
      2,
      2,
      0,
      0,
      0,
      1,
      0,
      4,
      3,
      0,
      2
    ],
    [
      6,
      0,
      0,
      0,
      1,
      0,
      0,
      1,
      0,
      2,
      1,
      6,
      0,
      0,
      1,
      0,
      4,
      1,
      0,
      1
    ],
    [
      6,
      0,
      1,
      0,
      4,
      0,
      0,
      0,
      2,
      2,
      1,
      3,
      0,
      1,
      0,
      0,
      5,
      5,
      0,
      3
    ],
    [
      24,
      0,
      22,
      1,
      9,
      1,
      0,
      22,
      0,
      1,
      1,
      55,
      0,
      3,
      2,
      0,
      9,
      5,
      0,
      11
    ],
    [
      5,
      0,
      0,
      1,
      2,
      0,
      0,
      0,
      0,
      1,
      1,
      5,
      0,
      0,
      0,
      0,
      2,
      0,
      0,
      2
    ],
    [
      2,
      0,
      1,
      2,
      0,
      0,
      0,
      0,
      0,
      3,
      0,
      4,
      0,
      4,
      0,
      0,
      0,
      2,
      0,
      1
    ],
    [
      1,
      0,
      0,
      0,
      0,
      0,
      0,
      0,
      0,
      0,
      0,
      3,
      0,
      0,
      13,
      0,
      1,
      0,
      0,
      0
    ],
    [
      3,
      0,
      0,
      1,
      1,
      0,
      0,
      0,
      0,
      3,
      1,
      2,
      0,
      0,
      0,
      0,
      2,
      1,
      0,
      0
    ],
    [
      5,
      0,
      0,
      0,
      1,
      0,
      0,
      2,
      0,
      1,
      0,
      3,
      0,
      1,
      0,
      0,
      1,
      1,
      0,
      0
    ],
    [
      5,
      0,
      0,
      1,
      3,
      1,
      0,
      4,
      0,
      2,
      1,
      7,
      0,
      0,
      0,
      0,
      4,
      21,
      0,
      1
    ],
    [
      4,
      0,
      1,
      0,
      0,
      0,
      0,
      3,
      0,
      1,
      0,
      5,
      0,
      1,
      1,
      0,
      1,
      0,
      0,
      0
    ],
    [
      10,
      1,
      0,
      1,
      0,
      1,
      0,
      1,
      0,
      2,
      0,
      10,
      0,
      1,
      0,
      0,
      2,
      3,
      0,
      7
    ]
  ],
  "labels": [
    "\ud83d\ude0a",
    "\ud83d\udc99",
    "\ud83d\udc95",
    "\ud83c\uddfa\ud83c\uddf8",
    "\ud83d\ude02",
    "\ud83d\udc9c",
    "\ud83d\ude1c",
    "\ud83d\ude0d",
    "\ud83d\udcf7",
    "\ud83d\ude0e",
    "\ud83d\udcf8",
    "\u2764",
    "\ud83d\ude01",
    "\u2600",
    "\ud83c\udf84",
    "\ud83d\udcaf",
    "\ud83d\ude09",
    "\ud83d\udd25",
    "\ud83d\ude18",
    "\u2728"
  ]
}