{
  "classification_report": {
    "\ud83d\udc9c": {
      "precision": 0.1,
      "recall": 0.045454545454545456,
      "f1-score": 0.0625,
      "support": 22.0
    },
    "\ud83c\udf84": {
      "precision": 0.6842105263157895,
      "recall": 0.41935483870967744,
      "f1-score": 0.52,
      "support": 31.0
    },
    "\ud83d\ude01": {
      "precision": 0.0,
      "recall": 0.0,
      "f1-score": 0.0,
      "support": 23.0
    },
    "\ud83c\uddfa\ud83c\uddf8": {
      "precision": 0.0,
      "recall": 0.0,
      "f1-score": 0.0,
      "support": 39.0
    },
    "\u2728": {
      "precision": 0.35294117647058826,
      "recall": 0.10909090909090909,
      "f1-score": 0.16666666666666666,
      "support": 55.0
    },
    "\ud83d\ude0e": {
      "precision": 0.1388888888888889,
      "recall": 0.125,
      "f1-score": 0.13157894736842105,
      "support": 40.0
    },
    "\ud83d\ude1c": {
      "precision": 0.0,
      "recall": 0.0,
      "f1-score": 0.0,
      "support": 20.0
    },
    "\ud83d\udd25": {
      "precision": 0.43902439024390244,
      "recall": 0.24324324324324326,
      "f1-score": 0.3130434782608696,
      "support": 74.0
    },
    "\u2764": {
      "precision": 0.620253164556962,
      "recall": 0.22685185185185186,
      "f1-score": 0.33220338983050846,
      "support": 216.0
    },
    "\ud83d\udc95": {
      "precision": 0.13333333333333333,
      "recall": 0.038461538461538464,
      "f1-score": 0.05970149253731343,
      "support": 52.0
    },
    "\ud83d\ude0d": {
      "precision": 0.1792452830188679,
      "recall": 0.1958762886597938,
      "f1-score": 0.18719211822660098,
      "support": 97.0
    },
    "\ud83d\ude09": {
      "precision": 0.0,
      "recall": 0.0,
      "f1-score": 0.0,
      "support": 26.0
    },
    "\ud83d\udcf7": {
      "precision": 0.3,
      "recall": 0.10344827586206896,
      "f1-score": 0.15384615384615385,
      "support": 29.0
    },
    "\ud83d\ude0a": {
      "precision": 0.065,
      "recall": 0.40625,
      "f1-score": 0.11206896551724138,
      "support": 32.0
    },
    "\u2600": {
      "precision": 0.25,
      "recall": 0.16,
      "f1-score": 0.1951219512195122,
      "support": 25.0
    },
    "\ud83d\ude18": {
      "precision": 0.07692307692307693,
      "recall": 0.041666666666666664,
      "f1-score": 0.05405405405405406,
      "support": 24.0
    },
    "\ud83d\udcaf": {
      "precision": 0.25,
      "recall": 0.04,
      "f1-score": 0.06896551724137931,
      "support": 25.0
    },
    "\ud83d\ude02": {
      "precision": 0.358974358974359,
      "recall": 0.15384615384615385,
      "f1-score": 0.2153846153846154,
      "support": 91.0
    },
    "\ud83d\udc99": {
      "precision": 0.05555555555555555,
      "recall": 0.03225806451612903,
      "f1-score": 0.04081632653061224,
      "support": 31.0
    },
    "\ud83d\udcf8": {
      "precision": 0.17647058823529413,
      "recall": 0.0625,
      "f1-score": 0.09230769230769231,
      "support": 48.0
    },
    "micro avg": {
      "precision": 0.23684210526315788,
      "recall": 0.153,
      "f1-score": 0.1859052247873633,
      "support": 1000.0
    },
    "macro avg": {
      "precision": 0.20904101712583092,
      "recall": 0.1201651188181289,
      "f1-score": 0.13527256844958208,
      "support": 1000.0
    },
    "weighted avg": {
      "precision": 0.3071460917560804,
      "recall": 0.153,
      "f1-score": 0.18935139195614628,
      "support": 1000.0
    }
  },
  "accuracy": 0.153,
  "confusion_matrix": [
    [
      1,
      1,
      0,
      0,
      1,
      0,
      0,
      0,
      1,
      0,
      0,
      0,
      1,
      6,
      0,
      0,
      1,
      1,
      1,
      0
    ],
    [
      0,
      13,
      0,
      0,
      0,
      0,
      0,
      3,
      1,
      0,
      2,
      1,
      0,
      6,
      0,
      0,
      0,
      0,
      0,
      0
    ],
    [
      0,
      0,
      0,
      0,
      0,
      1,
      0,
      0,
      0,
      1,
      4,
      0,
      0,
      10,
      0,
      0,
      0,
      0,
      0,
      1
    ],
    [
      0,
      0,
      0,
      0,
      2,
      0,
      0,
      2,
      0,
      0,
      1,
      0,
      1,
      7,
      0,
      0,
      0,
      0,
      0,
      0
    ],
    [
      0,
      1,
      0,
      0,
      6,
      3,
      0,
      0,
      3,
      0,
      6,
      0,
      0,
      18,
      0,
      0,
      0,
      0,
      3,
      1
    ],
    [
      0,
      0,
      0,
      0,
      0,
      5,
      0,
      2,
      1,
      0,
      5,
      0,
      0,
      8,
      1,
      0,
      0,
      2,
      0,
      1
    ],
    [
      0,
      0,
      0,
      0,
      0,
      1,
      0,
      1,
      0,
      0,
      2,
      0,
      0,
      6,
      0,
      0,
      0,
      1,
      0,
      0
    ],
    [
      1,
      0,
      0,
      0,
      0,
      3,
      0,
      18,
      1,
      0,
      3,
      0,
      0,
      10,
      1,
      1,
      0,
      3,
      1,
      2
    ],
    [
      2,
      0,
      0,
      0,
      2,
      3,
      0,
      6,
      49,
      8,
      29,
      2,
      0,
      36,
      5,
      4,
      0,
      8,
      6,
      0
    ],
    [
      0,
      1,
      0,
      0,
      2,
      3,
      0,
      2,
      5,
      2,
      7,
      1,
      0,
      6,
      0,
      4,
      0,
      1,
      1,
      0
    ],
    [
      3,
      0,
      0,
      0,
      2,
      1,
      0,
      0,
      4,
      2,
      19,
      0,
      0,
      25,
      2,
      1,
      0,
      2,
      1,
      2
    ],
    [
      0,
      1,
      0,
      0,
      0,
      0,
      1,
      0,
      2,
      0,
      6,
      0,
      0,
      3,
      1,
      0,
      0,
      1,
      0,
      0
    ],
    [
      0,
      0,
      0,
      0,
      1,
      3,
      0,
      1,
      0,
      0,
      1,
      0,
      3,
      0,
      0,
      0,
      0,
      1,
      1,
      4
    ],
    [
      0,
      0,
      0,
      0,
      0,
      1,
      0,
      0,
      1,
      0,
      1,
      0,
      0,
      13,
      0,
      0,
      1,
      0,
      2,
      0
    ],
    [
      0,
      0,
      0,
      0,
      0,
      5,
      0,
      0,
      5,
      0,
      1,
      0,
      1,
      1,
      4,
      0,
      0,
      0,
      0,
      0
    ],
    [
      0,
      1,
      0,
      0,
      0,
      2,
      0,
      0,
      3,
      0,
      3,
      0,
      1,
      7,
      0,
      1,
      1,
      0,
      0,
      0
    ],
    [
      0,
      0,
      0,
      0,
      0,
      1,
      0,
      0,
      0,
      0,
      2,
      0,
      0,
      4,
      0,
      0,
      1,
      1,
      1,
      0
    ],
    [
      2,
      1,
      1,
      0,
      0,
      3,
      0,
      4,
      1,
      0,
      6,
      0,
      0,
      12,
      0,
      1,
      0,
      14,
      0,
      3
    ],
    [
      1,
      0,
      0,
      0,
      1,
      0,
      0,
      0,
      2,
      1,
      6,
      0,
      0,
      12,
      0,
      1,
      0,
      0,
      1,
      0
    ],
    [
      0,
      0,
      0,
      0,
      0,
      1,
      0,
      2,
      0,
      1,
      2,
      0,
      3,
      10,
      2,
      0,
      0,
      4,
      0,
      3
    ]
  ],
  "labels": [
    "\ud83d\udc9c",
    "\ud83c\udf84",
    "\ud83d\ude01",
    "\ud83c\uddfa\ud83c\uddf8",
    "\u2728",
    "\ud83d\ude0e",
    "\ud83d\ude1c",
    "\ud83d\udd25",
    "\u2764",
    "\ud83d\udc95",
    "\ud83d\ude0d",
    "\ud83d\ude09",
    "\ud83d\udcf7",
    "\ud83d\ude0a",
    "\u2600",
    "\ud83d\ude18",
    "\ud83d\udcaf",
    "\ud83d\ude02",
    "\ud83d\udc99",
    "\ud83d\udcf8"
  ]
}