{
  "classification_report": {
    "\ud83d\udcaf": {
      "precision": 0.0,
      "recall": 0.0,
      "f1-score": 0.0,
      "support": 25.0
    },
    "\ud83d\ude01": {
      "precision": 0.0,
      "recall": 0.0,
      "f1-score": 0.0,
      "support": 23.0
    },
    "\ud83d\udcf7": {
      "precision": 0.0,
      "recall": 0.0,
      "f1-score": 0.0,
      "support": 29.0
    },
    "\ud83d\ude1c": {
      "precision": 0.18181818181818182,
      "recall": 0.1,
      "f1-score": 0.12903225806451613,
      "support": 20.0
    },
    "\ud83d\ude18": {
      "precision": 0.08333333333333333,
      "recall": 0.041666666666666664,
      "f1-score": 0.05555555555555555,
      "support": 24.0
    },
    "\ud83c\uddfa\ud83c\uddf8": {
      "precision": 0.35714285714285715,
      "recall": 0.1282051282051282,
      "f1-score": 0.18867924528301888,
      "support": 39.0
    },
    "\ud83d\udd25": {
      "precision": 0.4411764705882353,
      "recall": 0.20270270270270271,
      "f1-score": 0.2777777777777778,
      "support": 74.0
    },
    "\ud83d\udc99": {
      "precision": 0.05555555555555555,
      "recall": 0.03225806451612903,
      "f1-score": 0.04081632653061224,
      "support": 31.0
    },
    "\u2600": {
      "precision": 0.25,
      "recall": 0.08,
      "f1-score": 0.12121212121212122,
      "support": 25.0
    },
    "\u2728": {
      "precision": 0.23076923076923078,
      "recall": 0.05454545454545454,
      "f1-score": 0.08823529411764706,
      "support": 55.0
    },
    "\ud83c\udf84": {
      "precision": 0.76,
      "recall": 0.6129032258064516,
      "f1-score": 0.6785714285714286,
      "support": 31.0
    },
    "\ud83d\ude0e": {
      "precision": 0.0,
      "recall": 0.0,
      "f1-score": 0.0,
      "support": 40.0
    },
    "\ud83d\udc95": {
      "precision": 0.21428571428571427,
      "recall": 0.057692307692307696,
      "f1-score": 0.09090909090909091,
      "support": 52.0
    },
    "\u2764": {
      "precision": 0.47058823529411764,
      "recall": 0.25925925925925924,
      "f1-score": 0.33432835820895523,
      "support": 216.0
    },
    "\ud83d\udcf8": {
      "precision": 0.2727272727272727,
      "recall": 0.0625,
      "f1-score": 0.1016949152542373,
      "support": 48.0
    },
    "\ud83d\udc9c": {
      "precision": 0.0,
      "recall": 0.0,
      "f1-score": 0.0,
      "support": 22.0
    },
    "\ud83d\ude02": {
      "precision": 0.45,
      "recall": 0.0989010989010989,
      "f1-score": 0.16216216216216217,
      "support": 91.0
    },
    "\ud83d\ude0a": {
      "precision": 0.04225352112676056,
      "recall": 0.09375,
      "f1-score": 0.05825242718446602,
      "support": 32.0
    },
    "\ud83d\ude0d": {
      "precision": 0.11764705882352941,
      "recall": 0.041237113402061855,
      "f1-score": 0.061068702290076333,
      "support": 97.0
    },
    "\ud83d\ude09": {
      "precision": 0.0,
      "recall": 0.0,
      "f1-score": 0.0,
      "support": 26.0
    },
    "micro avg": {
      "precision": 0.2978723404255319,
      "recall": 0.126,
      "f1-score": 0.1770906535488405,
      "support": 1000.0
    },
    "macro avg": {
      "precision": 0.19636487157323942,
      "recall": 0.09328105108486304,
      "f1-score": 0.1194147831560833,
      "support": 1000.0
    },
    "weighted avg": {
      "precision": 0.27603122624222876,
      "recall": 0.126,
      "f1-score": 0.16638034181256137,
      "support": 1000.0
    }
  },
  "accuracy": 0.126,
  "confusion_matrix": [
    [
      0,
      0,
      1,
      0,
      0,
      2,
      0,
      1,
      1,
      0,
      0,
      0,
      0,
      1,
      0,
      0,
      1,
      1,
      0,
      0
    ],
    [
      0,
      0,
      0,
      0,
      0,
      0,
      1,
      1,
      0,
      1,
      0,
      0,
      0,
      0,
      0,
      0,
      0,
      6,
      2,
      0
    ],
    [
      0,
      0,
      0,
      1,
      0,
      0,
      0,
      1,
      0,
      0,
      1,
      0,
      0,
      1,
      2,
      0,
      0,
      0,
      1,
      0
    ],
    [
      0,
      0,
      0,
      2,
      0,
      0,
      1,
      1,
      0,
      0,
      0,
      0,
      0,
      1,
      0,
      0,
      0,
      2,
      0,
      0
    ],
    [
      0,
      0,
      0,
      0,
      1,
      0,
      0,
      0,
      0,
      0,
      1,
      0,
      0,
      2,
      0,
      0,
      0,
      3,
      1,
      1
    ],
    [
      0,
      0,
      1,
      0,
      0,
      5,
      0,
      0,
      0,
      1,
      0,
      0,
      0,
      3,
      0,
      0,
      0,
      1,
      0,
      0
    ],
    [
      0,
      0,
      0,
      1,
      2,
      0,
      15,
      2,
      0,
      0,
      0,
      0,
      0,
      2,
      1,
      0,
      2,
      2,
      1,
      0
    ],
    [
      0,
      0,
      0,
      0,
      1,
      1,
      0,
      1,
      0,
      0,
      0,
      0,
      2,
      6,
      0,
      0,
      0,
      3,
      4,
      1
    ],
    [
      0,
      0,
      0,
      0,
      0,
      0,
      0,
      0,
      2,
      0,
      0,
      0,
      0,
      2,
      0,
      0,
      0,
      1,
      0,
      0
    ],
    [
      0,
      0,
      1,
      0,
      0,
      1,
      1,
      0,
      0,
      3,
      1,
      0,
      0,
      6,
      1,
      0,
      0,
      6,
      1,
      1
    ],
    [
      0,
      0,
      0,
      0,
      0,
      0,
      2,
      0,
      0,
      0,
      19,
      0,
      0,
      1,
      0,
      0,
      1,
      1,
      0,
      0
    ],
    [
      0,
      0,
      0,
      1,
      0,
      0,
      1,
      0,
      1,
      0,
      0,
      0,
      0,
      2,
      0,
      0,
      2,
      8,
      1,
      0
    ],
    [
      0,
      0,
      0,
      0,
      1,
      0,
      1,
      0,
      0,
      0,
      0,
      0,
      3,
      11,
      0,
      0,
      0,
      1,
      2,
      0
    ],
    [
      0,
      0,
      2,
      0,
      4,
      0,
      2,
      3,
      0,
      4,
      2,
      0,
      6,
      56,
      0,
      1,
      2,
      8,
      13,
      0
    ],
    [
      0,
      1,
      4,
      2,
      0,
      1,
      0,
      1,
      2,
      1,
      0,
      0,
      0,
      1,
      3,
      0,
      2,
      3,
      0,
      0
    ],
    [
      0,
      0,
      0,
      0,
      0,
      0,
      1,
      2,
      0,
      1,
      0,
      0,
      0,
      4,
      0,
      0,
      0,
      3,
      0,
      0
    ],
    [
      0,
      0,
      0,
      4,
      0,
      0,
      6,
      0,
      0,
      0,
      0,
      1,
      2,
      4,
      2,
      0,
      9,
      9,
      1,
      1
    ],
    [
      0,
      0,
      0,
      0,
      0,
      1,
      0,
      1,
      1,
      0,
      0,
      1,
      0,
      5,
      0,
      0,
      0,
      3,
      0,
      0
    ],
    [
      0,
      0,
      0,
      0,
      3,
      2,
      2,
      3,
      1,
      2,
      0,
      1,
      1,
      10,
      2,
      0,
      1,
      8,
      4,
      1
    ],
    [
      0,
      0,
      0,
      0,
      0,
      1,
      1,
      1,
      0,
      0,
      1,
      0,
      0,
      1,
      0,
      0,
      0,
      2,
      3,
      0
    ]
  ],
  "labels": [
    "\ud83d\udcaf",
    "\ud83d\ude01",
    "\ud83d\udcf7",
    "\ud83d\ude1c",
    "\ud83d\ude18",
    "\ud83c\uddfa\ud83c\uddf8",
    "\ud83d\udd25",
    "\ud83d\udc99",
    "\u2600",
    "\u2728",
    "\ud83c\udf84",
    "\ud83d\ude0e",
    "\ud83d\udc95",
    "\u2764",
    "\ud83d\udcf8",
    "\ud83d\udc9c",
    "\ud83d\ude02",
    "\ud83d\ude0a",
    "\ud83d\ude0d",
    "\ud83d\ude09"
  ]
}