{
  "classification_report": {
    "\ud83d\udcf8": {
      "precision": 0.22,
      "recall": 0.22916666666666666,
      "f1-score": 0.22448979591836735,
      "support": 48.0
    },
    "\ud83d\ude09": {
      "precision": 0.0,
      "recall": 0.0,
      "f1-score": 0.0,
      "support": 26.0
    },
    "\ud83d\udd25": {
      "precision": 0.38235294117647056,
      "recall": 0.17567567567567569,
      "f1-score": 0.24074074074074073,
      "support": 74.0
    },
    "\u2764": {
      "precision": 0.34285714285714286,
      "recall": 0.05555555555555555,
      "f1-score": 0.09561752988047809,
      "support": 216.0
    },
    "\ud83d\ude0e": {
      "precision": 0.0,
      "recall": 0.0,
      "f1-score": 0.0,
      "support": 40.0
    },
    "\ud83d\ude02": {
      "precision": 0.30927835051546393,
      "recall": 0.32967032967032966,
      "f1-score": 0.3191489361702128,
      "support": 91.0
    },
    "\ud83d\ude0a": {
      "precision": 0.041237113402061855,
      "recall": 0.375,
      "f1-score": 0.07430340557275542,
      "support": 32.0
    },
    "\ud83d\ude01": {
      "precision": 0.0,
      "recall": 0.0,
      "f1-score": 0.0,
      "support": 23.0
    },
    "\ud83d\ude18": {
      "precision": 0.18181818181818182,
      "recall": 0.08333333333333333,
      "f1-score": 0.11428571428571428,
      "support": 24.0
    },
    "\ud83d\udcaf": {
      "precision": 0.0,
      "recall": 0.0,
      "f1-score": 0.0,
      "support": 25.0
    },
    "\ud83c\uddfa\ud83c\uddf8": {
      "precision": 0.0,
      "recall": 0.0,
      "f1-score": 0.0,
      "support": 39.0
    },
    "\ud83d\udcf7": {
      "precision": 0.0,
      "recall": 0.0,
      "f1-score": 0.0,
      "support": 29.0
    },
    "\ud83d\udc99": {
      "precision": 0.1,
      "recall": 0.03225806451612903,
      "f1-score": 0.04878048780487805,
      "support": 31.0
    },
    "\ud83d\udc9c": {
      "precision": 0.0,
      "recall": 0.0,
      "f1-score": 0.0,
      "support": 22.0
    },
    "\ud83d\ude0d": {
      "precision": 0.5,
      "recall": 0.061855670103092786,
      "f1-score": 0.11009174311926606,
      "support": 97.0
    },
    "\ud83d\ude1c": {
      "precision": 0.0,
      "recall": 0.0,
      "f1-score": 0.0,
      "support": 20.0
    },
    "\u2728": {
      "precision": 0.2222222222222222,
      "recall": 0.18181818181818182,
      "f1-score": 0.2,
      "support": 55.0
    },
    "\ud83d\udc95": {
      "precision": 0.125,
      "recall": 0.038461538461538464,
      "f1-score": 0.058823529411764705,
      "support": 52.0
    },
    "\u2600": {
      "precision": 0.25925925925925924,
      "recall": 0.28,
      "f1-score": 0.2692307692307692,
      "support": 25.0
    },
    "\ud83c\udf84": {
      "precision": 0.5882352941176471,
      "recall": 0.3225806451612903,
      "f1-score": 0.4166666666666667,
      "support": 31.0
    },
    "micro avg": {
      "precision": 0.1723625557206538,
      "recall": 0.116,
      "f1-score": 0.13867304243873282,
      "support": 1000.0
    },
    "macro avg": {
      "precision": 0.16361302526842247,
      "recall": 0.10826878304808966,
      "f1-score": 0.10860896594008065,
      "support": 1000.0
    },
    "weighted avg": {
      "precision": 0.241777812214962,
      "recall": 0.116,
      "f1-score": 0.12930418441712205,
      "support": 1000.0
    }
  },
  "accuracy": 0.116,
  "confusion_matrix": [
    [
      11,
      0,
      1,
      0,
      0,
      8,
      9,
      0,
      1,
      0,
      0,
      0,
      0,
      0,
      1,
      0,
      1,
      0,
      1,
      0
    ],
    [
      2,
      0,
      1,
      1,
      0,
      2,
      7,
      0,
      1,
      0,
      0,
      0,
      0,
      0,
      1,
      0,
      1,
      0,
      0,
      0
    ],
    [
      7,
      0,
      13,
      2,
      3,
      6,
      16,
      1,
      1,
      0,
      0,
      0,
      0,
      1,
      0,
      0,
      4,
      0,
      0,
      0
    ],
    [
      5,
      0,
      1,
      12,
      3,
      14,
      73,
      1,
      2,
      0,
      0,
      0,
      5,
      2,
      0,
      0,
      8,
      9,
      3,
      4
    ],
    [
      1,
      0,
      3,
      1,
      0,
      2,
      14,
      0,
      0,
      0,
      0,
      0,
      0,
      0,
      0,
      0,
      4,
      0,
      2,
      0
    ],
    [
      3,
      0,
      5,
      2,
      0,
      30,
      20,
      0,
      1,
      1,
      0,
      0,
      0,
      1,
      1,
      0,
      1,
      0,
      3,
      0
    ],
    [
      1,
      0,
      1,
      1,
      2,
      0,
      12,
      0,
      0,
      0,
      0,
      0,
      0,
      0,
      0,
      0,
      1,
      1,
      1,
      0
    ],
    [
      0,
      0,
      0,
      1,
      0,
      5,
      9,
      0,
      0,
      0,
      0,
      0,
      1,
      0,
      0,
      0,
      0,
      1,
      0,
      0
    ],
    [
      1,
      0,
      0,
      0,
      0,
      2,
      9,
      0,
      2,
      0,
      0,
      0,
      0,
      0,
      0,
      0,
      0,
      0,
      0,
      0
    ],
    [
      0,
      0,
      2,
      0,
      0,
      4,
      2,
      0,
      0,
      0,
      0,
      0,
      0,
      0,
      2,
      0,
      1,
      2,
      1,
      1
    ],
    [
      4,
      0,
      0,
      2,
      1,
      2,
      11,
      1,
      0,
      0,
      0,
      0,
      0,
      0,
      0,
      1,
      1,
      0,
      0,
      0
    ],
    [
      6,
      0,
      1,
      2,
      1,
      4,
      6,
      0,
      0,
      1,
      0,
      0,
      0,
      0,
      0,
      0,
      0,
      0,
      0,
      1
    ],
    [
      0,
      0,
      1,
      2,
      1,
      1,
      13,
      0,
      0,
      0,
      0,
      0,
      1,
      0,
      0,
      0,
      2,
      0,
      1,
      0
    ],
    [
      1,
      0,
      0,
      1,
      0,
      2,
      12,
      0,
      0,
      0,
      0,
      0,
      0,
      0,
      0,
      0,
      1,
      0,
      0,
      0
    ],
    [
      4,
      0,
      1,
      3,
      1,
      9,
      30,
      0,
      2,
      1,
      0,
      0,
      2,
      0,
      6,
      0,
      2,
      0,
      3,
      0
    ],
    [
      0,
      0,
      3,
      1,
      0,
      4,
      4,
      0,
      0,
      0,
      0,
      0,
      0,
      0,
      0,
      0,
      2,
      0,
      0,
      0
    ],
    [
      1,
      0,
      0,
      2,
      2,
      1,
      19,
      0,
      1,
      0,
      0,
      0,
      0,
      1,
      0,
      0,
      10,
      1,
      2,
      0
    ],
    [
      3,
      0,
      0,
      1,
      2,
      1,
      14,
      0,
      0,
      0,
      0,
      0,
      0,
      0,
      1,
      0,
      5,
      2,
      3,
      1
    ],
    [
      0,
      0,
      0,
      0,
      0,
      0,
      8,
      0,
      0,
      0,
      0,
      0,
      1,
      0,
      0,
      0,
      1,
      0,
      7,
      0
    ],
    [
      0,
      0,
      1,
      1,
      0,
      0,
      3,
      0,
      0,
      0,
      0,
      0,
      0,
      0,
      0,
      0,
      0,
      0,
      0,
      10
    ]
  ],
  "labels": [
    "\ud83d\udcf8",
    "\ud83d\ude09",
    "\ud83d\udd25",
    "\u2764",
    "\ud83d\ude0e",
    "\ud83d\ude02",
    "\ud83d\ude0a",
    "\ud83d\ude01",
    "\ud83d\ude18",
    "\ud83d\udcaf",
    "\ud83c\uddfa\ud83c\uddf8",
    "\ud83d\udcf7",
    "\ud83d\udc99",
    "\ud83d\udc9c",
    "\ud83d\ude0d",
    "\ud83d\ude1c",
    "\u2728",
    "\ud83d\udc95",
    "\u2600",
    "\ud83c\udf84"
  ]
}