{
  "classification_report": {
    "\ud83c\udf84": {
      "precision": 0.7037037037037037,
      "recall": 0.6129032258064516,
      "f1-score": 0.6551724137931034,
      "support": 31.0
    },
    "\ud83d\udcaf": {
      "precision": 0.5,
      "recall": 0.04,
      "f1-score": 0.07407407407407407,
      "support": 25.0
    },
    "\u2764": {
      "precision": 0.45454545454545453,
      "recall": 0.2777777777777778,
      "f1-score": 0.3448275862068966,
      "support": 216.0
    },
    "\ud83c\uddfa\ud83c\uddf8": {
      "precision": 0.26666666666666666,
      "recall": 0.10256410256410256,
      "f1-score": 0.14814814814814814,
      "support": 39.0
    },
    "\ud83d\udcf8": {
      "precision": 0.18181818181818182,
      "recall": 0.041666666666666664,
      "f1-score": 0.06779661016949153,
      "support": 48.0
    },
    "\ud83d\udd25": {
      "precision": 0.5714285714285714,
      "recall": 0.16216216216216217,
      "f1-score": 0.25263157894736843,
      "support": 74.0
    },
    "\ud83d\udc95": {
      "precision": 0.125,
      "recall": 0.038461538461538464,
      "f1-score": 0.058823529411764705,
      "support": 52.0
    },
    "\ud83d\udc99": {
      "precision": 0.09090909090909091,
      "recall": 0.06451612903225806,
      "f1-score": 0.07547169811320754,
      "support": 31.0
    },
    "\ud83d\ude02": {
      "precision": 0.3333333333333333,
      "recall": 0.06593406593406594,
      "f1-score": 0.11009174311926606,
      "support": 91.0
    },
    "\ud83d\ude0e": {
      "precision": 0.0,
      "recall": 0.0,
      "f1-score": 0.0,
      "support": 40.0
    },
    "\ud83d\ude18": {
      "precision": 0.0,
      "recall": 0.0,
      "f1-score": 0.0,
      "support": 24.0
    },
    "\ud83d\ude0a": {
      "precision": 0.06493506493506493,
      "recall": 0.15625,
      "f1-score": 0.09174311926605505,
      "support": 32.0
    },
    "\ud83d\udc9c": {
      "precision": 0.0,
      "recall": 0.0,
      "f1-score": 0.0,
      "support": 22.0
    },
    "\ud83d\udcf7": {
      "precision": 0.0,
      "recall": 0.0,
      "f1-score": 0.0,
      "support": 29.0
    },
    "\ud83d\ude01": {
      "precision": 0.0,
      "recall": 0.0,
      "f1-score": 0.0,
      "support": 23.0
    },
    "\u2600": {
      "precision": 0.35714285714285715,
      "recall": 0.2,
      "f1-score": 0.2564102564102564,
      "support": 25.0
    },
    "\ud83d\ude1c": {
      "precision": 0.14285714285714285,
      "recall": 0.1,
      "f1-score": 0.11764705882352941,
      "support": 20.0
    },
    "\ud83d\ude0d": {
      "precision": 0.22916666666666666,
      "recall": 0.1134020618556701,
      "f1-score": 0.15172413793103448,
      "support": 97.0
    },
    "\u2728": {
      "precision": 0.125,
      "recall": 0.01818181818181818,
      "f1-score": 0.031746031746031744,
      "support": 55.0
    },
    "\ud83d\ude09": {
      "precision": 0.0,
      "recall": 0.0,
      "f1-score": 0.0,
      "support": 26.0
    },
    "micro avg": {
      "precision": 0.2857142857142857,
      "recall": 0.132,
      "f1-score": 0.18057455540355677,
      "support": 1000.0
    },
    "macro avg": {
      "precision": 0.2073253367003367,
      "recall": 0.09969097742212558,
      "f1-score": 0.12181539930801136,
      "support": 1000.0
    },
    "weighted avg": {
      "precision": 0.2765289381914382,
      "recall": 0.132,
      "f1-score": 0.1679507525315036,
      "support": 1000.0
    }
  },
  "accuracy": 0.132,
  "confusion_matrix": [
    [
      19,
      0,
      3,
      0,
      0,
      1,
      0,
      0,
      0,
      0,
      0,
      0,
      0,
      0,
      0,
      0,
      0,
      2,
      0,
      0
    ],
    [
      1,
      1,
      1,
      1,
      0,
      0,
      0,
      1,
      1,
      0,
      0,
      1,
      1,
      0,
      0,
      0,
      0,
      2,
      0,
      0
    ],
    [
      2,
      0,
      60,
      1,
      0,
      1,
      8,
      10,
      3,
      0,
      5,
      13,
      0,
      2,
      0,
      0,
      1,
      14,
      3,
      0
    ],
    [
      0,
      0,
      7,
      4,
      0,
      0,
      0,
      0,
      0,
      0,
      0,
      5,
      0,
      1,
      0,
      1,
      0,
      1,
      1,
      0
    ],
    [
      0,
      0,
      0,
      1,
      2,
      2,
      1,
      0,
      3,
      0,
      0,
      2,
      0,
      2,
      1,
      1,
      1,
      1,
      0,
      0
    ],
    [
      0,
      0,
      10,
      0,
      2,
      12,
      1,
      1,
      1,
      0,
      0,
      1,
      0,
      1,
      0,
      2,
      0,
      1,
      0,
      0
    ],
    [
      0,
      0,
      17,
      0,
      0,
      1,
      2,
      0,
      0,
      1,
      0,
      4,
      0,
      1,
      0,
      1,
      0,
      1,
      0,
      0
    ],
    [
      0,
      0,
      7,
      2,
      0,
      0,
      1,
      2,
      0,
      0,
      1,
      3,
      0,
      0,
      0,
      0,
      0,
      1,
      0,
      0
    ],
    [
      0,
      1,
      4,
      0,
      2,
      2,
      0,
      1,
      6,
      0,
      1,
      8,
      0,
      2,
      0,
      0,
      4,
      3,
      0,
      1
    ],
    [
      0,
      0,
      1,
      0,
      0,
      0,
      0,
      0,
      0,
      0,
      0,
      3,
      0,
      0,
      0,
      2,
      2,
      2,
      3,
      0
    ],
    [
      1,
      0,
      5,
      0,
      0,
      0,
      1,
      0,
      0,
      0,
      0,
      2,
      0,
      0,
      0,
      0,
      0,
      1,
      0,
      1
    ],
    [
      1,
      0,
      2,
      2,
      1,
      0,
      0,
      1,
      0,
      0,
      0,
      5,
      0,
      0,
      0,
      0,
      1,
      1,
      0,
      0
    ],
    [
      0,
      0,
      3,
      0,
      0,
      0,
      0,
      0,
      0,
      0,
      0,
      6,
      0,
      1,
      0,
      0,
      0,
      1,
      0,
      0
    ],
    [
      1,
      0,
      1,
      0,
      2,
      0,
      0,
      0,
      0,
      1,
      0,
      1,
      0,
      0,
      0,
      0,
      0,
      1,
      0,
      0
    ],
    [
      1,
      0,
      2,
      0,
      0,
      0,
      1,
      1,
      0,
      0,
      0,
      4,
      0,
      0,
      0,
      0,
      2,
      0,
      0,
      1
    ],
    [
      0,
      0,
      2,
      0,
      0,
      1,
      0,
      1,
      0,
      2,
      0,
      1,
      0,
      0,
      0,
      5,
      1,
      0,
      0,
      0
    ],
    [
      0,
      0,
      2,
      0,
      0,
      0,
      0,
      1,
      1,
      0,
      0,
      1,
      0,
      0,
      0,
      0,
      2,
      0,
      0,
      0
    ],
    [
      0,
      0,
      3,
      4,
      0,
      0,
      0,
      1,
      2,
      0,
      6,
      7,
      0,
      1,
      1,
      2,
      0,
      11,
      0,
      0
    ],
    [
      1,
      0,
      2,
      0,
      1,
      1,
      0,
      2,
      1,
      0,
      0,
      7,
      0,
      1,
      0,
      0,
      0,
      3,
      1,
      2
    ],
    [
      0,
      0,
      0,
      0,
      1,
      0,
      1,
      0,
      0,
      0,
      0,
      3,
      0,
      0,
      0,
      0,
      0,
      2,
      0,
      0
    ]
  ],
  "labels": [
    "\ud83c\udf84",
    "\ud83d\udcaf",
    "\u2764",
    "\ud83c\uddfa\ud83c\uddf8",
    "\ud83d\udcf8",
    "\ud83d\udd25",
    "\ud83d\udc95",
    "\ud83d\udc99",
    "\ud83d\ude02",
    "\ud83d\ude0e",
    "\ud83d\ude18",
    "\ud83d\ude0a",
    "\ud83d\udc9c",
    "\ud83d\udcf7",
    "\ud83d\ude01",
    "\u2600",
    "\ud83d\ude1c",
    "\ud83d\ude0d",
    "\u2728",
    "\ud83d\ude09"
  ]
}