{
  "classification_report": {
    "\ud83d\ude1c": {
      "precision": 0.043478260869565216,
      "recall": 0.05,
      "f1-score": 0.046511627906976744,
      "support": 20.0
    },
    "\ud83d\ude18": {
      "precision": 0.075,
      "recall": 0.125,
      "f1-score": 0.09375,
      "support": 24.0
    },
    "\ud83d\ude0d": {
      "precision": 0.13829787234042554,
      "recall": 0.13402061855670103,
      "f1-score": 0.13612565445026178,
      "support": 97.0
    },
    "\ud83d\ude0e": {
      "precision": 0.05263157894736842,
      "recall": 0.05,
      "f1-score": 0.05128205128205128,
      "support": 40.0
    },
    "\ud83c\udf84": {
      "precision": 0.42424242424242425,
      "recall": 0.45161290322580644,
      "f1-score": 0.4375,
      "support": 31.0
    },
    "\ud83d\ude02": {
      "precision": 0.3125,
      "recall": 0.27472527472527475,
      "f1-score": 0.29239766081871343,
      "support": 91.0
    },
    "\ud83d\udcf8": {
      "precision": 0.175,
      "recall": 0.14583333333333334,
      "f1-score": 0.1590909090909091,
      "support": 48.0
    },
    "\ud83d\udc99": {
      "precision": 0.07692307692307693,
      "recall": 0.06451612903225806,
      "f1-score": 0.07017543859649122,
      "support": 31.0
    },
    "\u2728": {
      "precision": 0.16666666666666666,
      "recall": 0.09090909090909091,
      "f1-score": 0.11764705882352941,
      "support": 55.0
    },
    "\ud83d\udcf7": {
      "precision": 0.07142857142857142,
      "recall": 0.06896551724137931,
      "f1-score": 0.07017543859649122,
      "support": 29.0
    },
    "\ud83d\ude0a": {
      "precision": 0.06329113924050633,
      "recall": 0.15625,
      "f1-score": 0.09009009009009009,
      "support": 32.0
    },
    "\u2764": {
      "precision": 0.3231939163498099,
      "recall": 0.39351851851851855,
      "f1-score": 0.35490605427974947,
      "support": 216.0
    },
    "\ud83d\ude09": {
      "precision": 0.0,
      "recall": 0.0,
      "f1-score": 0.0,
      "support": 26.0
    },
    "\ud83d\udc95": {
      "precision": 0.08695652173913043,
      "recall": 0.07692307692307693,
      "f1-score": 0.08163265306122448,
      "support": 52.0
    },
    "\ud83d\udd25": {
      "precision": 0.375,
      "recall": 0.16216216216216217,
      "f1-score": 0.22641509433962265,
      "support": 74.0
    },
    "\ud83d\ude01": {
      "precision": 0.0,
      "recall": 0.0,
      "f1-score": 0.0,
      "support": 23.0
    },
    "\u2600": {
      "precision": 0.21052631578947367,
      "recall": 0.32,
      "f1-score": 0.25396825396825395,
      "support": 25.0
    },
    "\ud83d\udc9c": {
      "precision": 0.0,
      "recall": 0.0,
      "f1-score": 0.0,
      "support": 22.0
    },
    "\ud83c\uddfa\ud83c\uddf8": {
      "precision": 0.0,
      "recall": 0.0,
      "f1-score": 0.0,
      "support": 39.0
    },
    "\ud83d\udcaf": {
      "precision": 0.125,
      "recall": 0.04,
      "f1-score": 0.06060606060606061,
      "support": 25.0
    },
    "micro avg": {
      "precision": 0.20257234726688103,
      "recall": 0.189,
      "f1-score": 0.19555095706156234,
      "support": 1000.0
    },
    "macro avg": {
      "precision": 0.13600681722685093,
      "recall": 0.13022183123138006,
      "f1-score": 0.12711370229552127,
      "support": 1000.0
    },
    "weighted avg": {
      "precision": 0.1942965471789599,
      "recall": 0.189,
      "f1-score": 0.1853304318250295,
      "support": 1000.0
    }
  },
  "accuracy": 0.189,
  "confusion_matrix": [
    [
      1,
      0,
      2,
      0,
      0,
      2,
      1,
      1,
      1,
      0,
      4,
      3,
      0,
      0,
      3,
      1,
      1,
      0,
      0,
      0
    ],
    [
      0,
      3,
      2,
      2,
      0,
      2,
      0,
      1,
      0,
      0,
      3,
      8,
      0,
      0,
      0,
      1,
      1,
      1,
      0,
      0
    ],
    [
      0,
      4,
      13,
      4,
      0,
      7,
      3,
      2,
      2,
      2,
      10,
      23,
      0,
      3,
      0,
      3,
      3,
      1,
      0,
      3
    ],
    [
      2,
      1,
      4,
      2,
      1,
      2,
      0,
      1,
      2,
      1,
      3,
      8,
      0,
      2,
      4,
      0,
      3,
      0,
      0,
      0
    ],
    [
      0,
      0,
      2,
      0,
      14,
      0,
      0,
      0,
      1,
      0,
      0,
      11,
      0,
      0,
      2,
      0,
      1,
      0,
      0,
      0
    ],
    [
      6,
      4,
      7,
      4,
      1,
      25,
      3,
      0,
      1,
      2,
      7,
      11,
      1,
      1,
      2,
      3,
      5,
      1,
      0,
      1
    ],
    [
      2,
      3,
      3,
      1,
      0,
      5,
      7,
      1,
      2,
      3,
      3,
      7,
      0,
      2,
      0,
      2,
      2,
      0,
      0,
      1
    ],
    [
      0,
      1,
      3,
      1,
      1,
      1,
      0,
      2,
      1,
      0,
      3,
      12,
      0,
      3,
      0,
      0,
      1,
      0,
      0,
      0
    ],
    [
      0,
      5,
      4,
      3,
      1,
      5,
      3,
      1,
      5,
      2,
      4,
      12,
      1,
      1,
      0,
      0,
      4,
      2,
      0,
      1
    ],
    [
      0,
      0,
      2,
      1,
      1,
      5,
      5,
      0,
      0,
      2,
      1,
      5,
      0,
      2,
      0,
      0,
      0,
      2,
      0,
      0
    ],
    [
      0,
      0,
      5,
      2,
      2,
      1,
      3,
      2,
      0,
      1,
      5,
      7,
      0,
      1,
      0,
      0,
      1,
      0,
      0,
      0
    ],
    [
      7,
      8,
      25,
      5,
      6,
      7,
      6,
      10,
      8,
      2,
      12,
      85,
      1,
      16,
      3,
      1,
      1,
      5,
      0,
      1
    ],
    [
      0,
      1,
      3,
      3,
      0,
      4,
      1,
      0,
      1,
      1,
      2,
      5,
      0,
      0,
      1,
      0,
      0,
      0,
      0,
      0
    ],
    [
      0,
      2,
      4,
      1,
      2,
      1,
      1,
      1,
      0,
      1,
      4,
      19,
      2,
      4,
      2,
      1,
      3,
      1,
      0,
      0
    ],
    [
      2,
      4,
      6,
      4,
      1,
      3,
      5,
      0,
      1,
      5,
      2,
      16,
      0,
      7,
      12,
      2,
      2,
      0,
      0,
      0
    ],
    [
      2,
      0,
      3,
      0,
      1,
      2,
      0,
      0,
      0,
      0,
      6,
      4,
      0,
      2,
      0,
      0,
      0,
      0,
      0,
      0
    ],
    [
      0,
      1,
      0,
      2,
      0,
      0,
      0,
      1,
      0,
      1,
      2,
      7,
      0,
      0,
      0,
      1,
      8,
      0,
      0,
      0
    ],
    [
      0,
      2,
      2,
      0,
      0,
      1,
      2,
      0,
      3,
      1,
      2,
      7,
      0,
      1,
      0,
      1,
      0,
      0,
      0,
      0
    ],
    [
      1,
      0,
      2,
      3,
      0,
      3,
      0,
      2,
      1,
      4,
      4,
      10,
      0,
      0,
      1,
      1,
      1,
      0,
      0,
      0
    ],
    [
      0,
      1,
      2,
      0,
      2,
      4,
      0,
      1,
      1,
      0,
      2,
      3,
      0,
      1,
      2,
      0,
      1,
      0,
      0,
      1
    ]
  ],
  "labels": [
    "\ud83d\ude1c",
    "\ud83d\ude18",
    "\ud83d\ude0d",
    "\ud83d\ude0e",
    "\ud83c\udf84",
    "\ud83d\ude02",
    "\ud83d\udcf8",
    "\ud83d\udc99",
    "\u2728",
    "\ud83d\udcf7",
    "\ud83d\ude0a",
    "\u2764",
    "\ud83d\ude09",
    "\ud83d\udc95",
    "\ud83d\udd25",
    "\ud83d\ude01",
    "\u2600",
    "\ud83d\udc9c",
    "\ud83c\uddfa\ud83c\uddf8",
    "\ud83d\udcaf"
  ]
}