{
  "classification_report": {
    "\ud83c\udf84": {
      "precision": 0.6538461538461539,
      "recall": 0.5483870967741935,
      "f1-score": 0.5964912280701754,
      "support": 31.0
    },
    "\ud83d\ude18": {
      "precision": 0.1,
      "recall": 0.125,
      "f1-score": 0.1111111111111111,
      "support": 24.0
    },
    "\ud83d\udc95": {
      "precision": 0.14285714285714285,
      "recall": 0.057692307692307696,
      "f1-score": 0.0821917808219178,
      "support": 52.0
    },
    "\ud83d\ude09": {
      "precision": 0.0,
      "recall": 0.0,
      "f1-score": 0.0,
      "support": 26.0
    },
    "\ud83c\uddfa\ud83c\uddf8": {
      "precision": 0.0,
      "recall": 0.0,
      "f1-score": 0.0,
      "support": 39.0
    },
    "\ud83d\udd25": {
      "precision": 0.3235294117647059,
      "recall": 0.14864864864864866,
      "f1-score": 0.2037037037037037,
      "support": 74.0
    },
    "\ud83d\udcf8": {
      "precision": 0.15384615384615385,
      "recall": 0.08333333333333333,
      "f1-score": 0.10810810810810811,
      "support": 48.0
    },
    "\ud83d\udc9c": {
      "precision": 0.0,
      "recall": 0.0,
      "f1-score": 0.0,
      "support": 22.0
    },
    "\ud83d\ude02": {
      "precision": 0.2777777777777778,
      "recall": 0.32967032967032966,
      "f1-score": 0.3015075376884422,
      "support": 91.0
    },
    "\ud83d\udcf7": {
      "precision": 0.05,
      "recall": 0.06896551724137931,
      "f1-score": 0.057971014492753624,
      "support": 29.0
    },
    "\ud83d\ude0a": {
      "precision": 0.08080808080808081,
      "recall": 0.25,
      "f1-score": 0.12213740458015267,
      "support": 32.0
    },
    "\u2600": {
      "precision": 0.26666666666666666,
      "recall": 0.32,
      "f1-score": 0.2909090909090909,
      "support": 25.0
    },
    "\ud83d\ude0d": {
      "precision": 0.17117117117117117,
      "recall": 0.1958762886597938,
      "f1-score": 0.18269230769230768,
      "support": 97.0
    },
    "\u2728": {
      "precision": 0.24,
      "recall": 0.10909090909090909,
      "f1-score": 0.15,
      "support": 55.0
    },
    "\ud83d\udcaf": {
      "precision": 0.3333333333333333,
      "recall": 0.04,
      "f1-score": 0.07142857142857142,
      "support": 25.0
    },
    "\ud83d\ude0e": {
      "precision": 0.06976744186046512,
      "recall": 0.075,
      "f1-score": 0.07228915662650602,
      "support": 40.0
    },
    "\u2764": {
      "precision": 0.37116564417177916,
      "recall": 0.5601851851851852,
      "f1-score": 0.44649446494464945,
      "support": 216.0
    },
    "\ud83d\ude01": {
      "precision": 0.0,
      "recall": 0.0,
      "f1-score": 0.0,
      "support": 23.0
    },
    "\ud83d\udc99": {
      "precision": 0.07142857142857142,
      "recall": 0.03225806451612903,
      "f1-score": 0.044444444444444446,
      "support": 31.0
    },
    "\ud83d\ude1c": {
      "precision": 0.08695652173913043,
      "recall": 0.1,
      "f1-score": 0.09302325581395349,
      "support": 20.0
    },
    "micro avg": {
      "precision": 0.2443762781186094,
      "recall": 0.239,
      "f1-score": 0.2416582406471183,
      "support": 1000.0
    },
    "macro avg": {
      "precision": 0.16965770356355664,
      "recall": 0.15220538404061046,
      "f1-score": 0.1467251590217944,
      "support": 1000.0
    },
    "weighted avg": {
      "precision": 0.22245672698483698,
      "recall": 0.239,
      "f1-score": 0.21632408189110483,
      "support": 1000.0
    }
  },
  "accuracy": 0.239,
  "confusion_matrix": [
    [
      17,
      1,
      0,
      0,
      0,
      3,
      0,
      0,
      0,
      0,
      1,
      0,
      1,
      1,
      0,
      0,
      7,
      0,
      0,
      0
    ],
    [
      1,
      3,
      2,
      0,
      0,
      0,
      0,
      0,
      2,
      1,
      5,
      0,
      1,
      0,
      0,
      0,
      9,
      0,
      0,
      0
    ],
    [
      0,
      2,
      3,
      0,
      0,
      3,
      0,
      0,
      1,
      1,
      3,
      1,
      8,
      1,
      0,
      0,
      24,
      1,
      2,
      2
    ],
    [
      0,
      1,
      0,
      0,
      0,
      1,
      1,
      0,
      6,
      1,
      2,
      1,
      6,
      1,
      0,
      0,
      4,
      0,
      0,
      0
    ],
    [
      1,
      0,
      0,
      0,
      0,
      1,
      0,
      0,
      3,
      2,
      2,
      1,
      2,
      2,
      0,
      3,
      16,
      1,
      1,
      0
    ],
    [
      0,
      1,
      1,
      0,
      0,
      11,
      2,
      1,
      6,
      9,
      4,
      2,
      6,
      2,
      0,
      5,
      22,
      0,
      0,
      1
    ],
    [
      0,
      2,
      1,
      0,
      0,
      3,
      4,
      0,
      9,
      2,
      4,
      4,
      2,
      3,
      0,
      1,
      7,
      3,
      0,
      2
    ],
    [
      0,
      0,
      1,
      0,
      0,
      0,
      1,
      0,
      0,
      2,
      5,
      0,
      2,
      1,
      0,
      2,
      7,
      0,
      0,
      1
    ],
    [
      1,
      4,
      1,
      1,
      0,
      4,
      2,
      0,
      30,
      5,
      5,
      2,
      6,
      0,
      0,
      2,
      16,
      1,
      1,
      6
    ],
    [
      0,
      0,
      0,
      0,
      0,
      0,
      4,
      1,
      5,
      2,
      3,
      0,
      4,
      1,
      0,
      3,
      5,
      0,
      0,
      1
    ],
    [
      0,
      0,
      0,
      0,
      0,
      0,
      1,
      0,
      2,
      1,
      8,
      0,
      6,
      0,
      0,
      5,
      8,
      0,
      0,
      0
    ],
    [
      0,
      0,
      0,
      0,
      0,
      0,
      0,
      0,
      2,
      2,
      2,
      8,
      1,
      1,
      0,
      2,
      7,
      0,
      0,
      0
    ],
    [
      0,
      4,
      3,
      0,
      0,
      1,
      2,
      1,
      8,
      4,
      12,
      2,
      19,
      0,
      1,
      4,
      27,
      1,
      3,
      1
    ],
    [
      1,
      3,
      0,
      2,
      0,
      2,
      2,
      1,
      3,
      2,
      6,
      1,
      5,
      6,
      0,
      5,
      14,
      1,
      0,
      1
    ],
    [
      1,
      0,
      1,
      0,
      0,
      0,
      2,
      0,
      5,
      0,
      1,
      1,
      3,
      0,
      1,
      2,
      4,
      1,
      1,
      1
    ],
    [
      0,
      2,
      0,
      1,
      0,
      2,
      0,
      0,
      2,
      1,
      5,
      4,
      7,
      0,
      1,
      3,
      10,
      0,
      0,
      2
    ],
    [
      3,
      7,
      3,
      0,
      0,
      2,
      4,
      2,
      12,
      4,
      20,
      2,
      22,
      3,
      0,
      4,
      121,
      0,
      3,
      2
    ],
    [
      1,
      0,
      0,
      0,
      0,
      0,
      0,
      0,
      6,
      1,
      4,
      0,
      3,
      0,
      0,
      2,
      5,
      0,
      1,
      0
    ],
    [
      0,
      0,
      4,
      0,
      0,
      0,
      0,
      0,
      0,
      0,
      3,
      1,
      6,
      2,
      0,
      0,
      12,
      0,
      1,
      1
    ],
    [
      0,
      0,
      1,
      0,
      0,
      1,
      1,
      0,
      6,
      0,
      4,
      0,
      1,
      1,
      0,
      0,
      1,
      0,
      1,
      2
    ]
  ],
  "labels": [
    "\ud83c\udf84",
    "\ud83d\ude18",
    "\ud83d\udc95",
    "\ud83d\ude09",
    "\ud83c\uddfa\ud83c\uddf8",
    "\ud83d\udd25",
    "\ud83d\udcf8",
    "\ud83d\udc9c",
    "\ud83d\ude02",
    "\ud83d\udcf7",
    "\ud83d\ude0a",
    "\u2600",
    "\ud83d\ude0d",
    "\u2728",
    "\ud83d\udcaf",
    "\ud83d\ude0e",
    "\u2764",
    "\ud83d\ude01",
    "\ud83d\udc99",
    "\ud83d\ude1c"
  ]
}