{
  "classification_report": {
    "\u2600": {
      "precision": 0.3018867924528302,
      "recall": 0.64,
      "f1-score": 0.41025641025641024,
      "support": 25.0
    },
    "\ud83d\udc99": {
      "precision": 0.05263157894736842,
      "recall": 0.06451612903225806,
      "f1-score": 0.057971014492753624,
      "support": 31.0
    },
    "\u2764": {
      "precision": 0.5104166666666666,
      "recall": 0.22685185185185186,
      "f1-score": 0.3141025641025641,
      "support": 216.0
    },
    "\ud83d\ude0d": {
      "precision": 0.16923076923076924,
      "recall": 0.1134020618556701,
      "f1-score": 0.13580246913580246,
      "support": 97.0
    },
    "\ud83d\udd25": {
      "precision": 0.2857142857142857,
      "recall": 0.2702702702702703,
      "f1-score": 0.2777777777777778,
      "support": 74.0
    },
    "\ud83d\ude01": {
      "precision": 0.0,
      "recall": 0.0,
      "f1-score": 0.0,
      "support": 23.0
    },
    "\ud83d\udcf8": {
      "precision": 0.25,
      "recall": 0.08333333333333333,
      "f1-score": 0.125,
      "support": 48.0
    },
    "\ud83d\udc9c": {
      "precision": 0.0,
      "recall": 0.0,
      "f1-score": 0.0,
      "support": 22.0
    },
    "\ud83c\udf84": {
      "precision": 0.5,
      "recall": 0.6451612903225806,
      "f1-score": 0.5633802816901409,
      "support": 31.0
    },
    "\ud83d\udcf7": {
      "precision": 0.05555555555555555,
      "recall": 0.034482758620689655,
      "f1-score": 0.0425531914893617,
      "support": 29.0
    },
    "\ud83d\ude1c": {
      "precision": 0.2857142857142857,
      "recall": 0.1,
      "f1-score": 0.14814814814814814,
      "support": 20.0
    },
    "\u2728": {
      "precision": 0.20512820512820512,
      "recall": 0.14545454545454545,
      "f1-score": 0.1702127659574468,
      "support": 55.0
    },
    "\ud83d\ude09": {
      "precision": 0.0,
      "recall": 0.0,
      "f1-score": 0.0,
      "support": 26.0
    },
    "\ud83c\uddfa\ud83c\uddf8": {
      "precision": 0.0,
      "recall": 0.0,
      "f1-score": 0.0,
      "support": 39.0
    },
    "\ud83d\udc95": {
      "precision": 0.17647058823529413,
      "recall": 0.17307692307692307,
      "f1-score": 0.17475728155339806,
      "support": 52.0
    },
    "\ud83d\ude18": {
      "precision": 0.0,
      "recall": 0.0,
      "f1-score": 0.0,
      "support": 24.0
    },
    "\ud83d\ude0a": {
      "precision": 0.0392156862745098,
      "recall": 0.125,
      "f1-score": 0.05970149253731343,
      "support": 32.0
    },
    "\ud83d\ude02": {
      "precision": 0.375,
      "recall": 0.13186813186813187,
      "f1-score": 0.1951219512195122,
      "support": 91.0
    },
    "\ud83d\ude0e": {
      "precision": 0.09090909090909091,
      "recall": 0.075,
      "f1-score": 0.0821917808219178,
      "support": 40.0
    },
    "\ud83d\udcaf": {
      "precision": 0.025,
      "recall": 0.04,
      "f1-score": 0.03076923076923077,
      "support": 25.0
    },
    "micro avg": {
      "precision": 0.20558375634517767,
      "recall": 0.162,
      "f1-score": 0.18120805369127516,
      "support": 1000.0
    },
    "macro avg": {
      "precision": 0.16614367524144308,
      "recall": 0.14342086478431273,
      "f1-score": 0.1393873179975889,
      "support": 1000.0
    },
    "weighted avg": {
      "precision": 0.25191217480976225,
      "recall": 0.162,
      "f1-score": 0.18346238295483008,
      "support": 1000.0
    }
  },
  "accuracy": 0.162,
  "confusion_matrix": [
    [
      16,
      0,
      0,
      0,
      1,
      0,
      0,
      0,
      1,
      0,
      0,
      0,
      0,
      0,
      0,
      0,
      1,
      0,
      0,
      0
    ],
    [
      0,
      2,
      5,
      4,
      0,
      1,
      0,
      2,
      1,
      0,
      0,
      0,
      0,
      0,
      4,
      0,
      7,
      0,
      1,
      1
    ],
    [
      22,
      15,
      49,
      21,
      7,
      0,
      0,
      24,
      1,
      2,
      1,
      4,
      3,
      0,
      17,
      5,
      17,
      3,
      4,
      4
    ],
    [
      2,
      4,
      7,
      11,
      4,
      0,
      2,
      9,
      3,
      3,
      0,
      5,
      0,
      0,
      4,
      1,
      12,
      1,
      3,
      6
    ],
    [
      2,
      2,
      3,
      1,
      20,
      0,
      4,
      4,
      0,
      1,
      0,
      2,
      0,
      0,
      1,
      1,
      7,
      0,
      2,
      8
    ],
    [
      0,
      1,
      0,
      3,
      1,
      0,
      1,
      1,
      1,
      0,
      0,
      0,
      0,
      0,
      0,
      0,
      3,
      2,
      0,
      1
    ],
    [
      4,
      0,
      2,
      1,
      4,
      0,
      4,
      0,
      1,
      6,
      1,
      4,
      0,
      0,
      0,
      0,
      4,
      3,
      2,
      3
    ],
    [
      0,
      2,
      2,
      1,
      2,
      0,
      0,
      0,
      1,
      1,
      0,
      3,
      0,
      0,
      1,
      0,
      4,
      0,
      0,
      0
    ],
    [
      0,
      0,
      2,
      0,
      1,
      0,
      0,
      0,
      20,
      0,
      0,
      1,
      0,
      0,
      0,
      0,
      0,
      1,
      0,
      0
    ],
    [
      0,
      0,
      3,
      1,
      1,
      0,
      0,
      1,
      3,
      1,
      1,
      2,
      0,
      0,
      0,
      0,
      2,
      1,
      2,
      0
    ],
    [
      0,
      0,
      3,
      1,
      2,
      0,
      0,
      0,
      0,
      0,
      2,
      0,
      0,
      0,
      2,
      0,
      4,
      0,
      1,
      0
    ],
    [
      1,
      2,
      7,
      2,
      3,
      0,
      0,
      5,
      2,
      0,
      0,
      8,
      0,
      0,
      3,
      0,
      9,
      1,
      2,
      2
    ],
    [
      0,
      0,
      1,
      3,
      3,
      0,
      1,
      1,
      1,
      0,
      0,
      1,
      0,
      0,
      2,
      1,
      4,
      2,
      1,
      0
    ],
    [
      1,
      0,
      2,
      1,
      6,
      0,
      0,
      0,
      0,
      0,
      0,
      3,
      0,
      0,
      0,
      0,
      1,
      0,
      2,
      1
    ],
    [
      1,
      2,
      6,
      6,
      1,
      0,
      0,
      6,
      2,
      0,
      0,
      1,
      0,
      0,
      9,
      3,
      5,
      0,
      1,
      3
    ],
    [
      0,
      1,
      0,
      1,
      1,
      1,
      1,
      5,
      0,
      0,
      0,
      0,
      0,
      0,
      3,
      0,
      3,
      1,
      1,
      1
    ],
    [
      0,
      3,
      2,
      4,
      1,
      0,
      0,
      2,
      0,
      0,
      0,
      1,
      0,
      0,
      2,
      0,
      4,
      0,
      3,
      1
    ],
    [
      1,
      2,
      1,
      2,
      6,
      0,
      3,
      4,
      2,
      3,
      2,
      2,
      2,
      0,
      2,
      0,
      7,
      12,
      4,
      3
    ],
    [
      2,
      0,
      1,
      2,
      4,
      0,
      0,
      0,
      1,
      1,
      0,
      1,
      1,
      0,
      0,
      0,
      6,
      3,
      3,
      5
    ],
    [
      1,
      2,
      0,
      0,
      2,
      0,
      0,
      4,
      0,
      0,
      0,
      1,
      0,
      0,
      1,
      1,
      2,
      2,
      1,
      1
    ]
  ],
  "labels": [
    "\u2600",
    "\ud83d\udc99",
    "\u2764",
    "\ud83d\ude0d",
    "\ud83d\udd25",
    "\ud83d\ude01",
    "\ud83d\udcf8",
    "\ud83d\udc9c",
    "\ud83c\udf84",
    "\ud83d\udcf7",
    "\ud83d\ude1c",
    "\u2728",
    "\ud83d\ude09",
    "\ud83c\uddfa\ud83c\uddf8",
    "\ud83d\udc95",
    "\ud83d\ude18",
    "\ud83d\ude0a",
    "\ud83d\ude02",
    "\ud83d\ude0e",
    "\ud83d\udcaf"
  ]
}