{
  "classification_report": {
    "\ud83d\ude18": {
      "precision": 0.08,
      "recall": 0.08333333333333333,
      "f1-score": 0.08163265306122448,
      "support": 24.0
    },
    "\ud83d\ude01": {
      "precision": 0.0,
      "recall": 0.0,
      "f1-score": 0.0,
      "support": 23.0
    },
    "\ud83d\udc9c": {
      "precision": 0.0,
      "recall": 0.0,
      "f1-score": 0.0,
      "support": 22.0
    },
    "\u2600": {
      "precision": 0.23404255319148937,
      "recall": 0.44,
      "f1-score": 0.3055555555555556,
      "support": 25.0
    },
    "\ud83d\udc99": {
      "precision": 0.06818181818181818,
      "recall": 0.0967741935483871,
      "f1-score": 0.08,
      "support": 31.0
    },
    "\ud83d\ude0a": {
      "precision": 0.09900990099009901,
      "recall": 0.3125,
      "f1-score": 0.15037593984962405,
      "support": 32.0
    },
    "\ud83d\ude0d": {
      "precision": 0.2875,
      "recall": 0.23711340206185566,
      "f1-score": 0.2598870056497175,
      "support": 97.0
    },
    "\ud83d\ude09": {
      "precision": 0.125,
      "recall": 0.038461538461538464,
      "f1-score": 0.058823529411764705,
      "support": 26.0
    },
    "\ud83d\udc95": {
      "precision": 0.18181818181818182,
      "recall": 0.038461538461538464,
      "f1-score": 0.06349206349206349,
      "support": 52.0
    },
    "\ud83d\ude0e": {
      "precision": 0.3,
      "recall": 0.075,
      "f1-score": 0.12,
      "support": 40.0
    },
    "\ud83c\uddfa\ud83c\uddf8": {
      "precision": 0.29411764705882354,
      "recall": 0.1282051282051282,
      "f1-score": 0.17857142857142858,
      "support": 39.0
    },
    "\ud83d\ude1c": {
      "precision": 0.057692307692307696,
      "recall": 0.15,
      "f1-score": 0.08333333333333333,
      "support": 20.0
    },
    "\ud83d\ude02": {
      "precision": 0.5,
      "recall": 0.24175824175824176,
      "f1-score": 0.32592592592592595,
      "support": 91.0
    },
    "\u2728": {
      "precision": 0.18181818181818182,
      "recall": 0.03636363636363636,
      "f1-score": 0.06060606060606061,
      "support": 55.0
    },
    "\ud83d\udcf8": {
      "precision": 0.2,
      "recall": 0.041666666666666664,
      "f1-score": 0.06896551724137931,
      "support": 48.0
    },
    "\ud83c\udf84": {
      "precision": 0.6486486486486487,
      "recall": 0.7741935483870968,
      "f1-score": 0.7058823529411765,
      "support": 31.0
    },
    "\u2764": {
      "precision": 0.44280442804428044,
      "recall": 0.5555555555555556,
      "f1-score": 0.4928131416837782,
      "support": 216.0
    },
    "\ud83d\udcaf": {
      "precision": 0.5,
      "recall": 0.04,
      "f1-score": 0.07407407407407407,
      "support": 25.0
    },
    "\ud83d\udcf7": {
      "precision": 0.13793103448275862,
      "recall": 0.13793103448275862,
      "f1-score": 0.13793103448275862,
      "support": 29.0
    },
    "\ud83d\udd25": {
      "precision": 0.46774193548387094,
      "recall": 0.3918918918918919,
      "f1-score": 0.4264705882352941,
      "support": 74.0
    },
    "micro avg": {
      "precision": 0.31010452961672474,
      "recall": 0.267,
      "f1-score": 0.28694250403009136,
      "support": 1000.0
    },
    "macro avg": {
      "precision": 0.24031533187052304,
      "recall": 0.19096048545888142,
      "f1-score": 0.18371701020575795,
      "support": 1000.0
    },
    "weighted avg": {
      "precision": 0.31023626466027165,
      "recall": 0.267,
      "f1-score": 0.26240469797912935,
      "support": 1000.0
    }
  },
  "accuracy": 0.267,
  "confusion_matrix": [
    [
      2,
      0,
      0,
      1,
      2,
      2,
      1,
      2,
      1,
      0,
      0,
      3,
      1,
      0,
      1,
      1,
      4,
      0,
      0,
      0
    ],
    [
      0,
      0,
      0,
      0,
      1,
      6,
      1,
      2,
      0,
      0,
      0,
      3,
      1,
      1,
      1,
      0,
      4,
      0,
      0,
      0
    ],
    [
      0,
      0,
      0,
      1,
      1,
      2,
      2,
      0,
      2,
      1,
      0,
      1,
      0,
      0,
      1,
      0,
      9,
      0,
      0,
      0
    ],
    [
      1,
      0,
      0,
      11,
      0,
      0,
      1,
      0,
      0,
      1,
      1,
      2,
      0,
      0,
      0,
      0,
      5,
      0,
      0,
      2
    ],
    [
      1,
      0,
      0,
      0,
      3,
      2,
      2,
      0,
      0,
      0,
      2,
      1,
      0,
      1,
      1,
      2,
      14,
      0,
      1,
      0
    ],
    [
      1,
      0,
      0,
      3,
      0,
      10,
      2,
      0,
      0,
      1,
      1,
      2,
      0,
      1,
      0,
      0,
      6,
      0,
      0,
      0
    ],
    [
      3,
      0,
      0,
      3,
      6,
      13,
      23,
      0,
      0,
      1,
      3,
      4,
      1,
      1,
      0,
      1,
      18,
      0,
      2,
      3
    ],
    [
      2,
      0,
      0,
      3,
      1,
      3,
      4,
      1,
      0,
      0,
      0,
      3,
      1,
      0,
      0,
      1,
      4,
      0,
      0,
      0
    ],
    [
      4,
      0,
      0,
      2,
      1,
      1,
      4,
      0,
      2,
      1,
      0,
      0,
      0,
      1,
      0,
      1,
      27,
      0,
      0,
      1
    ],
    [
      0,
      0,
      0,
      2,
      3,
      6,
      2,
      0,
      0,
      3,
      1,
      0,
      2,
      0,
      0,
      2,
      5,
      0,
      0,
      2
    ],
    [
      1,
      0,
      0,
      2,
      3,
      3,
      2,
      0,
      0,
      0,
      5,
      1,
      0,
      0,
      0,
      3,
      9,
      0,
      1,
      1
    ],
    [
      1,
      0,
      0,
      0,
      1,
      2,
      1,
      0,
      0,
      0,
      0,
      3,
      3,
      0,
      0,
      0,
      1,
      0,
      0,
      2
    ],
    [
      2,
      0,
      0,
      0,
      3,
      12,
      4,
      2,
      0,
      1,
      2,
      16,
      22,
      0,
      1,
      0,
      7,
      0,
      1,
      6
    ],
    [
      2,
      0,
      0,
      2,
      6,
      5,
      5,
      0,
      0,
      0,
      0,
      3,
      1,
      2,
      0,
      0,
      17,
      0,
      0,
      1
    ],
    [
      1,
      0,
      0,
      2,
      2,
      10,
      2,
      1,
      1,
      1,
      0,
      1,
      3,
      0,
      2,
      0,
      3,
      0,
      8,
      2
    ],
    [
      0,
      0,
      0,
      0,
      0,
      1,
      0,
      0,
      0,
      0,
      0,
      0,
      1,
      0,
      0,
      24,
      1,
      0,
      0,
      1
    ],
    [
      2,
      0,
      0,
      9,
      6,
      14,
      19,
      0,
      5,
      0,
      0,
      3,
      1,
      3,
      2,
      1,
      120,
      0,
      5,
      8
    ],
    [
      0,
      0,
      0,
      2,
      1,
      4,
      1,
      0,
      0,
      0,
      1,
      1,
      0,
      0,
      0,
      0,
      4,
      1,
      1,
      3
    ],
    [
      0,
      0,
      0,
      1,
      0,
      3,
      0,
      0,
      0,
      0,
      0,
      3,
      4,
      0,
      1,
      1,
      6,
      0,
      4,
      1
    ],
    [
      2,
      0,
      0,
      3,
      4,
      2,
      4,
      0,
      0,
      0,
      1,
      2,
      3,
      1,
      0,
      0,
      7,
      1,
      6,
      29
    ]
  ],
  "labels": [
    "\ud83d\ude18",
    "\ud83d\ude01",
    "\ud83d\udc9c",
    "\u2600",
    "\ud83d\udc99",
    "\ud83d\ude0a",
    "\ud83d\ude0d",
    "\ud83d\ude09",
    "\ud83d\udc95",
    "\ud83d\ude0e",
    "\ud83c\uddfa\ud83c\uddf8",
    "\ud83d\ude1c",
    "\ud83d\ude02",
    "\u2728",
    "\ud83d\udcf8",
    "\ud83c\udf84",
    "\u2764",
    "\ud83d\udcaf",
    "\ud83d\udcf7",
    "\ud83d\udd25"
  ]
}