{
  "classification_report": {
    "\ud83d\ude0d": {
      "precision": 0.22972972972972974,
      "recall": 0.17525773195876287,
      "f1-score": 0.19883040935672514,
      "support": 97.0
    },
    "\ud83d\ude02": {
      "precision": 0.42857142857142855,
      "recall": 0.23076923076923078,
      "f1-score": 0.3,
      "support": 91.0
    },
    "\ud83d\ude1c": {
      "precision": 0.0,
      "recall": 0.0,
      "f1-score": 0.0,
      "support": 20.0
    },
    "\ud83d\ude01": {
      "precision": 0.0,
      "recall": 0.0,
      "f1-score": 0.0,
      "support": 23.0
    },
    "\ud83d\udc95": {
      "precision": 0.21052631578947367,
      "recall": 0.15384615384615385,
      "f1-score": 0.17777777777777778,
      "support": 52.0
    },
    "\u2728": {
      "precision": 0.16483516483516483,
      "recall": 0.2727272727272727,
      "f1-score": 0.2054794520547945,
      "support": 55.0
    },
    "\ud83d\ude18": {
      "precision": 0.0,
      "recall": 0.0,
      "f1-score": 0.0,
      "support": 24.0
    },
    "\u2764": {
      "precision": 0.43457943925233644,
      "recall": 0.4305555555555556,
      "f1-score": 0.4325581395348837,
      "support": 216.0
    },
    "\ud83d\udc99": {
      "precision": 0.2857142857142857,
      "recall": 0.06451612903225806,
      "f1-score": 0.10526315789473684,
      "support": 31.0
    },
    "\ud83c\udf84": {
      "precision": 0.6451612903225806,
      "recall": 0.6451612903225806,
      "f1-score": 0.6451612903225806,
      "support": 31.0
    },
    "\ud83d\udcf8": {
      "precision": 0.26666666666666666,
      "recall": 0.08333333333333333,
      "f1-score": 0.12698412698412698,
      "support": 48.0
    },
    "\ud83d\udd25": {
      "precision": 0.36363636363636365,
      "recall": 0.43243243243243246,
      "f1-score": 0.3950617283950617,
      "support": 74.0
    },
    "\ud83d\ude0e": {
      "precision": 0.06666666666666667,
      "recall": 0.025,
      "f1-score": 0.03636363636363636,
      "support": 40.0
    },
    "\ud83d\udcf7": {
      "precision": 0.09090909090909091,
      "recall": 0.034482758620689655,
      "f1-score": 0.05,
      "support": 29.0
    },
    "\ud83c\uddfa\ud83c\uddf8": {
      "precision": 0.3,
      "recall": 0.15384615384615385,
      "f1-score": 0.2033898305084746,
      "support": 39.0
    },
    "\ud83d\udcaf": {
      "precision": 0.0,
      "recall": 0.0,
      "f1-score": 0.0,
      "support": 25.0
    },
    "\u2600": {
      "precision": 0.32142857142857145,
      "recall": 0.36,
      "f1-score": 0.33962264150943394,
      "support": 25.0
    },
    "\ud83d\ude0a": {
      "precision": 0.05421686746987952,
      "recall": 0.28125,
      "f1-score": 0.09090909090909091,
      "support": 32.0
    },
    "\ud83d\udc9c": {
      "precision": 0.16666666666666666,
      "recall": 0.045454545454545456,
      "f1-score": 0.07142857142857142,
      "support": 22.0
    },
    "\ud83d\ude09": {
      "precision": 0.1111111111111111,
      "recall": 0.15384615384615385,
      "f1-score": 0.12903225806451613,
      "support": 26.0
    },
    "micro avg": {
      "precision": 0.2709030100334448,
      "recall": 0.243,
      "f1-score": 0.2561939905113337,
      "support": 1000.0
    },
    "macro avg": {
      "precision": 0.2070209829385008,
      "recall": 0.17712393708725613,
      "f1-score": 0.17539310555522053,
      "support": 1000.0
    },
    "weighted avg": {
      "precision": 0.2770617188188453,
      "recall": 0.243,
      "f1-score": 0.24632055911811354,
      "support": 1000.0
    }
  },
  "accuracy": 0.243,
  "confusion_matrix": [
    [
      17,
      2,
      0,
      0,
      5,
      9,
      1,
      9,
      2,
      0,
      1,
      7,
      2,
      1,
      2,
      1,
      3,
      21,
      1,
      4
    ],
    [
      3,
      21,
      0,
      1,
      1,
      6,
      0,
      9,
      0,
      0,
      2,
      11,
      0,
      1,
      1,
      0,
      1,
      16,
      0,
      7
    ],
    [
      1,
      4,
      0,
      0,
      0,
      0,
      0,
      2,
      0,
      0,
      1,
      2,
      0,
      0,
      0,
      0,
      0,
      4,
      0,
      1
    ],
    [
      0,
      0,
      0,
      0,
      1,
      1,
      0,
      3,
      0,
      1,
      2,
      0,
      0,
      0,
      1,
      0,
      0,
      9,
      0,
      2
    ],
    [
      6,
      0,
      0,
      0,
      8,
      5,
      0,
      19,
      1,
      1,
      1,
      1,
      0,
      0,
      0,
      0,
      0,
      5,
      0,
      3
    ],
    [
      3,
      1,
      0,
      0,
      0,
      15,
      0,
      12,
      0,
      1,
      0,
      4,
      1,
      0,
      1,
      1,
      1,
      7,
      1,
      1
    ],
    [
      2,
      1,
      0,
      0,
      1,
      1,
      0,
      6,
      0,
      1,
      1,
      3,
      0,
      0,
      1,
      0,
      0,
      6,
      0,
      1
    ],
    [
      21,
      6,
      0,
      0,
      14,
      18,
      1,
      93,
      2,
      2,
      2,
      3,
      2,
      1,
      0,
      0,
      6,
      27,
      1,
      4
    ],
    [
      2,
      0,
      0,
      0,
      2,
      3,
      0,
      11,
      2,
      1,
      0,
      0,
      0,
      1,
      1,
      0,
      0,
      5,
      0,
      0
    ],
    [
      1,
      1,
      0,
      0,
      0,
      0,
      0,
      3,
      0,
      20,
      0,
      1,
      0,
      0,
      0,
      0,
      0,
      1,
      0,
      0
    ],
    [
      1,
      3,
      0,
      0,
      3,
      5,
      0,
      4,
      0,
      0,
      4,
      5,
      2,
      3,
      1,
      0,
      2,
      8,
      0,
      3
    ],
    [
      3,
      1,
      0,
      0,
      0,
      9,
      0,
      7,
      0,
      0,
      0,
      32,
      1,
      0,
      1,
      1,
      1,
      8,
      1,
      0
    ],
    [
      2,
      2,
      0,
      0,
      0,
      1,
      0,
      3,
      0,
      0,
      0,
      1,
      1,
      0,
      2,
      0,
      2,
      18,
      0,
      1
    ],
    [
      3,
      2,
      0,
      0,
      0,
      4,
      0,
      0,
      0,
      1,
      0,
      5,
      1,
      1,
      1,
      0,
      0,
      4,
      0,
      2
    ],
    [
      1,
      1,
      0,
      0,
      0,
      3,
      0,
      15,
      0,
      0,
      0,
      3,
      2,
      1,
      6,
      0,
      0,
      3,
      0,
      1
    ],
    [
      2,
      1,
      0,
      0,
      0,
      4,
      0,
      3,
      0,
      1,
      0,
      4,
      0,
      0,
      1,
      0,
      0,
      4,
      0,
      0
    ],
    [
      1,
      2,
      0,
      0,
      0,
      1,
      0,
      2,
      0,
      0,
      0,
      2,
      1,
      0,
      1,
      0,
      9,
      4,
      1,
      0
    ],
    [
      1,
      1,
      0,
      1,
      2,
      2,
      0,
      8,
      0,
      1,
      1,
      0,
      2,
      0,
      0,
      0,
      1,
      9,
      0,
      1
    ],
    [
      1,
      0,
      0,
      0,
      1,
      4,
      0,
      3,
      0,
      0,
      0,
      1,
      0,
      2,
      0,
      0,
      0,
      4,
      1,
      1
    ],
    [
      3,
      0,
      0,
      0,
      0,
      0,
      1,
      2,
      0,
      1,
      0,
      3,
      0,
      0,
      0,
      0,
      2,
      3,
      0,
      4
    ]
  ],
  "labels": [
    "\ud83d\ude0d",
    "\ud83d\ude02",
    "\ud83d\ude1c",
    "\ud83d\ude01",
    "\ud83d\udc95",
    "\u2728",
    "\ud83d\ude18",
    "\u2764",
    "\ud83d\udc99",
    "\ud83c\udf84",
    "\ud83d\udcf8",
    "\ud83d\udd25",
    "\ud83d\ude0e",
    "\ud83d\udcf7",
    "\ud83c\uddfa\ud83c\uddf8",
    "\ud83d\udcaf",
    "\u2600",
    "\ud83d\ude0a",
    "\ud83d\udc9c",
    "\ud83d\ude09"
  ]
}