{
  "classification_report": {
    "\ud83d\udd25": {
      "precision": 0.53125,
      "recall": 0.22972972972972974,
      "f1-score": 0.32075471698113206,
      "support": 74.0
    },
    "\ud83d\udcaf": {
      "precision": 1.0,
      "recall": 0.04,
      "f1-score": 0.07692307692307693,
      "support": 25.0
    },
    "\ud83d\ude02": {
      "precision": 0.33620689655172414,
      "recall": 0.42857142857142855,
      "f1-score": 0.37681159420289856,
      "support": 91.0
    },
    "\ud83d\udc95": {
      "precision": 0.1111111111111111,
      "recall": 0.057692307692307696,
      "f1-score": 0.0759493670886076,
      "support": 52.0
    },
    "\ud83d\ude01": {
      "precision": 0.0,
      "recall": 0.0,
      "f1-score": 0.0,
      "support": 23.0
    },
    "\ud83c\uddfa\ud83c\uddf8": {
      "precision": 0.0,
      "recall": 0.0,
      "f1-score": 0.0,
      "support": 39.0
    },
    "\u2728": {
      "precision": 0.18181818181818182,
      "recall": 0.07272727272727272,
      "f1-score": 0.1038961038961039,
      "support": 55.0
    },
    "\u2600": {
      "precision": 0.21153846153846154,
      "recall": 0.44,
      "f1-score": 0.2857142857142857,
      "support": 25.0
    },
    "\u2764": {
      "precision": 0.39069767441860465,
      "recall": 0.3888888888888889,
      "f1-score": 0.38979118329466356,
      "support": 216.0
    },
    "\ud83d\udc9c": {
      "precision": 0.0,
      "recall": 0.0,
      "f1-score": 0.0,
      "support": 22.0
    },
    "\ud83d\udc99": {
      "precision": 0.0625,
      "recall": 0.03225806451612903,
      "f1-score": 0.0425531914893617,
      "support": 31.0
    },
    "\ud83d\ude1c": {
      "precision": 0.17647058823529413,
      "recall": 0.3,
      "f1-score": 0.2222222222222222,
      "support": 20.0
    },
    "\ud83d\ude0a": {
      "precision": 0.04430379746835443,
      "recall": 0.21875,
      "f1-score": 0.07368421052631578,
      "support": 32.0
    },
    "\ud83c\udf84": {
      "precision": 0.64,
      "recall": 0.5161290322580645,
      "f1-score": 0.5714285714285714,
      "support": 31.0
    },
    "\ud83d\udcf8": {
      "precision": 0.25806451612903225,
      "recall": 0.16666666666666666,
      "f1-score": 0.20253164556962025,
      "support": 48.0
    },
    "\ud83d\ude09": {
      "precision": 0.0,
      "recall": 0.0,
      "f1-score": 0.0,
      "support": 26.0
    },
    "\ud83d\ude0e": {
      "precision": 0.1232876712328767,
      "recall": 0.225,
      "f1-score": 0.1592920353982301,
      "support": 40.0
    },
    "\ud83d\ude18": {
      "precision": 0.0,
      "recall": 0.0,
      "f1-score": 0.0,
      "support": 24.0
    },
    "\ud83d\udcf7": {
      "precision": 0.09523809523809523,
      "recall": 0.06896551724137931,
      "f1-score": 0.08,
      "support": 29.0
    },
    "\ud83d\ude0d": {
      "precision": 0.225,
      "recall": 0.18556701030927836,
      "f1-score": 0.2033898305084746,
      "support": 97.0
    },
    "micro avg": {
      "precision": 0.23541666666666666,
      "recall": 0.226,
      "f1-score": 0.23061224489795917,
      "support": 1000.0
    },
    "macro avg": {
      "precision": 0.21937434968708674,
      "recall": 0.1685472959300573,
      "f1-score": 0.1592471017621782,
      "support": 1000.0
    },
    "weighted avg": {
      "precision": 0.26899440624597143,
      "recall": 0.226,
      "f1-score": 0.2249279743838777,
      "support": 1000.0
    }
  },
  "accuracy": 0.226,
  "confusion_matrix": [
    [
      17,
      0,
      7,
      1,
      0,
      0,
      2,
      2,
      4,
      3,
      0,
      2,
      11,
      0,
      4,
      0,
      7,
      6,
      2,
      4
    ],
    [
      1,
      1,
      5,
      0,
      0,
      0,
      1,
      1,
      1,
      0,
      0,
      1,
      5,
      0,
      1,
      0,
      2,
      0,
      1,
      1
    ],
    [
      2,
      0,
      39,
      0,
      3,
      0,
      0,
      1,
      5,
      1,
      0,
      7,
      13,
      0,
      1,
      0,
      7,
      1,
      1,
      4
    ],
    [
      1,
      0,
      1,
      3,
      0,
      0,
      1,
      3,
      22,
      0,
      1,
      3,
      2,
      0,
      1,
      0,
      2,
      3,
      1,
      6
    ],
    [
      0,
      0,
      3,
      0,
      0,
      0,
      0,
      1,
      3,
      0,
      0,
      2,
      6,
      0,
      3,
      0,
      2,
      0,
      0,
      0
    ],
    [
      1,
      0,
      1,
      1,
      0,
      0,
      2,
      2,
      14,
      0,
      2,
      1,
      3,
      0,
      1,
      0,
      2,
      0,
      2,
      2
    ],
    [
      1,
      0,
      2,
      1,
      0,
      0,
      4,
      1,
      19,
      1,
      2,
      1,
      10,
      1,
      1,
      0,
      5,
      4,
      0,
      2
    ],
    [
      1,
      0,
      1,
      1,
      0,
      0,
      1,
      11,
      5,
      0,
      0,
      0,
      2,
      0,
      0,
      0,
      1,
      0,
      0,
      2
    ],
    [
      3,
      0,
      17,
      10,
      1,
      0,
      3,
      13,
      84,
      5,
      3,
      2,
      25,
      2,
      3,
      0,
      8,
      11,
      2,
      20
    ],
    [
      0,
      0,
      1,
      1,
      0,
      0,
      1,
      0,
      3,
      0,
      1,
      0,
      6,
      0,
      1,
      0,
      3,
      1,
      1,
      3
    ],
    [
      1,
      0,
      0,
      2,
      0,
      0,
      1,
      1,
      9,
      0,
      1,
      0,
      4,
      1,
      0,
      0,
      1,
      1,
      2,
      5
    ],
    [
      2,
      0,
      4,
      0,
      0,
      0,
      0,
      0,
      0,
      0,
      0,
      6,
      4,
      0,
      0,
      0,
      1,
      1,
      0,
      1
    ],
    [
      0,
      0,
      2,
      2,
      1,
      0,
      1,
      3,
      6,
      0,
      0,
      1,
      7,
      1,
      0,
      0,
      5,
      0,
      0,
      2
    ],
    [
      1,
      0,
      3,
      0,
      0,
      0,
      0,
      1,
      7,
      0,
      0,
      0,
      1,
      16,
      0,
      0,
      1,
      1,
      0,
      0
    ],
    [
      0,
      0,
      5,
      2,
      0,
      0,
      2,
      2,
      2,
      0,
      0,
      2,
      9,
      0,
      8,
      0,
      7,
      1,
      4,
      2
    ],
    [
      0,
      0,
      4,
      1,
      1,
      0,
      0,
      4,
      2,
      0,
      0,
      1,
      6,
      0,
      1,
      0,
      2,
      2,
      0,
      2
    ],
    [
      0,
      0,
      5,
      0,
      0,
      0,
      0,
      2,
      5,
      1,
      1,
      2,
      9,
      1,
      0,
      0,
      9,
      0,
      2,
      2
    ],
    [
      0,
      0,
      1,
      1,
      1,
      0,
      0,
      1,
      4,
      0,
      0,
      1,
      9,
      1,
      0,
      0,
      3,
      0,
      0,
      2
    ],
    [
      0,
      0,
      7,
      0,
      0,
      0,
      1,
      0,
      3,
      0,
      1,
      0,
      5,
      1,
      3,
      0,
      2,
      0,
      2,
      2
    ],
    [
      1,
      0,
      8,
      1,
      1,
      0,
      2,
      3,
      17,
      1,
      4,
      2,
      21,
      1,
      3,
      0,
      3,
      5,
      1,
      18
    ]
  ],
  "labels": [
    "\ud83d\udd25",
    "\ud83d\udcaf",
    "\ud83d\ude02",
    "\ud83d\udc95",
    "\ud83d\ude01",
    "\ud83c\uddfa\ud83c\uddf8",
    "\u2728",
    "\u2600",
    "\u2764",
    "\ud83d\udc9c",
    "\ud83d\udc99",
    "\ud83d\ude1c",
    "\ud83d\ude0a",
    "\ud83c\udf84",
    "\ud83d\udcf8",
    "\ud83d\ude09",
    "\ud83d\ude0e",
    "\ud83d\ude18",
    "\ud83d\udcf7",
    "\ud83d\ude0d"
  ]
}