{
  "classification_report": {
    "\ud83d\ude0a": {
      "precision": 0.10526315789473684,
      "recall": 0.3125,
      "f1-score": 0.15748031496062992,
      "support": 32.0
    },
    "\ud83d\udd25": {
      "precision": 0.47368421052631576,
      "recall": 0.24324324324324326,
      "f1-score": 0.32142857142857145,
      "support": 74.0
    },
    "\u2728": {
      "precision": 0.375,
      "recall": 0.05454545454545454,
      "f1-score": 0.09523809523809523,
      "support": 55.0
    },
    "\ud83d\udc95": {
      "precision": 0.11764705882352941,
      "recall": 0.038461538461538464,
      "f1-score": 0.057971014492753624,
      "support": 52.0
    },
    "\ud83d\ude01": {
      "precision": 0.0,
      "recall": 0.0,
      "f1-score": 0.0,
      "support": 23.0
    },
    "\ud83d\udc9c": {
      "precision": 0.0,
      "recall": 0.0,
      "f1-score": 0.0,
      "support": 22.0
    },
    "\ud83d\udcf7": {
      "precision": 0.09090909090909091,
      "recall": 0.06896551724137931,
      "f1-score": 0.0784313725490196,
      "support": 29.0
    },
    "\ud83d\udcaf": {
      "precision": 0.0,
      "recall": 0.0,
      "f1-score": 0.0,
      "support": 25.0
    },
    "\ud83d\udc99": {
      "precision": 0.06666666666666667,
      "recall": 0.03225806451612903,
      "f1-score": 0.043478260869565216,
      "support": 31.0
    },
    "\ud83d\udcf8": {
      "precision": 0.16666666666666666,
      "recall": 0.041666666666666664,
      "f1-score": 0.06666666666666667,
      "support": 48.0
    },
    "\ud83d\ude09": {
      "precision": 0.0,
      "recall": 0.0,
      "f1-score": 0.0,
      "support": 26.0
    },
    "\ud83d\ude1c": {
      "precision": 0.1111111111111111,
      "recall": 0.1,
      "f1-score": 0.10526315789473684,
      "support": 20.0
    },
    "\ud83d\ude18": {
      "precision": 0.06666666666666667,
      "recall": 0.041666666666666664,
      "f1-score": 0.05128205128205128,
      "support": 24.0
    },
    "\ud83d\ude0d": {
      "precision": 0.23809523809523808,
      "recall": 0.15463917525773196,
      "f1-score": 0.1875,
      "support": 97.0
    },
    "\u2764": {
      "precision": 0.4486486486486487,
      "recall": 0.38425925925925924,
      "f1-score": 0.4139650872817955,
      "support": 216.0
    },
    "\u2600": {
      "precision": 0.42105263157894735,
      "recall": 0.32,
      "f1-score": 0.36363636363636365,
      "support": 25.0
    },
    "\ud83d\ude0e": {
      "precision": 0.0,
      "recall": 0.0,
      "f1-score": 0.0,
      "support": 40.0
    },
    "\ud83d\ude02": {
      "precision": 0.3793103448275862,
      "recall": 0.12087912087912088,
      "f1-score": 0.18333333333333332,
      "support": 91.0
    },
    "\ud83c\udf84": {
      "precision": 0.6428571428571429,
      "recall": 0.5806451612903226,
      "f1-score": 0.6101694915254238,
      "support": 31.0
    },
    "\ud83c\uddfa\ud83c\uddf8": {
      "precision": 0.16666666666666666,
      "recall": 0.07692307692307693,
      "f1-score": 0.10526315789473684,
      "support": 39.0
    },
    "micro avg": {
      "precision": 0.2993311036789298,
      "recall": 0.179,
      "f1-score": 0.22403003754693368,
      "support": 1000.0
    },
    "macro avg": {
      "precision": 0.1935122650969507,
      "recall": 0.1285326472475295,
      "f1-score": 0.14205534695268712,
      "support": 1000.0
    },
    "weighted avg": {
      "precision": 0.2731644270163567,
      "recall": 0.179,
      "f1-score": 0.20363475930800806,
      "support": 1000.0
    }
  },
  "accuracy": 0.179,
  "confusion_matrix": [
    [
      10,
      0,
      0,
      0,
      0,
      0,
      0,
      0,
      0,
      2,
      0,
      1,
      0,
      1,
      1,
      0,
      0,
      0,
      1,
      1
    ],
    [
      5,
      18,
      0,
      2,
      0,
      0,
      3,
      0,
      0,
      1,
      0,
      2,
      1,
      2,
      8,
      2,
      1,
      3,
      0,
      0
    ],
    [
      10,
      0,
      3,
      2,
      0,
      0,
      0,
      0,
      0,
      2,
      1,
      0,
      2,
      1,
      4,
      1,
      0,
      0,
      1,
      0
    ],
    [
      1,
      1,
      1,
      2,
      0,
      0,
      1,
      1,
      1,
      0,
      0,
      0,
      3,
      5,
      17,
      0,
      0,
      0,
      0,
      0
    ],
    [
      6,
      0,
      1,
      1,
      0,
      0,
      0,
      0,
      1,
      0,
      0,
      1,
      0,
      1,
      2,
      0,
      0,
      1,
      1,
      0
    ],
    [
      4,
      0,
      0,
      1,
      0,
      0,
      2,
      0,
      0,
      0,
      0,
      0,
      0,
      1,
      6,
      0,
      0,
      0,
      0,
      0
    ],
    [
      0,
      0,
      0,
      0,
      0,
      0,
      2,
      0,
      0,
      2,
      0,
      1,
      0,
      1,
      5,
      0,
      0,
      0,
      1,
      0
    ],
    [
      1,
      3,
      0,
      0,
      0,
      0,
      0,
      0,
      0,
      0,
      0,
      0,
      0,
      1,
      1,
      0,
      1,
      2,
      1,
      2
    ],
    [
      4,
      0,
      0,
      2,
      0,
      0,
      0,
      0,
      1,
      0,
      0,
      0,
      0,
      3,
      8,
      0,
      0,
      0,
      1,
      2
    ],
    [
      2,
      2,
      1,
      1,
      1,
      0,
      5,
      0,
      0,
      2,
      0,
      1,
      0,
      2,
      3,
      1,
      1,
      4,
      0,
      1
    ],
    [
      5,
      0,
      0,
      0,
      0,
      0,
      0,
      0,
      0,
      0,
      0,
      0,
      0,
      4,
      1,
      1,
      0,
      1,
      1,
      0
    ],
    [
      2,
      2,
      0,
      0,
      0,
      0,
      0,
      0,
      1,
      1,
      0,
      2,
      0,
      0,
      2,
      0,
      0,
      1,
      0,
      0
    ],
    [
      3,
      0,
      0,
      2,
      0,
      0,
      0,
      0,
      0,
      0,
      0,
      1,
      1,
      1,
      4,
      0,
      1,
      0,
      1,
      0
    ],
    [
      6,
      0,
      0,
      0,
      0,
      0,
      2,
      0,
      2,
      0,
      0,
      0,
      1,
      15,
      17,
      1,
      0,
      2,
      0,
      5
    ],
    [
      15,
      2,
      0,
      3,
      0,
      1,
      3,
      0,
      7,
      0,
      0,
      1,
      6,
      17,
      83,
      0,
      0,
      3,
      2,
      1
    ],
    [
      0,
      1,
      0,
      0,
      0,
      0,
      0,
      0,
      0,
      0,
      0,
      0,
      0,
      0,
      1,
      8,
      1,
      1,
      0,
      2
    ],
    [
      9,
      1,
      1,
      0,
      0,
      0,
      0,
      0,
      1,
      0,
      1,
      3,
      0,
      0,
      3,
      2,
      0,
      0,
      0,
      0
    ],
    [
      8,
      6,
      0,
      1,
      0,
      0,
      2,
      1,
      1,
      2,
      2,
      4,
      1,
      5,
      5,
      2,
      1,
      11,
      0,
      1
    ],
    [
      1,
      1,
      0,
      0,
      0,
      0,
      0,
      0,
      0,
      0,
      0,
      0,
      0,
      2,
      4,
      0,
      0,
      0,
      18,
      0
    ],
    [
      3,
      1,
      1,
      0,
      0,
      0,
      2,
      0,
      0,
      0,
      0,
      1,
      0,
      1,
      10,
      1,
      2,
      0,
      0,
      3
    ]
  ],
  "labels": [
    "\ud83d\ude0a",
    "\ud83d\udd25",
    "\u2728",
    "\ud83d\udc95",
    "\ud83d\ude01",
    "\ud83d\udc9c",
    "\ud83d\udcf7",
    "\ud83d\udcaf",
    "\ud83d\udc99",
    "\ud83d\udcf8",
    "\ud83d\ude09",
    "\ud83d\ude1c",
    "\ud83d\ude18",
    "\ud83d\ude0d",
    "\u2764",
    "\u2600",
    "\ud83d\ude0e",
    "\ud83d\ude02",
    "\ud83c\udf84",
    "\ud83c\uddfa\ud83c\uddf8"
  ]
}