{
  "classification_report": {
    "\ud83d\udc99": {
      "precision": 0.0,
      "recall": 0.0,
      "f1-score": 0.0,
      "support": 31.0
    },
    "\ud83d\ude01": {
      "precision": 0.0,
      "recall": 0.0,
      "f1-score": 0.0,
      "support": 23.0
    },
    "\ud83d\udd25": {
      "precision": 0.48,
      "recall": 0.32432432432432434,
      "f1-score": 0.3870967741935484,
      "support": 74.0
    },
    "\ud83d\ude0e": {
      "precision": 0.25,
      "recall": 0.025,
      "f1-score": 0.045454545454545456,
      "support": 40.0
    },
    "\ud83d\ude02": {
      "precision": 0.4722222222222222,
      "recall": 0.18681318681318682,
      "f1-score": 0.2677165354330709,
      "support": 91.0
    },
    "\ud83c\udf84": {
      "precision": 0.75,
      "recall": 0.6774193548387096,
      "f1-score": 0.711864406779661,
      "support": 31.0
    },
    "\ud83d\ude18": {
      "precision": 0.041666666666666664,
      "recall": 0.041666666666666664,
      "f1-score": 0.041666666666666664,
      "support": 24.0
    },
    "\ud83d\ude0a": {
      "precision": 0.07971014492753623,
      "recall": 0.34375,
      "f1-score": 0.12941176470588237,
      "support": 32.0
    },
    "\ud83d\udc9c": {
      "precision": 0.0,
      "recall": 0.0,
      "f1-score": 0.0,
      "support": 22.0
    },
    "\ud83d\ude09": {
      "precision": 0.14285714285714285,
      "recall": 0.038461538461538464,
      "f1-score": 0.06060606060606061,
      "support": 26.0
    },
    "\u2764": {
      "precision": 0.42790697674418604,
      "recall": 0.42592592592592593,
      "f1-score": 0.42691415313225056,
      "support": 216.0
    },
    "\ud83d\udcf7": {
      "precision": 0.05714285714285714,
      "recall": 0.06896551724137931,
      "f1-score": 0.0625,
      "support": 29.0
    },
    "\ud83d\udcf8": {
      "precision": 0.25,
      "recall": 0.0625,
      "f1-score": 0.1,
      "support": 48.0
    },
    "\u2728": {
      "precision": 0.2222222222222222,
      "recall": 0.07272727272727272,
      "f1-score": 0.1095890410958904,
      "support": 55.0
    },
    "\ud83c\uddfa\ud83c\uddf8": {
      "precision": 0.6111111111111112,
      "recall": 0.28205128205128205,
      "f1-score": 0.38596491228070173,
      "support": 39.0
    },
    "\ud83d\ude0d": {
      "precision": 0.18072289156626506,
      "recall": 0.15463917525773196,
      "f1-score": 0.16666666666666666,
      "support": 97.0
    },
    "\u2600": {
      "precision": 0.43478260869565216,
      "recall": 0.4,
      "f1-score": 0.4166666666666667,
      "support": 25.0
    },
    "\ud83d\udcaf": {
      "precision": 0.4,
      "recall": 0.08,
      "f1-score": 0.13333333333333333,
      "support": 25.0
    },
    "\ud83d\udc95": {
      "precision": 0.1111111111111111,
      "recall": 0.019230769230769232,
      "f1-score": 0.03278688524590164,
      "support": 52.0
    },
    "\ud83d\ude1c": {
      "precision": 0.05084745762711865,
      "recall": 0.15,
      "f1-score": 0.0759493670886076,
      "support": 20.0
    },
    "micro avg": {
      "precision": 0.26838235294117646,
      "recall": 0.219,
      "f1-score": 0.24118942731277532,
      "support": 1000.0
    },
    "macro avg": {
      "precision": 0.2481151706447046,
      "recall": 0.16767375067693935,
      "f1-score": 0.17770938896747268,
      "support": 1000.0
    },
    "weighted avg": {
      "precision": 0.30634225059327086,
      "recall": 0.219,
      "f1-score": 0.2366568364464423,
      "support": 1000.0
    }
  },
  "accuracy": 0.219,
  "confusion_matrix": [
    [
      0,
      0,
      0,
      0,
      0,
      0,
      1,
      4,
      0,
      0,
      12,
      0,
      0,
      1,
      1,
      6,
      0,
      0,
      1,
      0
    ],
    [
      1,
      0,
      0,
      0,
      0,
      0,
      0,
      7,
      0,
      0,
      3,
      0,
      0,
      0,
      0,
      1,
      0,
      0,
      0,
      5
    ],
    [
      3,
      0,
      24,
      0,
      4,
      0,
      1,
      7,
      1,
      0,
      6,
      3,
      1,
      2,
      0,
      4,
      0,
      0,
      0,
      2
    ],
    [
      1,
      0,
      3,
      1,
      1,
      0,
      3,
      12,
      0,
      0,
      3,
      1,
      0,
      0,
      1,
      2,
      1,
      1,
      0,
      4
    ],
    [
      2,
      0,
      4,
      0,
      17,
      1,
      0,
      18,
      0,
      1,
      5,
      4,
      1,
      0,
      2,
      4,
      0,
      1,
      0,
      15
    ],
    [
      1,
      0,
      1,
      0,
      1,
      21,
      0,
      0,
      0,
      0,
      3,
      0,
      0,
      0,
      0,
      0,
      0,
      0,
      0,
      0
    ],
    [
      2,
      0,
      0,
      0,
      0,
      0,
      1,
      5,
      0,
      1,
      9,
      0,
      0,
      0,
      0,
      1,
      0,
      0,
      0,
      0
    ],
    [
      3,
      0,
      0,
      0,
      0,
      0,
      2,
      11,
      0,
      1,
      6,
      0,
      0,
      0,
      1,
      2,
      1,
      0,
      0,
      1
    ],
    [
      2,
      0,
      1,
      0,
      0,
      0,
      1,
      4,
      0,
      0,
      9,
      0,
      0,
      0,
      0,
      0,
      0,
      0,
      1,
      0
    ],
    [
      2,
      0,
      0,
      0,
      1,
      1,
      2,
      4,
      0,
      1,
      3,
      0,
      0,
      0,
      0,
      5,
      0,
      0,
      0,
      1
    ],
    [
      8,
      0,
      3,
      1,
      2,
      0,
      2,
      23,
      0,
      1,
      92,
      5,
      2,
      4,
      0,
      27,
      3,
      0,
      6,
      3
    ],
    [
      1,
      0,
      1,
      1,
      3,
      1,
      0,
      0,
      0,
      1,
      3,
      2,
      2,
      1,
      0,
      3,
      0,
      0,
      0,
      4
    ],
    [
      4,
      0,
      3,
      0,
      4,
      0,
      3,
      4,
      0,
      0,
      3,
      8,
      3,
      1,
      0,
      1,
      1,
      0,
      0,
      6
    ],
    [
      3,
      0,
      2,
      0,
      0,
      1,
      0,
      10,
      0,
      1,
      8,
      1,
      1,
      4,
      0,
      7,
      2,
      0,
      0,
      4
    ],
    [
      4,
      0,
      0,
      0,
      0,
      0,
      0,
      2,
      0,
      0,
      3,
      2,
      0,
      2,
      11,
      1,
      1,
      0,
      0,
      2
    ],
    [
      7,
      0,
      3,
      0,
      0,
      1,
      3,
      14,
      0,
      0,
      15,
      7,
      1,
      2,
      1,
      15,
      3,
      1,
      0,
      5
    ],
    [
      1,
      0,
      1,
      0,
      1,
      0,
      2,
      2,
      0,
      0,
      2,
      0,
      0,
      0,
      0,
      0,
      10,
      0,
      0,
      1
    ],
    [
      0,
      0,
      2,
      0,
      1,
      1,
      1,
      4,
      0,
      0,
      3,
      1,
      1,
      0,
      1,
      0,
      1,
      2,
      0,
      2
    ],
    [
      5,
      0,
      1,
      0,
      0,
      1,
      1,
      3,
      0,
      0,
      24,
      1,
      0,
      1,
      0,
      2,
      0,
      0,
      1,
      1
    ],
    [
      1,
      0,
      1,
      1,
      1,
      0,
      1,
      4,
      0,
      0,
      3,
      0,
      0,
      0,
      0,
      2,
      0,
      0,
      0,
      3
    ]
  ],
  "labels": [
    "\ud83d\udc99",
    "\ud83d\ude01",
    "\ud83d\udd25",
    "\ud83d\ude0e",
    "\ud83d\ude02",
    "\ud83c\udf84",
    "\ud83d\ude18",
    "\ud83d\ude0a",
    "\ud83d\udc9c",
    "\ud83d\ude09",
    "\u2764",
    "\ud83d\udcf7",
    "\ud83d\udcf8",
    "\u2728",
    "\ud83c\uddfa\ud83c\uddf8",
    "\ud83d\ude0d",
    "\u2600",
    "\ud83d\udcaf",
    "\ud83d\udc95",
    "\ud83d\ude1c"
  ]
}