{
  "classification_report": {
    "\ud83d\udcf7": {
      "precision": 0.08333333333333333,
      "recall": 0.06896551724137931,
      "f1-score": 0.07547169811320754,
      "support": 29.0
    },
    "\ud83d\ude0e": {
      "precision": 0.09433962264150944,
      "recall": 0.125,
      "f1-score": 0.10752688172043011,
      "support": 40.0
    },
    "\ud83d\udc95": {
      "precision": 0.0625,
      "recall": 0.057692307692307696,
      "f1-score": 0.06,
      "support": 52.0
    },
    "\ud83d\ude18": {
      "precision": 0.05555555555555555,
      "recall": 0.08333333333333333,
      "f1-score": 0.06666666666666667,
      "support": 24.0
    },
    "\ud83d\udcaf": {
      "precision": 0.16666666666666666,
      "recall": 0.08,
      "f1-score": 0.10810810810810811,
      "support": 25.0
    },
    "\ud83d\udcf8": {
      "precision": 0.06666666666666667,
      "recall": 0.041666666666666664,
      "f1-score": 0.05128205128205128,
      "support": 48.0
    },
    "\ud83d\ude02": {
      "precision": 0.29292929292929293,
      "recall": 0.31868131868131866,
      "f1-score": 0.30526315789473685,
      "support": 91.0
    },
    "\ud83c\uddfa\ud83c\uddf8": {
      "precision": 0.0,
      "recall": 0.0,
      "f1-score": 0.0,
      "support": 39.0
    },
    "\ud83d\udc99": {
      "precision": 0.08333333333333333,
      "recall": 0.06451612903225806,
      "f1-score": 0.07272727272727272,
      "support": 31.0
    },
    "\ud83d\ude1c": {
      "precision": 0.15384615384615385,
      "recall": 0.1,
      "f1-score": 0.12121212121212122,
      "support": 20.0
    },
    "\u2600": {
      "precision": 0.0975609756097561,
      "recall": 0.16,
      "f1-score": 0.12121212121212122,
      "support": 25.0
    },
    "\ud83d\ude0d": {
      "precision": 0.15555555555555556,
      "recall": 0.14432989690721648,
      "f1-score": 0.1497326203208556,
      "support": 97.0
    },
    "\u2764": {
      "precision": 0.26591760299625467,
      "recall": 0.3287037037037037,
      "f1-score": 0.2939958592132505,
      "support": 216.0
    },
    "\ud83d\udd25": {
      "precision": 0.45161290322580644,
      "recall": 0.1891891891891892,
      "f1-score": 0.26666666666666666,
      "support": 74.0
    },
    "\ud83d\udc9c": {
      "precision": 0.06666666666666667,
      "recall": 0.045454545454545456,
      "f1-score": 0.05405405405405406,
      "support": 22.0
    },
    "\ud83d\ude09": {
      "precision": 0.0,
      "recall": 0.0,
      "f1-score": 0.0,
      "support": 26.0
    },
    "\ud83d\ude01": {
      "precision": 0.0,
      "recall": 0.0,
      "f1-score": 0.0,
      "support": 23.0
    },
    "\u2728": {
      "precision": 0.12195121951219512,
      "recall": 0.09090909090909091,
      "f1-score": 0.10416666666666667,
      "support": 55.0
    },
    "\ud83c\udf84": {
      "precision": 0.52,
      "recall": 0.41935483870967744,
      "f1-score": 0.4642857142857143,
      "support": 31.0
    },
    "\ud83d\ude0a": {
      "precision": 0.05128205128205128,
      "recall": 0.125,
      "f1-score": 0.07272727272727272,
      "support": 32.0
    },
    "micro avg": {
      "precision": 0.18696581196581197,
      "recall": 0.175,
      "f1-score": 0.18078512396694216,
      "support": 1000.0
    },
    "macro avg": {
      "precision": 0.13948587999103987,
      "recall": 0.12213982687603434,
      "f1-score": 0.12475494664355982,
      "support": 1000.0
    },
    "weighted avg": {
      "precision": 0.18477755338504565,
      "recall": 0.175,
      "f1-score": 0.1732610227763575,
      "support": 1000.0
    }
  },
  "accuracy": 0.175,
  "confusion_matrix": [
    [
      2,
      1,
      1,
      0,
      1,
      2,
      5,
      0,
      0,
      0,
      1,
      3,
      3,
      1,
      0,
      0,
      0,
      2,
      1,
      2
    ],
    [
      1,
      5,
      0,
      3,
      0,
      0,
      2,
      0,
      0,
      0,
      1,
      3,
      13,
      0,
      0,
      0,
      0,
      3,
      2,
      4
    ],
    [
      1,
      2,
      3,
      4,
      0,
      0,
      4,
      0,
      1,
      1,
      1,
      4,
      21,
      1,
      2,
      0,
      0,
      2,
      0,
      3
    ],
    [
      1,
      0,
      2,
      2,
      1,
      1,
      0,
      0,
      1,
      0,
      2,
      3,
      9,
      0,
      0,
      0,
      0,
      0,
      1,
      1
    ],
    [
      1,
      0,
      0,
      0,
      2,
      1,
      4,
      0,
      1,
      0,
      1,
      1,
      2,
      0,
      0,
      0,
      1,
      2,
      1,
      2
    ],
    [
      4,
      7,
      3,
      1,
      0,
      2,
      5,
      0,
      0,
      1,
      1,
      3,
      7,
      4,
      0,
      0,
      0,
      3,
      0,
      5
    ],
    [
      3,
      5,
      3,
      3,
      1,
      3,
      29,
      0,
      1,
      2,
      3,
      7,
      14,
      1,
      1,
      1,
      1,
      1,
      1,
      6
    ],
    [
      2,
      2,
      0,
      0,
      1,
      0,
      0,
      0,
      2,
      1,
      3,
      1,
      15,
      1,
      0,
      0,
      0,
      2,
      0,
      2
    ],
    [
      3,
      1,
      3,
      1,
      0,
      0,
      1,
      0,
      2,
      1,
      1,
      2,
      10,
      0,
      0,
      0,
      1,
      1,
      0,
      2
    ],
    [
      0,
      0,
      1,
      0,
      0,
      0,
      1,
      0,
      1,
      2,
      1,
      1,
      4,
      2,
      1,
      0,
      0,
      0,
      0,
      1
    ],
    [
      0,
      2,
      0,
      1,
      0,
      0,
      1,
      0,
      0,
      0,
      4,
      0,
      10,
      1,
      0,
      0,
      1,
      1,
      0,
      2
    ],
    [
      2,
      5,
      6,
      4,
      1,
      4,
      7,
      0,
      5,
      2,
      4,
      14,
      18,
      0,
      1,
      0,
      1,
      3,
      0,
      15
    ],
    [
      2,
      7,
      16,
      11,
      1,
      7,
      15,
      0,
      6,
      1,
      6,
      26,
      71,
      4,
      5,
      0,
      1,
      11,
      3,
      15
    ],
    [
      1,
      4,
      2,
      1,
      3,
      3,
      9,
      0,
      1,
      0,
      2,
      5,
      16,
      14,
      2,
      1,
      0,
      1,
      2,
      3
    ],
    [
      0,
      3,
      3,
      0,
      0,
      1,
      0,
      0,
      1,
      0,
      1,
      0,
      10,
      0,
      1,
      0,
      0,
      1,
      0,
      1
    ],
    [
      0,
      1,
      1,
      2,
      1,
      0,
      2,
      0,
      0,
      0,
      3,
      4,
      8,
      0,
      0,
      0,
      0,
      0,
      0,
      3
    ],
    [
      1,
      1,
      1,
      1,
      0,
      2,
      3,
      0,
      0,
      2,
      0,
      0,
      5,
      0,
      0,
      0,
      0,
      2,
      0,
      2
    ],
    [
      0,
      4,
      1,
      1,
      0,
      2,
      4,
      0,
      2,
      0,
      5,
      7,
      15,
      1,
      1,
      0,
      1,
      5,
      1,
      4
    ],
    [
      0,
      1,
      1,
      1,
      0,
      1,
      3,
      0,
      0,
      0,
      0,
      1,
      6,
      0,
      1,
      0,
      0,
      0,
      13,
      1
    ],
    [
      0,
      2,
      1,
      0,
      0,
      1,
      4,
      0,
      0,
      0,
      1,
      5,
      10,
      1,
      0,
      0,
      0,
      1,
      0,
      4
    ]
  ],
  "labels": [
    "\ud83d\udcf7",
    "\ud83d\ude0e",
    "\ud83d\udc95",
    "\ud83d\ude18",
    "\ud83d\udcaf",
    "\ud83d\udcf8",
    "\ud83d\ude02",
    "\ud83c\uddfa\ud83c\uddf8",
    "\ud83d\udc99",
    "\ud83d\ude1c",
    "\u2600",
    "\ud83d\ude0d",
    "\u2764",
    "\ud83d\udd25",
    "\ud83d\udc9c",
    "\ud83d\ude09",
    "\ud83d\ude01",
    "\u2728",
    "\ud83c\udf84",
    "\ud83d\ude0a"
  ]
}