{
  "classification_report": {
    "\ud83d\udd25": {
      "precision": 0.3125,
      "recall": 0.13513513513513514,
      "f1-score": 0.18867924528301888,
      "support": 74.0
    },
    "\u2728": {
      "precision": 0.2777777777777778,
      "recall": 0.09090909090909091,
      "f1-score": 0.136986301369863,
      "support": 55.0
    },
    "\u2764": {
      "precision": 0.47126436781609193,
      "recall": 0.18981481481481483,
      "f1-score": 0.2706270627062706,
      "support": 216.0
    },
    "\ud83d\udc9c": {
      "precision": 0.0,
      "recall": 0.0,
      "f1-score": 0.0,
      "support": 22.0
    },
    "\ud83d\udcf8": {
      "precision": 0.2,
      "recall": 0.08333333333333333,
      "f1-score": 0.11764705882352941,
      "support": 48.0
    },
    "\ud83d\ude1c": {
      "precision": 0.125,
      "recall": 0.05,
      "f1-score": 0.07142857142857142,
      "support": 20.0
    },
    "\ud83d\ude0e": {
      "precision": 0.027777777777777776,
      "recall": 0.025,
      "f1-score": 0.02631578947368421,
      "support": 40.0
    },
    "\u2600": {
      "precision": 0.2558139534883721,
      "recall": 0.44,
      "f1-score": 0.3235294117647059,
      "support": 25.0
    },
    "\ud83d\ude09": {
      "precision": 0.0,
      "recall": 0.0,
      "f1-score": 0.0,
      "support": 26.0
    },
    "\ud83d\ude0a": {
      "precision": 0.06934306569343066,
      "recall": 0.59375,
      "f1-score": 0.12418300653594772,
      "support": 32.0
    },
    "\ud83d\udc99": {
      "precision": 0.16666666666666666,
      "recall": 0.0967741935483871,
      "f1-score": 0.12244897959183673,
      "support": 31.0
    },
    "\ud83d\ude0d": {
      "precision": 0.4444444444444444,
      "recall": 0.08247422680412371,
      "f1-score": 0.1391304347826087,
      "support": 97.0
    },
    "\ud83d\ude02": {
      "precision": 0.28346456692913385,
      "recall": 0.3956043956043956,
      "f1-score": 0.3302752293577982,
      "support": 91.0
    },
    "\ud83d\udcaf": {
      "precision": 0.2,
      "recall": 0.04,
      "f1-score": 0.06666666666666667,
      "support": 25.0
    },
    "\ud83d\udc95": {
      "precision": 0.10714285714285714,
      "recall": 0.057692307692307696,
      "f1-score": 0.075,
      "support": 52.0
    },
    "\ud83d\udcf7": {
      "precision": 0.0,
      "recall": 0.0,
      "f1-score": 0.0,
      "support": 29.0
    },
    "\ud83d\ude01": {
      "precision": 0.0,
      "recall": 0.0,
      "f1-score": 0.0,
      "support": 23.0
    },
    "\ud83d\ude18": {
      "precision": 0.10344827586206896,
      "recall": 0.125,
      "f1-score": 0.11320754716981132,
      "support": 24.0
    },
    "\ud83c\udf84": {
      "precision": 0.5555555555555556,
      "recall": 0.4838709677419355,
      "f1-score": 0.5172413793103449,
      "support": 31.0
    },
    "\ud83c\uddfa\ud83c\uddf8": {
      "precision": 0.0,
      "recall": 0.0,
      "f1-score": 0.0,
      "support": 39.0
    },
    "micro avg": {
      "precision": 0.20074812967581046,
      "recall": 0.161,
      "f1-score": 0.17869034406215317,
      "support": 1000.0
    },
    "macro avg": {
      "precision": 0.18000996545770884,
      "recall": 0.14446792327917618,
      "f1-score": 0.13116833421323287,
      "support": 1000.0
    },
    "weighted avg": {
      "precision": 0.26637078205923326,
      "recall": 0.161,
      "f1-score": 0.17180705657533896,
      "support": 1000.0
    }
  },
  "accuracy": 0.161,
  "confusion_matrix": [
    [
      10,
      2,
      2,
      2,
      2,
      0,
      7,
      3,
      0,
      21,
      0,
      3,
      10,
      0,
      3,
      0,
      0,
      0,
      1,
      0
    ],
    [
      0,
      5,
      8,
      1,
      1,
      0,
      2,
      5,
      0,
      15,
      1,
      0,
      2,
      0,
      0,
      0,
      2,
      1,
      2,
      0
    ],
    [
      1,
      4,
      41,
      3,
      0,
      1,
      5,
      6,
      0,
      53,
      6,
      1,
      13,
      0,
      10,
      1,
      4,
      8,
      3,
      0
    ],
    [
      0,
      0,
      5,
      0,
      1,
      0,
      1,
      0,
      0,
      9,
      0,
      1,
      1,
      0,
      1,
      0,
      0,
      0,
      0,
      0
    ],
    [
      2,
      2,
      5,
      1,
      4,
      2,
      1,
      1,
      0,
      14,
      0,
      0,
      9,
      1,
      0,
      0,
      1,
      2,
      0,
      0
    ],
    [
      1,
      0,
      1,
      0,
      0,
      1,
      0,
      0,
      0,
      6,
      1,
      0,
      6,
      0,
      0,
      0,
      0,
      1,
      0,
      0
    ],
    [
      2,
      0,
      0,
      1,
      1,
      1,
      1,
      4,
      0,
      14,
      0,
      0,
      2,
      0,
      0,
      0,
      2,
      0,
      1,
      0
    ],
    [
      1,
      1,
      1,
      0,
      0,
      0,
      2,
      11,
      0,
      3,
      2,
      0,
      0,
      0,
      0,
      0,
      0,
      1,
      0,
      0
    ],
    [
      1,
      0,
      0,
      0,
      0,
      0,
      0,
      1,
      0,
      9,
      0,
      2,
      6,
      0,
      2,
      0,
      0,
      0,
      0,
      0
    ],
    [
      1,
      0,
      2,
      0,
      1,
      0,
      4,
      2,
      0,
      19,
      0,
      0,
      0,
      0,
      1,
      0,
      0,
      0,
      1,
      0
    ],
    [
      0,
      1,
      2,
      0,
      0,
      0,
      0,
      1,
      0,
      8,
      3,
      0,
      0,
      0,
      3,
      0,
      0,
      1,
      0,
      0
    ],
    [
      2,
      0,
      2,
      1,
      2,
      1,
      6,
      3,
      0,
      31,
      3,
      8,
      11,
      0,
      2,
      1,
      1,
      2,
      0,
      0
    ],
    [
      7,
      0,
      1,
      1,
      3,
      2,
      4,
      2,
      0,
      18,
      0,
      0,
      36,
      1,
      2,
      0,
      0,
      2,
      0,
      0
    ],
    [
      0,
      1,
      1,
      1,
      0,
      0,
      0,
      1,
      0,
      5,
      1,
      1,
      6,
      1,
      0,
      0,
      0,
      1,
      0,
      0
    ],
    [
      1,
      1,
      3,
      1,
      1,
      0,
      1,
      1,
      1,
      13,
      0,
      1,
      5,
      0,
      3,
      0,
      1,
      4,
      1,
      0
    ],
    [
      0,
      0,
      2,
      0,
      3,
      0,
      1,
      0,
      0,
      6,
      0,
      1,
      6,
      1,
      0,
      0,
      1,
      0,
      1,
      0
    ],
    [
      0,
      0,
      1,
      0,
      0,
      0,
      0,
      0,
      0,
      8,
      1,
      0,
      9,
      0,
      1,
      0,
      0,
      1,
      1,
      0
    ],
    [
      0,
      0,
      2,
      1,
      0,
      0,
      1,
      1,
      0,
      8,
      0,
      0,
      1,
      0,
      0,
      0,
      0,
      3,
      0,
      0
    ],
    [
      3,
      1,
      3,
      0,
      0,
      0,
      0,
      0,
      0,
      3,
      0,
      0,
      0,
      0,
      0,
      0,
      0,
      1,
      15,
      0
    ],
    [
      0,
      0,
      5,
      0,
      1,
      0,
      0,
      1,
      0,
      11,
      0,
      0,
      4,
      1,
      0,
      1,
      3,
      1,
      1,
      0
    ]
  ],
  "labels": [
    "\ud83d\udd25",
    "\u2728",
    "\u2764",
    "\ud83d\udc9c",
    "\ud83d\udcf8",
    "\ud83d\ude1c",
    "\ud83d\ude0e",
    "\u2600",
    "\ud83d\ude09",
    "\ud83d\ude0a",
    "\ud83d\udc99",
    "\ud83d\ude0d",
    "\ud83d\ude02",
    "\ud83d\udcaf",
    "\ud83d\udc95",
    "\ud83d\udcf7",
    "\ud83d\ude01",
    "\ud83d\ude18",
    "\ud83c\udf84",
    "\ud83c\uddfa\ud83c\uddf8"
  ]
}