{
  "classification_report": {
    "\ud83d\ude0a": {
      "precision": 0.046762589928057555,
      "recall": 0.40625,
      "f1-score": 0.08387096774193549,
      "support": 32.0
    },
    "\ud83d\udd25": {
      "precision": 0.4722222222222222,
      "recall": 0.22972972972972974,
      "f1-score": 0.3090909090909091,
      "support": 74.0
    },
    "\u2600": {
      "precision": 0.5,
      "recall": 0.16,
      "f1-score": 0.24242424242424243,
      "support": 25.0
    },
    "\ud83d\ude0e": {
      "precision": 0.17391304347826086,
      "recall": 0.1,
      "f1-score": 0.12698412698412698,
      "support": 40.0
    },
    "\ud83c\udf84": {
      "precision": 0.631578947368421,
      "recall": 0.3870967741935484,
      "f1-score": 0.48,
      "support": 31.0
    },
    "\ud83d\ude1c": {
      "precision": 0.0,
      "recall": 0.0,
      "f1-score": 0.0,
      "support": 20.0
    },
    "\ud83d\ude02": {
      "precision": 0.35294117647058826,
      "recall": 0.13186813186813187,
      "f1-score": 0.192,
      "support": 91.0
    },
    "\ud83d\ude01": {
      "precision": 0.0,
      "recall": 0.0,
      "f1-score": 0.0,
      "support": 23.0
    },
    "\ud83c\uddfa\ud83c\uddf8": {
      "precision": 0.0,
      "recall": 0.0,
      "f1-score": 0.0,
      "support": 39.0
    },
    "\ud83d\ude09": {
      "precision": 0.0,
      "recall": 0.0,
      "f1-score": 0.0,
      "support": 26.0
    },
    "\ud83d\udc95": {
      "precision": 0.0,
      "recall": 0.0,
      "f1-score": 0.0,
      "support": 52.0
    },
    "\ud83d\ude0d": {
      "precision": 0.21052631578947367,
      "recall": 0.16494845360824742,
      "f1-score": 0.18497109826589594,
      "support": 97.0
    },
    "\u2728": {
      "precision": 0.3333333333333333,
      "recall": 0.09090909090909091,
      "f1-score": 0.14285714285714285,
      "support": 55.0
    },
    "\ud83d\udcaf": {
      "precision": 0.0,
      "recall": 0.0,
      "f1-score": 0.0,
      "support": 25.0
    },
    "\ud83d\udc99": {
      "precision": 0.16666666666666666,
      "recall": 0.03225806451612903,
      "f1-score": 0.05405405405405406,
      "support": 31.0
    },
    "\ud83d\ude18": {
      "precision": 0.0,
      "recall": 0.0,
      "f1-score": 0.0,
      "support": 24.0
    },
    "\ud83d\udcf8": {
      "precision": 0.3333333333333333,
      "recall": 0.08333333333333333,
      "f1-score": 0.13333333333333333,
      "support": 48.0
    },
    "\u2764": {
      "precision": 0.5862068965517241,
      "recall": 0.0787037037037037,
      "f1-score": 0.13877551020408163,
      "support": 216.0
    },
    "\ud83d\udc9c": {
      "precision": 0.0,
      "recall": 0.0,
      "f1-score": 0.0,
      "support": 22.0
    },
    "\ud83d\udcf7": {
      "precision": 0.6666666666666666,
      "recall": 0.06896551724137931,
      "f1-score": 0.125,
      "support": 29.0
    },
    "micro avg": {
      "precision": 0.19489981785063754,
      "recall": 0.107,
      "f1-score": 0.1381536475145255,
      "support": 1000.0
    },
    "macro avg": {
      "precision": 0.22370755959043737,
      "recall": 0.09670313995516468,
      "f1-score": 0.11066806924778609,
      "support": 1000.0
    },
    "weighted avg": {
      "precision": 0.31346903910860197,
      "recall": 0.107,
      "f1-score": 0.13652409464913243,
      "support": 1000.0
    }
  },
  "accuracy": 0.107,
  "confusion_matrix": [
    [
      13,
      1,
      1,
      2,
      0,
      0,
      0,
      0,
      0,
      1,
      1,
      1,
      1,
      0,
      0,
      0,
      0,
      0,
      0,
      0
    ],
    [
      12,
      17,
      0,
      3,
      0,
      0,
      2,
      0,
      0,
      0,
      0,
      2,
      1,
      0,
      0,
      0,
      2,
      0,
      0,
      0
    ],
    [
      4,
      0,
      4,
      2,
      0,
      0,
      0,
      0,
      0,
      0,
      0,
      2,
      0,
      0,
      0,
      1,
      0,
      1,
      0,
      1
    ],
    [
      10,
      3,
      0,
      4,
      0,
      0,
      0,
      0,
      0,
      0,
      0,
      1,
      0,
      0,
      0,
      0,
      0,
      0,
      0,
      0
    ],
    [
      5,
      2,
      0,
      0,
      12,
      0,
      0,
      0,
      0,
      0,
      0,
      2,
      0,
      0,
      0,
      0,
      0,
      0,
      0,
      0
    ],
    [
      7,
      1,
      0,
      1,
      0,
      0,
      3,
      0,
      0,
      0,
      0,
      1,
      0,
      0,
      0,
      0,
      0,
      0,
      0,
      0
    ],
    [
      16,
      3,
      0,
      1,
      1,
      0,
      12,
      0,
      0,
      0,
      0,
      4,
      0,
      0,
      0,
      0,
      1,
      0,
      0,
      0
    ],
    [
      6,
      0,
      0,
      0,
      0,
      0,
      0,
      0,
      0,
      0,
      0,
      3,
      0,
      0,
      1,
      0,
      1,
      0,
      0,
      0
    ],
    [
      5,
      1,
      0,
      1,
      0,
      0,
      0,
      0,
      0,
      0,
      0,
      1,
      2,
      0,
      0,
      0,
      0,
      1,
      0,
      0
    ],
    [
      9,
      0,
      0,
      0,
      1,
      0,
      0,
      0,
      0,
      0,
      0,
      3,
      0,
      0,
      0,
      0,
      0,
      0,
      0,
      0
    ],
    [
      19,
      2,
      0,
      0,
      0,
      0,
      1,
      0,
      0,
      0,
      0,
      7,
      0,
      0,
      0,
      0,
      0,
      3,
      0,
      0
    ],
    [
      31,
      0,
      1,
      2,
      0,
      0,
      2,
      0,
      0,
      0,
      0,
      16,
      3,
      0,
      0,
      0,
      2,
      0,
      1,
      0
    ],
    [
      23,
      0,
      0,
      1,
      1,
      0,
      1,
      0,
      0,
      0,
      1,
      3,
      5,
      0,
      1,
      0,
      1,
      1,
      0,
      0
    ],
    [
      4,
      1,
      0,
      0,
      0,
      0,
      2,
      0,
      0,
      0,
      0,
      0,
      0,
      0,
      0,
      0,
      0,
      0,
      0,
      0
    ],
    [
      15,
      0,
      0,
      0,
      0,
      0,
      0,
      0,
      0,
      0,
      0,
      4,
      0,
      0,
      1,
      0,
      0,
      1,
      0,
      0
    ],
    [
      9,
      0,
      0,
      0,
      1,
      0,
      0,
      0,
      0,
      0,
      0,
      1,
      0,
      0,
      0,
      0,
      0,
      2,
      0,
      0
    ],
    [
      11,
      2,
      0,
      1,
      0,
      0,
      3,
      0,
      0,
      0,
      0,
      1,
      0,
      0,
      0,
      0,
      4,
      1,
      0,
      0
    ],
    [
      71,
      3,
      2,
      4,
      1,
      0,
      5,
      0,
      0,
      0,
      1,
      24,
      2,
      0,
      3,
      2,
      0,
      17,
      1,
      0
    ],
    [
      8,
      0,
      0,
      0,
      0,
      0,
      1,
      0,
      0,
      0,
      0,
      0,
      1,
      1,
      0,
      0,
      0,
      2,
      0,
      0
    ],
    [
      0,
      0,
      0,
      1,
      2,
      0,
      2,
      0,
      0,
      0,
      0,
      0,
      0,
      0,
      0,
      0,
      1,
      0,
      0,
      2
    ]
  ],
  "labels": [
    "\ud83d\ude0a",
    "\ud83d\udd25",
    "\u2600",
    "\ud83d\ude0e",
    "\ud83c\udf84",
    "\ud83d\ude1c",
    "\ud83d\ude02",
    "\ud83d\ude01",
    "\ud83c\uddfa\ud83c\uddf8",
    "\ud83d\ude09",
    "\ud83d\udc95",
    "\ud83d\ude0d",
    "\u2728",
    "\ud83d\udcaf",
    "\ud83d\udc99",
    "\ud83d\ude18",
    "\ud83d\udcf8",
    "\u2764",
    "\ud83d\udc9c",
    "\ud83d\udcf7"
  ]
}