{
  "classification_report": {
    "\ud83d\ude09": {
      "precision": 0.0,
      "recall": 0.0,
      "f1-score": 0.0,
      "support": 26.0
    },
    "\ud83d\udcf7": {
      "precision": 0.1111111111111111,
      "recall": 0.034482758620689655,
      "f1-score": 0.05263157894736842,
      "support": 29.0
    },
    "\ud83d\ude1c": {
      "precision": 0.0,
      "recall": 0.0,
      "f1-score": 0.0,
      "support": 20.0
    },
    "\ud83c\udf84": {
      "precision": 0.8421052631578947,
      "recall": 0.5161290322580645,
      "f1-score": 0.64,
      "support": 31.0
    },
    "\ud83d\ude0e": {
      "precision": 0.125,
      "recall": 0.025,
      "f1-score": 0.041666666666666664,
      "support": 40.0
    },
    "\u2728": {
      "precision": 0.13043478260869565,
      "recall": 0.10909090909090909,
      "f1-score": 0.1188118811881188,
      "support": 55.0
    },
    "\ud83d\ude0a": {
      "precision": 0.056962025316455694,
      "recall": 0.28125,
      "f1-score": 0.09473684210526316,
      "support": 32.0
    },
    "\u2600": {
      "precision": 0.0,
      "recall": 0.0,
      "f1-score": 0.0,
      "support": 25.0
    },
    "\ud83d\udcf8": {
      "precision": 0.2,
      "recall": 0.0625,
      "f1-score": 0.09523809523809523,
      "support": 48.0
    },
    "\ud83d\udcaf": {
      "precision": 0.0,
      "recall": 0.0,
      "f1-score": 0.0,
      "support": 25.0
    },
    "\ud83d\ude0d": {
      "precision": 0.2,
      "recall": 0.28865979381443296,
      "f1-score": 0.23628691983122363,
      "support": 97.0
    },
    "\ud83d\ude01": {
      "precision": 0.0,
      "recall": 0.0,
      "f1-score": 0.0,
      "support": 23.0
    },
    "\u2764": {
      "precision": 0.5142857142857142,
      "recall": 0.16666666666666666,
      "f1-score": 0.2517482517482518,
      "support": 216.0
    },
    "\ud83d\ude02": {
      "precision": 0.3783783783783784,
      "recall": 0.15384615384615385,
      "f1-score": 0.21875,
      "support": 91.0
    },
    "\ud83d\udc99": {
      "precision": 0.0,
      "recall": 0.0,
      "f1-score": 0.0,
      "support": 31.0
    },
    "\ud83d\udc95": {
      "precision": 0.14285714285714285,
      "recall": 0.057692307692307696,
      "f1-score": 0.0821917808219178,
      "support": 52.0
    },
    "\ud83d\udd25": {
      "precision": 0.43137254901960786,
      "recall": 0.2972972972972973,
      "f1-score": 0.352,
      "support": 74.0
    },
    "\ud83d\udc9c": {
      "precision": 0.0,
      "recall": 0.0,
      "f1-score": 0.0,
      "support": 22.0
    },
    "\ud83c\uddfa\ud83c\uddf8": {
      "precision": 0.625,
      "recall": 0.2564102564102564,
      "f1-score": 0.36363636363636365,
      "support": 39.0
    },
    "\ud83d\ude18": {
      "precision": 0.2,
      "recall": 0.041666666666666664,
      "f1-score": 0.06896551724137931,
      "support": 24.0
    },
    "micro avg": {
      "precision": 0.24916943521594684,
      "recall": 0.15,
      "f1-score": 0.18726591760299627,
      "support": 1000.0
    },
    "macro avg": {
      "precision": 0.19787534833675005,
      "recall": 0.11453459211817223,
      "f1-score": 0.13083319487123243,
      "support": 1000.0
    },
    "weighted avg": {
      "precision": 0.2863674700078909,
      "recall": 0.15,
      "f1-score": 0.180533310239886,
      "support": 1000.0
    }
  },
  "accuracy": 0.15,
  "confusion_matrix": [
    [
      0,
      0,
      0,
      0,
      0,
      1,
      4,
      0,
      0,
      0,
      8,
      0,
      1,
      0,
      0,
      0,
      0,
      0,
      0,
      0
    ],
    [
      0,
      1,
      0,
      0,
      1,
      1,
      3,
      0,
      3,
      0,
      1,
      0,
      3,
      1,
      0,
      0,
      2,
      0,
      0,
      0
    ],
    [
      0,
      0,
      0,
      0,
      0,
      0,
      10,
      0,
      0,
      0,
      2,
      0,
      1,
      0,
      0,
      0,
      0,
      0,
      0,
      0
    ],
    [
      0,
      0,
      0,
      16,
      0,
      0,
      2,
      0,
      0,
      0,
      3,
      0,
      1,
      0,
      0,
      0,
      3,
      0,
      0,
      0
    ],
    [
      0,
      0,
      0,
      0,
      1,
      1,
      8,
      0,
      0,
      0,
      6,
      0,
      1,
      2,
      0,
      0,
      2,
      0,
      0,
      0
    ],
    [
      2,
      0,
      0,
      0,
      1,
      6,
      12,
      0,
      2,
      0,
      6,
      0,
      2,
      2,
      0,
      3,
      2,
      0,
      0,
      0
    ],
    [
      0,
      0,
      0,
      0,
      0,
      1,
      9,
      0,
      0,
      0,
      5,
      0,
      1,
      1,
      0,
      1,
      0,
      0,
      0,
      0
    ],
    [
      0,
      0,
      0,
      0,
      1,
      0,
      5,
      0,
      0,
      0,
      1,
      0,
      0,
      0,
      0,
      0,
      1,
      0,
      2,
      0
    ],
    [
      0,
      5,
      0,
      0,
      0,
      5,
      5,
      0,
      3,
      0,
      1,
      1,
      1,
      2,
      0,
      0,
      3,
      0,
      0,
      0
    ],
    [
      0,
      0,
      0,
      0,
      0,
      0,
      3,
      0,
      0,
      0,
      2,
      0,
      0,
      1,
      0,
      0,
      0,
      0,
      1,
      0
    ],
    [
      0,
      0,
      0,
      0,
      1,
      6,
      20,
      0,
      1,
      0,
      28,
      0,
      3,
      5,
      0,
      1,
      3,
      0,
      0,
      1
    ],
    [
      0,
      1,
      0,
      0,
      0,
      2,
      9,
      0,
      0,
      0,
      3,
      0,
      0,
      0,
      0,
      0,
      0,
      0,
      0,
      0
    ],
    [
      0,
      0,
      0,
      1,
      1,
      9,
      31,
      0,
      1,
      0,
      38,
      0,
      36,
      3,
      0,
      12,
      3,
      0,
      0,
      0
    ],
    [
      1,
      0,
      0,
      0,
      1,
      2,
      10,
      0,
      3,
      0,
      8,
      0,
      2,
      14,
      0,
      1,
      5,
      1,
      1,
      0
    ],
    [
      0,
      0,
      0,
      0,
      0,
      1,
      7,
      0,
      0,
      0,
      4,
      0,
      6,
      1,
      0,
      0,
      0,
      0,
      2,
      2
    ],
    [
      0,
      0,
      0,
      1,
      0,
      5,
      7,
      0,
      1,
      0,
      11,
      0,
      6,
      3,
      0,
      3,
      0,
      0,
      0,
      0
    ],
    [
      0,
      0,
      0,
      0,
      1,
      3,
      4,
      0,
      1,
      0,
      6,
      0,
      0,
      2,
      0,
      0,
      22,
      1,
      0,
      1
    ],
    [
      0,
      0,
      0,
      0,
      0,
      2,
      6,
      0,
      0,
      0,
      0,
      0,
      3,
      0,
      0,
      0,
      1,
      0,
      0,
      0
    ],
    [
      0,
      2,
      0,
      0,
      0,
      1,
      1,
      0,
      0,
      0,
      1,
      0,
      0,
      0,
      0,
      0,
      4,
      0,
      10,
      0
    ],
    [
      1,
      0,
      0,
      1,
      0,
      0,
      2,
      0,
      0,
      0,
      6,
      0,
      3,
      0,
      0,
      0,
      0,
      0,
      0,
      1
    ]
  ],
  "labels": [
    "\ud83d\ude09",
    "\ud83d\udcf7",
    "\ud83d\ude1c",
    "\ud83c\udf84",
    "\ud83d\ude0e",
    "\u2728",
    "\ud83d\ude0a",
    "\u2600",
    "\ud83d\udcf8",
    "\ud83d\udcaf",
    "\ud83d\ude0d",
    "\ud83d\ude01",
    "\u2764",
    "\ud83d\ude02",
    "\ud83d\udc99",
    "\ud83d\udc95",
    "\ud83d\udd25",
    "\ud83d\udc9c",
    "\ud83c\uddfa\ud83c\uddf8",
    "\ud83d\ude18"
  ]
}