{
  "classification_report": {
    "\u2600": {
      "precision": 0.2894736842105263,
      "recall": 0.44,
      "f1-score": 0.3492063492063492,
      "support": 25.0
    },
    "\u2728": {
      "precision": 0.3333333333333333,
      "recall": 0.21818181818181817,
      "f1-score": 0.26373626373626374,
      "support": 55.0
    },
    "\u2764": {
      "precision": 0.6302521008403361,
      "recall": 0.3472222222222222,
      "f1-score": 0.44776119402985076,
      "support": 216.0
    },
    "\ud83c\uddfa\ud83c\uddf8": {
      "precision": 0.0,
      "recall": 0.0,
      "f1-score": 0.0,
      "support": 39.0
    },
    "\ud83c\udf84": {
      "precision": 0.32926829268292684,
      "recall": 0.8709677419354839,
      "f1-score": 0.4778761061946903,
      "support": 31.0
    },
    "\ud83d\udc95": {
      "precision": 0.18181818181818182,
      "recall": 0.038461538461538464,
      "f1-score": 0.06349206349206349,
      "support": 52.0
    },
    "\ud83d\udc99": {
      "precision": 0.0,
      "recall": 0.0,
      "f1-score": 0.0,
      "support": 31.0
    },
    "\ud83d\udc9c": {
      "precision": 0.0,
      "recall": 0.0,
      "f1-score": 0.0,
      "support": 22.0
    },
    "\ud83d\udcaf": {
      "precision": 0.0,
      "recall": 0.0,
      "f1-score": 0.0,
      "support": 25.0
    },
    "\ud83d\udcf7": {
      "precision": 0.07692307692307693,
      "recall": 0.06896551724137931,
      "f1-score": 0.07272727272727272,
      "support": 29.0
    },
    "\ud83d\udcf8": {
      "precision": 0.22807017543859648,
      "recall": 0.2708333333333333,
      "f1-score": 0.24761904761904763,
      "support": 48.0
    },
    "\ud83d\udd25": {
      "precision": 0.4166666666666667,
      "recall": 0.20270270270270271,
      "f1-score": 0.2727272727272727,
      "support": 74.0
    },
    "\ud83d\ude01": {
      "precision": 0.01098901098901099,
      "recall": 0.043478260869565216,
      "f1-score": 0.017543859649122806,
      "support": 23.0
    },
    "\ud83d\ude02": {
      "precision": 0.39622641509433965,
      "recall": 0.23076923076923078,
      "f1-score": 0.2916666666666667,
      "support": 91.0
    },
    "\ud83d\ude09": {
      "precision": 0.0,
      "recall": 0.0,
      "f1-score": 0.0,
      "support": 26.0
    },
    "\ud83d\ude0a": {
      "precision": 0.04964539007092199,
      "recall": 0.21875,
      "f1-score": 0.08092485549132948,
      "support": 32.0
    },
    "\ud83d\ude0d": {
      "precision": 0.20588235294117646,
      "recall": 0.21649484536082475,
      "f1-score": 0.21105527638190955,
      "support": 97.0
    },
    "\ud83d\ude0e": {
      "precision": 0.15151515151515152,
      "recall": 0.125,
      "f1-score": 0.136986301369863,
      "support": 40.0
    },
    "\ud83d\ude18": {
      "precision": 0.045454545454545456,
      "recall": 0.041666666666666664,
      "f1-score": 0.043478260869565216,
      "support": 24.0
    },
    "\ud83d\ude1c": {
      "precision": 0.0,
      "recall": 0.0,
      "f1-score": 0.0,
      "support": 20.0
    },
    "micro avg": {
      "precision": 0.24912280701754386,
      "recall": 0.213,
      "f1-score": 0.22964959568733154,
      "support": 1000.0
    },
    "macro avg": {
      "precision": 0.16727591889893953,
      "recall": 0.16667469388723827,
      "f1-score": 0.14884003950806335,
      "support": 1000.0
    },
    "weighted avg": {
      "precision": 0.2903980696283913,
      "recall": 0.213,
      "f1-score": 0.22877450405537542,
      "support": 1000.0
    }
  },
  "accuracy": 0.213,
  "confusion_matrix": [
    [
      11,
      2,
      0,
      0,
      1,
      0,
      0,
      0,
      0,
      0,
      0,
      1,
      0,
      0,
      0,
      3,
      2,
      2,
      0,
      0
    ],
    [
      3,
      12,
      1,
      0,
      6,
      1,
      0,
      0,
      0,
      0,
      2,
      0,
      4,
      1,
      1,
      10,
      3,
      2,
      1,
      0
    ],
    [
      8,
      1,
      75,
      0,
      10,
      4,
      0,
      0,
      0,
      3,
      10,
      4,
      12,
      3,
      1,
      26,
      31,
      2,
      7,
      0
    ],
    [
      0,
      0,
      1,
      0,
      0,
      0,
      0,
      0,
      0,
      7,
      0,
      2,
      0,
      0,
      0,
      0,
      0,
      1,
      0,
      0
    ],
    [
      0,
      0,
      2,
      0,
      27,
      0,
      0,
      0,
      0,
      0,
      1,
      0,
      1,
      0,
      0,
      0,
      0,
      0,
      0,
      0
    ],
    [
      0,
      1,
      11,
      0,
      4,
      2,
      0,
      0,
      0,
      2,
      0,
      0,
      0,
      0,
      1,
      9,
      11,
      1,
      4,
      0
    ],
    [
      1,
      2,
      2,
      0,
      2,
      1,
      0,
      0,
      0,
      0,
      2,
      1,
      3,
      0,
      0,
      5,
      6,
      0,
      0,
      0
    ],
    [
      0,
      0,
      4,
      0,
      1,
      1,
      0,
      0,
      0,
      1,
      2,
      0,
      2,
      0,
      0,
      8,
      1,
      0,
      0,
      0
    ],
    [
      0,
      1,
      1,
      0,
      0,
      0,
      0,
      0,
      0,
      2,
      0,
      1,
      3,
      2,
      0,
      3,
      1,
      3,
      0,
      0
    ],
    [
      0,
      2,
      0,
      0,
      3,
      0,
      0,
      0,
      0,
      2,
      4,
      1,
      1,
      4,
      1,
      4,
      2,
      2,
      0,
      0
    ],
    [
      4,
      1,
      1,
      0,
      1,
      0,
      0,
      0,
      0,
      1,
      13,
      2,
      8,
      4,
      0,
      5,
      0,
      4,
      0,
      0
    ],
    [
      1,
      3,
      5,
      0,
      6,
      1,
      0,
      0,
      0,
      1,
      2,
      15,
      9,
      3,
      0,
      5,
      8,
      4,
      0,
      1
    ],
    [
      0,
      0,
      1,
      0,
      3,
      0,
      0,
      0,
      0,
      0,
      1,
      0,
      1,
      4,
      0,
      9,
      1,
      0,
      0,
      0
    ],
    [
      1,
      0,
      2,
      0,
      4,
      0,
      0,
      0,
      0,
      2,
      6,
      6,
      20,
      21,
      1,
      10,
      5,
      0,
      1,
      0
    ],
    [
      1,
      2,
      1,
      0,
      2,
      0,
      0,
      0,
      0,
      0,
      1,
      0,
      3,
      2,
      0,
      6,
      1,
      1,
      1,
      0
    ],
    [
      2,
      3,
      2,
      0,
      1,
      0,
      0,
      0,
      0,
      0,
      3,
      0,
      6,
      1,
      0,
      7,
      2,
      2,
      0,
      0
    ],
    [
      4,
      6,
      6,
      0,
      5,
      0,
      0,
      0,
      0,
      2,
      6,
      1,
      11,
      4,
      0,
      12,
      21,
      1,
      5,
      0
    ],
    [
      2,
      0,
      0,
      0,
      4,
      1,
      0,
      0,
      1,
      1,
      2,
      1,
      2,
      1,
      1,
      6,
      5,
      5,
      0,
      0
    ],
    [
      0,
      0,
      3,
      0,
      1,
      0,
      0,
      0,
      0,
      1,
      1,
      0,
      3,
      0,
      0,
      7,
      1,
      3,
      1,
      0
    ],
    [
      0,
      0,
      1,
      0,
      1,
      0,
      0,
      0,
      0,
      1,
      1,
      1,
      2,
      3,
      0,
      6,
      1,
      0,
      2,
      0
    ]
  ],
  "labels": [
    "\u2600",
    "\u2728",
    "\u2764",
    "\ud83c\uddfa\ud83c\uddf8",
    "\ud83c\udf84",
    "\ud83d\udc95",
    "\ud83d\udc99",
    "\ud83d\udc9c",
    "\ud83d\udcaf",
    "\ud83d\udcf7",
    "\ud83d\udcf8",
    "\ud83d\udd25",
    "\ud83d\ude01",
    "\ud83d\ude02",
    "\ud83d\ude09",
    "\ud83d\ude0a",
    "\ud83d\ude0d",
    "\ud83d\ude0e",
    "\ud83d\ude18",
    "\ud83d\ude1c"
  ]
}