{
  "classification_report": {
    "\ud83d\ude0e": {
      "precision": 0.0,
      "recall": 0.0,
      "f1-score": 0.0,
      "support": 40.0
    },
    "\ud83d\ude1c": {
      "precision": 0.125,
      "recall": 0.05,
      "f1-score": 0.07142857142857142,
      "support": 20.0
    },
    "\ud83c\uddfa\ud83c\uddf8": {
      "precision": 0.3333333333333333,
      "recall": 0.07692307692307693,
      "f1-score": 0.125,
      "support": 39.0
    },
    "\ud83d\udcf7": {
      "precision": 0.0,
      "recall": 0.0,
      "f1-score": 0.0,
      "support": 29.0
    },
    "\ud83d\udcf8": {
      "precision": 0.2,
      "recall": 0.041666666666666664,
      "f1-score": 0.06896551724137931,
      "support": 48.0
    },
    "\ud83c\udf84": {
      "precision": 0.6923076923076923,
      "recall": 0.5806451612903226,
      "f1-score": 0.631578947368421,
      "support": 31.0
    },
    "\u2728": {
      "precision": 1.0,
      "recall": 0.01818181818181818,
      "f1-score": 0.03571428571428571,
      "support": 55.0
    },
    "\ud83d\udcaf": {
      "precision": 0.0,
      "recall": 0.0,
      "f1-score": 0.0,
      "support": 25.0
    },
    "\ud83d\udc99": {
      "precision": 0.07692307692307693,
      "recall": 0.03225806451612903,
      "f1-score": 0.045454545454545456,
      "support": 31.0
    },
    "\ud83d\ude0a": {
      "precision": 0.0684931506849315,
      "recall": 0.15625,
      "f1-score": 0.09523809523809523,
      "support": 32.0
    },
    "\u2764": {
      "precision": 0.484375,
      "recall": 0.14351851851851852,
      "f1-score": 0.22142857142857142,
      "support": 216.0
    },
    "\ud83d\ude0d": {
      "precision": 0.3,
      "recall": 0.030927835051546393,
      "f1-score": 0.056074766355140186,
      "support": 97.0
    },
    "\ud83d\ude18": {
      "precision": 0.0,
      "recall": 0.0,
      "f1-score": 0.0,
      "support": 24.0
    },
    "\ud83d\ude01": {
      "precision": 0.0,
      "recall": 0.0,
      "f1-score": 0.0,
      "support": 23.0
    },
    "\ud83d\ude02": {
      "precision": 0.38461538461538464,
      "recall": 0.054945054945054944,
      "f1-score": 0.09615384615384616,
      "support": 91.0
    },
    "\u2600": {
      "precision": 0.6666666666666666,
      "recall": 0.08,
      "f1-score": 0.14285714285714285,
      "support": 25.0
    },
    "\ud83d\udc9c": {
      "precision": 0.0,
      "recall": 0.0,
      "f1-score": 0.0,
      "support": 22.0
    },
    "\ud83d\ude09": {
      "precision": 0.0,
      "recall": 0.0,
      "f1-score": 0.0,
      "support": 26.0
    },
    "\ud83d\udd25": {
      "precision": 0.4,
      "recall": 0.02702702702702703,
      "f1-score": 0.05063291139240506,
      "support": 74.0
    },
    "\ud83d\udc95": {
      "precision": 0.0,
      "recall": 0.0,
      "f1-score": 0.0,
      "support": 52.0
    },
    "micro avg": {
      "precision": 0.2901960784313726,
      "recall": 0.074,
      "f1-score": 0.11792828685258964,
      "support": 1000.0
    },
    "macro avg": {
      "precision": 0.23658571522655425,
      "recall": 0.064617161156008,
      "f1-score": 0.0820263600316202,
      "support": 1000.0
    },
    "weighted avg": {
      "precision": 0.32112960133473833,
      "recall": 0.074,
      "f1-score": 0.10494994707506093,
      "support": 1000.0
    }
  },
  "accuracy": 0.074,
  "confusion_matrix": [
    [
      0,
      1,
      0,
      0,
      0,
      0,
      0,
      0,
      1,
      4,
      0,
      0,
      0,
      0,
      0,
      0,
      0,
      0,
      1,
      0
    ],
    [
      0,
      1,
      0,
      0,
      0,
      0,
      0,
      0,
      1,
      2,
      1,
      0,
      0,
      0,
      0,
      0,
      0,
      0,
      1,
      0
    ],
    [
      0,
      0,
      3,
      0,
      0,
      0,
      0,
      0,
      1,
      1,
      0,
      1,
      0,
      0,
      0,
      0,
      0,
      0,
      0,
      0
    ],
    [
      0,
      1,
      0,
      0,
      1,
      1,
      0,
      0,
      0,
      0,
      0,
      1,
      0,
      0,
      0,
      0,
      0,
      0,
      0,
      0
    ],
    [
      0,
      0,
      0,
      1,
      2,
      0,
      0,
      0,
      0,
      1,
      0,
      0,
      0,
      0,
      0,
      0,
      0,
      0,
      0,
      0
    ],
    [
      0,
      0,
      0,
      0,
      0,
      18,
      0,
      0,
      0,
      1,
      2,
      0,
      0,
      0,
      0,
      0,
      0,
      0,
      1,
      0
    ],
    [
      0,
      0,
      1,
      0,
      0,
      1,
      1,
      0,
      1,
      6,
      4,
      0,
      0,
      0,
      0,
      0,
      0,
      1,
      0,
      0
    ],
    [
      0,
      0,
      1,
      0,
      0,
      1,
      0,
      0,
      1,
      1,
      0,
      0,
      0,
      0,
      1,
      0,
      0,
      0,
      0,
      0
    ],
    [
      0,
      0,
      1,
      0,
      0,
      0,
      0,
      0,
      1,
      2,
      4,
      0,
      0,
      0,
      0,
      0,
      0,
      0,
      0,
      0
    ],
    [
      0,
      0,
      0,
      0,
      0,
      0,
      0,
      0,
      0,
      5,
      1,
      0,
      0,
      0,
      0,
      0,
      0,
      0,
      0,
      0
    ],
    [
      0,
      1,
      0,
      0,
      2,
      3,
      0,
      0,
      3,
      14,
      31,
      4,
      4,
      0,
      3,
      0,
      0,
      1,
      0,
      7
    ],
    [
      0,
      0,
      2,
      2,
      1,
      0,
      0,
      0,
      2,
      6,
      5,
      3,
      2,
      0,
      1,
      1,
      0,
      0,
      0,
      0
    ],
    [
      0,
      1,
      0,
      0,
      0,
      1,
      0,
      0,
      0,
      4,
      1,
      0,
      0,
      0,
      0,
      0,
      0,
      0,
      0,
      0
    ],
    [
      0,
      0,
      0,
      0,
      0,
      0,
      0,
      0,
      0,
      6,
      1,
      1,
      0,
      0,
      0,
      0,
      0,
      0,
      0,
      0
    ],
    [
      0,
      3,
      0,
      0,
      2,
      0,
      0,
      0,
      0,
      7,
      2,
      0,
      0,
      0,
      5,
      0,
      0,
      1,
      0,
      0
    ],
    [
      0,
      0,
      0,
      0,
      0,
      0,
      0,
      0,
      0,
      2,
      1,
      0,
      0,
      0,
      0,
      2,
      0,
      0,
      0,
      0
    ],
    [
      0,
      0,
      0,
      0,
      0,
      0,
      0,
      0,
      1,
      3,
      1,
      0,
      0,
      0,
      0,
      0,
      0,
      0,
      0,
      0
    ],
    [
      0,
      0,
      1,
      0,
      0,
      1,
      0,
      0,
      0,
      2,
      1,
      0,
      0,
      0,
      1,
      0,
      0,
      0,
      0,
      0
    ],
    [
      0,
      0,
      0,
      0,
      2,
      0,
      0,
      0,
      1,
      3,
      1,
      0,
      1,
      0,
      2,
      0,
      0,
      0,
      2,
      0
    ],
    [
      0,
      0,
      0,
      0,
      0,
      0,
      0,
      0,
      0,
      3,
      8,
      0,
      0,
      0,
      0,
      0,
      0,
      0,
      0,
      0
    ]
  ],
  "labels": [
    "\ud83d\ude0e",
    "\ud83d\ude1c",
    "\ud83c\uddfa\ud83c\uddf8",
    "\ud83d\udcf7",
    "\ud83d\udcf8",
    "\ud83c\udf84",
    "\u2728",
    "\ud83d\udcaf",
    "\ud83d\udc99",
    "\ud83d\ude0a",
    "\u2764",
    "\ud83d\ude0d",
    "\ud83d\ude18",
    "\ud83d\ude01",
    "\ud83d\ude02",
    "\u2600",
    "\ud83d\udc9c",
    "\ud83d\ude09",
    "\ud83d\udd25",
    "\ud83d\udc95"
  ]
}