{
  "classification_report": {
    "\u2600": {
      "precision": 0.25,
      "recall": 0.28,
      "f1-score": 0.2641509433962264,
      "support": 25.0
    },
    "\ud83d\udc99": {
      "precision": 0.09090909090909091,
      "recall": 0.03225806451612903,
      "f1-score": 0.047619047619047616,
      "support": 31.0
    },
    "\ud83d\ude02": {
      "precision": 0.30851063829787234,
      "recall": 0.31868131868131866,
      "f1-score": 0.31351351351351353,
      "support": 91.0
    },
    "\ud83d\ude1c": {
      "precision": 0.0,
      "recall": 0.0,
      "f1-score": 0.0,
      "support": 20.0
    },
    "\ud83d\ude18": {
      "precision": 0.18181818181818182,
      "recall": 0.08333333333333333,
      "f1-score": 0.11428571428571428,
      "support": 24.0
    },
    "\ud83d\udcf8": {
      "precision": 0.22,
      "recall": 0.22916666666666666,
      "f1-score": 0.22448979591836735,
      "support": 48.0
    },
    "\ud83d\udc9c": {
      "precision": 0.0,
      "recall": 0.0,
      "f1-score": 0.0,
      "support": 22.0
    },
    "\ud83d\udc95": {
      "precision": 0.125,
      "recall": 0.038461538461538464,
      "f1-score": 0.058823529411764705,
      "support": 52.0
    },
    "\ud83d\udcaf": {
      "precision": 0.0,
      "recall": 0.0,
      "f1-score": 0.0,
      "support": 25.0
    },
    "\ud83c\uddfa\ud83c\uddf8": {
      "precision": 0.0,
      "recall": 0.0,
      "f1-score": 0.0,
      "support": 39.0
    },
    "\ud83c\udf84": {
      "precision": 0.6111111111111112,
      "recall": 0.3548387096774194,
      "f1-score": 0.4489795918367347,
      "support": 31.0
    },
    "\ud83d\ude0e": {
      "precision": 0.0,
      "recall": 0.0,
      "f1-score": 0.0,
      "support": 40.0
    },
    "\ud83d\ude0a": {
      "precision": 0.04054054054054054,
      "recall": 0.375,
      "f1-score": 0.07317073170731707,
      "support": 32.0
    },
    "\u2728": {
      "precision": 0.22448979591836735,
      "recall": 0.2,
      "f1-score": 0.21153846153846154,
      "support": 55.0
    },
    "\ud83d\ude0d": {
      "precision": 0.5,
      "recall": 0.061855670103092786,
      "f1-score": 0.11009174311926606,
      "support": 97.0
    },
    "\ud83d\udcf7": {
      "precision": 0.0,
      "recall": 0.0,
      "f1-score": 0.0,
      "support": 29.0
    },
    "\ud83d\udd25": {
      "precision": 0.4,
      "recall": 0.1891891891891892,
      "f1-score": 0.25688073394495414,
      "support": 74.0
    },
    "\u2764": {
      "precision": 0.37142857142857144,
      "recall": 0.06018518518518518,
      "f1-score": 0.10358565737051793,
      "support": 216.0
    },
    "\ud83d\ude09": {
      "precision": 0.0,
      "recall": 0.0,
      "f1-score": 0.0,
      "support": 26.0
    },
    "\ud83d\ude01": {
      "precision": 0.0,
      "recall": 0.0,
      "f1-score": 0.0,
      "support": 23.0
    },
    "micro avg": {
      "precision": 0.17474302496328928,
      "recall": 0.119,
      "f1-score": 0.14158239143367043,
      "support": 1000.0
    },
    "macro avg": {
      "precision": 0.16619039650118678,
      "recall": 0.11114848379069361,
      "f1-score": 0.11135647318309427,
      "support": 1000.0
    },
    "weighted avg": {
      "precision": 0.24948353821274794,
      "recall": 0.119,
      "f1-score": 0.133143906199892,
      "support": 1000.0
    }
  },
  "accuracy": 0.119,
  "confusion_matrix": [
    [
      7,
      1,
      0,
      0,
      0,
      0,
      0,
      0,
      0,
      0,
      0,
      1,
      6,
      1,
      0,
      0,
      0,
      0,
      0,
      0
    ],
    [
      1,
      1,
      1,
      0,
      0,
      0,
      0,
      1,
      0,
      0,
      0,
      1,
      13,
      2,
      0,
      0,
      1,
      2,
      0,
      0
    ],
    [
      3,
      0,
      29,
      0,
      1,
      3,
      1,
      0,
      0,
      0,
      0,
      0,
      22,
      2,
      1,
      0,
      5,
      1,
      0,
      0
    ],
    [
      0,
      0,
      4,
      0,
      0,
      0,
      0,
      0,
      0,
      0,
      0,
      0,
      6,
      2,
      0,
      0,
      3,
      1,
      0,
      0
    ],
    [
      0,
      0,
      2,
      0,
      2,
      1,
      0,
      0,
      0,
      0,
      0,
      0,
      8,
      0,
      0,
      0,
      0,
      0,
      0,
      0
    ],
    [
      2,
      0,
      6,
      0,
      1,
      11,
      0,
      0,
      0,
      0,
      0,
      0,
      10,
      1,
      0,
      0,
      1,
      0,
      0,
      0
    ],
    [
      0,
      0,
      2,
      0,
      0,
      1,
      0,
      0,
      0,
      0,
      0,
      0,
      12,
      1,
      0,
      0,
      0,
      1,
      0,
      0
    ],
    [
      3,
      0,
      1,
      0,
      0,
      3,
      0,
      2,
      0,
      0,
      1,
      1,
      15,
      5,
      1,
      0,
      0,
      1,
      0,
      0
    ],
    [
      1,
      0,
      4,
      0,
      0,
      0,
      0,
      1,
      0,
      0,
      1,
      0,
      3,
      1,
      2,
      0,
      2,
      0,
      0,
      0
    ],
    [
      0,
      0,
      2,
      1,
      0,
      4,
      0,
      0,
      0,
      0,
      0,
      1,
      12,
      1,
      0,
      0,
      0,
      3,
      0,
      1
    ],
    [
      0,
      0,
      0,
      0,
      0,
      0,
      0,
      0,
      0,
      0,
      11,
      0,
      3,
      0,
      0,
      0,
      1,
      1,
      0,
      0
    ],
    [
      2,
      0,
      2,
      0,
      0,
      1,
      0,
      0,
      0,
      0,
      0,
      0,
      13,
      5,
      0,
      0,
      3,
      1,
      0,
      0
    ],
    [
      1,
      0,
      0,
      0,
      0,
      1,
      0,
      1,
      0,
      0,
      0,
      2,
      12,
      1,
      0,
      0,
      1,
      2,
      0,
      0
    ],
    [
      3,
      0,
      1,
      0,
      1,
      1,
      2,
      1,
      0,
      0,
      0,
      2,
      18,
      11,
      0,
      0,
      0,
      2,
      0,
      0
    ],
    [
      3,
      3,
      8,
      0,
      2,
      4,
      0,
      0,
      1,
      0,
      0,
      2,
      33,
      2,
      6,
      0,
      1,
      2,
      0,
      0
    ],
    [
      0,
      0,
      4,
      0,
      0,
      6,
      0,
      0,
      1,
      0,
      1,
      1,
      4,
      0,
      0,
      0,
      1,
      2,
      0,
      0
    ],
    [
      0,
      0,
      5,
      0,
      1,
      8,
      0,
      0,
      0,
      0,
      0,
      2,
      17,
      4,
      0,
      0,
      14,
      2,
      0,
      0
    ],
    [
      2,
      5,
      15,
      0,
      2,
      5,
      2,
      9,
      0,
      0,
      4,
      3,
      72,
      8,
      1,
      0,
      1,
      13,
      0,
      1
    ],
    [
      0,
      0,
      3,
      0,
      1,
      1,
      0,
      0,
      0,
      0,
      0,
      0,
      8,
      1,
      1,
      0,
      1,
      1,
      0,
      0
    ],
    [
      0,
      1,
      5,
      0,
      0,
      0,
      0,
      1,
      0,
      0,
      0,
      0,
      9,
      1,
      0,
      0,
      0,
      0,
      0,
      0
    ]
  ],
  "labels": [
    "\u2600",
    "\ud83d\udc99",
    "\ud83d\ude02",
    "\ud83d\ude1c",
    "\ud83d\ude18",
    "\ud83d\udcf8",
    "\ud83d\udc9c",
    "\ud83d\udc95",
    "\ud83d\udcaf",
    "\ud83c\uddfa\ud83c\uddf8",
    "\ud83c\udf84",
    "\ud83d\ude0e",
    "\ud83d\ude0a",
    "\u2728",
    "\ud83d\ude0d",
    "\ud83d\udcf7",
    "\ud83d\udd25",
    "\u2764",
    "\ud83d\ude09",
    "\ud83d\ude01"
  ]
}