{
  "classification_report": {
    "\ud83c\udf84": {
      "precision": 0.7,
      "recall": 0.45161290322580644,
      "f1-score": 0.5490196078431373,
      "support": 31.0
    },
    "\ud83c\uddfa\ud83c\uddf8": {
      "precision": 0.125,
      "recall": 0.02564102564102564,
      "f1-score": 0.0425531914893617,
      "support": 39.0
    },
    "\u2728": {
      "precision": 0.21212121212121213,
      "recall": 0.12727272727272726,
      "f1-score": 0.1590909090909091,
      "support": 55.0
    },
    "\ud83d\udd25": {
      "precision": 0.42424242424242425,
      "recall": 0.1891891891891892,
      "f1-score": 0.2616822429906542,
      "support": 74.0
    },
    "\ud83d\ude09": {
      "precision": 0.0,
      "recall": 0.0,
      "f1-score": 0.0,
      "support": 26.0
    },
    "\u2764": {
      "precision": 0.3958333333333333,
      "recall": 0.08796296296296297,
      "f1-score": 0.14393939393939395,
      "support": 216.0
    },
    "\ud83d\ude0a": {
      "precision": 0.046511627906976744,
      "recall": 0.1875,
      "f1-score": 0.07453416149068323,
      "support": 32.0
    },
    "\ud83d\udcf7": {
      "precision": 0.1,
      "recall": 0.034482758620689655,
      "f1-score": 0.05128205128205128,
      "support": 29.0
    },
    "\ud83d\udc9c": {
      "precision": 0.0,
      "recall": 0.0,
      "f1-score": 0.0,
      "support": 22.0
    },
    "\ud83d\udcf8": {
      "precision": 0.0,
      "recall": 0.0,
      "f1-score": 0.0,
      "support": 48.0
    },
    "\ud83d\ude1c": {
      "precision": 0.0,
      "recall": 0.0,
      "f1-score": 0.0,
      "support": 20.0
    },
    "\ud83d\ude0e": {
      "precision": 0.5,
      "recall": 0.025,
      "f1-score": 0.047619047619047616,
      "support": 40.0
    },
    "\u2600": {
      "precision": 1.0,
      "recall": 0.04,
      "f1-score": 0.07692307692307693,
      "support": 25.0
    },
    "\ud83d\ude02": {
      "precision": 0.40625,
      "recall": 0.14285714285714285,
      "f1-score": 0.21138211382113822,
      "support": 91.0
    },
    "\ud83d\udc95": {
      "precision": 0.3076923076923077,
      "recall": 0.07692307692307693,
      "f1-score": 0.12307692307692308,
      "support": 52.0
    },
    "\ud83d\ude01": {
      "precision": 0.0,
      "recall": 0.0,
      "f1-score": 0.0,
      "support": 23.0
    },
    "\ud83d\ude0d": {
      "precision": 0.21176470588235294,
      "recall": 0.18556701030927836,
      "f1-score": 0.1978021978021978,
      "support": 97.0
    },
    "\ud83d\ude18": {
      "precision": 0.0,
      "recall": 0.0,
      "f1-score": 0.0,
      "support": 24.0
    },
    "\ud83d\udc99": {
      "precision": 0.0,
      "recall": 0.0,
      "f1-score": 0.0,
      "support": 31.0
    },
    "\ud83d\udcaf": {
      "precision": 0.0,
      "recall": 0.0,
      "f1-score": 0.0,
      "support": 25.0
    },
    "micro avg": {
      "precision": 0.23349056603773585,
      "recall": 0.099,
      "f1-score": 0.13904494382022473,
      "support": 1000.0
    },
    "macro avg": {
      "precision": 0.22147078055893038,
      "recall": 0.07870043985009498,
      "f1-score": 0.09694524586842872,
      "support": 1000.0
    },
    "weighted avg": {
      "precision": 0.2780339046242176,
      "recall": 0.099,
      "f1-score": 0.1304072744106968,
      "support": 1000.0
    }
  },
  "accuracy": 0.099,
  "confusion_matrix": [
    [
      14,
      0,
      0,
      0,
      0,
      2,
      2,
      0,
      0,
      0,
      0,
      0,
      0,
      0,
      0,
      0,
      1,
      0,
      0,
      0
    ],
    [
      0,
      1,
      2,
      3,
      0,
      7,
      2,
      2,
      0,
      0,
      0,
      0,
      0,
      0,
      0,
      0,
      2,
      0,
      0,
      0
    ],
    [
      1,
      0,
      7,
      1,
      0,
      1,
      10,
      0,
      0,
      0,
      0,
      0,
      0,
      0,
      2,
      0,
      5,
      0,
      0,
      0
    ],
    [
      0,
      1,
      2,
      14,
      1,
      3,
      3,
      0,
      1,
      0,
      0,
      0,
      0,
      2,
      0,
      0,
      3,
      0,
      0,
      0
    ],
    [
      1,
      0,
      0,
      0,
      0,
      0,
      1,
      0,
      0,
      0,
      0,
      0,
      0,
      1,
      0,
      0,
      4,
      0,
      0,
      0
    ],
    [
      1,
      0,
      7,
      2,
      2,
      19,
      21,
      1,
      0,
      0,
      0,
      0,
      0,
      1,
      3,
      0,
      16,
      1,
      0,
      0
    ],
    [
      1,
      1,
      0,
      0,
      0,
      0,
      6,
      0,
      0,
      0,
      0,
      0,
      0,
      1,
      0,
      0,
      4,
      0,
      0,
      0
    ],
    [
      1,
      0,
      1,
      1,
      0,
      0,
      3,
      1,
      0,
      1,
      0,
      0,
      0,
      1,
      0,
      0,
      3,
      0,
      0,
      0
    ],
    [
      0,
      0,
      3,
      0,
      0,
      0,
      5,
      1,
      0,
      0,
      0,
      0,
      0,
      0,
      1,
      0,
      1,
      0,
      0,
      0
    ],
    [
      0,
      0,
      1,
      3,
      0,
      2,
      5,
      1,
      0,
      0,
      0,
      0,
      0,
      3,
      0,
      0,
      1,
      0,
      0,
      0
    ],
    [
      0,
      0,
      0,
      1,
      0,
      0,
      2,
      0,
      0,
      0,
      0,
      0,
      0,
      0,
      0,
      0,
      0,
      0,
      0,
      0
    ],
    [
      0,
      0,
      1,
      0,
      0,
      0,
      12,
      0,
      0,
      0,
      0,
      1,
      0,
      2,
      0,
      0,
      2,
      0,
      0,
      0
    ],
    [
      0,
      1,
      0,
      1,
      0,
      0,
      3,
      0,
      0,
      0,
      0,
      0,
      1,
      0,
      0,
      0,
      0,
      0,
      0,
      0
    ],
    [
      0,
      2,
      0,
      3,
      0,
      2,
      13,
      3,
      1,
      2,
      0,
      0,
      0,
      13,
      0,
      0,
      5,
      0,
      0,
      0
    ],
    [
      0,
      0,
      2,
      1,
      0,
      5,
      8,
      0,
      0,
      0,
      0,
      0,
      0,
      1,
      4,
      0,
      12,
      0,
      0,
      0
    ],
    [
      0,
      0,
      1,
      0,
      0,
      1,
      4,
      0,
      0,
      0,
      0,
      0,
      0,
      1,
      0,
      0,
      0,
      0,
      0,
      0
    ],
    [
      0,
      0,
      3,
      2,
      1,
      3,
      16,
      1,
      0,
      0,
      0,
      1,
      0,
      4,
      2,
      0,
      18,
      0,
      0,
      0
    ],
    [
      1,
      0,
      1,
      0,
      0,
      0,
      4,
      0,
      0,
      0,
      0,
      0,
      0,
      0,
      1,
      0,
      4,
      0,
      0,
      0
    ],
    [
      0,
      1,
      1,
      0,
      0,
      3,
      7,
      0,
      0,
      0,
      0,
      0,
      0,
      1,
      0,
      0,
      4,
      0,
      0,
      0
    ],
    [
      0,
      1,
      1,
      1,
      0,
      0,
      2,
      0,
      0,
      0,
      0,
      0,
      0,
      1,
      0,
      0,
      0,
      0,
      0,
      0
    ]
  ],
  "labels": [
    "\ud83c\udf84",
    "\ud83c\uddfa\ud83c\uddf8",
    "\u2728",
    "\ud83d\udd25",
    "\ud83d\ude09",
    "\u2764",
    "\ud83d\ude0a",
    "\ud83d\udcf7",
    "\ud83d\udc9c",
    "\ud83d\udcf8",
    "\ud83d\ude1c",
    "\ud83d\ude0e",
    "\u2600",
    "\ud83d\ude02",
    "\ud83d\udc95",
    "\ud83d\ude01",
    "\ud83d\ude0d",
    "\ud83d\ude18",
    "\ud83d\udc99",
    "\ud83d\udcaf"
  ]
}