{
  "classification_report": {
    "\ud83d\ude1c": {
      "precision": 0.18181818181818182,
      "recall": 0.2,
      "f1-score": 0.19047619047619047,
      "support": 20.0
    },
    "\ud83c\uddfa\ud83c\uddf8": {
      "precision": 0.0,
      "recall": 0.0,
      "f1-score": 0.0,
      "support": 39.0
    },
    "\ud83d\udcf7": {
      "precision": 0.05263157894736842,
      "recall": 0.034482758620689655,
      "f1-score": 0.041666666666666664,
      "support": 29.0
    },
    "\ud83d\ude09": {
      "precision": 0.0,
      "recall": 0.0,
      "f1-score": 0.0,
      "support": 26.0
    },
    "\ud83d\ude0e": {
      "precision": 0.08,
      "recall": 0.15,
      "f1-score": 0.10434782608695652,
      "support": 40.0
    },
    "\ud83d\udd25": {
      "precision": 0.4117647058823529,
      "recall": 0.1891891891891892,
      "f1-score": 0.25925925925925924,
      "support": 74.0
    },
    "\u2764": {
      "precision": 0.4517766497461929,
      "recall": 0.41203703703703703,
      "f1-score": 0.43099273607748184,
      "support": 216.0
    },
    "\ud83d\udc99": {
      "precision": 0.07692307692307693,
      "recall": 0.03225806451612903,
      "f1-score": 0.045454545454545456,
      "support": 31.0
    },
    "\ud83d\ude0d": {
      "precision": 0.1797752808988764,
      "recall": 0.16494845360824742,
      "f1-score": 0.17204301075268819,
      "support": 97.0
    },
    "\u2728": {
      "precision": 0.3125,
      "recall": 0.09090909090909091,
      "f1-score": 0.14084507042253522,
      "support": 55.0
    },
    "\ud83d\udcf8": {
      "precision": 0.1891891891891892,
      "recall": 0.14583333333333334,
      "f1-score": 0.16470588235294117,
      "support": 48.0
    },
    "\u2600": {
      "precision": 0.19607843137254902,
      "recall": 0.4,
      "f1-score": 0.2631578947368421,
      "support": 25.0
    },
    "\ud83c\udf84": {
      "precision": 0.7037037037037037,
      "recall": 0.6129032258064516,
      "f1-score": 0.6551724137931034,
      "support": 31.0
    },
    "\ud83d\udc95": {
      "precision": 0.17857142857142858,
      "recall": 0.09615384615384616,
      "f1-score": 0.125,
      "support": 52.0
    },
    "\ud83d\ude18": {
      "precision": 0.1,
      "recall": 0.16666666666666666,
      "f1-score": 0.125,
      "support": 24.0
    },
    "\ud83d\ude02": {
      "precision": 0.28169014084507044,
      "recall": 0.43956043956043955,
      "f1-score": 0.34334763948497854,
      "support": 91.0
    },
    "\ud83d\udcaf": {
      "precision": 1.0,
      "recall": 0.04,
      "f1-score": 0.07692307692307693,
      "support": 25.0
    },
    "\ud83d\ude0a": {
      "precision": 0.07096774193548387,
      "recall": 0.34375,
      "f1-score": 0.11764705882352941,
      "support": 32.0
    },
    "\ud83d\ude01": {
      "precision": 0.0,
      "recall": 0.0,
      "f1-score": 0.0,
      "support": 23.0
    },
    "\ud83d\udc9c": {
      "precision": 0.0,
      "recall": 0.0,
      "f1-score": 0.0,
      "support": 22.0
    },
    "micro avg": {
      "precision": 0.241701244813278,
      "recall": 0.233,
      "f1-score": 0.23727087576374745,
      "support": 1000.0
    },
    "macro avg": {
      "precision": 0.22336950549167373,
      "recall": 0.17593460527005603,
      "f1-score": 0.16280196356553978,
      "support": 1000.0
    },
    "weighted avg": {
      "precision": 0.2738156831628763,
      "recall": 0.233,
      "f1-score": 0.2285427207371091,
      "support": 1000.0
    }
  },
  "accuracy": 0.233,
  "confusion_matrix": [
    [
      4,
      0,
      0,
      0,
      0,
      1,
      1,
      1,
      0,
      0,
      0,
      0,
      0,
      0,
      0,
      5,
      0,
      8,
      0,
      0
    ],
    [
      0,
      0,
      2,
      0,
      7,
      1,
      9,
      0,
      2,
      1,
      0,
      1,
      1,
      1,
      1,
      3,
      0,
      2,
      1,
      0
    ],
    [
      0,
      0,
      1,
      0,
      1,
      1,
      3,
      0,
      3,
      1,
      3,
      0,
      1,
      0,
      0,
      9,
      0,
      5,
      1,
      0
    ],
    [
      1,
      0,
      1,
      0,
      1,
      1,
      3,
      0,
      3,
      0,
      2,
      0,
      1,
      1,
      1,
      5,
      0,
      5,
      0,
      0
    ],
    [
      2,
      0,
      0,
      0,
      6,
      2,
      6,
      1,
      3,
      0,
      1,
      4,
      0,
      0,
      0,
      5,
      0,
      8,
      0,
      0
    ],
    [
      1,
      0,
      3,
      0,
      10,
      14,
      6,
      0,
      9,
      1,
      5,
      2,
      0,
      0,
      4,
      9,
      0,
      7,
      1,
      1
    ],
    [
      2,
      0,
      2,
      0,
      8,
      1,
      89,
      5,
      17,
      2,
      3,
      12,
      3,
      9,
      13,
      16,
      0,
      24,
      2,
      2
    ],
    [
      0,
      0,
      1,
      0,
      2,
      0,
      11,
      1,
      3,
      0,
      0,
      1,
      0,
      2,
      2,
      0,
      0,
      7,
      0,
      0
    ],
    [
      0,
      0,
      1,
      0,
      8,
      3,
      13,
      0,
      16,
      0,
      5,
      3,
      0,
      3,
      5,
      11,
      0,
      21,
      0,
      1
    ],
    [
      0,
      0,
      0,
      0,
      4,
      2,
      7,
      1,
      4,
      5,
      4,
      5,
      1,
      0,
      3,
      4,
      0,
      10,
      3,
      2
    ],
    [
      4,
      0,
      2,
      0,
      1,
      1,
      3,
      0,
      2,
      3,
      7,
      2,
      0,
      1,
      1,
      11,
      0,
      6,
      1,
      0
    ],
    [
      0,
      0,
      1,
      0,
      2,
      1,
      3,
      0,
      0,
      1,
      1,
      10,
      0,
      0,
      1,
      3,
      0,
      1,
      0,
      0
    ],
    [
      0,
      0,
      0,
      0,
      0,
      2,
      3,
      0,
      3,
      0,
      0,
      0,
      19,
      0,
      0,
      1,
      0,
      3,
      0,
      0
    ],
    [
      0,
      0,
      1,
      0,
      4,
      2,
      16,
      1,
      9,
      1,
      1,
      1,
      0,
      5,
      3,
      2,
      0,
      4,
      0,
      1
    ],
    [
      1,
      0,
      0,
      0,
      2,
      0,
      9,
      1,
      0,
      0,
      0,
      0,
      0,
      0,
      4,
      3,
      0,
      4,
      0,
      0
    ],
    [
      6,
      0,
      2,
      0,
      5,
      1,
      6,
      1,
      4,
      0,
      3,
      6,
      0,
      1,
      1,
      40,
      0,
      11,
      0,
      1
    ],
    [
      1,
      0,
      0,
      0,
      4,
      0,
      3,
      0,
      2,
      0,
      1,
      1,
      0,
      0,
      0,
      6,
      1,
      5,
      0,
      0
    ],
    [
      0,
      0,
      0,
      0,
      7,
      0,
      2,
      1,
      4,
      0,
      0,
      2,
      0,
      2,
      0,
      1,
      0,
      11,
      1,
      0
    ],
    [
      0,
      0,
      0,
      0,
      1,
      1,
      2,
      0,
      3,
      0,
      1,
      1,
      1,
      1,
      0,
      6,
      0,
      6,
      0,
      0
    ],
    [
      0,
      0,
      2,
      0,
      2,
      0,
      2,
      0,
      2,
      1,
      0,
      0,
      0,
      2,
      1,
      2,
      0,
      7,
      0,
      0
    ]
  ],
  "labels": [
    "\ud83d\ude1c",
    "\ud83c\uddfa\ud83c\uddf8",
    "\ud83d\udcf7",
    "\ud83d\ude09",
    "\ud83d\ude0e",
    "\ud83d\udd25",
    "\u2764",
    "\ud83d\udc99",
    "\ud83d\ude0d",
    "\u2728",
    "\ud83d\udcf8",
    "\u2600",
    "\ud83c\udf84",
    "\ud83d\udc95",
    "\ud83d\ude18",
    "\ud83d\ude02",
    "\ud83d\udcaf",
    "\ud83d\ude0a",
    "\ud83d\ude01",
    "\ud83d\udc9c"
  ]
}