{
  "classification_report": {
    "\ud83d\ude02": {
      "precision": 0.40476190476190477,
      "recall": 0.18681318681318682,
      "f1-score": 0.2556390977443609,
      "support": 91.0
    },
    "\ud83c\uddfa\ud83c\uddf8": {
      "precision": 0.0,
      "recall": 0.0,
      "f1-score": 0.0,
      "support": 39.0
    },
    "\ud83d\udc95": {
      "precision": 0.0,
      "recall": 0.0,
      "f1-score": 0.0,
      "support": 52.0
    },
    "\ud83d\udc9c": {
      "precision": 0.2,
      "recall": 0.045454545454545456,
      "f1-score": 0.07407407407407407,
      "support": 22.0
    },
    "\ud83d\udcf8": {
      "precision": 0.0,
      "recall": 0.0,
      "f1-score": 0.0,
      "support": 48.0
    },
    "\ud83d\ude09": {
      "precision": 0.0,
      "recall": 0.0,
      "f1-score": 0.0,
      "support": 26.0
    },
    "\ud83d\udcf7": {
      "precision": 0.0,
      "recall": 0.0,
      "f1-score": 0.0,
      "support": 29.0
    },
    "\ud83c\udf84": {
      "precision": 0.8235294117647058,
      "recall": 0.45161290322580644,
      "f1-score": 0.5833333333333334,
      "support": 31.0
    },
    "\ud83d\ude18": {
      "precision": 0.0,
      "recall": 0.0,
      "f1-score": 0.0,
      "support": 24.0
    },
    "\ud83d\udd25": {
      "precision": 0.475,
      "recall": 0.25675675675675674,
      "f1-score": 0.3333333333333333,
      "support": 74.0
    },
    "\u2728": {
      "precision": 0.3333333333333333,
      "recall": 0.09090909090909091,
      "f1-score": 0.14285714285714285,
      "support": 55.0
    },
    "\ud83d\udc99": {
      "precision": 0.21428571428571427,
      "recall": 0.0967741935483871,
      "f1-score": 0.13333333333333333,
      "support": 31.0
    },
    "\ud83d\udcaf": {
      "precision": 0.0,
      "recall": 0.0,
      "f1-score": 0.0,
      "support": 25.0
    },
    "\ud83d\ude1c": {
      "precision": 0.0,
      "recall": 0.0,
      "f1-score": 0.0,
      "support": 20.0
    },
    "\ud83d\ude0a": {
      "precision": 0.05220883534136546,
      "recall": 0.40625,
      "f1-score": 0.09252669039145907,
      "support": 32.0
    },
    "\ud83d\ude0e": {
      "precision": 0.06666666666666667,
      "recall": 0.05,
      "f1-score": 0.05714285714285714,
      "support": 40.0
    },
    "\u2600": {
      "precision": 0.42857142857142855,
      "recall": 0.12,
      "f1-score": 0.1875,
      "support": 25.0
    },
    "\u2764": {
      "precision": 0.45454545454545453,
      "recall": 0.06944444444444445,
      "f1-score": 0.12048192771084337,
      "support": 216.0
    },
    "\ud83d\ude01": {
      "precision": 0.0,
      "recall": 0.0,
      "f1-score": 0.0,
      "support": 23.0
    },
    "\ud83d\ude0d": {
      "precision": 0.14473684210526316,
      "recall": 0.1134020618556701,
      "f1-score": 0.12716763005780346,
      "support": 97.0
    },
    "micro avg": {
      "precision": 0.18659420289855072,
      "recall": 0.103,
      "f1-score": 0.1327319587628866,
      "support": 1000.0
    },
    "macro avg": {
      "precision": 0.17988197956879184,
      "recall": 0.09437085915039439,
      "f1-score": 0.10536947099892705,
      "support": 1000.0
    },
    "weighted avg": {
      "precision": 0.2541618625521345,
      "recall": 0.103,
      "f1-score": 0.12792668859423273,
      "support": 1000.0
    }
  },
  "accuracy": 0.103,
  "confusion_matrix": [
    [
      17,
      0,
      0,
      1,
      1,
      0,
      0,
      0,
      0,
      4,
      0,
      0,
      0,
      0,
      14,
      2,
      0,
      2,
      0,
      5
    ],
    [
      0,
      0,
      0,
      0,
      0,
      0,
      0,
      0,
      0,
      2,
      1,
      1,
      0,
      0,
      8,
      1,
      0,
      2,
      0,
      0
    ],
    [
      0,
      0,
      0,
      0,
      0,
      0,
      0,
      0,
      1,
      1,
      2,
      0,
      0,
      0,
      14,
      1,
      0,
      5,
      0,
      3
    ],
    [
      1,
      0,
      1,
      1,
      0,
      0,
      0,
      0,
      0,
      1,
      0,
      0,
      0,
      0,
      8,
      0,
      0,
      1,
      0,
      1
    ],
    [
      3,
      0,
      0,
      0,
      0,
      0,
      2,
      0,
      0,
      3,
      1,
      0,
      0,
      0,
      10,
      1,
      0,
      0,
      0,
      0
    ],
    [
      1,
      0,
      0,
      0,
      0,
      0,
      0,
      0,
      0,
      0,
      0,
      0,
      0,
      0,
      6,
      1,
      0,
      1,
      0,
      4
    ],
    [
      3,
      0,
      0,
      0,
      2,
      0,
      0,
      1,
      0,
      0,
      0,
      0,
      0,
      0,
      5,
      1,
      0,
      0,
      0,
      1
    ],
    [
      2,
      0,
      0,
      0,
      0,
      0,
      0,
      14,
      0,
      0,
      0,
      0,
      0,
      0,
      5,
      1,
      0,
      0,
      0,
      1
    ],
    [
      0,
      0,
      1,
      0,
      1,
      0,
      0,
      1,
      0,
      0,
      0,
      0,
      0,
      0,
      7,
      3,
      1,
      1,
      0,
      2
    ],
    [
      2,
      0,
      0,
      1,
      1,
      0,
      0,
      0,
      0,
      19,
      2,
      0,
      1,
      0,
      11,
      3,
      1,
      0,
      0,
      3
    ],
    [
      0,
      0,
      0,
      0,
      0,
      0,
      0,
      0,
      0,
      0,
      5,
      1,
      0,
      0,
      13,
      1,
      0,
      2,
      0,
      6
    ],
    [
      0,
      0,
      0,
      0,
      0,
      0,
      2,
      0,
      1,
      0,
      1,
      3,
      0,
      0,
      7,
      0,
      0,
      0,
      1,
      4
    ],
    [
      1,
      0,
      0,
      0,
      0,
      0,
      1,
      0,
      0,
      1,
      0,
      0,
      0,
      0,
      4,
      2,
      1,
      0,
      0,
      1
    ],
    [
      0,
      0,
      0,
      0,
      0,
      1,
      0,
      0,
      0,
      0,
      0,
      0,
      0,
      0,
      4,
      0,
      0,
      0,
      0,
      0
    ],
    [
      0,
      0,
      0,
      0,
      0,
      0,
      0,
      0,
      0,
      1,
      1,
      0,
      0,
      0,
      13,
      1,
      0,
      2,
      0,
      1
    ],
    [
      2,
      0,
      0,
      0,
      0,
      0,
      0,
      0,
      0,
      0,
      0,
      0,
      0,
      0,
      14,
      2,
      0,
      0,
      0,
      0
    ],
    [
      0,
      0,
      0,
      0,
      0,
      0,
      0,
      0,
      0,
      1,
      0,
      0,
      0,
      0,
      7,
      3,
      3,
      1,
      0,
      0
    ],
    [
      6,
      0,
      1,
      1,
      1,
      0,
      0,
      0,
      2,
      6,
      1,
      5,
      0,
      0,
      63,
      4,
      1,
      15,
      0,
      33
    ],
    [
      2,
      0,
      0,
      1,
      1,
      0,
      0,
      1,
      0,
      1,
      0,
      0,
      0,
      0,
      7,
      0,
      0,
      0,
      0,
      0
    ],
    [
      2,
      0,
      0,
      0,
      1,
      1,
      0,
      0,
      0,
      0,
      1,
      4,
      0,
      0,
      29,
      3,
      0,
      1,
      0,
      11
    ]
  ],
  "labels": [
    "\ud83d\ude02",
    "\ud83c\uddfa\ud83c\uddf8",
    "\ud83d\udc95",
    "\ud83d\udc9c",
    "\ud83d\udcf8",
    "\ud83d\ude09",
    "\ud83d\udcf7",
    "\ud83c\udf84",
    "\ud83d\ude18",
    "\ud83d\udd25",
    "\u2728",
    "\ud83d\udc99",
    "\ud83d\udcaf",
    "\ud83d\ude1c",
    "\ud83d\ude0a",
    "\ud83d\ude0e",
    "\u2600",
    "\u2764",
    "\ud83d\ude01",
    "\ud83d\ude0d"
  ]
}