{
  "classification_report": {
    "\u2728": {
      "precision": 0.21875,
      "recall": 0.12727272727272726,
      "f1-score": 0.16091954022988506,
      "support": 55.0
    },
    "\ud83d\udcf7": {
      "precision": 0.125,
      "recall": 0.034482758620689655,
      "f1-score": 0.05405405405405406,
      "support": 29.0
    },
    "\ud83d\udc95": {
      "precision": 0.23076923076923078,
      "recall": 0.057692307692307696,
      "f1-score": 0.09230769230769231,
      "support": 52.0
    },
    "\ud83c\uddfa\ud83c\uddf8": {
      "precision": 0.16666666666666666,
      "recall": 0.02564102564102564,
      "f1-score": 0.044444444444444446,
      "support": 39.0
    },
    "\ud83d\ude18": {
      "precision": 0.0,
      "recall": 0.0,
      "f1-score": 0.0,
      "support": 24.0
    },
    "\ud83d\udd25": {
      "precision": 0.42424242424242425,
      "recall": 0.1891891891891892,
      "f1-score": 0.2616822429906542,
      "support": 74.0
    },
    "\ud83d\udcaf": {
      "precision": 0.0,
      "recall": 0.0,
      "f1-score": 0.0,
      "support": 25.0
    },
    "\ud83d\udc99": {
      "precision": 0.0,
      "recall": 0.0,
      "f1-score": 0.0,
      "support": 31.0
    },
    "\ud83d\ude02": {
      "precision": 0.41935483870967744,
      "recall": 0.14285714285714285,
      "f1-score": 0.21311475409836064,
      "support": 91.0
    },
    "\ud83d\ude01": {
      "precision": 0.0,
      "recall": 0.0,
      "f1-score": 0.0,
      "support": 23.0
    },
    "\ud83d\udc9c": {
      "precision": 0.0,
      "recall": 0.0,
      "f1-score": 0.0,
      "support": 22.0
    },
    "\ud83d\ude1c": {
      "precision": 0.0,
      "recall": 0.0,
      "f1-score": 0.0,
      "support": 20.0
    },
    "\ud83d\ude0e": {
      "precision": 0.5,
      "recall": 0.025,
      "f1-score": 0.047619047619047616,
      "support": 40.0
    },
    "\ud83d\ude0d": {
      "precision": 0.2073170731707317,
      "recall": 0.17525773195876287,
      "f1-score": 0.18994413407821228,
      "support": 97.0
    },
    "\u2600": {
      "precision": 1.0,
      "recall": 0.04,
      "f1-score": 0.07692307692307693,
      "support": 25.0
    },
    "\ud83d\ude09": {
      "precision": 0.0,
      "recall": 0.0,
      "f1-score": 0.0,
      "support": 26.0
    },
    "\u2764": {
      "precision": 0.4423076923076923,
      "recall": 0.10648148148148148,
      "f1-score": 0.17164179104477612,
      "support": 216.0
    },
    "\ud83c\udf84": {
      "precision": 0.7,
      "recall": 0.45161290322580644,
      "f1-score": 0.5490196078431373,
      "support": 31.0
    },
    "\ud83d\udcf8": {
      "precision": 0.5,
      "recall": 0.020833333333333332,
      "f1-score": 0.04,
      "support": 48.0
    },
    "\ud83d\ude0a": {
      "precision": 0.047619047619047616,
      "recall": 0.1875,
      "f1-score": 0.0759493670886076,
      "support": 32.0
    },
    "micro avg": {
      "precision": 0.2446043165467626,
      "recall": 0.102,
      "f1-score": 0.14396612561750177,
      "support": 1000.0
    },
    "macro avg": {
      "precision": 0.24910134867427355,
      "recall": 0.07919103006362331,
      "f1-score": 0.09888098763609741,
      "support": 1000.0
    },
    "weighted avg": {
      "precision": 0.31158350687635206,
      "recall": 0.102,
      "f1-score": 0.13640643850687356,
      "support": 1000.0
    }
  },
  "accuracy": 0.102,
  "confusion_matrix": [
    [
      7,
      0,
      1,
      0,
      0,
      1,
      0,
      0,
      0,
      0,
      0,
      0,
      0,
      6,
      0,
      0,
      1,
      1,
      0,
      12
    ],
    [
      1,
      1,
      0,
      0,
      0,
      1,
      0,
      0,
      1,
      0,
      0,
      0,
      0,
      3,
      0,
      0,
      0,
      1,
      1,
      3
    ],
    [
      2,
      0,
      3,
      0,
      0,
      1,
      0,
      0,
      1,
      0,
      0,
      0,
      0,
      13,
      0,
      0,
      5,
      0,
      0,
      7
    ],
    [
      2,
      1,
      1,
      1,
      0,
      4,
      0,
      0,
      0,
      0,
      0,
      0,
      0,
      2,
      0,
      0,
      7,
      0,
      0,
      2
    ],
    [
      1,
      0,
      1,
      0,
      0,
      0,
      0,
      0,
      0,
      1,
      0,
      0,
      0,
      4,
      0,
      0,
      0,
      1,
      0,
      3
    ],
    [
      2,
      0,
      0,
      1,
      0,
      14,
      0,
      0,
      2,
      0,
      1,
      0,
      0,
      3,
      0,
      1,
      3,
      0,
      0,
      3
    ],
    [
      1,
      0,
      0,
      1,
      0,
      1,
      0,
      0,
      1,
      0,
      0,
      0,
      0,
      0,
      0,
      0,
      0,
      0,
      0,
      2
    ],
    [
      1,
      0,
      0,
      1,
      0,
      0,
      0,
      0,
      1,
      0,
      0,
      0,
      0,
      5,
      0,
      0,
      3,
      0,
      0,
      6
    ],
    [
      0,
      3,
      0,
      1,
      1,
      3,
      0,
      0,
      13,
      0,
      1,
      0,
      0,
      4,
      0,
      0,
      2,
      0,
      0,
      14
    ],
    [
      1,
      0,
      0,
      0,
      0,
      0,
      0,
      0,
      1,
      0,
      0,
      0,
      0,
      0,
      0,
      0,
      1,
      0,
      0,
      4
    ],
    [
      3,
      1,
      1,
      0,
      0,
      0,
      0,
      0,
      0,
      0,
      0,
      0,
      0,
      1,
      0,
      0,
      0,
      0,
      0,
      4
    ],
    [
      0,
      0,
      0,
      0,
      0,
      0,
      0,
      0,
      0,
      0,
      0,
      0,
      0,
      0,
      0,
      0,
      0,
      0,
      0,
      2
    ],
    [
      1,
      0,
      0,
      0,
      0,
      0,
      0,
      0,
      2,
      0,
      0,
      0,
      1,
      2,
      0,
      0,
      0,
      0,
      0,
      12
    ],
    [
      3,
      1,
      1,
      0,
      0,
      2,
      0,
      0,
      3,
      0,
      0,
      0,
      1,
      17,
      0,
      1,
      3,
      0,
      0,
      15
    ],
    [
      0,
      0,
      0,
      0,
      0,
      1,
      0,
      0,
      0,
      0,
      0,
      0,
      0,
      0,
      1,
      0,
      0,
      0,
      0,
      3
    ],
    [
      0,
      0,
      0,
      0,
      0,
      0,
      0,
      0,
      1,
      0,
      0,
      0,
      0,
      4,
      0,
      0,
      0,
      1,
      0,
      2
    ],
    [
      6,
      1,
      5,
      0,
      1,
      2,
      0,
      0,
      1,
      0,
      0,
      0,
      0,
      12,
      0,
      2,
      23,
      1,
      0,
      19
    ],
    [
      0,
      0,
      0,
      0,
      0,
      0,
      0,
      0,
      0,
      0,
      0,
      0,
      0,
      1,
      0,
      0,
      2,
      14,
      0,
      2
    ],
    [
      1,
      0,
      0,
      0,
      0,
      3,
      0,
      0,
      3,
      0,
      0,
      0,
      0,
      1,
      0,
      0,
      2,
      0,
      1,
      5
    ],
    [
      0,
      0,
      0,
      1,
      0,
      0,
      0,
      0,
      1,
      0,
      0,
      0,
      0,
      4,
      0,
      0,
      0,
      1,
      0,
      6
    ]
  ],
  "labels": [
    "\u2728",
    "\ud83d\udcf7",
    "\ud83d\udc95",
    "\ud83c\uddfa\ud83c\uddf8",
    "\ud83d\ude18",
    "\ud83d\udd25",
    "\ud83d\udcaf",
    "\ud83d\udc99",
    "\ud83d\ude02",
    "\ud83d\ude01",
    "\ud83d\udc9c",
    "\ud83d\ude1c",
    "\ud83d\ude0e",
    "\ud83d\ude0d",
    "\u2600",
    "\ud83d\ude09",
    "\u2764",
    "\ud83c\udf84",
    "\ud83d\udcf8",
    "\ud83d\ude0a"
  ]
}