{
  "classification_report": {
    "\ud83d\udc9c": {
      "precision": 0.0,
      "recall": 0.0,
      "f1-score": 0.0,
      "support": 22.0
    },
    "\ud83c\uddfa\ud83c\uddf8": {
      "precision": 0.0,
      "recall": 0.0,
      "f1-score": 0.0,
      "support": 39.0
    },
    "\ud83d\ude0e": {
      "precision": 0.05128205128205128,
      "recall": 0.05,
      "f1-score": 0.05063291139240506,
      "support": 40.0
    },
    "\ud83d\ude18": {
      "precision": 0.08823529411764706,
      "recall": 0.125,
      "f1-score": 0.10344827586206896,
      "support": 24.0
    },
    "\u2600": {
      "precision": 0.21428571428571427,
      "recall": 0.36,
      "f1-score": 0.26865671641791045,
      "support": 25.0
    },
    "\ud83d\ude02": {
      "precision": 0.25,
      "recall": 0.23076923076923078,
      "f1-score": 0.24,
      "support": 91.0
    },
    "\ud83d\udc95": {
      "precision": 0.08823529411764706,
      "recall": 0.057692307692307696,
      "f1-score": 0.06976744186046512,
      "support": 52.0
    },
    "\ud83d\udd25": {
      "precision": 0.36363636363636365,
      "recall": 0.16216216216216217,
      "f1-score": 0.22429906542056074,
      "support": 74.0
    },
    "\ud83d\ude01": {
      "precision": 0.0,
      "recall": 0.0,
      "f1-score": 0.0,
      "support": 23.0
    },
    "\ud83d\ude0d": {
      "precision": 0.15217391304347827,
      "recall": 0.14432989690721648,
      "f1-score": 0.14814814814814814,
      "support": 97.0
    },
    "\ud83d\udcf8": {
      "precision": 0.19148936170212766,
      "recall": 0.1875,
      "f1-score": 0.18947368421052632,
      "support": 48.0
    },
    "\ud83d\ude0a": {
      "precision": 0.07228915662650602,
      "recall": 0.1875,
      "f1-score": 0.10434782608695652,
      "support": 32.0
    },
    "\u2764": {
      "precision": 0.3739495798319328,
      "recall": 0.41203703703703703,
      "f1-score": 0.3920704845814978,
      "support": 216.0
    },
    "\ud83d\udc99": {
      "precision": 0.08333333333333333,
      "recall": 0.0967741935483871,
      "f1-score": 0.08955223880597014,
      "support": 31.0
    },
    "\ud83d\ude1c": {
      "precision": 0.037037037037037035,
      "recall": 0.05,
      "f1-score": 0.0425531914893617,
      "support": 20.0
    },
    "\ud83d\ude09": {
      "precision": 0.0,
      "recall": 0.0,
      "f1-score": 0.0,
      "support": 26.0
    },
    "\ud83d\udcaf": {
      "precision": 0.1,
      "recall": 0.04,
      "f1-score": 0.05714285714285714,
      "support": 25.0
    },
    "\ud83c\udf84": {
      "precision": 0.631578947368421,
      "recall": 0.3870967741935484,
      "f1-score": 0.48,
      "support": 31.0
    },
    "\u2728": {
      "precision": 0.13157894736842105,
      "recall": 0.09090909090909091,
      "f1-score": 0.10752688172043011,
      "support": 55.0
    },
    "\ud83d\udcf7": {
      "precision": 0.03333333333333333,
      "recall": 0.034482758620689655,
      "f1-score": 0.03389830508474576,
      "support": 29.0
    },
    "micro avg": {
      "precision": 0.20559741657696448,
      "recall": 0.191,
      "f1-score": 0.1980300673924313,
      "support": 1000.0
    },
    "macro avg": {
      "precision": 0.1431219163542007,
      "recall": 0.1308126725919835,
      "f1-score": 0.13007590141119518,
      "support": 1000.0
    },
    "weighted avg": {
      "precision": 0.2044186495675471,
      "recall": 0.191,
      "f1-score": 0.1916147771249861,
      "support": 1000.0
    }
  },
  "accuracy": 0.191,
  "confusion_matrix": [
    [
      0,
      0,
      0,
      2,
      0,
      1,
      1,
      0,
      1,
      1,
      3,
      3,
      6,
      0,
      0,
      0,
      0,
      0,
      3,
      1
    ],
    [
      0,
      0,
      3,
      0,
      1,
      2,
      0,
      1,
      1,
      2,
      0,
      3,
      11,
      3,
      1,
      0,
      0,
      0,
      1,
      3
    ],
    [
      1,
      0,
      2,
      1,
      2,
      2,
      2,
      3,
      0,
      3,
      1,
      3,
      7,
      2,
      3,
      0,
      1,
      0,
      3,
      1
    ],
    [
      0,
      0,
      2,
      3,
      1,
      1,
      0,
      0,
      1,
      2,
      0,
      3,
      9,
      2,
      0,
      0,
      0,
      0,
      0,
      0
    ],
    [
      0,
      0,
      2,
      0,
      9,
      1,
      0,
      0,
      1,
      1,
      1,
      2,
      6,
      1,
      0,
      0,
      0,
      0,
      0,
      0
    ],
    [
      1,
      0,
      5,
      3,
      6,
      21,
      0,
      2,
      4,
      7,
      3,
      8,
      9,
      0,
      6,
      1,
      2,
      0,
      2,
      3
    ],
    [
      1,
      0,
      2,
      2,
      3,
      2,
      3,
      2,
      1,
      4,
      1,
      4,
      19,
      1,
      0,
      2,
      0,
      1,
      0,
      1
    ],
    [
      2,
      0,
      4,
      2,
      2,
      3,
      3,
      12,
      2,
      6,
      4,
      3,
      12,
      2,
      3,
      0,
      0,
      0,
      3,
      8
    ],
    [
      0,
      0,
      0,
      0,
      0,
      3,
      2,
      0,
      0,
      3,
      0,
      5,
      4,
      0,
      2,
      0,
      0,
      1,
      1,
      0
    ],
    [
      1,
      0,
      3,
      4,
      4,
      7,
      3,
      0,
      5,
      14,
      4,
      12,
      23,
      2,
      0,
      0,
      3,
      0,
      2,
      1
    ],
    [
      0,
      0,
      1,
      2,
      1,
      6,
      1,
      1,
      2,
      4,
      9,
      2,
      2,
      2,
      2,
      0,
      2,
      0,
      2,
      5
    ],
    [
      0,
      0,
      2,
      0,
      2,
      2,
      1,
      0,
      0,
      5,
      3,
      6,
      6,
      1,
      0,
      0,
      0,
      0,
      0,
      1
    ],
    [
      5,
      0,
      4,
      7,
      2,
      8,
      11,
      3,
      3,
      25,
      6,
      12,
      89,
      12,
      7,
      1,
      1,
      1,
      9,
      2
    ],
    [
      0,
      0,
      1,
      0,
      1,
      2,
      3,
      0,
      1,
      2,
      0,
      3,
      10,
      3,
      0,
      0,
      0,
      1,
      2,
      0
    ],
    [
      0,
      0,
      0,
      1,
      1,
      3,
      0,
      2,
      2,
      1,
      1,
      4,
      1,
      1,
      1,
      0,
      0,
      0,
      1,
      1
    ],
    [
      0,
      0,
      3,
      2,
      0,
      5,
      0,
      1,
      0,
      2,
      1,
      2,
      3,
      0,
      0,
      0,
      0,
      1,
      1,
      2
    ],
    [
      0,
      0,
      1,
      1,
      1,
      4,
      1,
      1,
      0,
      2,
      0,
      2,
      4,
      2,
      1,
      0,
      1,
      0,
      0,
      0
    ],
    [
      0,
      0,
      0,
      0,
      1,
      1,
      0,
      2,
      0,
      2,
      0,
      0,
      7,
      0,
      0,
      0,
      0,
      12,
      1,
      0
    ],
    [
      2,
      0,
      3,
      4,
      4,
      4,
      1,
      3,
      1,
      4,
      4,
      3,
      9,
      2,
      1,
      1,
      0,
      1,
      5,
      0
    ],
    [
      0,
      0,
      1,
      0,
      1,
      6,
      2,
      0,
      0,
      2,
      6,
      3,
      1,
      0,
      0,
      0,
      0,
      1,
      2,
      1
    ]
  ],
  "labels": [
    "\ud83d\udc9c",
    "\ud83c\uddfa\ud83c\uddf8",
    "\ud83d\ude0e",
    "\ud83d\ude18",
    "\u2600",
    "\ud83d\ude02",
    "\ud83d\udc95",
    "\ud83d\udd25",
    "\ud83d\ude01",
    "\ud83d\ude0d",
    "\ud83d\udcf8",
    "\ud83d\ude0a",
    "\u2764",
    "\ud83d\udc99",
    "\ud83d\ude1c",
    "\ud83d\ude09",
    "\ud83d\udcaf",
    "\ud83c\udf84",
    "\u2728",
    "\ud83d\udcf7"
  ]
}