{
  "classification_report": {
    "\ud83c\udf84": {
      "precision": 0.5652173913043478,
      "recall": 0.41935483870967744,
      "f1-score": 0.48148148148148145,
      "support": 31.0
    },
    "\ud83d\udd25": {
      "precision": 0.7586206896551724,
      "recall": 0.2972972972972973,
      "f1-score": 0.42718446601941745,
      "support": 74.0
    },
    "\ud83d\udc95": {
      "precision": 0.19047619047619047,
      "recall": 0.07692307692307693,
      "f1-score": 0.1095890410958904,
      "support": 52.0
    },
    "\ud83d\udcf7": {
      "precision": 0.08333333333333333,
      "recall": 0.034482758620689655,
      "f1-score": 0.04878048780487805,
      "support": 29.0
    },
    "\ud83c\uddfa\ud83c\uddf8": {
      "precision": 0.0,
      "recall": 0.0,
      "f1-score": 0.0,
      "support": 39.0
    },
    "\ud83d\ude0d": {
      "precision": 0.23157894736842105,
      "recall": 0.2268041237113402,
      "f1-score": 0.22916666666666666,
      "support": 97.0
    },
    "\ud83d\ude02": {
      "precision": 0.3223684210526316,
      "recall": 0.5384615384615384,
      "f1-score": 0.40329218106995884,
      "support": 91.0
    },
    "\ud83d\ude0a": {
      "precision": 0.07216494845360824,
      "recall": 0.21875,
      "f1-score": 0.10852713178294573,
      "support": 32.0
    },
    "\ud83d\ude0e": {
      "precision": 0.078125,
      "recall": 0.125,
      "f1-score": 0.09615384615384616,
      "support": 40.0
    },
    "\ud83d\udcaf": {
      "precision": 0.5,
      "recall": 0.04,
      "f1-score": 0.07407407407407407,
      "support": 25.0
    },
    "\ud83d\ude1c": {
      "precision": 0.25,
      "recall": 0.1,
      "f1-score": 0.14285714285714285,
      "support": 20.0
    },
    "\ud83d\udcf8": {
      "precision": 0.3,
      "recall": 0.1875,
      "f1-score": 0.23076923076923078,
      "support": 48.0
    },
    "\ud83d\udc99": {
      "precision": 0.0,
      "recall": 0.0,
      "f1-score": 0.0,
      "support": 31.0
    },
    "\ud83d\ude18": {
      "precision": 0.09523809523809523,
      "recall": 0.08333333333333333,
      "f1-score": 0.08888888888888889,
      "support": 24.0
    },
    "\ud83d\ude01": {
      "precision": 0.0,
      "recall": 0.0,
      "f1-score": 0.0,
      "support": 23.0
    },
    "\u2764": {
      "precision": 0.3893805309734513,
      "recall": 0.6111111111111112,
      "f1-score": 0.4756756756756757,
      "support": 216.0
    },
    "\ud83d\ude09": {
      "precision": 0.0,
      "recall": 0.0,
      "f1-score": 0.0,
      "support": 26.0
    },
    "\ud83d\udc9c": {
      "precision": 0.0,
      "recall": 0.0,
      "f1-score": 0.0,
      "support": 22.0
    },
    "\u2600": {
      "precision": 0.24528301886792453,
      "recall": 0.52,
      "f1-score": 0.3333333333333333,
      "support": 25.0
    },
    "\u2728": {
      "precision": 0.45454545454545453,
      "recall": 0.09090909090909091,
      "f1-score": 0.15151515151515152,
      "support": 55.0
    },
    "micro avg": {
      "precision": 0.2964876033057851,
      "recall": 0.287,
      "f1-score": 0.2916666666666667,
      "support": 1000.0
    },
    "macro avg": {
      "precision": 0.22681660106343152,
      "recall": 0.17849635845385775,
      "f1-score": 0.17006443995942908,
      "support": 1000.0
    },
    "weighted avg": {
      "precision": 0.29263804574506574,
      "recall": 0.287,
      "f1-score": 0.25723048163379536,
      "support": 1000.0
    }
  },
  "accuracy": 0.287,
  "confusion_matrix": [
    [
      13,
      2,
      0,
      0,
      0,
      1,
      1,
      1,
      0,
      0,
      0,
      0,
      0,
      0,
      0,
      13,
      0,
      0,
      0,
      0
    ],
    [
      0,
      22,
      2,
      1,
      0,
      2,
      9,
      6,
      8,
      0,
      1,
      5,
      0,
      2,
      0,
      12,
      0,
      1,
      3,
      0
    ],
    [
      1,
      0,
      4,
      1,
      0,
      9,
      2,
      3,
      3,
      0,
      0,
      0,
      0,
      1,
      0,
      27,
      0,
      0,
      1,
      0
    ],
    [
      1,
      0,
      0,
      1,
      0,
      4,
      8,
      0,
      1,
      1,
      0,
      3,
      0,
      0,
      1,
      6,
      0,
      0,
      0,
      1
    ],
    [
      1,
      1,
      0,
      2,
      0,
      0,
      2,
      1,
      4,
      0,
      0,
      1,
      0,
      0,
      0,
      13,
      0,
      0,
      1,
      1
    ],
    [
      0,
      0,
      2,
      1,
      0,
      22,
      11,
      15,
      6,
      0,
      0,
      3,
      0,
      2,
      0,
      24,
      0,
      0,
      3,
      0
    ],
    [
      0,
      0,
      2,
      2,
      0,
      3,
      49,
      9,
      4,
      0,
      2,
      2,
      0,
      2,
      0,
      11,
      0,
      1,
      3,
      0
    ],
    [
      0,
      0,
      0,
      0,
      0,
      5,
      1,
      7,
      4,
      0,
      0,
      0,
      0,
      1,
      1,
      11,
      0,
      0,
      1,
      0
    ],
    [
      1,
      1,
      0,
      0,
      0,
      4,
      5,
      5,
      5,
      0,
      1,
      1,
      1,
      0,
      1,
      9,
      0,
      0,
      4,
      0
    ],
    [
      1,
      0,
      1,
      0,
      0,
      2,
      6,
      1,
      4,
      1,
      1,
      0,
      1,
      1,
      0,
      5,
      0,
      0,
      1,
      0
    ],
    [
      0,
      1,
      0,
      0,
      0,
      1,
      6,
      5,
      1,
      0,
      2,
      0,
      0,
      0,
      0,
      3,
      0,
      0,
      0,
      0
    ],
    [
      0,
      1,
      1,
      0,
      0,
      4,
      13,
      3,
      3,
      0,
      0,
      9,
      0,
      0,
      0,
      6,
      0,
      1,
      5,
      1
    ],
    [
      1,
      0,
      0,
      0,
      0,
      5,
      0,
      4,
      1,
      0,
      0,
      0,
      0,
      1,
      0,
      13,
      0,
      0,
      1,
      2
    ],
    [
      1,
      0,
      1,
      0,
      0,
      2,
      1,
      3,
      3,
      0,
      0,
      0,
      1,
      2,
      0,
      8,
      0,
      0,
      2,
      0
    ],
    [
      0,
      0,
      1,
      1,
      0,
      3,
      6,
      4,
      2,
      0,
      0,
      0,
      0,
      0,
      0,
      5,
      0,
      0,
      1,
      0
    ],
    [
      2,
      0,
      5,
      1,
      0,
      20,
      17,
      13,
      5,
      0,
      1,
      2,
      0,
      7,
      0,
      132,
      0,
      0,
      9,
      1
    ],
    [
      0,
      0,
      1,
      1,
      0,
      4,
      5,
      6,
      1,
      0,
      0,
      1,
      0,
      0,
      0,
      5,
      0,
      0,
      2,
      0
    ],
    [
      0,
      0,
      1,
      1,
      0,
      1,
      2,
      4,
      2,
      0,
      0,
      0,
      0,
      0,
      0,
      11,
      0,
      0,
      0,
      0
    ],
    [
      0,
      0,
      0,
      0,
      0,
      0,
      3,
      0,
      2,
      0,
      0,
      0,
      0,
      0,
      0,
      7,
      0,
      0,
      13,
      0
    ],
    [
      1,
      1,
      0,
      0,
      0,
      3,
      5,
      7,
      5,
      0,
      0,
      3,
      1,
      2,
      1,
      18,
      0,
      0,
      3,
      5
    ]
  ],
  "labels": [
    "\ud83c\udf84",
    "\ud83d\udd25",
    "\ud83d\udc95",
    "\ud83d\udcf7",
    "\ud83c\uddfa\ud83c\uddf8",
    "\ud83d\ude0d",
    "\ud83d\ude02",
    "\ud83d\ude0a",
    "\ud83d\ude0e",
    "\ud83d\udcaf",
    "\ud83d\ude1c",
    "\ud83d\udcf8",
    "\ud83d\udc99",
    "\ud83d\ude18",
    "\ud83d\ude01",
    "\u2764",
    "\ud83d\ude09",
    "\ud83d\udc9c",
    "\u2600",
    "\u2728"
  ]
}