{
  "classification_report": {
    "\u2600": {
      "precision": 0.1864406779661017,
      "recall": 0.44,
      "f1-score": 0.2619047619047619,
      "support": 25.0
    },
    "\ud83d\ude0e": {
      "precision": 0.10810810810810811,
      "recall": 0.2,
      "f1-score": 0.14035087719298245,
      "support": 40.0
    },
    "\ud83d\ude02": {
      "precision": 0.3418803418803419,
      "recall": 0.43956043956043955,
      "f1-score": 0.38461538461538464,
      "support": 91.0
    },
    "\ud83c\uddfa\ud83c\uddf8": {
      "precision": 0.0,
      "recall": 0.0,
      "f1-score": 0.0,
      "support": 39.0
    },
    "\ud83d\ude0a": {
      "precision": 0.05405405405405406,
      "recall": 0.25,
      "f1-score": 0.08888888888888889,
      "support": 32.0
    },
    "\u2764": {
      "precision": 0.3901345291479821,
      "recall": 0.4027777777777778,
      "f1-score": 0.39635535307517084,
      "support": 216.0
    },
    "\ud83d\ude0d": {
      "precision": 0.2028985507246377,
      "recall": 0.14432989690721648,
      "f1-score": 0.1686746987951807,
      "support": 97.0
    },
    "\ud83d\ude01": {
      "precision": 0.0,
      "recall": 0.0,
      "f1-score": 0.0,
      "support": 23.0
    },
    "\ud83d\udc9c": {
      "precision": 0.07142857142857142,
      "recall": 0.045454545454545456,
      "f1-score": 0.05555555555555555,
      "support": 22.0
    },
    "\ud83d\ude1c": {
      "precision": 0.13793103448275862,
      "recall": 0.2,
      "f1-score": 0.16326530612244897,
      "support": 20.0
    },
    "\ud83d\ude09": {
      "precision": 0.0,
      "recall": 0.0,
      "f1-score": 0.0,
      "support": 26.0
    },
    "\ud83d\udc95": {
      "precision": 0.14814814814814814,
      "recall": 0.07692307692307693,
      "f1-score": 0.10126582278481013,
      "support": 52.0
    },
    "\ud83d\udcf8": {
      "precision": 0.21875,
      "recall": 0.14583333333333334,
      "f1-score": 0.175,
      "support": 48.0
    },
    "\ud83d\udcaf": {
      "precision": 0.25,
      "recall": 0.04,
      "f1-score": 0.06896551724137931,
      "support": 25.0
    },
    "\ud83d\ude18": {
      "precision": 0.0967741935483871,
      "recall": 0.125,
      "f1-score": 0.10909090909090909,
      "support": 24.0
    },
    "\ud83c\udf84": {
      "precision": 0.5625,
      "recall": 0.5806451612903226,
      "f1-score": 0.5714285714285714,
      "support": 31.0
    },
    "\u2728": {
      "precision": 0.25,
      "recall": 0.07272727272727272,
      "f1-score": 0.11267605633802817,
      "support": 55.0
    },
    "\ud83d\udcf7": {
      "precision": 0.125,
      "recall": 0.06896551724137931,
      "f1-score": 0.08888888888888889,
      "support": 29.0
    },
    "\ud83d\udd25": {
      "precision": 0.5675675675675675,
      "recall": 0.28378378378378377,
      "f1-score": 0.3783783783783784,
      "support": 74.0
    },
    "\ud83d\udc99": {
      "precision": 0.1111111111111111,
      "recall": 0.03225806451612903,
      "f1-score": 0.05,
      "support": 31.0
    },
    "micro avg": {
      "precision": 0.2484076433121019,
      "recall": 0.234,
      "f1-score": 0.24098867147270855,
      "support": 1000.0
    },
    "macro avg": {
      "precision": 0.19113634440838848,
      "recall": 0.17741294347576386,
      "f1-score": 0.16576524851506697,
      "support": 1000.0
    },
    "weighted avg": {
      "precision": 0.2571396778849649,
      "recall": 0.234,
      "f1-score": 0.2305152180965049,
      "support": 1000.0
    }
  },
  "accuracy": 0.234,
  "confusion_matrix": [
    [
      11,
      1,
      1,
      0,
      2,
      6,
      1,
      0,
      0,
      0,
      0,
      1,
      0,
      0,
      0,
      0,
      0,
      0,
      2,
      0
    ],
    [
      3,
      8,
      4,
      0,
      8,
      6,
      1,
      0,
      1,
      1,
      0,
      0,
      0,
      0,
      1,
      1,
      0,
      2,
      0,
      0
    ],
    [
      3,
      6,
      40,
      0,
      10,
      6,
      1,
      3,
      1,
      6,
      0,
      2,
      3,
      0,
      1,
      0,
      0,
      1,
      3,
      0
    ],
    [
      3,
      1,
      1,
      0,
      1,
      15,
      1,
      0,
      0,
      2,
      0,
      0,
      1,
      0,
      0,
      0,
      2,
      2,
      1,
      0
    ],
    [
      4,
      2,
      2,
      0,
      8,
      6,
      2,
      1,
      0,
      1,
      0,
      1,
      0,
      0,
      0,
      1,
      1,
      0,
      0,
      0
    ],
    [
      12,
      10,
      15,
      0,
      30,
      87,
      19,
      0,
      5,
      3,
      0,
      10,
      6,
      0,
      7,
      2,
      1,
      1,
      2,
      1
    ],
    [
      4,
      5,
      7,
      0,
      21,
      18,
      14,
      1,
      2,
      0,
      0,
      3,
      4,
      0,
      5,
      1,
      0,
      0,
      1,
      5
    ],
    [
      1,
      1,
      4,
      0,
      7,
      3,
      0,
      0,
      0,
      1,
      0,
      0,
      1,
      0,
      0,
      1,
      1,
      0,
      0,
      0
    ],
    [
      0,
      1,
      1,
      0,
      6,
      5,
      3,
      0,
      1,
      0,
      0,
      1,
      1,
      0,
      0,
      0,
      1,
      1,
      0,
      0
    ],
    [
      0,
      1,
      6,
      0,
      3,
      0,
      1,
      0,
      0,
      4,
      0,
      0,
      1,
      0,
      1,
      0,
      0,
      0,
      2,
      0
    ],
    [
      3,
      2,
      4,
      0,
      5,
      1,
      2,
      0,
      0,
      0,
      0,
      1,
      1,
      0,
      3,
      1,
      0,
      1,
      0,
      0
    ],
    [
      3,
      5,
      2,
      0,
      3,
      18,
      6,
      0,
      0,
      2,
      0,
      4,
      1,
      0,
      2,
      0,
      1,
      1,
      2,
      0
    ],
    [
      2,
      8,
      5,
      0,
      7,
      3,
      3,
      0,
      0,
      3,
      0,
      1,
      7,
      1,
      0,
      0,
      2,
      3,
      1,
      0
    ],
    [
      2,
      2,
      4,
      0,
      4,
      1,
      0,
      0,
      0,
      1,
      0,
      0,
      1,
      1,
      0,
      2,
      0,
      0,
      1,
      0
    ],
    [
      1,
      5,
      2,
      0,
      6,
      5,
      0,
      0,
      0,
      0,
      0,
      1,
      0,
      0,
      3,
      1,
      0,
      0,
      0,
      0
    ],
    [
      2,
      1,
      3,
      0,
      0,
      6,
      0,
      0,
      0,
      0,
      0,
      0,
      0,
      0,
      0,
      18,
      0,
      0,
      0,
      0
    ],
    [
      1,
      3,
      5,
      0,
      9,
      20,
      3,
      0,
      1,
      1,
      0,
      1,
      0,
      0,
      3,
      1,
      4,
      0,
      1,
      1
    ],
    [
      1,
      2,
      7,
      0,
      5,
      2,
      2,
      0,
      0,
      1,
      0,
      0,
      3,
      0,
      0,
      1,
      1,
      2,
      0,
      1
    ],
    [
      2,
      9,
      4,
      0,
      8,
      6,
      5,
      0,
      3,
      3,
      0,
      0,
      2,
      2,
      4,
      1,
      1,
      1,
      21,
      0
    ],
    [
      1,
      1,
      0,
      0,
      5,
      9,
      5,
      0,
      0,
      0,
      0,
      1,
      0,
      0,
      1,
      1,
      1,
      1,
      0,
      1
    ]
  ],
  "labels": [
    "\u2600",
    "\ud83d\ude0e",
    "\ud83d\ude02",
    "\ud83c\uddfa\ud83c\uddf8",
    "\ud83d\ude0a",
    "\u2764",
    "\ud83d\ude0d",
    "\ud83d\ude01",
    "\ud83d\udc9c",
    "\ud83d\ude1c",
    "\ud83d\ude09",
    "\ud83d\udc95",
    "\ud83d\udcf8",
    "\ud83d\udcaf",
    "\ud83d\ude18",
    "\ud83c\udf84",
    "\u2728",
    "\ud83d\udcf7",
    "\ud83d\udd25",
    "\ud83d\udc99"
  ]
}