{
  "classification_report": {
    "\ud83d\udc99": {
      "precision": 0.08,
      "recall": 0.06451612903225806,
      "f1-score": 0.07142857142857142,
      "support": 31.0
    },
    "\ud83d\udcf8": {
      "precision": 0.1794871794871795,
      "recall": 0.14583333333333334,
      "f1-score": 0.16091954022988506,
      "support": 48.0
    },
    "\ud83c\uddfa\ud83c\uddf8": {
      "precision": 0.0,
      "recall": 0.0,
      "f1-score": 0.0,
      "support": 39.0
    },
    "\ud83d\ude0d": {
      "precision": 0.13829787234042554,
      "recall": 0.13402061855670103,
      "f1-score": 0.13612565445026178,
      "support": 97.0
    },
    "\ud83d\udcaf": {
      "precision": 0.1,
      "recall": 0.04,
      "f1-score": 0.05714285714285714,
      "support": 25.0
    },
    "\ud83d\udd25": {
      "precision": 0.36363636363636365,
      "recall": 0.16216216216216217,
      "f1-score": 0.22429906542056074,
      "support": 74.0
    },
    "\u2764": {
      "precision": 0.32075471698113206,
      "recall": 0.39351851851851855,
      "f1-score": 0.35343035343035345,
      "support": 216.0
    },
    "\ud83d\udc9c": {
      "precision": 0.0,
      "recall": 0.0,
      "f1-score": 0.0,
      "support": 22.0
    },
    "\ud83d\ude0a": {
      "precision": 0.0641025641025641,
      "recall": 0.15625,
      "f1-score": 0.09090909090909091,
      "support": 32.0
    },
    "\ud83d\udc95": {
      "precision": 0.0851063829787234,
      "recall": 0.07692307692307693,
      "f1-score": 0.08080808080808081,
      "support": 52.0
    },
    "\ud83d\ude1c": {
      "precision": 0.043478260869565216,
      "recall": 0.05,
      "f1-score": 0.046511627906976744,
      "support": 20.0
    },
    "\ud83d\ude01": {
      "precision": 0.0,
      "recall": 0.0,
      "f1-score": 0.0,
      "support": 23.0
    },
    "\ud83d\ude02": {
      "precision": 0.2911392405063291,
      "recall": 0.25274725274725274,
      "f1-score": 0.27058823529411763,
      "support": 91.0
    },
    "\ud83d\ude0e": {
      "precision": 0.07142857142857142,
      "recall": 0.075,
      "f1-score": 0.07317073170731707,
      "support": 40.0
    },
    "\ud83c\udf84": {
      "precision": 0.5,
      "recall": 0.5483870967741935,
      "f1-score": 0.5230769230769231,
      "support": 31.0
    },
    "\ud83d\udcf7": {
      "precision": 0.07142857142857142,
      "recall": 0.06896551724137931,
      "f1-score": 0.07017543859649122,
      "support": 29.0
    },
    "\ud83d\ude18": {
      "precision": 0.075,
      "recall": 0.125,
      "f1-score": 0.09375,
      "support": 24.0
    },
    "\u2728": {
      "precision": 0.16666666666666666,
      "recall": 0.09090909090909091,
      "f1-score": 0.11764705882352941,
      "support": 55.0
    },
    "\ud83d\ude09": {
      "precision": 0.0,
      "recall": 0.0,
      "f1-score": 0.0,
      "support": 26.0
    },
    "\u2600": {
      "precision": 0.2222222222222222,
      "recall": 0.32,
      "f1-score": 0.26229508196721313,
      "support": 25.0
    },
    "micro avg": {
      "precision": 0.20362473347547974,
      "recall": 0.191,
      "f1-score": 0.19711042311661506,
      "support": 1000.0
    },
    "macro avg": {
      "precision": 0.1386374306324157,
      "recall": 0.1352116398098983,
      "f1-score": 0.1316139155596115,
      "support": 1000.0
    },
    "weighted avg": {
      "precision": 0.19399323172985788,
      "recall": 0.191,
      "f1-score": 0.1866304107061102,
      "support": 1000.0
    }
  },
  "accuracy": 0.191,
  "confusion_matrix": [
    [
      2,
      0,
      0,
      3,
      0,
      0,
      12,
      0,
      2,
      3,
      0,
      0,
      1,
      1,
      1,
      0,
      1,
      2,
      0,
      1
    ],
    [
      1,
      7,
      0,
      3,
      2,
      0,
      7,
      0,
      4,
      2,
      2,
      2,
      5,
      1,
      0,
      3,
      4,
      1,
      0,
      1
    ],
    [
      2,
      0,
      0,
      2,
      0,
      1,
      11,
      0,
      3,
      0,
      1,
      1,
      3,
      3,
      0,
      4,
      0,
      1,
      0,
      1
    ],
    [
      1,
      3,
      0,
      13,
      3,
      0,
      24,
      1,
      10,
      3,
      0,
      3,
      7,
      5,
      0,
      2,
      4,
      2,
      0,
      3
    ],
    [
      1,
      0,
      0,
      2,
      1,
      2,
      3,
      0,
      2,
      1,
      0,
      0,
      4,
      0,
      2,
      0,
      1,
      1,
      0,
      1
    ],
    [
      0,
      5,
      0,
      5,
      0,
      12,
      16,
      1,
      3,
      7,
      2,
      3,
      3,
      4,
      0,
      6,
      3,
      1,
      0,
      2
    ],
    [
      10,
      4,
      0,
      27,
      2,
      3,
      85,
      4,
      12,
      15,
      7,
      1,
      7,
      5,
      6,
      2,
      9,
      8,
      1,
      1
    ],
    [
      0,
      2,
      0,
      2,
      0,
      0,
      7,
      0,
      2,
      1,
      0,
      1,
      1,
      0,
      0,
      1,
      2,
      3,
      0,
      0
    ],
    [
      2,
      3,
      0,
      5,
      0,
      0,
      8,
      0,
      5,
      1,
      0,
      0,
      1,
      3,
      1,
      0,
      0,
      0,
      0,
      1
    ],
    [
      1,
      1,
      0,
      4,
      0,
      2,
      20,
      1,
      4,
      4,
      0,
      1,
      1,
      1,
      1,
      1,
      2,
      0,
      2,
      3
    ],
    [
      1,
      1,
      0,
      2,
      0,
      3,
      3,
      0,
      4,
      0,
      1,
      1,
      2,
      0,
      0,
      0,
      0,
      1,
      0,
      1
    ],
    [
      0,
      0,
      0,
      3,
      0,
      0,
      4,
      0,
      5,
      2,
      2,
      0,
      3,
      0,
      1,
      0,
      0,
      0,
      0,
      0
    ],
    [
      0,
      4,
      0,
      7,
      2,
      2,
      10,
      1,
      8,
      1,
      6,
      3,
      23,
      5,
      1,
      2,
      4,
      1,
      1,
      4
    ],
    [
      1,
      0,
      0,
      4,
      0,
      4,
      9,
      0,
      3,
      2,
      2,
      0,
      2,
      3,
      0,
      1,
      1,
      2,
      0,
      3
    ],
    [
      0,
      0,
      0,
      1,
      0,
      2,
      9,
      0,
      0,
      0,
      0,
      0,
      0,
      0,
      17,
      0,
      0,
      1,
      0,
      1
    ],
    [
      0,
      5,
      0,
      1,
      0,
      0,
      5,
      2,
      1,
      2,
      0,
      0,
      5,
      1,
      2,
      2,
      0,
      0,
      0,
      0
    ],
    [
      1,
      0,
      0,
      3,
      0,
      0,
      8,
      0,
      2,
      1,
      0,
      1,
      2,
      2,
      0,
      0,
      3,
      0,
      0,
      1
    ],
    [
      1,
      3,
      0,
      4,
      0,
      1,
      12,
      2,
      4,
      1,
      0,
      0,
      5,
      3,
      2,
      2,
      5,
      5,
      1,
      4
    ],
    [
      0,
      1,
      0,
      3,
      0,
      1,
      5,
      0,
      2,
      1,
      0,
      0,
      4,
      3,
      0,
      1,
      0,
      1,
      0,
      0
    ],
    [
      1,
      0,
      0,
      0,
      0,
      0,
      7,
      0,
      2,
      0,
      0,
      1,
      0,
      2,
      0,
      1,
      1,
      0,
      0,
      8
    ]
  ],
  "labels": [
    "\ud83d\udc99",
    "\ud83d\udcf8",
    "\ud83c\uddfa\ud83c\uddf8",
    "\ud83d\ude0d",
    "\ud83d\udcaf",
    "\ud83d\udd25",
    "\u2764",
    "\ud83d\udc9c",
    "\ud83d\ude0a",
    "\ud83d\udc95",
    "\ud83d\ude1c",
    "\ud83d\ude01",
    "\ud83d\ude02",
    "\ud83d\ude0e",
    "\ud83c\udf84",
    "\ud83d\udcf7",
    "\ud83d\ude18",
    "\u2728",
    "\ud83d\ude09",
    "\u2600"
  ]
}