{
  "classification_report": {
    "\ud83d\udcaf": {
      "precision": 0.0,
      "recall": 0.0,
      "f1-score": 0.0,
      "support": 25.0
    },
    "\ud83d\ude02": {
      "precision": 0.41025641025641024,
      "recall": 0.17582417582417584,
      "f1-score": 0.24615384615384617,
      "support": 91.0
    },
    "\ud83d\ude1c": {
      "precision": 0.0,
      "recall": 0.0,
      "f1-score": 0.0,
      "support": 20.0
    },
    "\ud83d\ude01": {
      "precision": 0.0,
      "recall": 0.0,
      "f1-score": 0.0,
      "support": 23.0
    },
    "\ud83d\udc9c": {
      "precision": 0.0,
      "recall": 0.0,
      "f1-score": 0.0,
      "support": 22.0
    },
    "\ud83d\ude09": {
      "precision": 0.1111111111111111,
      "recall": 0.038461538461538464,
      "f1-score": 0.05714285714285714,
      "support": 26.0
    },
    "\u2600": {
      "precision": 0.0,
      "recall": 0.0,
      "f1-score": 0.0,
      "support": 25.0
    },
    "\ud83c\udf84": {
      "precision": 0.8823529411764706,
      "recall": 0.4838709677419355,
      "f1-score": 0.625,
      "support": 31.0
    },
    "\u2728": {
      "precision": 0.16666666666666666,
      "recall": 0.2,
      "f1-score": 0.18181818181818182,
      "support": 55.0
    },
    "\ud83d\udd25": {
      "precision": 0.5,
      "recall": 0.3918918918918919,
      "f1-score": 0.4393939393939394,
      "support": 74.0
    },
    "\ud83d\ude18": {
      "precision": 0.25,
      "recall": 0.08333333333333333,
      "f1-score": 0.125,
      "support": 24.0
    },
    "\ud83d\udc95": {
      "precision": 0.14705882352941177,
      "recall": 0.09615384615384616,
      "f1-score": 0.11627906976744186,
      "support": 52.0
    },
    "\ud83d\ude0a": {
      "precision": 0.05699481865284974,
      "recall": 0.34375,
      "f1-score": 0.09777777777777778,
      "support": 32.0
    },
    "\ud83c\uddfa\ud83c\uddf8": {
      "precision": 0.42105263157894735,
      "recall": 0.20512820512820512,
      "f1-score": 0.27586206896551724,
      "support": 39.0
    },
    "\ud83d\ude0d": {
      "precision": 0.17687074829931973,
      "recall": 0.26804123711340205,
      "f1-score": 0.21311475409836064,
      "support": 97.0
    },
    "\ud83d\udcf8": {
      "precision": 0.1875,
      "recall": 0.0625,
      "f1-score": 0.09375,
      "support": 48.0
    },
    "\u2764": {
      "precision": 0.358974358974359,
      "recall": 0.06481481481481481,
      "f1-score": 0.10980392156862745,
      "support": 216.0
    },
    "\ud83d\ude0e": {
      "precision": 0.3333333333333333,
      "recall": 0.025,
      "f1-score": 0.046511627906976744,
      "support": 40.0
    },
    "\ud83d\udcf7": {
      "precision": 0.0,
      "recall": 0.0,
      "f1-score": 0.0,
      "support": 29.0
    },
    "\ud83d\udc99": {
      "precision": 0.0,
      "recall": 0.0,
      "f1-score": 0.0,
      "support": 31.0
    },
    "micro avg": {
      "precision": 0.21450151057401812,
      "recall": 0.142,
      "f1-score": 0.17087845968712395,
      "support": 1000.0
    },
    "macro avg": {
      "precision": 0.20010859217894397,
      "recall": 0.12193850052315716,
      "f1-score": 0.13138040222967634,
      "support": 1000.0
    },
    "weighted avg": {
      "precision": 0.2626620331741879,
      "recall": 0.142,
      "f1-score": 0.15946013032996043,
      "support": 1000.0
    }
  },
  "accuracy": 0.142,
  "confusion_matrix": [
    [
      0,
      2,
      0,
      0,
      0,
      0,
      0,
      0,
      2,
      1,
      0,
      0,
      5,
      0,
      2,
      0,
      0,
      0,
      0,
      0
    ],
    [
      0,
      16,
      0,
      0,
      1,
      1,
      0,
      0,
      2,
      5,
      0,
      1,
      17,
      1,
      8,
      5,
      1,
      0,
      0,
      0
    ],
    [
      0,
      1,
      0,
      0,
      0,
      0,
      0,
      0,
      0,
      2,
      0,
      0,
      6,
      0,
      5,
      0,
      0,
      0,
      0,
      0
    ],
    [
      0,
      2,
      0,
      0,
      0,
      0,
      0,
      0,
      1,
      0,
      0,
      0,
      9,
      0,
      5,
      1,
      0,
      1,
      0,
      0
    ],
    [
      0,
      0,
      0,
      0,
      0,
      0,
      0,
      0,
      3,
      1,
      0,
      1,
      6,
      0,
      3,
      0,
      1,
      0,
      0,
      0
    ],
    [
      0,
      0,
      0,
      0,
      0,
      1,
      0,
      1,
      1,
      0,
      0,
      0,
      7,
      0,
      6,
      0,
      0,
      0,
      0,
      0
    ],
    [
      0,
      0,
      0,
      1,
      0,
      0,
      0,
      0,
      1,
      0,
      0,
      1,
      5,
      0,
      2,
      0,
      0,
      0,
      0,
      0
    ],
    [
      0,
      1,
      0,
      0,
      0,
      0,
      0,
      15,
      1,
      2,
      0,
      0,
      4,
      0,
      3,
      0,
      0,
      0,
      0,
      0
    ],
    [
      0,
      0,
      0,
      0,
      0,
      2,
      0,
      0,
      11,
      1,
      0,
      2,
      14,
      0,
      6,
      1,
      1,
      0,
      0,
      0
    ],
    [
      0,
      1,
      0,
      0,
      1,
      0,
      0,
      0,
      6,
      29,
      1,
      0,
      4,
      2,
      4,
      1,
      1,
      0,
      1,
      0
    ],
    [
      0,
      0,
      0,
      0,
      1,
      0,
      0,
      0,
      0,
      0,
      2,
      2,
      5,
      0,
      4,
      1,
      1,
      0,
      0,
      0
    ],
    [
      0,
      1,
      0,
      0,
      0,
      1,
      0,
      0,
      3,
      0,
      1,
      5,
      8,
      0,
      10,
      1,
      5,
      0,
      0,
      0
    ],
    [
      0,
      0,
      0,
      0,
      0,
      1,
      0,
      0,
      0,
      0,
      0,
      1,
      11,
      2,
      6,
      0,
      0,
      0,
      0,
      0
    ],
    [
      0,
      0,
      0,
      0,
      0,
      0,
      0,
      0,
      4,
      1,
      0,
      0,
      4,
      8,
      2,
      0,
      3,
      0,
      1,
      0
    ],
    [
      0,
      3,
      0,
      0,
      0,
      1,
      0,
      0,
      4,
      5,
      1,
      3,
      22,
      3,
      26,
      1,
      3,
      1,
      0,
      1
    ],
    [
      1,
      3,
      0,
      0,
      0,
      0,
      0,
      0,
      10,
      3,
      0,
      0,
      4,
      1,
      1,
      3,
      1,
      0,
      3,
      0
    ],
    [
      0,
      6,
      0,
      0,
      0,
      1,
      0,
      1,
      10,
      3,
      3,
      16,
      36,
      0,
      42,
      0,
      14,
      0,
      0,
      2
    ],
    [
      0,
      2,
      0,
      0,
      0,
      0,
      0,
      0,
      3,
      2,
      0,
      1,
      12,
      0,
      7,
      0,
      1,
      1,
      0,
      0
    ],
    [
      0,
      1,
      0,
      0,
      0,
      0,
      0,
      0,
      3,
      1,
      0,
      1,
      4,
      0,
      2,
      2,
      2,
      0,
      0,
      0
    ],
    [
      0,
      0,
      0,
      0,
      1,
      1,
      0,
      0,
      1,
      2,
      0,
      0,
      10,
      2,
      3,
      0,
      5,
      0,
      0,
      0
    ]
  ],
  "labels": [
    "\ud83d\udcaf",
    "\ud83d\ude02",
    "\ud83d\ude1c",
    "\ud83d\ude01",
    "\ud83d\udc9c",
    "\ud83d\ude09",
    "\u2600",
    "\ud83c\udf84",
    "\u2728",
    "\ud83d\udd25",
    "\ud83d\ude18",
    "\ud83d\udc95",
    "\ud83d\ude0a",
    "\ud83c\uddfa\ud83c\uddf8",
    "\ud83d\ude0d",
    "\ud83d\udcf8",
    "\u2764",
    "\ud83d\ude0e",
    "\ud83d\udcf7",
    "\ud83d\udc99"
  ]
}