{
  "classification_report": {
    "\ud83d\udc9c": {
      "precision": 0.0,
      "recall": 0.0,
      "f1-score": 0.0,
      "support": 22.0
    },
    "\u2764": {
      "precision": 0.3416666666666667,
      "recall": 0.18981481481481483,
      "f1-score": 0.24404761904761904,
      "support": 216.0
    },
    "\ud83d\ude0a": {
      "precision": 0.06597222222222222,
      "recall": 0.59375,
      "f1-score": 0.11875,
      "support": 32.0
    },
    "\u2600": {
      "precision": 0.25806451612903225,
      "recall": 0.32,
      "f1-score": 0.2857142857142857,
      "support": 25.0
    },
    "\ud83d\udd25": {
      "precision": 0.3333333333333333,
      "recall": 0.1891891891891892,
      "f1-score": 0.2413793103448276,
      "support": 74.0
    },
    "\ud83c\uddfa\ud83c\uddf8": {
      "precision": 0.0,
      "recall": 0.0,
      "f1-score": 0.0,
      "support": 39.0
    },
    "\ud83d\udcaf": {
      "precision": 0.2,
      "recall": 0.04,
      "f1-score": 0.06666666666666667,
      "support": 25.0
    },
    "\ud83d\ude01": {
      "precision": 0.0,
      "recall": 0.0,
      "f1-score": 0.0,
      "support": 23.0
    },
    "\u2728": {
      "precision": 0.17647058823529413,
      "recall": 0.10909090909090909,
      "f1-score": 0.1348314606741573,
      "support": 55.0
    },
    "\ud83d\udcf7": {
      "precision": 0.0,
      "recall": 0.0,
      "f1-score": 0.0,
      "support": 29.0
    },
    "\ud83c\udf84": {
      "precision": 0.6842105263157895,
      "recall": 0.41935483870967744,
      "f1-score": 0.52,
      "support": 31.0
    },
    "\ud83d\ude09": {
      "precision": 0.0,
      "recall": 0.0,
      "f1-score": 0.0,
      "support": 26.0
    },
    "\ud83d\ude18": {
      "precision": 0.058823529411764705,
      "recall": 0.041666666666666664,
      "f1-score": 0.04878048780487805,
      "support": 24.0
    },
    "\ud83d\udc99": {
      "precision": 0.07692307692307693,
      "recall": 0.03225806451612903,
      "f1-score": 0.045454545454545456,
      "support": 31.0
    },
    "\ud83d\udcf8": {
      "precision": 0.3023255813953488,
      "recall": 0.2708333333333333,
      "f1-score": 0.2857142857142857,
      "support": 48.0
    },
    "\ud83d\ude1c": {
      "precision": 0.0,
      "recall": 0.0,
      "f1-score": 0.0,
      "support": 20.0
    },
    "\ud83d\ude02": {
      "precision": 0.29591836734693877,
      "recall": 0.31868131868131866,
      "f1-score": 0.30687830687830686,
      "support": 91.0
    },
    "\ud83d\ude0e": {
      "precision": 0.05,
      "recall": 0.025,
      "f1-score": 0.03333333333333333,
      "support": 40.0
    },
    "\ud83d\ude0d": {
      "precision": 0.45,
      "recall": 0.09278350515463918,
      "f1-score": 0.15384615384615385,
      "support": 97.0
    },
    "\ud83d\udc95": {
      "precision": 0.2,
      "recall": 0.057692307692307696,
      "f1-score": 0.08955223880597014,
      "support": 52.0
    },
    "micro avg": {
      "precision": 0.2020330368487929,
      "recall": 0.159,
      "f1-score": 0.1779518746502518,
      "support": 1000.0
    },
    "macro avg": {
      "precision": 0.1746854203989734,
      "recall": 0.13500574739244925,
      "f1-score": 0.12874743471425149,
      "support": 1000.0
    },
    "weighted avg": {
      "precision": 0.2442323787757801,
      "recall": 0.159,
      "f1-score": 0.17185476975734576,
      "support": 1000.0
    }
  },
  "accuracy": 0.159,
  "confusion_matrix": [
    [
      0,
      4,
      9,
      0,
      0,
      0,
      1,
      0,
      0,
      0,
      0,
      0,
      0,
      0,
      2,
      0,
      0,
      0,
      2,
      1
    ],
    [
      3,
      41,
      61,
      1,
      4,
      0,
      1,
      4,
      8,
      0,
      3,
      0,
      7,
      4,
      3,
      0,
      18,
      3,
      3,
      2
    ],
    [
      0,
      2,
      19,
      2,
      1,
      0,
      0,
      0,
      1,
      0,
      0,
      0,
      0,
      0,
      1,
      0,
      0,
      0,
      0,
      0
    ],
    [
      0,
      1,
      4,
      8,
      1,
      0,
      0,
      0,
      1,
      0,
      0,
      0,
      1,
      2,
      0,
      0,
      0,
      2,
      0,
      0
    ],
    [
      1,
      5,
      16,
      1,
      14,
      0,
      0,
      0,
      4,
      0,
      1,
      0,
      0,
      0,
      7,
      0,
      5,
      5,
      0,
      2
    ],
    [
      0,
      5,
      12,
      0,
      0,
      0,
      1,
      2,
      1,
      1,
      0,
      0,
      0,
      0,
      2,
      0,
      3,
      0,
      0,
      0
    ],
    [
      0,
      2,
      4,
      1,
      2,
      0,
      1,
      0,
      1,
      0,
      0,
      0,
      0,
      1,
      0,
      0,
      3,
      1,
      1,
      0
    ],
    [
      0,
      2,
      8,
      1,
      0,
      0,
      0,
      0,
      1,
      0,
      1,
      0,
      0,
      1,
      0,
      0,
      7,
      0,
      0,
      0
    ],
    [
      4,
      8,
      16,
      4,
      0,
      0,
      0,
      1,
      6,
      0,
      0,
      0,
      1,
      0,
      1,
      0,
      1,
      1,
      1,
      1
    ],
    [
      0,
      4,
      7,
      0,
      1,
      0,
      0,
      0,
      1,
      0,
      1,
      0,
      0,
      0,
      4,
      0,
      4,
      1,
      0,
      0
    ],
    [
      0,
      5,
      3,
      0,
      1,
      0,
      0,
      0,
      1,
      0,
      13,
      0,
      0,
      0,
      0,
      0,
      1,
      0,
      0,
      0
    ],
    [
      0,
      1,
      10,
      1,
      2,
      0,
      0,
      0,
      0,
      0,
      0,
      0,
      1,
      0,
      2,
      0,
      2,
      0,
      1,
      0
    ],
    [
      0,
      0,
      9,
      0,
      1,
      0,
      0,
      0,
      0,
      0,
      0,
      0,
      1,
      0,
      0,
      0,
      3,
      1,
      0,
      2
    ],
    [
      0,
      8,
      11,
      1,
      0,
      0,
      0,
      0,
      0,
      0,
      0,
      0,
      0,
      1,
      0,
      0,
      2,
      0,
      0,
      1
    ],
    [
      0,
      5,
      7,
      2,
      4,
      0,
      0,
      0,
      1,
      0,
      0,
      0,
      1,
      0,
      13,
      0,
      7,
      0,
      0,
      1
    ],
    [
      0,
      1,
      8,
      0,
      1,
      0,
      0,
      0,
      2,
      0,
      0,
      0,
      0,
      0,
      0,
      0,
      2,
      0,
      0,
      0
    ],
    [
      0,
      4,
      24,
      4,
      4,
      0,
      0,
      1,
      1,
      0,
      0,
      0,
      2,
      1,
      3,
      1,
      29,
      1,
      0,
      1
    ],
    [
      0,
      6,
      13,
      2,
      4,
      0,
      0,
      0,
      1,
      0,
      0,
      0,
      0,
      0,
      1,
      0,
      2,
      1,
      1,
      0
    ],
    [
      0,
      11,
      33,
      2,
      0,
      0,
      1,
      1,
      0,
      1,
      0,
      0,
      1,
      3,
      2,
      0,
      7,
      2,
      9,
      1
    ],
    [
      0,
      5,
      14,
      1,
      2,
      0,
      0,
      1,
      4,
      0,
      0,
      1,
      2,
      0,
      2,
      0,
      2,
      2,
      2,
      3
    ]
  ],
  "labels": [
    "\ud83d\udc9c",
    "\u2764",
    "\ud83d\ude0a",
    "\u2600",
    "\ud83d\udd25",
    "\ud83c\uddfa\ud83c\uddf8",
    "\ud83d\udcaf",
    "\ud83d\ude01",
    "\u2728",
    "\ud83d\udcf7",
    "\ud83c\udf84",
    "\ud83d\ude09",
    "\ud83d\ude18",
    "\ud83d\udc99",
    "\ud83d\udcf8",
    "\ud83d\ude1c",
    "\ud83d\ude02",
    "\ud83d\ude0e",
    "\ud83d\ude0d",
    "\ud83d\udc95"
  ]
}