{
  "classification_report": {
    "\ud83d\ude01": {
      "precision": 0.0,
      "recall": 0.0,
      "f1-score": 0.0,
      "support": 23.0
    },
    "\ud83d\ude18": {
      "precision": 0.14705882352941177,
      "recall": 0.20833333333333334,
      "f1-score": 0.1724137931034483,
      "support": 24.0
    },
    "\ud83d\ude02": {
      "precision": 0.2847222222222222,
      "recall": 0.45054945054945056,
      "f1-score": 0.34893617021276596,
      "support": 91.0
    },
    "\ud83d\udc95": {
      "precision": 0.19230769230769232,
      "recall": 0.09615384615384616,
      "f1-score": 0.1282051282051282,
      "support": 52.0
    },
    "\ud83d\ude0a": {
      "precision": 0.07329842931937172,
      "recall": 0.4375,
      "f1-score": 0.12556053811659193,
      "support": 32.0
    },
    "\ud83d\ude09": {
      "precision": 0.0,
      "recall": 0.0,
      "f1-score": 0.0,
      "support": 26.0
    },
    "\ud83d\ude0e": {
      "precision": 0.06349206349206349,
      "recall": 0.1,
      "f1-score": 0.07766990291262135,
      "support": 40.0
    },
    "\ud83d\ude1c": {
      "precision": 0.08695652173913043,
      "recall": 0.1,
      "f1-score": 0.09302325581395349,
      "support": 20.0
    },
    "\ud83d\udc99": {
      "precision": 0.0,
      "recall": 0.0,
      "f1-score": 0.0,
      "support": 31.0
    },
    "\u2728": {
      "precision": 0.2608695652173913,
      "recall": 0.10909090909090909,
      "f1-score": 0.15384615384615385,
      "support": 55.0
    },
    "\ud83d\ude0d": {
      "precision": 0.203125,
      "recall": 0.13402061855670103,
      "f1-score": 0.16149068322981366,
      "support": 97.0
    },
    "\ud83c\udf84": {
      "precision": 0.6428571428571429,
      "recall": 0.5806451612903226,
      "f1-score": 0.6101694915254238,
      "support": 31.0
    },
    "\u2764": {
      "precision": 0.4941860465116279,
      "recall": 0.39351851851851855,
      "f1-score": 0.4381443298969072,
      "support": 216.0
    },
    "\ud83d\udc9c": {
      "precision": 0.0,
      "recall": 0.0,
      "f1-score": 0.0,
      "support": 22.0
    },
    "\ud83d\udcf7": {
      "precision": 0.10526315789473684,
      "recall": 0.06896551724137931,
      "f1-score": 0.08333333333333333,
      "support": 29.0
    },
    "\ud83d\udcaf": {
      "precision": 0.0,
      "recall": 0.0,
      "f1-score": 0.0,
      "support": 25.0
    },
    "\ud83d\udcf8": {
      "precision": 0.24,
      "recall": 0.25,
      "f1-score": 0.24489795918367346,
      "support": 48.0
    },
    "\u2600": {
      "precision": 0.21951219512195122,
      "recall": 0.36,
      "f1-score": 0.2727272727272727,
      "support": 25.0
    },
    "\ud83d\udd25": {
      "precision": 0.5,
      "recall": 0.1891891891891892,
      "f1-score": 0.27450980392156865,
      "support": 74.0
    },
    "\ud83c\uddfa\ud83c\uddf8": {
      "precision": 0.0,
      "recall": 0.0,
      "f1-score": 0.0,
      "support": 39.0
    },
    "micro avg": {
      "precision": 0.24704618689581095,
      "recall": 0.23,
      "f1-score": 0.23821853961677888,
      "support": 1000.0
    },
    "macro avg": {
      "precision": 0.17568244301063712,
      "recall": 0.17389832719618248,
      "f1-score": 0.15924639080143277,
      "support": 1000.0
    },
    "weighted avg": {
      "precision": 0.2638476417186489,
      "recall": 0.23,
      "f1-score": 0.23052722788873733,
      "support": 1000.0
    }
  },
  "accuracy": 0.23,
  "confusion_matrix": [
    [
      0,
      0,
      6,
      1,
      3,
      0,
      1,
      0,
      0,
      0,
      3,
      1,
      1,
      0,
      0,
      0,
      1,
      1,
      0,
      0
    ],
    [
      0,
      5,
      1,
      0,
      6,
      0,
      2,
      0,
      2,
      0,
      0,
      0,
      5,
      1,
      0,
      0,
      1,
      1,
      0,
      0
    ],
    [
      0,
      0,
      41,
      1,
      17,
      0,
      4,
      8,
      0,
      0,
      2,
      0,
      4,
      1,
      1,
      0,
      4,
      5,
      1,
      0
    ],
    [
      0,
      3,
      3,
      5,
      6,
      0,
      0,
      0,
      0,
      1,
      5,
      0,
      16,
      2,
      2,
      0,
      1,
      2,
      2,
      0
    ],
    [
      1,
      0,
      1,
      2,
      14,
      0,
      5,
      0,
      1,
      0,
      1,
      1,
      1,
      0,
      0,
      0,
      2,
      0,
      0,
      0
    ],
    [
      0,
      2,
      5,
      1,
      3,
      0,
      2,
      0,
      0,
      0,
      2,
      1,
      1,
      0,
      1,
      0,
      2,
      1,
      1,
      0
    ],
    [
      0,
      1,
      7,
      0,
      10,
      0,
      4,
      3,
      0,
      0,
      4,
      0,
      3,
      0,
      0,
      0,
      1,
      3,
      1,
      0
    ],
    [
      0,
      0,
      5,
      0,
      8,
      0,
      2,
      2,
      0,
      0,
      0,
      0,
      1,
      0,
      0,
      0,
      0,
      0,
      1,
      0
    ],
    [
      1,
      2,
      0,
      1,
      10,
      0,
      1,
      1,
      0,
      1,
      1,
      1,
      6,
      1,
      1,
      0,
      0,
      0,
      0,
      0
    ],
    [
      1,
      2,
      4,
      0,
      15,
      0,
      4,
      0,
      1,
      6,
      3,
      1,
      7,
      0,
      0,
      0,
      5,
      3,
      1,
      0
    ],
    [
      2,
      6,
      8,
      2,
      25,
      0,
      7,
      0,
      0,
      0,
      13,
      0,
      10,
      1,
      2,
      1,
      7,
      2,
      2,
      0
    ],
    [
      0,
      0,
      2,
      0,
      1,
      0,
      2,
      0,
      0,
      0,
      0,
      18,
      4,
      0,
      0,
      0,
      0,
      1,
      1,
      0
    ],
    [
      0,
      10,
      15,
      10,
      34,
      0,
      6,
      2,
      2,
      4,
      19,
      2,
      85,
      1,
      3,
      0,
      4,
      9,
      2,
      0
    ],
    [
      0,
      0,
      2,
      1,
      8,
      0,
      1,
      0,
      1,
      1,
      2,
      0,
      4,
      0,
      1,
      0,
      0,
      0,
      0,
      0
    ],
    [
      0,
      0,
      12,
      1,
      2,
      0,
      1,
      0,
      0,
      1,
      1,
      1,
      3,
      0,
      2,
      1,
      2,
      0,
      0,
      0
    ],
    [
      0,
      0,
      6,
      0,
      2,
      0,
      4,
      2,
      1,
      0,
      1,
      1,
      1,
      0,
      0,
      0,
      1,
      1,
      0,
      0
    ],
    [
      0,
      1,
      12,
      1,
      7,
      0,
      2,
      3,
      0,
      3,
      1,
      0,
      2,
      0,
      0,
      0,
      12,
      0,
      1,
      0
    ],
    [
      0,
      1,
      4,
      0,
      2,
      0,
      2,
      0,
      0,
      1,
      0,
      0,
      3,
      0,
      0,
      0,
      1,
      9,
      1,
      0
    ],
    [
      1,
      1,
      7,
      0,
      13,
      0,
      10,
      2,
      0,
      2,
      5,
      0,
      5,
      1,
      4,
      0,
      6,
      2,
      14,
      0
    ],
    [
      1,
      0,
      3,
      0,
      5,
      0,
      3,
      0,
      0,
      3,
      1,
      1,
      10,
      0,
      2,
      0,
      0,
      1,
      0,
      0
    ]
  ],
  "labels": [
    "\ud83d\ude01",
    "\ud83d\ude18",
    "\ud83d\ude02",
    "\ud83d\udc95",
    "\ud83d\ude0a",
    "\ud83d\ude09",
    "\ud83d\ude0e",
    "\ud83d\ude1c",
    "\ud83d\udc99",
    "\u2728",
    "\ud83d\ude0d",
    "\ud83c\udf84",
    "\u2764",
    "\ud83d\udc9c",
    "\ud83d\udcf7",
    "\ud83d\udcaf",
    "\ud83d\udcf8",
    "\u2600",
    "\ud83d\udd25",
    "\ud83c\uddfa\ud83c\uddf8"
  ]
}