{
  "classification_report": {
    "\ud83d\udc95": {
      "precision": 0.12903225806451613,
      "recall": 0.07692307692307693,
      "f1-score": 0.0963855421686747,
      "support": 52.0
    },
    "\ud83d\ude0d": {
      "precision": 0.2247191011235955,
      "recall": 0.20618556701030927,
      "f1-score": 0.21505376344086022,
      "support": 97.0
    },
    "\ud83d\udcf8": {
      "precision": 0.2553191489361702,
      "recall": 0.25,
      "f1-score": 0.25263157894736843,
      "support": 48.0
    },
    "\u2728": {
      "precision": 0.22727272727272727,
      "recall": 0.09090909090909091,
      "f1-score": 0.12987012987012986,
      "support": 55.0
    },
    "\ud83c\uddfa\ud83c\uddf8": {
      "precision": 0.0,
      "recall": 0.0,
      "f1-score": 0.0,
      "support": 39.0
    },
    "\ud83d\udc9c": {
      "precision": 0.0,
      "recall": 0.0,
      "f1-score": 0.0,
      "support": 22.0
    },
    "\ud83d\ude0a": {
      "precision": 0.06914893617021277,
      "recall": 0.40625,
      "f1-score": 0.11818181818181818,
      "support": 32.0
    },
    "\ud83d\ude0e": {
      "precision": 0.1111111111111111,
      "recall": 0.2,
      "f1-score": 0.14285714285714285,
      "support": 40.0
    },
    "\u2764": {
      "precision": 0.48717948717948717,
      "recall": 0.35185185185185186,
      "f1-score": 0.40860215053763443,
      "support": 216.0
    },
    "\ud83c\udf84": {
      "precision": 0.5806451612903226,
      "recall": 0.5806451612903226,
      "f1-score": 0.5806451612903226,
      "support": 31.0
    },
    "\ud83d\udcf7": {
      "precision": 0.07142857142857142,
      "recall": 0.034482758620689655,
      "f1-score": 0.046511627906976744,
      "support": 29.0
    },
    "\ud83d\ude1c": {
      "precision": 0.045454545454545456,
      "recall": 0.05,
      "f1-score": 0.047619047619047616,
      "support": 20.0
    },
    "\ud83d\udc99": {
      "precision": 0.1111111111111111,
      "recall": 0.03225806451612903,
      "f1-score": 0.05,
      "support": 31.0
    },
    "\ud83d\udcaf": {
      "precision": 0.0,
      "recall": 0.0,
      "f1-score": 0.0,
      "support": 25.0
    },
    "\ud83d\ude09": {
      "precision": 0.0,
      "recall": 0.0,
      "f1-score": 0.0,
      "support": 26.0
    },
    "\ud83d\ude01": {
      "precision": 0.0,
      "recall": 0.0,
      "f1-score": 0.0,
      "support": 23.0
    },
    "\ud83d\ude18": {
      "precision": 0.03225806451612903,
      "recall": 0.041666666666666664,
      "f1-score": 0.03636363636363636,
      "support": 24.0
    },
    "\u2600": {
      "precision": 0.2777777777777778,
      "recall": 0.6,
      "f1-score": 0.379746835443038,
      "support": 25.0
    },
    "\ud83d\udd25": {
      "precision": 0.5172413793103449,
      "recall": 0.20270270270270271,
      "f1-score": 0.2912621359223301,
      "support": 74.0
    },
    "\ud83d\ude02": {
      "precision": 0.3153846153846154,
      "recall": 0.45054945054945056,
      "f1-score": 0.37104072398190047,
      "support": 91.0
    },
    "micro avg": {
      "precision": 0.24392819429778248,
      "recall": 0.231,
      "f1-score": 0.23728813559322035,
      "support": 1000.0
    },
    "macro avg": {
      "precision": 0.17275419980656187,
      "recall": 0.17872121955201453,
      "f1-score": 0.15833856472654403,
      "support": 1000.0
    },
    "weighted avg": {
      "precision": 0.2642701929967013,
      "recall": 0.231,
      "f1-score": 0.23043132485219012,
      "support": 1000.0
    }
  },
  "accuracy": 0.231,
  "confusion_matrix": [
    [
      4,
      2,
      0,
      1,
      0,
      0,
      9,
      1,
      18,
      0,
      1,
      0,
      1,
      0,
      1,
      0,
      7,
      1,
      2,
      2
    ],
    [
      4,
      20,
      3,
      2,
      0,
      1,
      21,
      9,
      9,
      0,
      0,
      1,
      0,
      1,
      0,
      1,
      6,
      2,
      1,
      6
    ],
    [
      0,
      2,
      12,
      3,
      0,
      0,
      5,
      2,
      2,
      0,
      3,
      1,
      0,
      0,
      0,
      1,
      0,
      5,
      1,
      8
    ],
    [
      1,
      2,
      1,
      5,
      0,
      0,
      16,
      5,
      9,
      1,
      2,
      3,
      0,
      0,
      0,
      1,
      0,
      3,
      0,
      3
    ],
    [
      0,
      0,
      0,
      3,
      0,
      0,
      5,
      4,
      6,
      3,
      2,
      0,
      0,
      0,
      0,
      0,
      0,
      1,
      0,
      3
    ],
    [
      3,
      4,
      1,
      1,
      0,
      0,
      7,
      1,
      3,
      0,
      0,
      1,
      0,
      0,
      0,
      0,
      0,
      0,
      0,
      1
    ],
    [
      1,
      3,
      0,
      0,
      0,
      0,
      13,
      5,
      4,
      0,
      0,
      1,
      0,
      0,
      0,
      0,
      0,
      2,
      0,
      2
    ],
    [
      0,
      4,
      1,
      1,
      0,
      0,
      8,
      8,
      3,
      0,
      0,
      0,
      0,
      0,
      0,
      0,
      0,
      4,
      1,
      7
    ],
    [
      12,
      28,
      4,
      4,
      0,
      4,
      34,
      6,
      76,
      4,
      0,
      1,
      4,
      0,
      0,
      1,
      8,
      11,
      2,
      14
    ],
    [
      0,
      0,
      0,
      0,
      0,
      0,
      3,
      0,
      5,
      18,
      0,
      0,
      0,
      0,
      0,
      0,
      0,
      0,
      2,
      2
    ],
    [
      0,
      2,
      8,
      0,
      0,
      1,
      1,
      1,
      2,
      1,
      1,
      0,
      1,
      0,
      0,
      1,
      0,
      1,
      2,
      6
    ],
    [
      0,
      1,
      0,
      0,
      0,
      0,
      8,
      1,
      0,
      0,
      0,
      1,
      0,
      0,
      0,
      0,
      2,
      0,
      0,
      7
    ],
    [
      2,
      3,
      1,
      1,
      0,
      0,
      8,
      0,
      4,
      1,
      1,
      1,
      1,
      0,
      1,
      1,
      2,
      1,
      1,
      0
    ],
    [
      1,
      2,
      1,
      0,
      0,
      0,
      3,
      4,
      0,
      1,
      0,
      4,
      1,
      0,
      0,
      0,
      1,
      1,
      0,
      6
    ],
    [
      0,
      3,
      2,
      0,
      0,
      0,
      8,
      2,
      1,
      1,
      0,
      0,
      0,
      0,
      0,
      0,
      1,
      2,
      0,
      3
    ],
    [
      0,
      3,
      1,
      0,
      0,
      0,
      7,
      2,
      0,
      1,
      0,
      1,
      0,
      0,
      0,
      0,
      0,
      0,
      1,
      4
    ],
    [
      2,
      3,
      0,
      0,
      0,
      1,
      8,
      2,
      3,
      0,
      0,
      1,
      0,
      0,
      1,
      0,
      1,
      0,
      0,
      2
    ],
    [
      0,
      0,
      1,
      0,
      0,
      0,
      1,
      3,
      4,
      0,
      0,
      0,
      0,
      0,
      0,
      0,
      0,
      15,
      0,
      0
    ],
    [
      0,
      4,
      7,
      0,
      0,
      2,
      7,
      9,
      2,
      0,
      3,
      1,
      1,
      0,
      0,
      0,
      3,
      3,
      15,
      13
    ],
    [
      1,
      3,
      4,
      1,
      0,
      2,
      16,
      7,
      5,
      0,
      1,
      5,
      0,
      0,
      0,
      1,
      0,
      2,
      1,
      41
    ]
  ],
  "labels": [
    "\ud83d\udc95",
    "\ud83d\ude0d",
    "\ud83d\udcf8",
    "\u2728",
    "\ud83c\uddfa\ud83c\uddf8",
    "\ud83d\udc9c",
    "\ud83d\ude0a",
    "\ud83d\ude0e",
    "\u2764",
    "\ud83c\udf84",
    "\ud83d\udcf7",
    "\ud83d\ude1c",
    "\ud83d\udc99",
    "\ud83d\udcaf",
    "\ud83d\ude09",
    "\ud83d\ude01",
    "\ud83d\ude18",
    "\u2600",
    "\ud83d\udd25",
    "\ud83d\ude02"
  ]
}