{
  "classification_report": {
    "\u2600": {
      "precision": 0.0,
      "recall": 0.0,
      "f1-score": 0.0,
      "support": 25.0
    },
    "\ud83d\ude0d": {
      "precision": 0.18253968253968253,
      "recall": 0.23711340206185566,
      "f1-score": 0.2062780269058296,
      "support": 97.0
    },
    "\ud83c\uddfa\ud83c\uddf8": {
      "precision": 0.6666666666666666,
      "recall": 0.20512820512820512,
      "f1-score": 0.3137254901960784,
      "support": 39.0
    },
    "\u2728": {
      "precision": 0.14035087719298245,
      "recall": 0.14545454545454545,
      "f1-score": 0.14285714285714285,
      "support": 55.0
    },
    "\ud83d\udcf7": {
      "precision": 0.0,
      "recall": 0.0,
      "f1-score": 0.0,
      "support": 29.0
    },
    "\ud83d\ude01": {
      "precision": 0.0,
      "recall": 0.0,
      "f1-score": 0.0,
      "support": 23.0
    },
    "\ud83d\udcf8": {
      "precision": 0.2222222222222222,
      "recall": 0.041666666666666664,
      "f1-score": 0.07017543859649122,
      "support": 48.0
    },
    "\ud83d\ude02": {
      "precision": 0.4074074074074074,
      "recall": 0.12087912087912088,
      "f1-score": 0.1864406779661017,
      "support": 91.0
    },
    "\ud83d\ude18": {
      "precision": 0.0,
      "recall": 0.0,
      "f1-score": 0.0,
      "support": 24.0
    },
    "\ud83d\udc95": {
      "precision": 0.19047619047619047,
      "recall": 0.07692307692307693,
      "f1-score": 0.1095890410958904,
      "support": 52.0
    },
    "\ud83d\udc9c": {
      "precision": 0.5,
      "recall": 0.045454545454545456,
      "f1-score": 0.08333333333333333,
      "support": 22.0
    },
    "\ud83d\udc99": {
      "precision": 0.0,
      "recall": 0.0,
      "f1-score": 0.0,
      "support": 31.0
    },
    "\ud83d\udcaf": {
      "precision": 0.0,
      "recall": 0.0,
      "f1-score": 0.0,
      "support": 25.0
    },
    "\ud83d\ude09": {
      "precision": 0.0,
      "recall": 0.0,
      "f1-score": 0.0,
      "support": 26.0
    },
    "\ud83d\ude0a": {
      "precision": 0.06707317073170732,
      "recall": 0.34375,
      "f1-score": 0.11224489795918367,
      "support": 32.0
    },
    "\ud83d\ude0e": {
      "precision": 0.5,
      "recall": 0.025,
      "f1-score": 0.047619047619047616,
      "support": 40.0
    },
    "\ud83d\ude1c": {
      "precision": 0.0,
      "recall": 0.0,
      "f1-score": 0.0,
      "support": 20.0
    },
    "\ud83d\udd25": {
      "precision": 0.42,
      "recall": 0.28378378378378377,
      "f1-score": 0.3387096774193548,
      "support": 74.0
    },
    "\ud83c\udf84": {
      "precision": 0.85,
      "recall": 0.5483870967741935,
      "f1-score": 0.6666666666666666,
      "support": 31.0
    },
    "\u2764": {
      "precision": 0.0,
      "recall": 0.0,
      "f1-score": 0.0,
      "support": 216.0
    },
    "micro avg": {
      "precision": 0.208984375,
      "recall": 0.107,
      "f1-score": 0.14153439153439154,
      "support": 1000.0
    },
    "macro avg": {
      "precision": 0.2073368108618429,
      "recall": 0.10367702215629966,
      "f1-score": 0.113881972030756,
      "support": 1000.0
    },
    "weighted avg": {
      "precision": 0.19964749156088052,
      "recall": 0.107,
      "f1-score": 0.11919567323767655,
      "support": 1000.0
    }
  },
  "accuracy": 0.107,
  "confusion_matrix": [
    [
      0,
      2,
      0,
      0,
      0,
      0,
      0,
      0,
      0,
      0,
      0,
      0,
      0,
      0,
      6,
      0,
      0,
      1,
      0,
      0
    ],
    [
      0,
      23,
      0,
      5,
      1,
      0,
      0,
      0,
      0,
      2,
      0,
      0,
      0,
      1,
      17,
      0,
      0,
      4,
      0,
      1
    ],
    [
      0,
      1,
      8,
      3,
      1,
      0,
      0,
      0,
      0,
      0,
      0,
      0,
      0,
      1,
      2,
      0,
      0,
      5,
      0,
      0
    ],
    [
      0,
      6,
      0,
      8,
      0,
      0,
      0,
      1,
      0,
      1,
      0,
      0,
      0,
      1,
      14,
      0,
      0,
      3,
      0,
      0
    ],
    [
      0,
      5,
      0,
      0,
      0,
      0,
      0,
      0,
      0,
      0,
      0,
      0,
      0,
      0,
      6,
      0,
      0,
      0,
      0,
      0
    ],
    [
      0,
      1,
      0,
      1,
      0,
      0,
      0,
      1,
      0,
      0,
      0,
      0,
      0,
      1,
      9,
      0,
      0,
      0,
      0,
      0
    ],
    [
      0,
      2,
      1,
      5,
      1,
      0,
      2,
      2,
      0,
      0,
      0,
      0,
      0,
      2,
      4,
      0,
      0,
      2,
      0,
      0
    ],
    [
      0,
      5,
      1,
      4,
      1,
      1,
      3,
      11,
      0,
      1,
      0,
      0,
      0,
      1,
      7,
      0,
      0,
      5,
      0,
      1
    ],
    [
      0,
      3,
      0,
      0,
      0,
      0,
      1,
      0,
      0,
      3,
      0,
      0,
      0,
      0,
      5,
      0,
      0,
      0,
      1,
      0
    ],
    [
      0,
      11,
      0,
      7,
      0,
      0,
      0,
      0,
      0,
      4,
      0,
      0,
      0,
      0,
      9,
      0,
      0,
      1,
      1,
      1
    ],
    [
      0,
      2,
      0,
      3,
      1,
      0,
      0,
      0,
      0,
      1,
      1,
      0,
      0,
      0,
      5,
      0,
      0,
      1,
      0,
      0
    ],
    [
      0,
      5,
      2,
      3,
      0,
      0,
      0,
      0,
      0,
      0,
      0,
      0,
      0,
      1,
      10,
      0,
      0,
      0,
      0,
      0
    ],
    [
      0,
      1,
      0,
      1,
      0,
      0,
      0,
      2,
      0,
      0,
      0,
      0,
      0,
      0,
      3,
      0,
      0,
      1,
      0,
      0
    ],
    [
      0,
      5,
      0,
      1,
      0,
      0,
      0,
      3,
      0,
      0,
      0,
      0,
      0,
      0,
      2,
      0,
      0,
      1,
      1,
      0
    ],
    [
      0,
      7,
      0,
      0,
      0,
      0,
      0,
      1,
      0,
      0,
      0,
      0,
      0,
      0,
      11,
      0,
      0,
      0,
      0,
      0
    ],
    [
      0,
      7,
      0,
      1,
      0,
      0,
      0,
      2,
      0,
      0,
      0,
      0,
      0,
      0,
      9,
      1,
      0,
      1,
      0,
      0
    ],
    [
      0,
      2,
      0,
      0,
      0,
      0,
      0,
      0,
      1,
      0,
      0,
      0,
      0,
      0,
      5,
      0,
      0,
      0,
      0,
      0
    ],
    [
      0,
      5,
      0,
      3,
      0,
      0,
      2,
      0,
      0,
      0,
      1,
      0,
      0,
      0,
      3,
      0,
      0,
      21,
      0,
      0
    ],
    [
      0,
      1,
      0,
      1,
      0,
      0,
      0,
      0,
      0,
      0,
      0,
      0,
      0,
      0,
      1,
      0,
      0,
      1,
      17,
      0
    ],
    [
      0,
      32,
      0,
      11,
      1,
      0,
      1,
      4,
      1,
      9,
      0,
      0,
      0,
      2,
      36,
      1,
      0,
      3,
      0,
      0
    ]
  ],
  "labels": [
    "\u2600",
    "\ud83d\ude0d",
    "\ud83c\uddfa\ud83c\uddf8",
    "\u2728",
    "\ud83d\udcf7",
    "\ud83d\ude01",
    "\ud83d\udcf8",
    "\ud83d\ude02",
    "\ud83d\ude18",
    "\ud83d\udc95",
    "\ud83d\udc9c",
    "\ud83d\udc99",
    "\ud83d\udcaf",
    "\ud83d\ude09",
    "\ud83d\ude0a",
    "\ud83d\ude0e",
    "\ud83d\ude1c",
    "\ud83d\udd25",
    "\ud83c\udf84",
    "\u2764"
  ]
}