{
  "classification_report": {
    "\ud83d\ude1c": {
      "precision": 0.0,
      "recall": 0.0,
      "f1-score": 0.0,
      "support": 20.0
    },
    "\u2764": {
      "precision": 0.44,
      "recall": 0.35648148148148145,
      "f1-score": 0.3938618925831202,
      "support": 216.0
    },
    "\ud83d\ude09": {
      "precision": 0.0,
      "recall": 0.0,
      "f1-score": 0.0,
      "support": 26.0
    },
    "\ud83d\udd25": {
      "precision": 0.3211009174311927,
      "recall": 0.47297297297297297,
      "f1-score": 0.3825136612021858,
      "support": 74.0
    },
    "\ud83d\udcf7": {
      "precision": 0.0,
      "recall": 0.0,
      "f1-score": 0.0,
      "support": 29.0
    },
    "\ud83d\ude18": {
      "precision": 0.0,
      "recall": 0.0,
      "f1-score": 0.0,
      "support": 24.0
    },
    "\ud83d\ude0e": {
      "precision": 0.0,
      "recall": 0.0,
      "f1-score": 0.0,
      "support": 40.0
    },
    "\ud83d\ude0d": {
      "precision": 0.17355371900826447,
      "recall": 0.21649484536082475,
      "f1-score": 0.1926605504587156,
      "support": 97.0
    },
    "\ud83c\udf84": {
      "precision": 0.7037037037037037,
      "recall": 0.6129032258064516,
      "f1-score": 0.6551724137931034,
      "support": 31.0
    },
    "\ud83c\uddfa\ud83c\uddf8": {
      "precision": 0.38095238095238093,
      "recall": 0.20512820512820512,
      "f1-score": 0.26666666666666666,
      "support": 39.0
    },
    "\u2600": {
      "precision": 0.0,
      "recall": 0.0,
      "f1-score": 0.0,
      "support": 25.0
    },
    "\ud83d\udcaf": {
      "precision": 0.0,
      "recall": 0.0,
      "f1-score": 0.0,
      "support": 25.0
    },
    "\ud83d\udc95": {
      "precision": 0.10526315789473684,
      "recall": 0.038461538461538464,
      "f1-score": 0.056338028169014086,
      "support": 52.0
    },
    "\ud83d\ude0a": {
      "precision": 0.061224489795918366,
      "recall": 0.28125,
      "f1-score": 0.1005586592178771,
      "support": 32.0
    },
    "\ud83d\udc99": {
      "precision": 0.0,
      "recall": 0.0,
      "f1-score": 0.0,
      "support": 31.0
    },
    "\ud83d\ude01": {
      "precision": 0.0,
      "recall": 0.0,
      "f1-score": 0.0,
      "support": 23.0
    },
    "\ud83d\udcf8": {
      "precision": 0.1,
      "recall": 0.020833333333333332,
      "f1-score": 0.034482758620689655,
      "support": 48.0
    },
    "\ud83d\ude02": {
      "precision": 0.5909090909090909,
      "recall": 0.14285714285714285,
      "f1-score": 0.23008849557522124,
      "support": 91.0
    },
    "\u2728": {
      "precision": 0.08163265306122448,
      "recall": 0.14545454545454545,
      "f1-score": 0.10457516339869281,
      "support": 55.0
    },
    "\ud83d\udc9c": {
      "precision": 0.0,
      "recall": 0.0,
      "f1-score": 0.0,
      "support": 22.0
    },
    "micro avg": {
      "precision": 0.25097529258777634,
      "recall": 0.193,
      "f1-score": 0.2182023742227247,
      "support": 1000.0
    },
    "macro avg": {
      "precision": 0.14791700563782564,
      "recall": 0.1246418645428248,
      "f1-score": 0.12084591448426432,
      "support": 1000.0
    },
    "weighted avg": {
      "precision": 0.24280352738075794,
      "recall": 0.193,
      "f1-score": 0.19727091200682448,
      "support": 1000.0
    }
  },
  "accuracy": 0.193,
  "confusion_matrix": [
    [
      0,
      0,
      0,
      2,
      0,
      0,
      0,
      4,
      0,
      0,
      0,
      0,
      0,
      6,
      0,
      0,
      0,
      1,
      0,
      0
    ],
    [
      0,
      77,
      0,
      10,
      0,
      1,
      0,
      26,
      0,
      1,
      0,
      0,
      6,
      33,
      1,
      0,
      1,
      1,
      19,
      0
    ],
    [
      0,
      3,
      0,
      2,
      0,
      0,
      0,
      6,
      1,
      0,
      0,
      0,
      0,
      6,
      0,
      0,
      0,
      0,
      1,
      0
    ],
    [
      0,
      11,
      0,
      35,
      0,
      0,
      0,
      5,
      0,
      0,
      1,
      0,
      0,
      4,
      0,
      0,
      0,
      1,
      9,
      1
    ],
    [
      0,
      3,
      0,
      3,
      0,
      0,
      0,
      4,
      1,
      0,
      0,
      0,
      0,
      4,
      0,
      0,
      1,
      0,
      5,
      0
    ],
    [
      0,
      5,
      0,
      1,
      1,
      0,
      0,
      4,
      1,
      0,
      0,
      0,
      1,
      3,
      0,
      0,
      0,
      0,
      3,
      0
    ],
    [
      0,
      3,
      0,
      7,
      0,
      0,
      0,
      6,
      1,
      1,
      0,
      0,
      0,
      7,
      0,
      0,
      0,
      1,
      3,
      0
    ],
    [
      0,
      8,
      1,
      6,
      0,
      1,
      1,
      21,
      0,
      3,
      0,
      0,
      3,
      15,
      1,
      0,
      0,
      2,
      9,
      0
    ],
    [
      0,
      0,
      0,
      2,
      0,
      0,
      0,
      3,
      19,
      0,
      0,
      0,
      0,
      2,
      0,
      0,
      0,
      0,
      2,
      0
    ],
    [
      0,
      8,
      0,
      4,
      1,
      0,
      0,
      1,
      0,
      8,
      0,
      0,
      0,
      4,
      0,
      0,
      0,
      0,
      3,
      0
    ],
    [
      0,
      2,
      0,
      2,
      0,
      0,
      0,
      1,
      0,
      0,
      0,
      0,
      0,
      2,
      0,
      1,
      0,
      0,
      2,
      0
    ],
    [
      0,
      2,
      0,
      3,
      0,
      0,
      0,
      1,
      1,
      0,
      0,
      0,
      0,
      4,
      0,
      0,
      0,
      1,
      3,
      0
    ],
    [
      0,
      12,
      0,
      1,
      0,
      0,
      0,
      8,
      0,
      0,
      0,
      0,
      2,
      5,
      0,
      0,
      1,
      1,
      10,
      0
    ],
    [
      0,
      4,
      0,
      1,
      0,
      0,
      0,
      5,
      1,
      2,
      0,
      0,
      0,
      9,
      0,
      0,
      1,
      0,
      3,
      0
    ],
    [
      0,
      9,
      0,
      3,
      0,
      0,
      0,
      4,
      0,
      2,
      0,
      0,
      2,
      4,
      0,
      0,
      0,
      0,
      2,
      0
    ],
    [
      0,
      1,
      0,
      1,
      0,
      0,
      0,
      2,
      1,
      0,
      0,
      1,
      1,
      7,
      1,
      0,
      0,
      0,
      2,
      0
    ],
    [
      0,
      6,
      0,
      10,
      1,
      0,
      0,
      2,
      0,
      1,
      0,
      0,
      0,
      6,
      0,
      0,
      1,
      1,
      10,
      0
    ],
    [
      0,
      8,
      1,
      8,
      1,
      0,
      0,
      8,
      0,
      3,
      1,
      0,
      2,
      15,
      0,
      0,
      4,
      13,
      1,
      1
    ],
    [
      0,
      8,
      2,
      7,
      0,
      0,
      0,
      7,
      1,
      0,
      0,
      0,
      0,
      11,
      0,
      0,
      0,
      0,
      8,
      0
    ],
    [
      0,
      5,
      0,
      1,
      0,
      0,
      0,
      3,
      0,
      0,
      0,
      0,
      2,
      0,
      0,
      0,
      1,
      0,
      3,
      0
    ]
  ],
  "labels": [
    "\ud83d\ude1c",
    "\u2764",
    "\ud83d\ude09",
    "\ud83d\udd25",
    "\ud83d\udcf7",
    "\ud83d\ude18",
    "\ud83d\ude0e",
    "\ud83d\ude0d",
    "\ud83c\udf84",
    "\ud83c\uddfa\ud83c\uddf8",
    "\u2600",
    "\ud83d\udcaf",
    "\ud83d\udc95",
    "\ud83d\ude0a",
    "\ud83d\udc99",
    "\ud83d\ude01",
    "\ud83d\udcf8",
    "\ud83d\ude02",
    "\u2728",
    "\ud83d\udc9c"
  ]
}