{
  "classification_report": {
    "\ud83d\udc95": {
      "precision": 0.18181818181818182,
      "recall": 0.07692307692307693,
      "f1-score": 0.10810810810810811,
      "support": 52.0
    },
    "\ud83d\udc9c": {
      "precision": 0.25,
      "recall": 0.045454545454545456,
      "f1-score": 0.07692307692307693,
      "support": 22.0
    },
    "\ud83d\ude0e": {
      "precision": 0.09722222222222222,
      "recall": 0.175,
      "f1-score": 0.125,
      "support": 40.0
    },
    "\ud83d\ude09": {
      "precision": 0.0,
      "recall": 0.0,
      "f1-score": 0.0,
      "support": 26.0
    },
    "\u2600": {
      "precision": 0.2857142857142857,
      "recall": 0.64,
      "f1-score": 0.3950617283950617,
      "support": 25.0
    },
    "\u2728": {
      "precision": 0.2857142857142857,
      "recall": 0.07272727272727272,
      "f1-score": 0.11594202898550725,
      "support": 55.0
    },
    "\ud83d\udc99": {
      "precision": 0.0,
      "recall": 0.0,
      "f1-score": 0.0,
      "support": 31.0
    },
    "\ud83d\udcf8": {
      "precision": 0.13157894736842105,
      "recall": 0.10416666666666667,
      "f1-score": 0.11627906976744186,
      "support": 48.0
    },
    "\ud83d\ude1c": {
      "precision": 0.15384615384615385,
      "recall": 0.1,
      "f1-score": 0.12121212121212122,
      "support": 20.0
    },
    "\ud83d\ude02": {
      "precision": 0.3356164383561644,
      "recall": 0.5384615384615384,
      "f1-score": 0.41350210970464135,
      "support": 91.0
    },
    "\ud83d\ude18": {
      "precision": 0.0625,
      "recall": 0.08333333333333333,
      "f1-score": 0.07142857142857142,
      "support": 24.0
    },
    "\ud83d\udcaf": {
      "precision": 0.0,
      "recall": 0.0,
      "f1-score": 0.0,
      "support": 25.0
    },
    "\ud83d\ude01": {
      "precision": 0.0,
      "recall": 0.0,
      "f1-score": 0.0,
      "support": 23.0
    },
    "\ud83d\ude0a": {
      "precision": 0.059602649006622516,
      "recall": 0.28125,
      "f1-score": 0.09836065573770492,
      "support": 32.0
    },
    "\ud83d\udd25": {
      "precision": 0.46875,
      "recall": 0.20270270270270271,
      "f1-score": 0.2830188679245283,
      "support": 74.0
    },
    "\ud83d\ude0d": {
      "precision": 0.17708333333333334,
      "recall": 0.17525773195876287,
      "f1-score": 0.17616580310880828,
      "support": 97.0
    },
    "\ud83d\udcf7": {
      "precision": 0.0,
      "recall": 0.0,
      "f1-score": 0.0,
      "support": 29.0
    },
    "\ud83c\uddfa\ud83c\uddf8": {
      "precision": 0.0,
      "recall": 0.0,
      "f1-score": 0.0,
      "support": 39.0
    },
    "\ud83c\udf84": {
      "precision": 0.6129032258064516,
      "recall": 0.6129032258064516,
      "f1-score": 0.6129032258064516,
      "support": 31.0
    },
    "\u2764": {
      "precision": 0.4537037037037037,
      "recall": 0.4537037037037037,
      "f1-score": 0.4537037037037037,
      "support": 216.0
    },
    "micro avg": {
      "precision": 0.25968586387434556,
      "recall": 0.248,
      "f1-score": 0.2537084398976982,
      "support": 1000.0
    },
    "macro avg": {
      "precision": 0.1778026713444913,
      "recall": 0.17809418988690273,
      "f1-score": 0.15838045354028632,
      "support": 1000.0
    },
    "weighted avg": {
      "precision": 0.2539062537431407,
      "recall": 0.248,
      "f1-score": 0.2340949197000725,
      "support": 1000.0
    }
  },
  "accuracy": 0.248,
  "confusion_matrix": [
    [
      4,
      0,
      1,
      0,
      1,
      0,
      2,
      0,
      1,
      4,
      4,
      0,
      0,
      7,
      1,
      4,
      1,
      0,
      0,
      21
    ],
    [
      1,
      1,
      1,
      0,
      0,
      1,
      1,
      1,
      0,
      1,
      0,
      0,
      0,
      6,
      0,
      4,
      1,
      0,
      0,
      4
    ],
    [
      0,
      0,
      7,
      0,
      4,
      0,
      0,
      1,
      0,
      8,
      0,
      0,
      0,
      5,
      1,
      3,
      0,
      0,
      1,
      6
    ],
    [
      0,
      0,
      1,
      0,
      2,
      0,
      0,
      1,
      0,
      4,
      1,
      0,
      0,
      6,
      0,
      5,
      1,
      0,
      0,
      2
    ],
    [
      0,
      0,
      3,
      0,
      16,
      0,
      0,
      0,
      0,
      0,
      0,
      0,
      0,
      0,
      0,
      1,
      1,
      0,
      0,
      3
    ],
    [
      1,
      0,
      4,
      0,
      2,
      4,
      0,
      1,
      2,
      3,
      0,
      0,
      2,
      13,
      1,
      3,
      2,
      0,
      1,
      13
    ],
    [
      2,
      0,
      0,
      1,
      1,
      1,
      0,
      0,
      1,
      0,
      4,
      0,
      1,
      8,
      1,
      3,
      1,
      0,
      1,
      4
    ],
    [
      0,
      0,
      4,
      0,
      5,
      1,
      0,
      5,
      0,
      9,
      0,
      0,
      1,
      6,
      4,
      3,
      4,
      0,
      0,
      3
    ],
    [
      0,
      0,
      1,
      0,
      0,
      0,
      0,
      0,
      2,
      8,
      1,
      0,
      0,
      6,
      0,
      1,
      0,
      0,
      0,
      1
    ],
    [
      1,
      1,
      5,
      0,
      3,
      1,
      0,
      3,
      2,
      49,
      0,
      0,
      1,
      10,
      3,
      4,
      2,
      0,
      0,
      5
    ],
    [
      2,
      0,
      2,
      1,
      0,
      0,
      0,
      0,
      0,
      3,
      2,
      0,
      1,
      6,
      0,
      1,
      0,
      0,
      1,
      5
    ],
    [
      0,
      0,
      2,
      0,
      1,
      0,
      0,
      1,
      2,
      8,
      1,
      0,
      0,
      4,
      1,
      1,
      0,
      0,
      1,
      2
    ],
    [
      0,
      0,
      3,
      0,
      2,
      0,
      0,
      1,
      0,
      5,
      0,
      0,
      0,
      7,
      0,
      2,
      0,
      0,
      1,
      1
    ],
    [
      1,
      0,
      5,
      0,
      2,
      0,
      0,
      0,
      1,
      1,
      1,
      0,
      0,
      9,
      0,
      5,
      0,
      0,
      1,
      5
    ],
    [
      0,
      1,
      14,
      0,
      2,
      0,
      0,
      7,
      1,
      10,
      3,
      0,
      0,
      6,
      15,
      6,
      1,
      0,
      0,
      5
    ],
    [
      5,
      0,
      8,
      0,
      1,
      1,
      0,
      4,
      0,
      8,
      6,
      1,
      1,
      15,
      1,
      17,
      1,
      0,
      0,
      21
    ],
    [
      0,
      0,
      1,
      0,
      2,
      1,
      0,
      9,
      0,
      6,
      0,
      0,
      0,
      1,
      1,
      3,
      0,
      0,
      1,
      2
    ],
    [
      0,
      0,
      4,
      0,
      1,
      2,
      0,
      0,
      0,
      3,
      0,
      0,
      0,
      4,
      0,
      2,
      2,
      0,
      2,
      8
    ],
    [
      0,
      0,
      0,
      0,
      0,
      0,
      0,
      0,
      0,
      1,
      0,
      0,
      0,
      1,
      1,
      2,
      0,
      0,
      19,
      7
    ],
    [
      5,
      1,
      6,
      0,
      11,
      2,
      2,
      4,
      1,
      15,
      9,
      0,
      0,
      31,
      2,
      26,
      0,
      0,
      2,
      98
    ]
  ],
  "labels": [
    "\ud83d\udc95",
    "\ud83d\udc9c",
    "\ud83d\ude0e",
    "\ud83d\ude09",
    "\u2600",
    "\u2728",
    "\ud83d\udc99",
    "\ud83d\udcf8",
    "\ud83d\ude1c",
    "\ud83d\ude02",
    "\ud83d\ude18",
    "\ud83d\udcaf",
    "\ud83d\ude01",
    "\ud83d\ude0a",
    "\ud83d\udd25",
    "\ud83d\ude0d",
    "\ud83d\udcf7",
    "\ud83c\uddfa\ud83c\uddf8",
    "\ud83c\udf84",
    "\u2764"
  ]
}