{
  "classification_report": {
    "\ud83d\udcaf": {
      "precision": 0.2857142857142857,
      "recall": 0.08,
      "f1-score": 0.125,
      "support": 25.0
    },
    "\ud83d\udc95": {
      "precision": 0.15384615384615385,
      "recall": 0.07692307692307693,
      "f1-score": 0.10256410256410256,
      "support": 52.0
    },
    "\ud83d\ude1c": {
      "precision": 0.1111111111111111,
      "recall": 0.1,
      "f1-score": 0.10526315789473684,
      "support": 20.0
    },
    "\ud83d\ude0d": {
      "precision": 0.16379310344827586,
      "recall": 0.1958762886597938,
      "f1-score": 0.1784037558685446,
      "support": 97.0
    },
    "\ud83c\udf84": {
      "precision": 0.8076923076923077,
      "recall": 0.6774193548387096,
      "f1-score": 0.7368421052631579,
      "support": 31.0
    },
    "\u2600": {
      "precision": 0.2727272727272727,
      "recall": 0.36,
      "f1-score": 0.3103448275862069,
      "support": 25.0
    },
    "\ud83d\udc99": {
      "precision": 0.05,
      "recall": 0.03225806451612903,
      "f1-score": 0.0392156862745098,
      "support": 31.0
    },
    "\u2764": {
      "precision": 0.3708206686930091,
      "recall": 0.5648148148148148,
      "f1-score": 0.44770642201834865,
      "support": 216.0
    },
    "\ud83d\udcf7": {
      "precision": 0.06060606060606061,
      "recall": 0.06896551724137931,
      "f1-score": 0.06451612903225806,
      "support": 29.0
    },
    "\ud83d\ude01": {
      "precision": 0.0,
      "recall": 0.0,
      "f1-score": 0.0,
      "support": 23.0
    },
    "\ud83d\udd25": {
      "precision": 0.40540540540540543,
      "recall": 0.20270270270270271,
      "f1-score": 0.2702702702702703,
      "support": 74.0
    },
    "\ud83d\ude02": {
      "precision": 0.2857142857142857,
      "recall": 0.3076923076923077,
      "f1-score": 0.2962962962962963,
      "support": 91.0
    },
    "\u2728": {
      "precision": 0.2608695652173913,
      "recall": 0.10909090909090909,
      "f1-score": 0.15384615384615385,
      "support": 55.0
    },
    "\ud83d\udc9c": {
      "precision": 0.0,
      "recall": 0.0,
      "f1-score": 0.0,
      "support": 22.0
    },
    "\ud83d\ude09": {
      "precision": 0.0,
      "recall": 0.0,
      "f1-score": 0.0,
      "support": 26.0
    },
    "\ud83d\udcf8": {
      "precision": 0.17391304347826086,
      "recall": 0.08333333333333333,
      "f1-score": 0.11267605633802817,
      "support": 48.0
    },
    "\ud83d\ude0a": {
      "precision": 0.07142857142857142,
      "recall": 0.1875,
      "f1-score": 0.10344827586206896,
      "support": 32.0
    },
    "\ud83c\uddfa\ud83c\uddf8": {
      "precision": 0.0,
      "recall": 0.0,
      "f1-score": 0.0,
      "support": 39.0
    },
    "\ud83d\ude18": {
      "precision": 0.12,
      "recall": 0.125,
      "f1-score": 0.12244897959183673,
      "support": 24.0
    },
    "\ud83d\ude0e": {
      "precision": 0.07547169811320754,
      "recall": 0.1,
      "f1-score": 0.08602150537634409,
      "support": 40.0
    },
    "micro avg": {
      "precision": 0.2538382804503582,
      "recall": 0.248,
      "f1-score": 0.25088517956499745,
      "support": 1000.0
    },
    "macro avg": {
      "precision": 0.18345567665977996,
      "recall": 0.1635788184906578,
      "f1-score": 0.1627431862041432,
      "support": 1000.0
    },
    "weighted avg": {
      "precision": 0.23539472833562683,
      "recall": 0.248,
      "f1-score": 0.2287836606172694,
      "support": 1000.0
    }
  },
  "accuracy": 0.248,
  "confusion_matrix": [
    [
      2,
      1,
      1,
      3,
      0,
      0,
      1,
      5,
      0,
      1,
      1,
      3,
      0,
      0,
      0,
      1,
      3,
      0,
      0,
      2
    ],
    [
      0,
      4,
      1,
      8,
      1,
      0,
      1,
      22,
      2,
      0,
      2,
      2,
      1,
      0,
      1,
      0,
      2,
      0,
      3,
      2
    ],
    [
      0,
      0,
      2,
      3,
      0,
      0,
      1,
      2,
      0,
      0,
      1,
      3,
      1,
      0,
      0,
      0,
      5,
      0,
      0,
      2
    ],
    [
      2,
      3,
      0,
      19,
      0,
      4,
      2,
      23,
      4,
      0,
      1,
      7,
      1,
      1,
      0,
      0,
      11,
      0,
      4,
      8
    ],
    [
      0,
      0,
      0,
      1,
      21,
      0,
      0,
      3,
      0,
      0,
      3,
      1,
      0,
      0,
      0,
      0,
      1,
      0,
      1,
      0
    ],
    [
      0,
      0,
      0,
      1,
      0,
      9,
      0,
      6,
      1,
      1,
      0,
      2,
      0,
      0,
      0,
      0,
      2,
      0,
      1,
      2
    ],
    [
      0,
      0,
      1,
      7,
      0,
      1,
      1,
      13,
      0,
      0,
      0,
      1,
      2,
      0,
      0,
      0,
      3,
      0,
      0,
      0
    ],
    [
      0,
      5,
      2,
      24,
      1,
      3,
      3,
      122,
      3,
      2,
      3,
      15,
      4,
      4,
      0,
      3,
      10,
      0,
      7,
      5
    ],
    [
      0,
      0,
      1,
      3,
      0,
      0,
      1,
      9,
      2,
      0,
      0,
      2,
      1,
      1,
      0,
      3,
      2,
      0,
      0,
      3
    ],
    [
      0,
      1,
      0,
      2,
      1,
      1,
      1,
      5,
      1,
      0,
      0,
      6,
      0,
      0,
      0,
      0,
      4,
      0,
      0,
      1
    ],
    [
      0,
      3,
      2,
      10,
      0,
      0,
      2,
      16,
      5,
      1,
      15,
      5,
      2,
      1,
      0,
      3,
      6,
      0,
      1,
      2
    ],
    [
      2,
      2,
      5,
      6,
      0,
      4,
      3,
      15,
      5,
      1,
      1,
      28,
      0,
      2,
      2,
      3,
      7,
      0,
      0,
      3
    ],
    [
      0,
      1,
      2,
      1,
      1,
      3,
      2,
      21,
      1,
      0,
      3,
      2,
      6,
      1,
      1,
      2,
      3,
      0,
      2,
      3
    ],
    [
      0,
      1,
      0,
      3,
      0,
      0,
      0,
      6,
      3,
      0,
      0,
      1,
      1,
      0,
      0,
      1,
      3,
      0,
      1,
      2
    ],
    [
      0,
      0,
      0,
      4,
      0,
      1,
      1,
      6,
      1,
      0,
      1,
      3,
      0,
      1,
      0,
      1,
      3,
      0,
      0,
      3
    ],
    [
      0,
      1,
      1,
      6,
      0,
      3,
      0,
      10,
      2,
      1,
      3,
      8,
      2,
      0,
      1,
      4,
      3,
      0,
      1,
      1
    ],
    [
      0,
      0,
      0,
      7,
      0,
      1,
      0,
      10,
      0,
      0,
      1,
      1,
      0,
      0,
      0,
      0,
      6,
      0,
      1,
      5
    ],
    [
      0,
      0,
      0,
      2,
      1,
      0,
      1,
      16,
      2,
      1,
      1,
      3,
      2,
      0,
      0,
      0,
      1,
      0,
      0,
      4
    ],
    [
      0,
      4,
      0,
      2,
      0,
      0,
      0,
      6,
      0,
      1,
      0,
      0,
      0,
      1,
      0,
      2,
      4,
      0,
      3,
      1
    ],
    [
      1,
      0,
      0,
      4,
      0,
      3,
      0,
      13,
      1,
      0,
      1,
      5,
      0,
      0,
      0,
      0,
      5,
      0,
      0,
      4
    ]
  ],
  "labels": [
    "\ud83d\udcaf",
    "\ud83d\udc95",
    "\ud83d\ude1c",
    "\ud83d\ude0d",
    "\ud83c\udf84",
    "\u2600",
    "\ud83d\udc99",
    "\u2764",
    "\ud83d\udcf7",
    "\ud83d\ude01",
    "\ud83d\udd25",
    "\ud83d\ude02",
    "\u2728",
    "\ud83d\udc9c",
    "\ud83d\ude09",
    "\ud83d\udcf8",
    "\ud83d\ude0a",
    "\ud83c\uddfa\ud83c\uddf8",
    "\ud83d\ude18",
    "\ud83d\ude0e"
  ]
}