{
  "classification_report": {
    "\ud83d\ude02": {
      "precision": 0.5454545454545454,
      "recall": 0.13186813186813187,
      "f1-score": 0.21238938053097345,
      "support": 91.0
    },
    "\ud83d\udcf7": {
      "precision": 0.0,
      "recall": 0.0,
      "f1-score": 0.0,
      "support": 29.0
    },
    "\ud83d\udd25": {
      "precision": 0.28,
      "recall": 0.0945945945945946,
      "f1-score": 0.1414141414141414,
      "support": 74.0
    },
    "\ud83d\udc99": {
      "precision": 0.1111111111111111,
      "recall": 0.06451612903225806,
      "f1-score": 0.08163265306122448,
      "support": 31.0
    },
    "\ud83d\ude1c": {
      "precision": 0.1111111111111111,
      "recall": 0.05,
      "f1-score": 0.06896551724137931,
      "support": 20.0
    },
    "\ud83d\ude0a": {
      "precision": 0.09210526315789473,
      "recall": 0.21875,
      "f1-score": 0.12962962962962962,
      "support": 32.0
    },
    "\u2728": {
      "precision": 0.2631578947368421,
      "recall": 0.09090909090909091,
      "f1-score": 0.13513513513513514,
      "support": 55.0
    },
    "\ud83d\ude0e": {
      "precision": 0.0,
      "recall": 0.0,
      "f1-score": 0.0,
      "support": 40.0
    },
    "\ud83d\ude09": {
      "precision": 0.0,
      "recall": 0.0,
      "f1-score": 0.0,
      "support": 26.0
    },
    "\ud83d\udcf8": {
      "precision": 0.1111111111111111,
      "recall": 0.020833333333333332,
      "f1-score": 0.03508771929824561,
      "support": 48.0
    },
    "\ud83d\ude18": {
      "precision": 0.0,
      "recall": 0.0,
      "f1-score": 0.0,
      "support": 24.0
    },
    "\ud83d\ude01": {
      "precision": 0.0,
      "recall": 0.0,
      "f1-score": 0.0,
      "support": 23.0
    },
    "\u2764": {
      "precision": 0.3629032258064516,
      "recall": 0.20833333333333334,
      "f1-score": 0.2647058823529412,
      "support": 216.0
    },
    "\ud83d\udc95": {
      "precision": 0.14285714285714285,
      "recall": 0.057692307692307696,
      "f1-score": 0.0821917808219178,
      "support": 52.0
    },
    "\ud83d\ude0d": {
      "precision": 0.12,
      "recall": 0.030927835051546393,
      "f1-score": 0.04918032786885246,
      "support": 97.0
    },
    "\ud83c\uddfa\ud83c\uddf8": {
      "precision": 0.16666666666666666,
      "recall": 0.02564102564102564,
      "f1-score": 0.044444444444444446,
      "support": 39.0
    },
    "\ud83d\udcaf": {
      "precision": 0.0,
      "recall": 0.0,
      "f1-score": 0.0,
      "support": 25.0
    },
    "\ud83d\udc9c": {
      "precision": 0.0,
      "recall": 0.0,
      "f1-score": 0.0,
      "support": 22.0
    },
    "\ud83c\udf84": {
      "precision": 0.7391304347826086,
      "recall": 0.5483870967741935,
      "f1-score": 0.6296296296296297,
      "support": 31.0
    },
    "\u2600": {
      "precision": 0.4444444444444444,
      "recall": 0.16,
      "f1-score": 0.23529411764705882,
      "support": 25.0
    },
    "micro avg": {
      "precision": 0.2571428571428571,
      "recall": 0.108,
      "f1-score": 0.15211267605633802,
      "support": 1000.0
    },
    "macro avg": {
      "precision": 0.1745026475619965,
      "recall": 0.08512264391149076,
      "f1-score": 0.10548501795377867,
      "support": 1000.0
    },
    "weighted avg": {
      "precision": 0.23675723906007956,
      "recall": 0.108,
      "f1-score": 0.140321933576869,
      "support": 1000.0
    }
  },
  "accuracy": 0.108,
  "confusion_matrix": [
    [
      12,
      1,
      2,
      1,
      2,
      6,
      1,
      1,
      1,
      1,
      1,
      0,
      2,
      0,
      1,
      1,
      0,
      0,
      0,
      0
    ],
    [
      0,
      0,
      2,
      0,
      0,
      2,
      1,
      0,
      0,
      1,
      0,
      0,
      1,
      0,
      1,
      0,
      0,
      0,
      1,
      0
    ],
    [
      2,
      0,
      7,
      2,
      0,
      2,
      2,
      2,
      0,
      0,
      0,
      0,
      4,
      1,
      1,
      0,
      0,
      0,
      0,
      2
    ],
    [
      0,
      1,
      0,
      2,
      0,
      2,
      0,
      0,
      0,
      0,
      1,
      0,
      8,
      1,
      1,
      1,
      0,
      0,
      0,
      0
    ],
    [
      0,
      0,
      1,
      0,
      1,
      0,
      0,
      0,
      0,
      1,
      0,
      0,
      1,
      0,
      0,
      0,
      0,
      0,
      0,
      0
    ],
    [
      1,
      0,
      0,
      0,
      0,
      7,
      1,
      1,
      0,
      0,
      0,
      0,
      3,
      0,
      2,
      1,
      0,
      0,
      1,
      0
    ],
    [
      0,
      0,
      1,
      1,
      0,
      6,
      5,
      0,
      0,
      0,
      0,
      0,
      8,
      0,
      0,
      0,
      1,
      0,
      0,
      0
    ],
    [
      0,
      0,
      0,
      0,
      1,
      5,
      0,
      0,
      0,
      0,
      0,
      0,
      3,
      0,
      1,
      0,
      0,
      0,
      1,
      0
    ],
    [
      1,
      0,
      1,
      0,
      0,
      1,
      0,
      0,
      0,
      0,
      2,
      0,
      3,
      0,
      1,
      0,
      0,
      0,
      0,
      1
    ],
    [
      0,
      3,
      3,
      1,
      1,
      7,
      1,
      1,
      0,
      1,
      0,
      0,
      1,
      0,
      0,
      0,
      0,
      0,
      0,
      0
    ],
    [
      0,
      0,
      0,
      1,
      0,
      3,
      0,
      1,
      1,
      0,
      0,
      0,
      3,
      2,
      0,
      0,
      1,
      0,
      1,
      1
    ],
    [
      0,
      0,
      0,
      1,
      1,
      4,
      0,
      0,
      0,
      1,
      0,
      0,
      3,
      0,
      0,
      1,
      0,
      0,
      0,
      0
    ],
    [
      3,
      1,
      3,
      6,
      0,
      16,
      5,
      2,
      0,
      2,
      3,
      0,
      45,
      13,
      13,
      0,
      0,
      1,
      2,
      1
    ],
    [
      0,
      0,
      1,
      0,
      0,
      2,
      2,
      0,
      1,
      0,
      0,
      0,
      12,
      3,
      0,
      0,
      0,
      0,
      0,
      0
    ],
    [
      2,
      0,
      3,
      2,
      2,
      6,
      1,
      1,
      1,
      1,
      2,
      0,
      8,
      0,
      3,
      1,
      0,
      0,
      0,
      0
    ],
    [
      0,
      1,
      0,
      0,
      0,
      1,
      0,
      0,
      0,
      0,
      0,
      0,
      10,
      0,
      0,
      1,
      0,
      0,
      0,
      0
    ],
    [
      1,
      0,
      1,
      1,
      0,
      1,
      0,
      0,
      0,
      0,
      0,
      0,
      0,
      0,
      1,
      0,
      0,
      0,
      0,
      0
    ],
    [
      0,
      0,
      0,
      0,
      0,
      3,
      0,
      1,
      0,
      1,
      0,
      0,
      3,
      1,
      0,
      0,
      0,
      0,
      0,
      0
    ],
    [
      0,
      0,
      0,
      0,
      1,
      1,
      0,
      0,
      0,
      0,
      0,
      0,
      3,
      0,
      0,
      0,
      0,
      0,
      17,
      0
    ],
    [
      0,
      0,
      0,
      0,
      0,
      1,
      0,
      1,
      0,
      0,
      0,
      0,
      3,
      0,
      0,
      0,
      0,
      0,
      0,
      4
    ]
  ],
  "labels": [
    "\ud83d\ude02",
    "\ud83d\udcf7",
    "\ud83d\udd25",
    "\ud83d\udc99",
    "\ud83d\ude1c",
    "\ud83d\ude0a",
    "\u2728",
    "\ud83d\ude0e",
    "\ud83d\ude09",
    "\ud83d\udcf8",
    "\ud83d\ude18",
    "\ud83d\ude01",
    "\u2764",
    "\ud83d\udc95",
    "\ud83d\ude0d",
    "\ud83c\uddfa\ud83c\uddf8",
    "\ud83d\udcaf",
    "\ud83d\udc9c",
    "\ud83c\udf84",
    "\u2600"
  ]
}