{
  "classification_report": {
    "\ud83d\ude1c": {
      "precision": 0.08,
      "recall": 0.1,
      "f1-score": 0.08888888888888889,
      "support": 20.0
    },
    "\ud83d\ude09": {
      "precision": 0.0,
      "recall": 0.0,
      "f1-score": 0.0,
      "support": 26.0
    },
    "\ud83c\udf84": {
      "precision": 0.5714285714285714,
      "recall": 0.5161290322580645,
      "f1-score": 0.5423728813559322,
      "support": 31.0
    },
    "\ud83d\ude02": {
      "precision": 0.30708661417322836,
      "recall": 0.42857142857142855,
      "f1-score": 0.3577981651376147,
      "support": 91.0
    },
    "\ud83d\udcf7": {
      "precision": 0.05555555555555555,
      "recall": 0.034482758620689655,
      "f1-score": 0.0425531914893617,
      "support": 29.0
    },
    "\u2764": {
      "precision": 0.4774193548387097,
      "recall": 0.3425925925925926,
      "f1-score": 0.39892183288409705,
      "support": 216.0
    },
    "\ud83d\udc99": {
      "precision": 0.1,
      "recall": 0.03225806451612903,
      "f1-score": 0.04878048780487805,
      "support": 31.0
    },
    "\ud83d\udcf8": {
      "precision": 0.21739130434782608,
      "recall": 0.20833333333333334,
      "f1-score": 0.2127659574468085,
      "support": 48.0
    },
    "\ud83d\udc95": {
      "precision": 0.13043478260869565,
      "recall": 0.057692307692307696,
      "f1-score": 0.08,
      "support": 52.0
    },
    "\ud83d\ude18": {
      "precision": 0.05405405405405406,
      "recall": 0.08333333333333333,
      "f1-score": 0.06557377049180328,
      "support": 24.0
    },
    "\ud83d\ude0e": {
      "precision": 0.11428571428571428,
      "recall": 0.2,
      "f1-score": 0.14545454545454545,
      "support": 40.0
    },
    "\ud83c\uddfa\ud83c\uddf8": {
      "precision": 0.0,
      "recall": 0.0,
      "f1-score": 0.0,
      "support": 39.0
    },
    "\ud83d\ude0a": {
      "precision": 0.07253886010362694,
      "recall": 0.4375,
      "f1-score": 0.12444444444444444,
      "support": 32.0
    },
    "\u2600": {
      "precision": 0.2777777777777778,
      "recall": 0.6,
      "f1-score": 0.379746835443038,
      "support": 25.0
    },
    "\ud83d\udd25": {
      "precision": 0.5,
      "recall": 0.21621621621621623,
      "f1-score": 0.3018867924528302,
      "support": 74.0
    },
    "\ud83d\ude0d": {
      "precision": 0.2087912087912088,
      "recall": 0.1958762886597938,
      "f1-score": 0.20212765957446807,
      "support": 97.0
    },
    "\u2728": {
      "precision": 0.25,
      "recall": 0.09090909090909091,
      "f1-score": 0.13333333333333333,
      "support": 55.0
    },
    "\ud83d\udcaf": {
      "precision": 0.0,
      "recall": 0.0,
      "f1-score": 0.0,
      "support": 25.0
    },
    "\ud83d\udc9c": {
      "precision": 0.0,
      "recall": 0.0,
      "f1-score": 0.0,
      "support": 22.0
    },
    "\ud83d\ude01": {
      "precision": 0.0,
      "recall": 0.0,
      "f1-score": 0.0,
      "support": 23.0
    },
    "micro avg": {
      "precision": 0.2375923970432946,
      "recall": 0.225,
      "f1-score": 0.23112480739599384,
      "support": 1000.0
    },
    "macro avg": {
      "precision": 0.17083818989824842,
      "recall": 0.177194722335149,
      "f1-score": 0.1562324393101022,
      "support": 1000.0
    },
    "weighted avg": {
      "precision": 0.25844741175390334,
      "recall": 0.225,
      "f1-score": 0.22458427403473855,
      "support": 1000.0
    }
  },
  "accuracy": 0.225,
  "confusion_matrix": [
    [
      2,
      0,
      0,
      6,
      0,
      0,
      0,
      0,
      0,
      1,
      1,
      0,
      8,
      0,
      1,
      1,
      0,
      0,
      0,
      0
    ],
    [
      0,
      0,
      1,
      3,
      0,
      1,
      0,
      1,
      0,
      1,
      3,
      0,
      8,
      1,
      0,
      3,
      0,
      0,
      0,
      0
    ],
    [
      0,
      0,
      16,
      3,
      0,
      5,
      0,
      0,
      0,
      0,
      0,
      0,
      3,
      0,
      2,
      1,
      0,
      0,
      0,
      0
    ],
    [
      6,
      0,
      0,
      39,
      2,
      5,
      0,
      4,
      0,
      0,
      7,
      0,
      18,
      2,
      1,
      3,
      1,
      0,
      1,
      0
    ],
    [
      0,
      0,
      1,
      6,
      1,
      2,
      0,
      9,
      0,
      0,
      1,
      0,
      2,
      1,
      1,
      2,
      0,
      0,
      1,
      1
    ],
    [
      1,
      0,
      3,
      15,
      0,
      74,
      5,
      4,
      10,
      9,
      5,
      0,
      36,
      13,
      2,
      29,
      3,
      0,
      4,
      1
    ],
    [
      1,
      1,
      1,
      0,
      1,
      5,
      1,
      1,
      0,
      5,
      1,
      0,
      6,
      1,
      0,
      3,
      1,
      0,
      0,
      1
    ],
    [
      3,
      0,
      0,
      7,
      4,
      2,
      0,
      10,
      0,
      0,
      2,
      0,
      4,
      5,
      2,
      3,
      3,
      0,
      0,
      1
    ],
    [
      0,
      1,
      0,
      3,
      1,
      17,
      1,
      0,
      3,
      8,
      1,
      0,
      10,
      1,
      1,
      3,
      0,
      0,
      0,
      0
    ],
    [
      0,
      1,
      0,
      2,
      0,
      4,
      0,
      0,
      2,
      2,
      2,
      0,
      7,
      0,
      0,
      3,
      0,
      0,
      1,
      0
    ],
    [
      0,
      0,
      0,
      7,
      1,
      2,
      0,
      1,
      0,
      1,
      8,
      0,
      8,
      3,
      1,
      3,
      2,
      0,
      0,
      0
    ],
    [
      0,
      0,
      3,
      3,
      2,
      5,
      0,
      0,
      0,
      0,
      3,
      0,
      7,
      1,
      1,
      0,
      1,
      0,
      0,
      0
    ],
    [
      1,
      0,
      0,
      2,
      0,
      4,
      0,
      0,
      1,
      0,
      5,
      0,
      14,
      1,
      0,
      3,
      0,
      0,
      0,
      0
    ],
    [
      0,
      0,
      0,
      0,
      0,
      4,
      0,
      0,
      0,
      0,
      3,
      0,
      1,
      15,
      1,
      0,
      0,
      0,
      0,
      0
    ],
    [
      1,
      0,
      0,
      13,
      3,
      3,
      1,
      8,
      0,
      3,
      8,
      0,
      6,
      3,
      16,
      4,
      0,
      0,
      1,
      0
    ],
    [
      1,
      0,
      0,
      5,
      1,
      9,
      0,
      3,
      3,
      6,
      9,
      0,
      23,
      2,
      1,
      19,
      3,
      1,
      0,
      1
    ],
    [
      3,
      0,
      1,
      1,
      2,
      10,
      0,
      2,
      1,
      0,
      4,
      0,
      14,
      3,
      1,
      4,
      5,
      0,
      0,
      1
    ],
    [
      4,
      0,
      1,
      7,
      0,
      0,
      1,
      1,
      0,
      1,
      4,
      0,
      3,
      1,
      0,
      2,
      0,
      0,
      0,
      0
    ],
    [
      1,
      0,
      0,
      1,
      0,
      3,
      1,
      1,
      3,
      0,
      1,
      0,
      7,
      0,
      0,
      3,
      1,
      0,
      0,
      0
    ],
    [
      1,
      0,
      1,
      4,
      0,
      0,
      0,
      1,
      0,
      0,
      2,
      0,
      8,
      1,
      1,
      2,
      0,
      0,
      0,
      0
    ]
  ],
  "labels": [
    "\ud83d\ude1c",
    "\ud83d\ude09",
    "\ud83c\udf84",
    "\ud83d\ude02",
    "\ud83d\udcf7",
    "\u2764",
    "\ud83d\udc99",
    "\ud83d\udcf8",
    "\ud83d\udc95",
    "\ud83d\ude18",
    "\ud83d\ude0e",
    "\ud83c\uddfa\ud83c\uddf8",
    "\ud83d\ude0a",
    "\u2600",
    "\ud83d\udd25",
    "\ud83d\ude0d",
    "\u2728",
    "\ud83d\udcaf",
    "\ud83d\udc9c",
    "\ud83d\ude01"
  ]
}