{
  "classification_report": {
    "\ud83d\udcaf": {
      "precision": 0.0,
      "recall": 0.0,
      "f1-score": 0.0,
      "support": 25.0
    },
    "\ud83d\udc9c": {
      "precision": 0.0,
      "recall": 0.0,
      "f1-score": 0.0,
      "support": 22.0
    },
    "\ud83d\ude0d": {
      "precision": 0.15789473684210525,
      "recall": 0.12371134020618557,
      "f1-score": 0.13872832369942195,
      "support": 97.0
    },
    "\ud83d\ude0e": {
      "precision": 0.07407407407407407,
      "recall": 0.05,
      "f1-score": 0.05970149253731343,
      "support": 40.0
    },
    "\u2600": {
      "precision": 0.21052631578947367,
      "recall": 0.16,
      "f1-score": 0.18181818181818182,
      "support": 25.0
    },
    "\ud83d\ude02": {
      "precision": 0.3684210526315789,
      "recall": 0.23076923076923078,
      "f1-score": 0.28378378378378377,
      "support": 91.0
    },
    "\ud83d\ude1c": {
      "precision": 0.0,
      "recall": 0.0,
      "f1-score": 0.0,
      "support": 20.0
    },
    "\ud83d\ude01": {
      "precision": 0.0,
      "recall": 0.0,
      "f1-score": 0.0,
      "support": 23.0
    },
    "\ud83d\udd25": {
      "precision": 0.3617021276595745,
      "recall": 0.22972972972972974,
      "f1-score": 0.2809917355371901,
      "support": 74.0
    },
    "\ud83d\udcf7": {
      "precision": 0.06666666666666667,
      "recall": 0.034482758620689655,
      "f1-score": 0.045454545454545456,
      "support": 29.0
    },
    "\ud83d\ude09": {
      "precision": 0.03225806451612903,
      "recall": 0.07692307692307693,
      "f1-score": 0.045454545454545456,
      "support": 26.0
    },
    "\ud83d\udcf8": {
      "precision": 0.0,
      "recall": 0.0,
      "f1-score": 0.0,
      "support": 48.0
    },
    "\u2764": {
      "precision": 0.4502923976608187,
      "recall": 0.35648148148148145,
      "f1-score": 0.3979328165374677,
      "support": 216.0
    },
    "\u2728": {
      "precision": 0.12727272727272726,
      "recall": 0.12727272727272726,
      "f1-score": 0.12727272727272726,
      "support": 55.0
    },
    "\ud83c\udf84": {
      "precision": 0.7037037037037037,
      "recall": 0.6129032258064516,
      "f1-score": 0.6551724137931034,
      "support": 31.0
    },
    "\ud83c\uddfa\ud83c\uddf8": {
      "precision": 0.1875,
      "recall": 0.07692307692307693,
      "f1-score": 0.10909090909090909,
      "support": 39.0
    },
    "\ud83d\ude0a": {
      "precision": 0.04878048780487805,
      "recall": 0.1875,
      "f1-score": 0.07741935483870968,
      "support": 32.0
    },
    "\ud83d\udc99": {
      "precision": 0.0,
      "recall": 0.0,
      "f1-score": 0.0,
      "support": 31.0
    },
    "\ud83d\ude18": {
      "precision": 0.0,
      "recall": 0.0,
      "f1-score": 0.0,
      "support": 24.0
    },
    "\ud83d\udc95": {
      "precision": 0.11904761904761904,
      "recall": 0.09615384615384616,
      "f1-score": 0.10638297872340426,
      "support": 52.0
    },
    "micro avg": {
      "precision": 0.2337317397078353,
      "recall": 0.176,
      "f1-score": 0.20079863091842556,
      "support": 1000.0
    },
    "macro avg": {
      "precision": 0.14540699868346746,
      "recall": 0.1181425246943248,
      "f1-score": 0.1254601904270652,
      "support": 1000.0
    },
    "weighted avg": {
      "precision": 0.22774815108820282,
      "recall": 0.176,
      "f1-score": 0.1950355873025478,
      "support": 1000.0
    }
  },
  "accuracy": 0.176,
  "confusion_matrix": [
    [
      0,
      0,
      1,
      1,
      0,
      2,
      0,
      0,
      1,
      1,
      0,
      0,
      2,
      3,
      0,
      1,
      1,
      0,
      0,
      0
    ],
    [
      0,
      0,
      2,
      0,
      0,
      0,
      0,
      0,
      1,
      0,
      0,
      0,
      4,
      1,
      0,
      0,
      4,
      0,
      0,
      1
    ],
    [
      0,
      0,
      12,
      1,
      0,
      4,
      0,
      0,
      3,
      0,
      8,
      1,
      13,
      4,
      0,
      1,
      14,
      0,
      0,
      4
    ],
    [
      0,
      0,
      2,
      2,
      0,
      1,
      0,
      0,
      0,
      0,
      1,
      1,
      4,
      0,
      1,
      0,
      11,
      0,
      0,
      0
    ],
    [
      0,
      1,
      0,
      5,
      4,
      1,
      0,
      0,
      1,
      0,
      0,
      0,
      3,
      1,
      0,
      1,
      4,
      0,
      0,
      1
    ],
    [
      0,
      0,
      3,
      0,
      1,
      21,
      0,
      0,
      2,
      2,
      12,
      1,
      7,
      3,
      0,
      3,
      11,
      0,
      0,
      1
    ],
    [
      0,
      0,
      2,
      0,
      0,
      3,
      0,
      0,
      1,
      0,
      1,
      0,
      0,
      0,
      0,
      0,
      2,
      0,
      1,
      0
    ],
    [
      0,
      0,
      0,
      1,
      0,
      2,
      0,
      0,
      0,
      0,
      0,
      1,
      2,
      4,
      0,
      1,
      7,
      0,
      0,
      0
    ],
    [
      0,
      1,
      3,
      2,
      3,
      3,
      0,
      0,
      17,
      0,
      3,
      1,
      6,
      4,
      0,
      1,
      5,
      0,
      0,
      0
    ],
    [
      0,
      0,
      3,
      2,
      0,
      3,
      0,
      0,
      3,
      1,
      2,
      0,
      0,
      2,
      1,
      0,
      3,
      0,
      0,
      0
    ],
    [
      1,
      0,
      2,
      1,
      1,
      2,
      0,
      0,
      2,
      0,
      2,
      0,
      3,
      0,
      0,
      0,
      2,
      0,
      1,
      1
    ],
    [
      0,
      0,
      0,
      2,
      2,
      4,
      0,
      0,
      5,
      6,
      7,
      0,
      2,
      3,
      0,
      1,
      5,
      0,
      0,
      1
    ],
    [
      0,
      0,
      27,
      1,
      3,
      4,
      0,
      0,
      3,
      0,
      8,
      1,
      77,
      12,
      2,
      2,
      25,
      0,
      2,
      20
    ],
    [
      0,
      0,
      4,
      2,
      1,
      3,
      0,
      0,
      4,
      0,
      2,
      0,
      7,
      7,
      1,
      1,
      10,
      1,
      0,
      2
    ],
    [
      0,
      0,
      1,
      0,
      0,
      0,
      0,
      0,
      0,
      0,
      2,
      0,
      1,
      0,
      19,
      0,
      1,
      0,
      0,
      0
    ],
    [
      0,
      0,
      1,
      1,
      0,
      0,
      0,
      0,
      0,
      3,
      2,
      0,
      12,
      3,
      0,
      3,
      2,
      0,
      0,
      0
    ],
    [
      0,
      0,
      3,
      3,
      2,
      3,
      0,
      0,
      1,
      0,
      2,
      0,
      1,
      1,
      1,
      0,
      6,
      0,
      0,
      1
    ],
    [
      0,
      0,
      3,
      1,
      1,
      0,
      0,
      0,
      0,
      2,
      0,
      0,
      9,
      1,
      0,
      1,
      2,
      0,
      0,
      3
    ],
    [
      0,
      0,
      1,
      2,
      0,
      1,
      0,
      0,
      2,
      0,
      3,
      1,
      3,
      0,
      1,
      0,
      4,
      0,
      0,
      2
    ],
    [
      0,
      0,
      6,
      0,
      1,
      0,
      0,
      0,
      1,
      0,
      7,
      0,
      15,
      6,
      1,
      0,
      4,
      1,
      0,
      5
    ]
  ],
  "labels": [
    "\ud83d\udcaf",
    "\ud83d\udc9c",
    "\ud83d\ude0d",
    "\ud83d\ude0e",
    "\u2600",
    "\ud83d\ude02",
    "\ud83d\ude1c",
    "\ud83d\ude01",
    "\ud83d\udd25",
    "\ud83d\udcf7",
    "\ud83d\ude09",
    "\ud83d\udcf8",
    "\u2764",
    "\u2728",
    "\ud83c\udf84",
    "\ud83c\uddfa\ud83c\uddf8",
    "\ud83d\ude0a",
    "\ud83d\udc99",
    "\ud83d\ude18",
    "\ud83d\udc95"
  ]
}