{
  "classification_report": {
    "\ud83d\udcf7": {
      "precision": 0.07692307692307693,
      "recall": 0.034482758620689655,
      "f1-score": 0.047619047619047616,
      "support": 29.0
    },
    "\ud83d\udc99": {
      "precision": 0.3,
      "recall": 0.0967741935483871,
      "f1-score": 0.14634146341463414,
      "support": 31.0
    },
    "\ud83d\ude18": {
      "precision": 0.0,
      "recall": 0.0,
      "f1-score": 0.0,
      "support": 24.0
    },
    "\ud83d\ude0a": {
      "precision": 0.06153846153846154,
      "recall": 0.375,
      "f1-score": 0.10572687224669604,
      "support": 32.0
    },
    "\ud83d\ude02": {
      "precision": 0.3333333333333333,
      "recall": 0.2087912087912088,
      "f1-score": 0.25675675675675674,
      "support": 91.0
    },
    "\ud83c\udf84": {
      "precision": 0.76,
      "recall": 0.6129032258064516,
      "f1-score": 0.6785714285714286,
      "support": 31.0
    },
    "\ud83d\udc95": {
      "precision": 0.11627906976744186,
      "recall": 0.09615384615384616,
      "f1-score": 0.10526315789473684,
      "support": 52.0
    },
    "\u2764": {
      "precision": 0.45614035087719296,
      "recall": 0.3611111111111111,
      "f1-score": 0.40310077519379844,
      "support": 216.0
    },
    "\ud83d\ude0d": {
      "precision": 0.19444444444444445,
      "recall": 0.14432989690721648,
      "f1-score": 0.16568047337278108,
      "support": 97.0
    },
    "\ud83d\ude0e": {
      "precision": 0.05555555555555555,
      "recall": 0.025,
      "f1-score": 0.034482758620689655,
      "support": 40.0
    },
    "\ud83d\udcaf": {
      "precision": 0.0,
      "recall": 0.0,
      "f1-score": 0.0,
      "support": 25.0
    },
    "\u2600": {
      "precision": 0.2962962962962963,
      "recall": 0.32,
      "f1-score": 0.3076923076923077,
      "support": 25.0
    },
    "\ud83d\udcf8": {
      "precision": 0.21052631578947367,
      "recall": 0.08333333333333333,
      "f1-score": 0.11940298507462686,
      "support": 48.0
    },
    "\ud83d\ude09": {
      "precision": 0.043478260869565216,
      "recall": 0.07692307692307693,
      "f1-score": 0.05555555555555555,
      "support": 26.0
    },
    "\u2728": {
      "precision": 0.18446601941747573,
      "recall": 0.34545454545454546,
      "f1-score": 0.24050632911392406,
      "support": 55.0
    },
    "\ud83d\udc9c": {
      "precision": 0.0,
      "recall": 0.0,
      "f1-score": 0.0,
      "support": 22.0
    },
    "\ud83d\ude1c": {
      "precision": 0.0,
      "recall": 0.0,
      "f1-score": 0.0,
      "support": 20.0
    },
    "\ud83c\uddfa\ud83c\uddf8": {
      "precision": 0.3333333333333333,
      "recall": 0.1794871794871795,
      "f1-score": 0.23333333333333334,
      "support": 39.0
    },
    "\ud83d\udd25": {
      "precision": 0.35714285714285715,
      "recall": 0.40540540540540543,
      "f1-score": 0.379746835443038,
      "support": 74.0
    },
    "\ud83d\ude01": {
      "precision": 0.0,
      "recall": 0.0,
      "f1-score": 0.0,
      "support": 23.0
    },
    "micro avg": {
      "precision": 0.24262295081967214,
      "recall": 0.222,
      "f1-score": 0.2318537859007833,
      "support": 1000.0
    },
    "macro avg": {
      "precision": 0.18897286876442537,
      "recall": 0.16825748907712257,
      "f1-score": 0.16398900399516775,
      "support": 1000.0
    },
    "weighted avg": {
      "precision": 0.2612668019284907,
      "recall": 0.222,
      "f1-score": 0.22899235406803842,
      "support": 1000.0
    }
  },
  "accuracy": 0.222,
  "confusion_matrix": [
    [
      1,
      0,
      0,
      2,
      4,
      1,
      1,
      2,
      3,
      2,
      0,
      0,
      1,
      1,
      3,
      0,
      0,
      0,
      4,
      0
    ],
    [
      1,
      3,
      0,
      6,
      2,
      0,
      3,
      7,
      1,
      0,
      0,
      0,
      0,
      0,
      4,
      0,
      0,
      1,
      0,
      0
    ],
    [
      0,
      0,
      0,
      6,
      0,
      0,
      2,
      6,
      0,
      0,
      0,
      0,
      1,
      1,
      1,
      0,
      0,
      1,
      4,
      2
    ],
    [
      0,
      0,
      0,
      12,
      0,
      1,
      3,
      5,
      1,
      1,
      0,
      3,
      0,
      1,
      3,
      0,
      0,
      0,
      0,
      1
    ],
    [
      2,
      0,
      0,
      17,
      19,
      0,
      0,
      4,
      6,
      4,
      0,
      0,
      1,
      14,
      6,
      0,
      0,
      2,
      6,
      1
    ],
    [
      0,
      0,
      0,
      1,
      0,
      19,
      0,
      3,
      0,
      0,
      0,
      0,
      0,
      1,
      1,
      0,
      0,
      0,
      2,
      0
    ],
    [
      1,
      0,
      0,
      8,
      0,
      1,
      5,
      16,
      6,
      0,
      0,
      0,
      0,
      2,
      8,
      0,
      0,
      0,
      2,
      0
    ],
    [
      2,
      3,
      1,
      36,
      5,
      2,
      17,
      78,
      24,
      2,
      0,
      2,
      5,
      5,
      15,
      1,
      0,
      1,
      5,
      0
    ],
    [
      0,
      2,
      0,
      27,
      4,
      0,
      5,
      7,
      14,
      1,
      0,
      2,
      2,
      6,
      12,
      0,
      0,
      2,
      5,
      0
    ],
    [
      0,
      0,
      0,
      18,
      2,
      0,
      1,
      1,
      3,
      1,
      0,
      2,
      0,
      1,
      2,
      0,
      0,
      1,
      2,
      0
    ],
    [
      1,
      1,
      0,
      5,
      1,
      0,
      0,
      2,
      1,
      0,
      0,
      0,
      1,
      1,
      3,
      0,
      0,
      2,
      3,
      0
    ],
    [
      0,
      0,
      0,
      1,
      2,
      0,
      0,
      4,
      1,
      3,
      0,
      8,
      0,
      0,
      2,
      0,
      0,
      1,
      3,
      0
    ],
    [
      3,
      0,
      0,
      7,
      6,
      0,
      2,
      3,
      0,
      0,
      0,
      4,
      4,
      4,
      4,
      0,
      0,
      2,
      7,
      0
    ],
    [
      0,
      0,
      1,
      4,
      2,
      1,
      1,
      3,
      2,
      0,
      0,
      3,
      1,
      2,
      1,
      0,
      0,
      0,
      2,
      0
    ],
    [
      0,
      1,
      0,
      9,
      1,
      0,
      0,
      7,
      4,
      2,
      0,
      1,
      0,
      2,
      19,
      1,
      0,
      0,
      4,
      0
    ],
    [
      0,
      0,
      0,
      8,
      0,
      0,
      2,
      2,
      0,
      0,
      0,
      1,
      0,
      1,
      2,
      0,
      0,
      0,
      2,
      0
    ],
    [
      0,
      0,
      1,
      3,
      3,
      0,
      0,
      1,
      2,
      0,
      0,
      0,
      1,
      1,
      0,
      0,
      0,
      0,
      2,
      0
    ],
    [
      1,
      0,
      0,
      6,
      1,
      0,
      0,
      11,
      1,
      2,
      0,
      0,
      0,
      2,
      4,
      0,
      0,
      7,
      1,
      0
    ],
    [
      1,
      0,
      0,
      10,
      3,
      0,
      0,
      7,
      3,
      0,
      1,
      1,
      1,
      0,
      10,
      1,
      0,
      0,
      30,
      0
    ],
    [
      0,
      0,
      0,
      9,
      2,
      0,
      1,
      2,
      0,
      0,
      0,
      0,
      1,
      1,
      3,
      0,
      0,
      1,
      0,
      0
    ]
  ],
  "labels": [
    "\ud83d\udcf7",
    "\ud83d\udc99",
    "\ud83d\ude18",
    "\ud83d\ude0a",
    "\ud83d\ude02",
    "\ud83c\udf84",
    "\ud83d\udc95",
    "\u2764",
    "\ud83d\ude0d",
    "\ud83d\ude0e",
    "\ud83d\udcaf",
    "\u2600",
    "\ud83d\udcf8",
    "\ud83d\ude09",
    "\u2728",
    "\ud83d\udc9c",
    "\ud83d\ude1c",
    "\ud83c\uddfa\ud83c\uddf8",
    "\ud83d\udd25",
    "\ud83d\ude01"
  ]
}