{
  "classification_report": {
    "\ud83d\ude02": {
      "precision": 0.32558139534883723,
      "recall": 0.6153846153846154,
      "f1-score": 0.42585551330798477,
      "support": 91.0
    },
    "\ud83d\ude01": {
      "precision": 0.0,
      "recall": 0.0,
      "f1-score": 0.0,
      "support": 23.0
    },
    "\u2764": {
      "precision": 0.4603174603174603,
      "recall": 0.5370370370370371,
      "f1-score": 0.49572649572649574,
      "support": 216.0
    },
    "\ud83d\udc99": {
      "precision": 0.16666666666666666,
      "recall": 0.03225806451612903,
      "f1-score": 0.05405405405405406,
      "support": 31.0
    },
    "\ud83d\udcf8": {
      "precision": 0.28205128205128205,
      "recall": 0.22916666666666666,
      "f1-score": 0.25287356321839083,
      "support": 48.0
    },
    "\ud83d\udc95": {
      "precision": 0.14285714285714285,
      "recall": 0.057692307692307696,
      "f1-score": 0.0821917808219178,
      "support": 52.0
    },
    "\u2600": {
      "precision": 0.3090909090909091,
      "recall": 0.68,
      "f1-score": 0.425,
      "support": 25.0
    },
    "\ud83d\ude0a": {
      "precision": 0.06428571428571428,
      "recall": 0.28125,
      "f1-score": 0.10465116279069768,
      "support": 32.0
    },
    "\ud83d\udcf7": {
      "precision": 0.0,
      "recall": 0.0,
      "f1-score": 0.0,
      "support": 29.0
    },
    "\ud83d\ude1c": {
      "precision": 0.18181818181818182,
      "recall": 0.1,
      "f1-score": 0.12903225806451613,
      "support": 20.0
    },
    "\ud83c\uddfa\ud83c\uddf8": {
      "precision": 0.0,
      "recall": 0.0,
      "f1-score": 0.0,
      "support": 39.0
    },
    "\u2728": {
      "precision": 0.2,
      "recall": 0.03636363636363636,
      "f1-score": 0.06153846153846154,
      "support": 55.0
    },
    "\ud83d\udcaf": {
      "precision": 0.0,
      "recall": 0.0,
      "f1-score": 0.0,
      "support": 25.0
    },
    "\ud83d\ude0e": {
      "precision": 0.10144927536231885,
      "recall": 0.175,
      "f1-score": 0.12844036697247707,
      "support": 40.0
    },
    "\ud83d\ude09": {
      "precision": 0.0,
      "recall": 0.0,
      "f1-score": 0.0,
      "support": 26.0
    },
    "\ud83d\ude18": {
      "precision": 0.125,
      "recall": 0.125,
      "f1-score": 0.125,
      "support": 24.0
    },
    "\ud83d\udc9c": {
      "precision": 0.3333333333333333,
      "recall": 0.045454545454545456,
      "f1-score": 0.08,
      "support": 22.0
    },
    "\ud83d\udd25": {
      "precision": 0.5555555555555556,
      "recall": 0.20270270270270271,
      "f1-score": 0.297029702970297,
      "support": 74.0
    },
    "\ud83d\ude0d": {
      "precision": 0.2804878048780488,
      "recall": 0.23711340206185566,
      "f1-score": 0.2569832402234637,
      "support": 97.0
    },
    "\ud83c\udf84": {
      "precision": 0.68,
      "recall": 0.5483870967741935,
      "f1-score": 0.6071428571428571,
      "support": 31.0
    },
    "micro avg": {
      "precision": 0.2988384371700106,
      "recall": 0.283,
      "f1-score": 0.29070364663585,
      "support": 1000.0
    },
    "macro avg": {
      "precision": 0.21042473607827256,
      "recall": 0.1951405037326845,
      "f1-score": 0.17627597284158067,
      "support": 1000.0
    },
    "weighted avg": {
      "precision": 0.28340068979190236,
      "recall": 0.283,
      "f1-score": 0.2594830674278615,
      "support": 1000.0
    }
  },
  "accuracy": 0.283,
  "confusion_matrix": [
    [
      56,
      0,
      6,
      0,
      2,
      1,
      2,
      8,
      1,
      2,
      0,
      0,
      0,
      4,
      0,
      2,
      0,
      3,
      2,
      0
    ],
    [
      5,
      0,
      2,
      0,
      1,
      0,
      3,
      7,
      0,
      0,
      0,
      1,
      0,
      2,
      0,
      0,
      0,
      0,
      1,
      1
    ],
    [
      21,
      0,
      116,
      0,
      2,
      5,
      9,
      25,
      0,
      1,
      0,
      2,
      0,
      3,
      0,
      6,
      0,
      2,
      17,
      3
    ],
    [
      0,
      0,
      11,
      1,
      1,
      0,
      1,
      8,
      1,
      0,
      0,
      0,
      0,
      1,
      0,
      2,
      0,
      1,
      2,
      0
    ],
    [
      11,
      1,
      2,
      0,
      11,
      0,
      3,
      6,
      0,
      1,
      0,
      1,
      0,
      6,
      0,
      0,
      0,
      2,
      2,
      0
    ],
    [
      4,
      0,
      22,
      3,
      0,
      3,
      2,
      2,
      0,
      1,
      0,
      0,
      0,
      4,
      0,
      3,
      0,
      0,
      7,
      1
    ],
    [
      0,
      0,
      5,
      0,
      1,
      0,
      17,
      1,
      0,
      0,
      0,
      0,
      0,
      1,
      0,
      0,
      0,
      0,
      0,
      0
    ],
    [
      3,
      0,
      4,
      0,
      0,
      2,
      3,
      9,
      0,
      1,
      0,
      0,
      0,
      6,
      0,
      0,
      0,
      0,
      3,
      0
    ],
    [
      6,
      0,
      2,
      0,
      7,
      0,
      1,
      1,
      0,
      0,
      0,
      1,
      0,
      1,
      0,
      0,
      0,
      0,
      5,
      0
    ],
    [
      9,
      0,
      0,
      0,
      0,
      0,
      0,
      6,
      0,
      2,
      0,
      0,
      0,
      1,
      0,
      1,
      0,
      0,
      0,
      0
    ],
    [
      5,
      0,
      7,
      0,
      0,
      0,
      1,
      3,
      2,
      0,
      0,
      2,
      0,
      2,
      0,
      0,
      0,
      1,
      1,
      1
    ],
    [
      4,
      1,
      16,
      0,
      1,
      1,
      1,
      15,
      1,
      1,
      0,
      2,
      0,
      3,
      0,
      1,
      0,
      0,
      5,
      0
    ],
    [
      9,
      0,
      4,
      0,
      1,
      0,
      1,
      3,
      0,
      1,
      0,
      0,
      0,
      4,
      0,
      1,
      0,
      0,
      0,
      1
    ],
    [
      8,
      0,
      6,
      0,
      1,
      0,
      4,
      6,
      0,
      0,
      0,
      1,
      0,
      7,
      0,
      0,
      0,
      1,
      3,
      0
    ],
    [
      4,
      0,
      3,
      0,
      1,
      0,
      1,
      6,
      0,
      0,
      0,
      0,
      0,
      2,
      0,
      1,
      0,
      0,
      4,
      1
    ],
    [
      2,
      1,
      5,
      0,
      0,
      3,
      0,
      8,
      0,
      0,
      0,
      0,
      0,
      2,
      0,
      3,
      0,
      0,
      0,
      0
    ],
    [
      1,
      0,
      6,
      0,
      1,
      3,
      0,
      7,
      0,
      0,
      0,
      0,
      0,
      1,
      0,
      0,
      1,
      0,
      2,
      0
    ],
    [
      12,
      0,
      7,
      0,
      6,
      0,
      3,
      4,
      1,
      1,
      0,
      0,
      1,
      13,
      0,
      1,
      1,
      15,
      4,
      0
    ],
    [
      10,
      1,
      21,
      2,
      3,
      3,
      3,
      13,
      0,
      0,
      0,
      0,
      0,
      5,
      0,
      3,
      1,
      1,
      23,
      0
    ],
    [
      2,
      0,
      7,
      0,
      0,
      0,
      0,
      2,
      0,
      0,
      0,
      0,
      0,
      1,
      0,
      0,
      0,
      1,
      1,
      17
    ]
  ],
  "labels": [
    "\ud83d\ude02",
    "\ud83d\ude01",
    "\u2764",
    "\ud83d\udc99",
    "\ud83d\udcf8",
    "\ud83d\udc95",
    "\u2600",
    "\ud83d\ude0a",
    "\ud83d\udcf7",
    "\ud83d\ude1c",
    "\ud83c\uddfa\ud83c\uddf8",
    "\u2728",
    "\ud83d\udcaf",
    "\ud83d\ude0e",
    "\ud83d\ude09",
    "\ud83d\ude18",
    "\ud83d\udc9c",
    "\ud83d\udd25",
    "\ud83d\ude0d",
    "\ud83c\udf84"
  ]
}