{
  "classification_report": {
    "\ud83c\udf84": {
      "precision": 0.6896551724137931,
      "recall": 0.6451612903225806,
      "f1-score": 0.6666666666666666,
      "support": 31.0
    },
    "\u2600": {
      "precision": 0.3225806451612903,
      "recall": 0.4,
      "f1-score": 0.35714285714285715,
      "support": 25.0
    },
    "\ud83d\udcf7": {
      "precision": 0.25,
      "recall": 0.034482758620689655,
      "f1-score": 0.06060606060606061,
      "support": 29.0
    },
    "\ud83d\udc9c": {
      "precision": 0.0,
      "recall": 0.0,
      "f1-score": 0.0,
      "support": 22.0
    },
    "\ud83d\ude02": {
      "precision": 0.40425531914893614,
      "recall": 0.2087912087912088,
      "f1-score": 0.2753623188405797,
      "support": 91.0
    },
    "\u2764": {
      "precision": 0.40863787375415284,
      "recall": 0.5694444444444444,
      "f1-score": 0.4758220502901354,
      "support": 216.0
    },
    "\ud83d\udc99": {
      "precision": 0.2,
      "recall": 0.03225806451612903,
      "f1-score": 0.05555555555555555,
      "support": 31.0
    },
    "\ud83d\ude09": {
      "precision": 0.0,
      "recall": 0.0,
      "f1-score": 0.0,
      "support": 26.0
    },
    "\ud83d\ude0e": {
      "precision": 0.21428571428571427,
      "recall": 0.075,
      "f1-score": 0.1111111111111111,
      "support": 40.0
    },
    "\ud83d\udc95": {
      "precision": 0.125,
      "recall": 0.038461538461538464,
      "f1-score": 0.058823529411764705,
      "support": 52.0
    },
    "\u2728": {
      "precision": 0.11827956989247312,
      "recall": 0.2,
      "f1-score": 0.14864864864864866,
      "support": 55.0
    },
    "\ud83d\ude1c": {
      "precision": 0.0,
      "recall": 0.0,
      "f1-score": 0.0,
      "support": 20.0
    },
    "\ud83d\ude01": {
      "precision": 0.0,
      "recall": 0.0,
      "f1-score": 0.0,
      "support": 23.0
    },
    "\ud83d\udd25": {
      "precision": 0.2833333333333333,
      "recall": 0.4594594594594595,
      "f1-score": 0.35051546391752575,
      "support": 74.0
    },
    "\ud83c\uddfa\ud83c\uddf8": {
      "precision": 0.38095238095238093,
      "recall": 0.20512820512820512,
      "f1-score": 0.26666666666666666,
      "support": 39.0
    },
    "\ud83d\udcf8": {
      "precision": 0.2727272727272727,
      "recall": 0.0625,
      "f1-score": 0.1016949152542373,
      "support": 48.0
    },
    "\ud83d\ude0d": {
      "precision": 0.2391304347826087,
      "recall": 0.1134020618556701,
      "f1-score": 0.15384615384615385,
      "support": 97.0
    },
    "\ud83d\udcaf": {
      "precision": 0.0,
      "recall": 0.0,
      "f1-score": 0.0,
      "support": 25.0
    },
    "\ud83d\ude0a": {
      "precision": 0.06951871657754011,
      "recall": 0.40625,
      "f1-score": 0.1187214611872146,
      "support": 32.0
    },
    "\ud83d\ude18": {
      "precision": 0.0,
      "recall": 0.0,
      "f1-score": 0.0,
      "support": 24.0
    },
    "micro avg": {
      "precision": 0.273784355179704,
      "recall": 0.259,
      "f1-score": 0.26618705035971224,
      "support": 1000.0
    },
    "macro avg": {
      "precision": 0.1989178216514748,
      "recall": 0.17251695157999627,
      "f1-score": 0.16005917295725888,
      "support": 1000.0
    },
    "weighted avg": {
      "precision": 0.2638586158819376,
      "recall": 0.259,
      "f1-score": 0.23653117754489805,
      "support": 1000.0
    }
  },
  "accuracy": 0.259,
  "confusion_matrix": [
    [
      20,
      0,
      0,
      0,
      0,
      6,
      0,
      0,
      0,
      0,
      0,
      0,
      0,
      4,
      0,
      0,
      0,
      0,
      0,
      0
    ],
    [
      0,
      10,
      0,
      0,
      0,
      5,
      0,
      0,
      0,
      0,
      0,
      0,
      0,
      2,
      2,
      0,
      1,
      0,
      5,
      0
    ],
    [
      1,
      0,
      1,
      0,
      3,
      4,
      0,
      0,
      0,
      0,
      3,
      0,
      0,
      3,
      1,
      0,
      3,
      0,
      8,
      0
    ],
    [
      0,
      0,
      1,
      0,
      0,
      6,
      0,
      0,
      0,
      1,
      4,
      0,
      0,
      2,
      0,
      1,
      0,
      0,
      6,
      0
    ],
    [
      1,
      1,
      0,
      0,
      19,
      12,
      0,
      6,
      2,
      1,
      3,
      0,
      1,
      13,
      1,
      3,
      3,
      0,
      18,
      0
    ],
    [
      1,
      5,
      0,
      1,
      4,
      123,
      1,
      0,
      1,
      5,
      19,
      0,
      0,
      10,
      0,
      0,
      9,
      0,
      27,
      0
    ],
    [
      0,
      0,
      0,
      0,
      0,
      13,
      1,
      0,
      0,
      2,
      3,
      0,
      0,
      2,
      2,
      0,
      0,
      0,
      6,
      0
    ],
    [
      1,
      3,
      0,
      0,
      1,
      5,
      0,
      0,
      1,
      1,
      1,
      0,
      0,
      2,
      0,
      0,
      0,
      0,
      7,
      0
    ],
    [
      0,
      1,
      0,
      0,
      1,
      8,
      0,
      1,
      3,
      0,
      3,
      0,
      0,
      10,
      0,
      0,
      2,
      0,
      7,
      0
    ],
    [
      1,
      0,
      0,
      1,
      0,
      25,
      0,
      1,
      0,
      2,
      4,
      0,
      0,
      1,
      0,
      0,
      4,
      0,
      11,
      0
    ],
    [
      1,
      4,
      0,
      0,
      1,
      9,
      0,
      0,
      1,
      2,
      11,
      0,
      0,
      8,
      0,
      0,
      3,
      0,
      12,
      0
    ],
    [
      0,
      0,
      0,
      0,
      4,
      3,
      1,
      2,
      0,
      0,
      2,
      0,
      0,
      1,
      2,
      0,
      1,
      0,
      3,
      0
    ],
    [
      0,
      0,
      0,
      0,
      0,
      5,
      1,
      2,
      0,
      0,
      2,
      0,
      0,
      0,
      0,
      0,
      1,
      0,
      10,
      0
    ],
    [
      0,
      1,
      0,
      1,
      2,
      13,
      0,
      0,
      1,
      0,
      8,
      0,
      0,
      34,
      0,
      1,
      3,
      0,
      6,
      0
    ],
    [
      0,
      0,
      1,
      0,
      0,
      13,
      0,
      0,
      1,
      0,
      1,
      0,
      0,
      3,
      8,
      0,
      1,
      0,
      10,
      0
    ],
    [
      0,
      4,
      1,
      0,
      6,
      2,
      0,
      0,
      0,
      0,
      10,
      0,
      0,
      9,
      1,
      3,
      3,
      0,
      6,
      0
    ],
    [
      0,
      2,
      0,
      1,
      4,
      25,
      1,
      1,
      2,
      0,
      13,
      0,
      1,
      5,
      2,
      1,
      11,
      0,
      21,
      1
    ],
    [
      1,
      0,
      0,
      0,
      1,
      5,
      0,
      1,
      0,
      0,
      4,
      0,
      0,
      7,
      0,
      0,
      0,
      0,
      5,
      0
    ],
    [
      1,
      0,
      0,
      0,
      1,
      8,
      0,
      0,
      2,
      1,
      1,
      0,
      0,
      1,
      2,
      1,
      1,
      0,
      13,
      0
    ],
    [
      1,
      0,
      0,
      0,
      0,
      11,
      0,
      0,
      0,
      1,
      1,
      0,
      0,
      3,
      0,
      1,
      0,
      0,
      6,
      0
    ]
  ],
  "labels": [
    "\ud83c\udf84",
    "\u2600",
    "\ud83d\udcf7",
    "\ud83d\udc9c",
    "\ud83d\ude02",
    "\u2764",
    "\ud83d\udc99",
    "\ud83d\ude09",
    "\ud83d\ude0e",
    "\ud83d\udc95",
    "\u2728",
    "\ud83d\ude1c",
    "\ud83d\ude01",
    "\ud83d\udd25",
    "\ud83c\uddfa\ud83c\uddf8",
    "\ud83d\udcf8",
    "\ud83d\ude0d",
    "\ud83d\udcaf",
    "\ud83d\ude0a",
    "\ud83d\ude18"
  ]
}