{
  "classification_report": {
    "\ud83d\ude02": {
      "precision": 0.3069306930693069,
      "recall": 0.34065934065934067,
      "f1-score": 0.3229166666666667,
      "support": 91.0
    },
    "\ud83d\ude18": {
      "precision": 0.05263157894736842,
      "recall": 0.08333333333333333,
      "f1-score": 0.06451612903225806,
      "support": 24.0
    },
    "\ud83d\ude0d": {
      "precision": 0.16483516483516483,
      "recall": 0.15463917525773196,
      "f1-score": 0.1595744680851064,
      "support": 97.0
    },
    "\ud83d\ude0e": {
      "precision": 0.09433962264150944,
      "recall": 0.125,
      "f1-score": 0.10752688172043011,
      "support": 40.0
    },
    "\ud83d\ude09": {
      "precision": 0.0,
      "recall": 0.0,
      "f1-score": 0.0,
      "support": 26.0
    },
    "\u2600": {
      "precision": 0.1,
      "recall": 0.16,
      "f1-score": 0.12307692307692308,
      "support": 25.0
    },
    "\ud83d\udcaf": {
      "precision": 0.18181818181818182,
      "recall": 0.08,
      "f1-score": 0.1111111111111111,
      "support": 25.0
    },
    "\ud83d\udcf8": {
      "precision": 0.06451612903225806,
      "recall": 0.041666666666666664,
      "f1-score": 0.05063291139240506,
      "support": 48.0
    },
    "\ud83d\udd25": {
      "precision": 0.4482758620689655,
      "recall": 0.17567567567567569,
      "f1-score": 0.2524271844660194,
      "support": 74.0
    },
    "\u2764": {
      "precision": 0.2744360902255639,
      "recall": 0.33796296296296297,
      "f1-score": 0.3029045643153527,
      "support": 216.0
    },
    "\ud83d\ude01": {
      "precision": 0.0,
      "recall": 0.0,
      "f1-score": 0.0,
      "support": 23.0
    },
    "\ud83d\udc95": {
      "precision": 0.0625,
      "recall": 0.057692307692307696,
      "f1-score": 0.06,
      "support": 52.0
    },
    "\ud83d\udc99": {
      "precision": 0.125,
      "recall": 0.0967741935483871,
      "f1-score": 0.10909090909090909,
      "support": 31.0
    },
    "\u2728": {
      "precision": 0.14285714285714285,
      "recall": 0.10909090909090909,
      "f1-score": 0.12371134020618557,
      "support": 55.0
    },
    "\ud83d\ude1c": {
      "precision": 0.15384615384615385,
      "recall": 0.1,
      "f1-score": 0.12121212121212122,
      "support": 20.0
    },
    "\ud83c\udf84": {
      "precision": 0.52,
      "recall": 0.41935483870967744,
      "f1-score": 0.4642857142857143,
      "support": 31.0
    },
    "\ud83d\udcf7": {
      "precision": 0.09090909090909091,
      "recall": 0.06896551724137931,
      "f1-score": 0.0784313725490196,
      "support": 29.0
    },
    "\ud83c\uddfa\ud83c\uddf8": {
      "precision": 0.0,
      "recall": 0.0,
      "f1-score": 0.0,
      "support": 39.0
    },
    "\ud83d\ude0a": {
      "precision": 0.05063291139240506,
      "recall": 0.125,
      "f1-score": 0.07207207207207207,
      "support": 32.0
    },
    "\ud83d\udc9c": {
      "precision": 0.05555555555555555,
      "recall": 0.045454545454545456,
      "f1-score": 0.05,
      "support": 22.0
    },
    "micro avg": {
      "precision": 0.19234856535600425,
      "recall": 0.181,
      "f1-score": 0.18650180319422976,
      "support": 1000.0
    },
    "macro avg": {
      "precision": 0.14445420885993335,
      "recall": 0.12606347331464587,
      "f1-score": 0.12867451846411473,
      "support": 1000.0
    },
    "weighted avg": {
      "precision": 0.19120718983675208,
      "recall": 0.181,
      "f1-score": 0.17890953815113714,
      "support": 1000.0
    }
  },
  "accuracy": 0.181,
  "confusion_matrix": [
    [
      31,
      4,
      7,
      5,
      1,
      2,
      1,
      3,
      1,
      14,
      1,
      2,
      1,
      1,
      2,
      1,
      2,
      0,
      6,
      1
    ],
    [
      0,
      2,
      2,
      1,
      0,
      2,
      1,
      0,
      0,
      9,
      1,
      2,
      1,
      0,
      0,
      1,
      1,
      0,
      1,
      0
    ],
    [
      6,
      4,
      15,
      5,
      0,
      4,
      1,
      5,
      0,
      18,
      1,
      6,
      5,
      3,
      2,
      0,
      2,
      0,
      15,
      1
    ],
    [
      2,
      3,
      3,
      5,
      0,
      1,
      0,
      0,
      0,
      13,
      0,
      0,
      0,
      3,
      0,
      2,
      1,
      0,
      4,
      0
    ],
    [
      2,
      2,
      4,
      1,
      0,
      3,
      1,
      0,
      0,
      8,
      0,
      1,
      0,
      0,
      0,
      0,
      0,
      0,
      3,
      0
    ],
    [
      1,
      1,
      0,
      2,
      0,
      4,
      0,
      0,
      0,
      11,
      1,
      0,
      0,
      1,
      0,
      0,
      0,
      0,
      2,
      0
    ],
    [
      4,
      0,
      1,
      0,
      0,
      1,
      2,
      1,
      0,
      2,
      1,
      0,
      1,
      2,
      0,
      1,
      1,
      0,
      2,
      0
    ],
    [
      6,
      1,
      3,
      6,
      0,
      1,
      0,
      2,
      4,
      8,
      0,
      3,
      0,
      3,
      1,
      0,
      3,
      0,
      5,
      0
    ],
    [
      9,
      1,
      6,
      4,
      1,
      2,
      2,
      3,
      13,
      16,
      0,
      2,
      1,
      1,
      0,
      2,
      1,
      0,
      3,
      3
    ],
    [
      15,
      12,
      24,
      7,
      0,
      6,
      1,
      7,
      4,
      73,
      1,
      17,
      5,
      11,
      1,
      3,
      2,
      0,
      15,
      5
    ],
    [
      3,
      1,
      1,
      1,
      0,
      0,
      0,
      2,
      0,
      5,
      0,
      1,
      0,
      2,
      2,
      0,
      1,
      0,
      2,
      0
    ],
    [
      4,
      4,
      4,
      3,
      0,
      1,
      0,
      0,
      1,
      21,
      0,
      3,
      1,
      2,
      0,
      0,
      1,
      0,
      3,
      2
    ],
    [
      1,
      1,
      2,
      1,
      0,
      1,
      0,
      0,
      0,
      8,
      1,
      3,
      3,
      1,
      1,
      0,
      3,
      0,
      2,
      1
    ],
    [
      4,
      1,
      7,
      3,
      0,
      5,
      0,
      2,
      1,
      14,
      1,
      1,
      2,
      6,
      0,
      1,
      0,
      0,
      4,
      2
    ],
    [
      1,
      0,
      2,
      0,
      0,
      1,
      0,
      1,
      2,
      4,
      0,
      1,
      1,
      0,
      2,
      0,
      0,
      0,
      1,
      1
    ],
    [
      3,
      1,
      1,
      1,
      0,
      0,
      0,
      1,
      0,
      6,
      0,
      1,
      0,
      0,
      0,
      13,
      0,
      0,
      1,
      1
    ],
    [
      5,
      0,
      3,
      1,
      0,
      1,
      1,
      2,
      1,
      3,
      0,
      1,
      0,
      2,
      0,
      1,
      2,
      0,
      2,
      0
    ],
    [
      0,
      0,
      1,
      2,
      0,
      3,
      1,
      0,
      1,
      15,
      0,
      0,
      2,
      2,
      1,
      0,
      2,
      0,
      2,
      0
    ],
    [
      4,
      0,
      5,
      2,
      0,
      1,
      0,
      1,
      1,
      9,
      0,
      1,
      0,
      1,
      1,
      0,
      0,
      0,
      4,
      0
    ],
    [
      0,
      0,
      0,
      3,
      0,
      1,
      0,
      1,
      0,
      9,
      0,
      3,
      1,
      1,
      0,
      0,
      0,
      0,
      2,
      1
    ]
  ],
  "labels": [
    "\ud83d\ude02",
    "\ud83d\ude18",
    "\ud83d\ude0d",
    "\ud83d\ude0e",
    "\ud83d\ude09",
    "\u2600",
    "\ud83d\udcaf",
    "\ud83d\udcf8",
    "\ud83d\udd25",
    "\u2764",
    "\ud83d\ude01",
    "\ud83d\udc95",
    "\ud83d\udc99",
    "\u2728",
    "\ud83d\ude1c",
    "\ud83c\udf84",
    "\ud83d\udcf7",
    "\ud83c\uddfa\ud83c\uddf8",
    "\ud83d\ude0a",
    "\ud83d\udc9c"
  ]
}