{
  "classification_report": {
    "\ud83c\uddfa\ud83c\uddf8": {
      "precision": 0.30434782608695654,
      "recall": 0.1794871794871795,
      "f1-score": 0.22580645161290322,
      "support": 39.0
    },
    "\u2728": {
      "precision": 0.11267605633802817,
      "recall": 0.14545454545454545,
      "f1-score": 0.12698412698412698,
      "support": 55.0
    },
    "\ud83d\ude01": {
      "precision": 0.0,
      "recall": 0.0,
      "f1-score": 0.0,
      "support": 23.0
    },
    "\ud83d\udc99": {
      "precision": 0.0,
      "recall": 0.0,
      "f1-score": 0.0,
      "support": 31.0
    },
    "\ud83d\udcaf": {
      "precision": 1.0,
      "recall": 0.04,
      "f1-score": 0.07692307692307693,
      "support": 25.0
    },
    "\ud83d\udcf7": {
      "precision": 0.14285714285714285,
      "recall": 0.034482758620689655,
      "f1-score": 0.05555555555555555,
      "support": 29.0
    },
    "\ud83d\ude0a": {
      "precision": 0.08064516129032258,
      "recall": 0.46875,
      "f1-score": 0.13761467889908258,
      "support": 32.0
    },
    "\u2600": {
      "precision": 0.0,
      "recall": 0.0,
      "f1-score": 0.0,
      "support": 25.0
    },
    "\ud83d\ude0d": {
      "precision": 0.16,
      "recall": 0.24742268041237114,
      "f1-score": 0.19433198380566802,
      "support": 97.0
    },
    "\ud83d\ude0e": {
      "precision": 0.3333333333333333,
      "recall": 0.025,
      "f1-score": 0.046511627906976744,
      "support": 40.0
    },
    "\ud83d\ude02": {
      "precision": 0.3333333333333333,
      "recall": 0.13186813186813187,
      "f1-score": 0.1889763779527559,
      "support": 91.0
    },
    "\ud83d\udd25": {
      "precision": 0.46774193548387094,
      "recall": 0.3918918918918919,
      "f1-score": 0.4264705882352941,
      "support": 74.0
    },
    "\ud83d\ude18": {
      "precision": 0.125,
      "recall": 0.041666666666666664,
      "f1-score": 0.0625,
      "support": 24.0
    },
    "\ud83d\udc9c": {
      "precision": 0.0,
      "recall": 0.0,
      "f1-score": 0.0,
      "support": 22.0
    },
    "\ud83d\udcf8": {
      "precision": 0.4,
      "recall": 0.125,
      "f1-score": 0.19047619047619047,
      "support": 48.0
    },
    "\ud83d\ude1c": {
      "precision": 0.0,
      "recall": 0.0,
      "f1-score": 0.0,
      "support": 20.0
    },
    "\u2764": {
      "precision": 0.46875,
      "recall": 0.06944444444444445,
      "f1-score": 0.12096774193548387,
      "support": 216.0
    },
    "\ud83c\udf84": {
      "precision": 0.7894736842105263,
      "recall": 0.4838709677419355,
      "f1-score": 0.6,
      "support": 31.0
    },
    "\ud83d\udc95": {
      "precision": 0.10344827586206896,
      "recall": 0.057692307692307696,
      "f1-score": 0.07407407407407407,
      "support": 52.0
    },
    "\ud83d\ude09": {
      "precision": 0.0,
      "recall": 0.0,
      "f1-score": 0.0,
      "support": 26.0
    },
    "micro avg": {
      "precision": 0.2084592145015106,
      "recall": 0.138,
      "f1-score": 0.16606498194945848,
      "support": 1000.0
    },
    "macro avg": {
      "precision": 0.2410803374397792,
      "recall": 0.12210157871400817,
      "f1-score": 0.12635962371805942,
      "support": 1000.0
    },
    "weighted avg": {
      "precision": 0.29689281506795734,
      "recall": 0.138,
      "f1-score": 0.15241851907730378,
      "support": 1000.0
    }
  },
  "accuracy": 0.138,
  "confusion_matrix": [
    [
      7,
      1,
      0,
      0,
      0,
      1,
      5,
      0,
      2,
      0,
      0,
      2,
      0,
      0,
      0,
      0,
      2,
      0,
      0,
      0
    ],
    [
      1,
      8,
      0,
      0,
      0,
      0,
      15,
      0,
      7,
      0,
      0,
      3,
      0,
      0,
      1,
      0,
      1,
      0,
      2,
      2
    ],
    [
      0,
      1,
      0,
      0,
      0,
      0,
      8,
      0,
      3,
      0,
      1,
      0,
      0,
      0,
      0,
      0,
      0,
      1,
      1,
      1
    ],
    [
      3,
      3,
      0,
      0,
      0,
      0,
      5,
      0,
      5,
      0,
      0,
      2,
      1,
      0,
      0,
      0,
      3,
      0,
      2,
      1
    ],
    [
      1,
      2,
      0,
      0,
      1,
      0,
      1,
      0,
      1,
      0,
      3,
      3,
      0,
      0,
      0,
      0,
      1,
      1,
      0,
      0
    ],
    [
      0,
      3,
      0,
      0,
      0,
      1,
      4,
      0,
      2,
      0,
      1,
      0,
      0,
      0,
      0,
      0,
      2,
      0,
      0,
      0
    ],
    [
      2,
      0,
      0,
      0,
      0,
      0,
      15,
      0,
      4,
      1,
      0,
      0,
      0,
      0,
      0,
      0,
      1,
      0,
      2,
      0
    ],
    [
      0,
      1,
      0,
      0,
      0,
      0,
      5,
      0,
      2,
      0,
      0,
      2,
      0,
      0,
      0,
      0,
      1,
      0,
      0,
      0
    ],
    [
      6,
      6,
      1,
      0,
      0,
      0,
      21,
      0,
      24,
      0,
      3,
      1,
      1,
      0,
      0,
      0,
      1,
      0,
      3,
      2
    ],
    [
      0,
      4,
      0,
      0,
      0,
      0,
      10,
      0,
      4,
      1,
      1,
      0,
      0,
      0,
      0,
      0,
      2,
      0,
      0,
      0
    ],
    [
      1,
      2,
      0,
      0,
      0,
      2,
      18,
      0,
      9,
      0,
      12,
      4,
      0,
      2,
      3,
      0,
      0,
      0,
      2,
      2
    ],
    [
      0,
      4,
      0,
      0,
      0,
      0,
      6,
      0,
      8,
      0,
      4,
      29,
      0,
      1,
      2,
      0,
      0,
      0,
      0,
      0
    ],
    [
      0,
      2,
      0,
      0,
      0,
      0,
      3,
      0,
      6,
      0,
      0,
      0,
      1,
      0,
      1,
      0,
      0,
      1,
      2,
      0
    ],
    [
      0,
      2,
      0,
      0,
      0,
      0,
      6,
      0,
      4,
      0,
      0,
      0,
      0,
      0,
      1,
      0,
      0,
      0,
      1,
      0
    ],
    [
      1,
      4,
      0,
      0,
      0,
      2,
      6,
      0,
      6,
      0,
      2,
      5,
      0,
      0,
      6,
      0,
      0,
      0,
      1,
      0
    ],
    [
      0,
      0,
      0,
      1,
      0,
      0,
      6,
      0,
      2,
      0,
      2,
      1,
      0,
      0,
      0,
      0,
      0,
      0,
      0,
      1
    ],
    [
      1,
      17,
      0,
      1,
      0,
      0,
      36,
      0,
      44,
      1,
      4,
      7,
      4,
      0,
      1,
      0,
      15,
      0,
      9,
      3
    ],
    [
      0,
      2,
      0,
      0,
      0,
      0,
      2,
      0,
      4,
      0,
      0,
      2,
      0,
      0,
      0,
      0,
      1,
      15,
      0,
      0
    ],
    [
      0,
      7,
      0,
      0,
      0,
      1,
      7,
      0,
      8,
      0,
      3,
      0,
      1,
      0,
      0,
      0,
      2,
      0,
      3,
      2
    ],
    [
      0,
      2,
      0,
      0,
      0,
      0,
      7,
      0,
      5,
      0,
      0,
      1,
      0,
      0,
      0,
      0,
      0,
      1,
      1,
      0
    ]
  ],
  "labels": [
    "\ud83c\uddfa\ud83c\uddf8",
    "\u2728",
    "\ud83d\ude01",
    "\ud83d\udc99",
    "\ud83d\udcaf",
    "\ud83d\udcf7",
    "\ud83d\ude0a",
    "\u2600",
    "\ud83d\ude0d",
    "\ud83d\ude0e",
    "\ud83d\ude02",
    "\ud83d\udd25",
    "\ud83d\ude18",
    "\ud83d\udc9c",
    "\ud83d\udcf8",
    "\ud83d\ude1c",
    "\u2764",
    "\ud83c\udf84",
    "\ud83d\udc95",
    "\ud83d\ude09"
  ]
}