{
  "classification_report": {
    "\ud83d\udd25": {
      "precision": 0.36666666666666664,
      "recall": 0.14864864864864866,
      "f1-score": 0.21153846153846154,
      "support": 74.0
    },
    "\ud83d\ude0e": {
      "precision": 0.09090909090909091,
      "recall": 0.1,
      "f1-score": 0.09523809523809523,
      "support": 40.0
    },
    "\ud83d\udcaf": {
      "precision": 0.3333333333333333,
      "recall": 0.04,
      "f1-score": 0.07142857142857142,
      "support": 25.0
    },
    "\ud83d\udcf7": {
      "precision": 0.16666666666666666,
      "recall": 0.034482758620689655,
      "f1-score": 0.05714285714285714,
      "support": 29.0
    },
    "\ud83d\udc95": {
      "precision": 0.10344827586206896,
      "recall": 0.057692307692307696,
      "f1-score": 0.07407407407407407,
      "support": 52.0
    },
    "\ud83d\ude01": {
      "precision": 0.0,
      "recall": 0.0,
      "f1-score": 0.0,
      "support": 23.0
    },
    "\ud83d\udcf8": {
      "precision": 0.13333333333333333,
      "recall": 0.041666666666666664,
      "f1-score": 0.06349206349206349,
      "support": 48.0
    },
    "\ud83c\udf84": {
      "precision": 0.5483870967741935,
      "recall": 0.5483870967741935,
      "f1-score": 0.5483870967741935,
      "support": 31.0
    },
    "\ud83d\udc9c": {
      "precision": 0.125,
      "recall": 0.09090909090909091,
      "f1-score": 0.10526315789473684,
      "support": 22.0
    },
    "\ud83d\ude1c": {
      "precision": 0.125,
      "recall": 0.1,
      "f1-score": 0.1111111111111111,
      "support": 20.0
    },
    "\ud83d\ude0a": {
      "precision": 0.04878048780487805,
      "recall": 0.3125,
      "f1-score": 0.08438818565400844,
      "support": 32.0
    },
    "\ud83d\ude18": {
      "precision": 0.0,
      "recall": 0.0,
      "f1-score": 0.0,
      "support": 24.0
    },
    "\ud83d\ude02": {
      "precision": 0.30597014925373134,
      "recall": 0.45054945054945056,
      "f1-score": 0.36444444444444446,
      "support": 91.0
    },
    "\ud83d\ude0d": {
      "precision": 0.21052631578947367,
      "recall": 0.041237113402061855,
      "f1-score": 0.06896551724137931,
      "support": 97.0
    },
    "\u2728": {
      "precision": 0.14285714285714285,
      "recall": 0.05454545454545454,
      "f1-score": 0.07894736842105263,
      "support": 55.0
    },
    "\u2600": {
      "precision": 0.16363636363636364,
      "recall": 0.36,
      "f1-score": 0.225,
      "support": 25.0
    },
    "\ud83d\ude09": {
      "precision": 0.0,
      "recall": 0.0,
      "f1-score": 0.0,
      "support": 26.0
    },
    "\u2764": {
      "precision": 0.2916666666666667,
      "recall": 0.16203703703703703,
      "f1-score": 0.20833333333333334,
      "support": 216.0
    },
    "\ud83d\udc99": {
      "precision": 0.09090909090909091,
      "recall": 0.06451612903225806,
      "f1-score": 0.07547169811320754,
      "support": 31.0
    },
    "\ud83c\uddfa\ud83c\uddf8": {
      "precision": 0.0,
      "recall": 0.0,
      "f1-score": 0.0,
      "support": 39.0
    },
    "micro avg": {
      "precision": 0.18678526048284624,
      "recall": 0.147,
      "f1-score": 0.16452154448796866,
      "support": 1000.0
    },
    "macro avg": {
      "precision": 0.162354534023135,
      "recall": 0.13035858769389297,
      "f1-score": 0.12216130179507952,
      "support": 1000.0
    },
    "weighted avg": {
      "precision": 0.20555721957084958,
      "recall": 0.147,
      "f1-score": 0.15120495916405827,
      "support": 1000.0
    }
  },
  "accuracy": 0.147,
  "confusion_matrix": [
    [
      11,
      4,
      0,
      1,
      1,
      0,
      2,
      0,
      2,
      2,
      9,
      1,
      9,
      2,
      2,
      4,
      0,
      8,
      0,
      0
    ],
    [
      0,
      4,
      0,
      0,
      0,
      0,
      1,
      3,
      1,
      2,
      12,
      0,
      3,
      0,
      0,
      3,
      0,
      2,
      1,
      0
    ],
    [
      1,
      0,
      1,
      0,
      0,
      1,
      0,
      3,
      2,
      0,
      3,
      0,
      5,
      1,
      1,
      2,
      0,
      3,
      1,
      0
    ],
    [
      1,
      1,
      0,
      1,
      0,
      0,
      0,
      1,
      0,
      0,
      8,
      0,
      5,
      1,
      0,
      2,
      0,
      3,
      0,
      0
    ],
    [
      2,
      1,
      0,
      0,
      3,
      0,
      0,
      0,
      1,
      1,
      14,
      0,
      4,
      2,
      1,
      1,
      0,
      6,
      0,
      0
    ],
    [
      0,
      3,
      0,
      0,
      2,
      0,
      2,
      0,
      0,
      1,
      8,
      0,
      1,
      0,
      0,
      0,
      0,
      1,
      0,
      0
    ],
    [
      1,
      2,
      2,
      0,
      2,
      0,
      2,
      0,
      0,
      1,
      13,
      0,
      6,
      0,
      0,
      2,
      0,
      7,
      2,
      0
    ],
    [
      0,
      0,
      0,
      0,
      0,
      0,
      0,
      17,
      0,
      1,
      2,
      0,
      2,
      0,
      0,
      0,
      0,
      5,
      0,
      0
    ],
    [
      2,
      1,
      0,
      0,
      0,
      0,
      1,
      0,
      2,
      1,
      6,
      0,
      1,
      0,
      1,
      0,
      0,
      5,
      0,
      0
    ],
    [
      1,
      0,
      0,
      0,
      0,
      0,
      1,
      0,
      0,
      2,
      4,
      1,
      5,
      0,
      0,
      2,
      0,
      2,
      0,
      0
    ],
    [
      0,
      4,
      0,
      0,
      0,
      2,
      0,
      0,
      0,
      0,
      10,
      0,
      2,
      1,
      1,
      2,
      0,
      2,
      1,
      0
    ],
    [
      0,
      1,
      0,
      0,
      2,
      0,
      0,
      1,
      0,
      1,
      8,
      0,
      2,
      1,
      0,
      1,
      0,
      2,
      0,
      0
    ],
    [
      2,
      3,
      0,
      0,
      1,
      2,
      2,
      0,
      2,
      1,
      13,
      1,
      41,
      0,
      0,
      3,
      0,
      6,
      4,
      0
    ],
    [
      3,
      3,
      0,
      1,
      2,
      1,
      2,
      0,
      1,
      1,
      21,
      1,
      12,
      4,
      3,
      5,
      0,
      10,
      5,
      0
    ],
    [
      2,
      1,
      0,
      0,
      1,
      1,
      0,
      1,
      1,
      0,
      12,
      0,
      6,
      0,
      3,
      4,
      0,
      9,
      2,
      0
    ],
    [
      1,
      2,
      0,
      0,
      1,
      0,
      0,
      0,
      0,
      0,
      4,
      0,
      0,
      0,
      1,
      9,
      0,
      4,
      1,
      0
    ],
    [
      1,
      1,
      0,
      0,
      0,
      0,
      0,
      0,
      0,
      0,
      6,
      2,
      5,
      2,
      0,
      3,
      0,
      0,
      0,
      0
    ],
    [
      2,
      8,
      0,
      1,
      14,
      3,
      2,
      3,
      4,
      2,
      41,
      3,
      20,
      4,
      6,
      7,
      0,
      35,
      3,
      0
    ],
    [
      0,
      1,
      0,
      1,
      0,
      0,
      0,
      1,
      0,
      0,
      5,
      2,
      3,
      0,
      0,
      1,
      0,
      5,
      2,
      0
    ],
    [
      0,
      4,
      0,
      1,
      0,
      0,
      0,
      1,
      0,
      0,
      6,
      0,
      2,
      1,
      2,
      4,
      0,
      5,
      0,
      0
    ]
  ],
  "labels": [
    "\ud83d\udd25",
    "\ud83d\ude0e",
    "\ud83d\udcaf",
    "\ud83d\udcf7",
    "\ud83d\udc95",
    "\ud83d\ude01",
    "\ud83d\udcf8",
    "\ud83c\udf84",
    "\ud83d\udc9c",
    "\ud83d\ude1c",
    "\ud83d\ude0a",
    "\ud83d\ude18",
    "\ud83d\ude02",
    "\ud83d\ude0d",
    "\u2728",
    "\u2600",
    "\ud83d\ude09",
    "\u2764",
    "\ud83d\udc99",
    "\ud83c\uddfa\ud83c\uddf8"
  ]
}