{
  "classification_report": {
    "\ud83c\udf84": {
      "precision": 0.85,
      "recall": 0.5483870967741935,
      "f1-score": 0.6666666666666666,
      "support": 31.0
    },
    "\ud83d\udc99": {
      "precision": 0.0,
      "recall": 0.0,
      "f1-score": 0.0,
      "support": 31.0
    },
    "\ud83c\uddfa\ud83c\uddf8": {
      "precision": 0.3125,
      "recall": 0.1282051282051282,
      "f1-score": 0.18181818181818182,
      "support": 39.0
    },
    "\ud83d\ude1c": {
      "precision": 0.0,
      "recall": 0.0,
      "f1-score": 0.0,
      "support": 20.0
    },
    "\u2764": {
      "precision": 0.3333333333333333,
      "recall": 0.06944444444444445,
      "f1-score": 0.11494252873563218,
      "support": 216.0
    },
    "\ud83d\udcf8": {
      "precision": 0.25,
      "recall": 0.0625,
      "f1-score": 0.1,
      "support": 48.0
    },
    "\ud83d\udc9c": {
      "precision": 0.0,
      "recall": 0.0,
      "f1-score": 0.0,
      "support": 22.0
    },
    "\u2600": {
      "precision": 0.0,
      "recall": 0.0,
      "f1-score": 0.0,
      "support": 25.0
    },
    "\ud83d\udc95": {
      "precision": 0.0,
      "recall": 0.0,
      "f1-score": 0.0,
      "support": 52.0
    },
    "\ud83d\ude0e": {
      "precision": 0.25,
      "recall": 0.025,
      "f1-score": 0.045454545454545456,
      "support": 40.0
    },
    "\ud83d\ude01": {
      "precision": 0.0,
      "recall": 0.0,
      "f1-score": 0.0,
      "support": 23.0
    },
    "\ud83d\ude09": {
      "precision": 0.0,
      "recall": 0.0,
      "f1-score": 0.0,
      "support": 26.0
    },
    "\ud83d\ude0a": {
      "precision": 0.0782608695652174,
      "recall": 0.28125,
      "f1-score": 0.12244897959183673,
      "support": 32.0
    },
    "\ud83d\ude02": {
      "precision": 0.32142857142857145,
      "recall": 0.0989010989010989,
      "f1-score": 0.15126050420168066,
      "support": 91.0
    },
    "\ud83d\udcf7": {
      "precision": 0.14285714285714285,
      "recall": 0.034482758620689655,
      "f1-score": 0.05555555555555555,
      "support": 29.0
    },
    "\ud83d\ude18": {
      "precision": 0.0,
      "recall": 0.0,
      "f1-score": 0.0,
      "support": 24.0
    },
    "\ud83d\udcaf": {
      "precision": 0.0,
      "recall": 0.0,
      "f1-score": 0.0,
      "support": 25.0
    },
    "\ud83d\udd25": {
      "precision": 0.5833333333333334,
      "recall": 0.1891891891891892,
      "f1-score": 0.2857142857142857,
      "support": 74.0
    },
    "\u2728": {
      "precision": 0.2727272727272727,
      "recall": 0.10909090909090909,
      "f1-score": 0.15584415584415584,
      "support": 55.0
    },
    "\ud83d\ude0d": {
      "precision": 0.203125,
      "recall": 0.13402061855670103,
      "f1-score": 0.16149068322981366,
      "support": 97.0
    },
    "micro avg": {
      "precision": 0.25,
      "recall": 0.093,
      "f1-score": 0.13556851311953352,
      "support": 1000.0
    },
    "macro avg": {
      "precision": 0.17987827616224356,
      "recall": 0.0840235621891177,
      "f1-score": 0.10205980434061772,
      "support": 1000.0
    },
    "weighted avg": {
      "precision": 0.24630449663561074,
      "recall": 0.093,
      "f1-score": 0.12387641011063458,
      "support": 1000.0
    }
  },
  "accuracy": 0.093,
  "confusion_matrix": [
    [
      17,
      0,
      0,
      0,
      0,
      0,
      0,
      0,
      0,
      0,
      0,
      0,
      3,
      0,
      0,
      0,
      0,
      2,
      0,
      1
    ],
    [
      0,
      0,
      2,
      0,
      3,
      0,
      0,
      0,
      1,
      0,
      0,
      0,
      9,
      1,
      0,
      0,
      0,
      0,
      1,
      3
    ],
    [
      0,
      0,
      5,
      0,
      2,
      0,
      0,
      0,
      0,
      0,
      0,
      0,
      3,
      0,
      2,
      0,
      1,
      1,
      1,
      0
    ],
    [
      0,
      1,
      0,
      0,
      1,
      0,
      0,
      0,
      0,
      0,
      0,
      0,
      3,
      1,
      0,
      0,
      0,
      0,
      0,
      0
    ],
    [
      1,
      0,
      1,
      0,
      15,
      0,
      0,
      0,
      3,
      0,
      0,
      1,
      20,
      2,
      1,
      1,
      1,
      2,
      6,
      15
    ],
    [
      0,
      0,
      1,
      0,
      0,
      3,
      0,
      0,
      1,
      0,
      0,
      0,
      5,
      1,
      1,
      0,
      0,
      1,
      0,
      2
    ],
    [
      0,
      0,
      0,
      0,
      1,
      0,
      0,
      0,
      0,
      0,
      0,
      0,
      5,
      1,
      0,
      0,
      0,
      0,
      2,
      3
    ],
    [
      0,
      0,
      1,
      0,
      0,
      0,
      0,
      0,
      0,
      1,
      0,
      0,
      4,
      1,
      0,
      0,
      0,
      0,
      0,
      0
    ],
    [
      0,
      0,
      0,
      0,
      8,
      1,
      0,
      0,
      0,
      1,
      0,
      0,
      5,
      2,
      0,
      0,
      0,
      0,
      1,
      7
    ],
    [
      0,
      0,
      0,
      0,
      2,
      0,
      0,
      0,
      0,
      1,
      0,
      0,
      7,
      1,
      0,
      0,
      0,
      0,
      2,
      2
    ],
    [
      0,
      0,
      0,
      0,
      1,
      0,
      0,
      0,
      0,
      0,
      0,
      0,
      2,
      1,
      0,
      0,
      0,
      0,
      0,
      0
    ],
    [
      0,
      0,
      0,
      0,
      2,
      0,
      0,
      0,
      0,
      0,
      0,
      0,
      1,
      0,
      0,
      0,
      0,
      1,
      0,
      3
    ],
    [
      0,
      0,
      2,
      0,
      1,
      1,
      0,
      0,
      0,
      0,
      0,
      0,
      9,
      0,
      0,
      0,
      0,
      0,
      0,
      3
    ],
    [
      0,
      0,
      1,
      0,
      0,
      2,
      0,
      0,
      0,
      1,
      0,
      0,
      10,
      9,
      2,
      0,
      0,
      1,
      0,
      2
    ],
    [
      0,
      0,
      0,
      0,
      2,
      1,
      0,
      0,
      0,
      0,
      0,
      0,
      1,
      2,
      1,
      0,
      0,
      0,
      0,
      2
    ],
    [
      1,
      0,
      0,
      0,
      1,
      0,
      0,
      0,
      0,
      0,
      0,
      0,
      6,
      0,
      0,
      0,
      0,
      0,
      0,
      2
    ],
    [
      1,
      0,
      1,
      0,
      0,
      0,
      0,
      0,
      0,
      0,
      0,
      0,
      1,
      1,
      0,
      0,
      0,
      1,
      0,
      0
    ],
    [
      0,
      0,
      0,
      0,
      1,
      3,
      1,
      0,
      0,
      0,
      0,
      0,
      1,
      2,
      0,
      0,
      0,
      14,
      2,
      4
    ],
    [
      0,
      0,
      0,
      0,
      2,
      0,
      1,
      0,
      0,
      0,
      0,
      2,
      8,
      1,
      0,
      0,
      0,
      1,
      6,
      2
    ],
    [
      0,
      0,
      2,
      0,
      3,
      1,
      0,
      0,
      0,
      0,
      0,
      0,
      12,
      2,
      0,
      1,
      0,
      0,
      1,
      13
    ]
  ],
  "labels": [
    "\ud83c\udf84",
    "\ud83d\udc99",
    "\ud83c\uddfa\ud83c\uddf8",
    "\ud83d\ude1c",
    "\u2764",
    "\ud83d\udcf8",
    "\ud83d\udc9c",
    "\u2600",
    "\ud83d\udc95",
    "\ud83d\ude0e",
    "\ud83d\ude01",
    "\ud83d\ude09",
    "\ud83d\ude0a",
    "\ud83d\ude02",
    "\ud83d\udcf7",
    "\ud83d\ude18",
    "\ud83d\udcaf",
    "\ud83d\udd25",
    "\u2728",
    "\ud83d\ude0d"
  ]
}