{
  "classification_report": {
    "\ud83d\udd25": {
      "precision": 0.34523809523809523,
      "recall": 0.3918918918918919,
      "f1-score": 0.3670886075949367,
      "support": 74.0
    },
    "\ud83d\udc99": {
      "precision": 0.06451612903225806,
      "recall": 0.06451612903225806,
      "f1-score": 0.06451612903225806,
      "support": 31.0
    },
    "\ud83d\ude02": {
      "precision": 0.4642857142857143,
      "recall": 0.14285714285714285,
      "f1-score": 0.2184873949579832,
      "support": 91.0
    },
    "\ud83d\ude0a": {
      "precision": 0.0967741935483871,
      "recall": 0.28125,
      "f1-score": 0.144,
      "support": 32.0
    },
    "\ud83d\ude0e": {
      "precision": 0.06451612903225806,
      "recall": 0.05,
      "f1-score": 0.056338028169014086,
      "support": 40.0
    },
    "\ud83d\ude0d": {
      "precision": 0.2,
      "recall": 0.13402061855670103,
      "f1-score": 0.16049382716049382,
      "support": 97.0
    },
    "\ud83d\ude01": {
      "precision": 0.0,
      "recall": 0.0,
      "f1-score": 0.0,
      "support": 23.0
    },
    "\ud83d\ude09": {
      "precision": 0.14285714285714285,
      "recall": 0.038461538461538464,
      "f1-score": 0.06060606060606061,
      "support": 26.0
    },
    "\ud83d\udc95": {
      "precision": 0.2222222222222222,
      "recall": 0.038461538461538464,
      "f1-score": 0.06557377049180328,
      "support": 52.0
    },
    "\u2728": {
      "precision": 0.30434782608695654,
      "recall": 0.12727272727272726,
      "f1-score": 0.1794871794871795,
      "support": 55.0
    },
    "\ud83d\udcf8": {
      "precision": 0.07142857142857142,
      "recall": 0.020833333333333332,
      "f1-score": 0.03225806451612903,
      "support": 48.0
    },
    "\ud83d\ude18": {
      "precision": 0.14285714285714285,
      "recall": 0.041666666666666664,
      "f1-score": 0.06451612903225806,
      "support": 24.0
    },
    "\u2600": {
      "precision": 0.2903225806451613,
      "recall": 0.36,
      "f1-score": 0.32142857142857145,
      "support": 25.0
    },
    "\ud83c\udf84": {
      "precision": 0.6666666666666666,
      "recall": 0.45161290322580644,
      "f1-score": 0.5384615384615384,
      "support": 31.0
    },
    "\ud83d\udcaf": {
      "precision": 0.07692307692307693,
      "recall": 0.04,
      "f1-score": 0.05263157894736842,
      "support": 25.0
    },
    "\ud83d\ude1c": {
      "precision": 1.0,
      "recall": 0.05,
      "f1-score": 0.09523809523809523,
      "support": 20.0
    },
    "\u2764": {
      "precision": 0.6,
      "recall": 0.20833333333333334,
      "f1-score": 0.30927835051546393,
      "support": 216.0
    },
    "\ud83c\uddfa\ud83c\uddf8": {
      "precision": 0.0,
      "recall": 0.0,
      "f1-score": 0.0,
      "support": 39.0
    },
    "\ud83d\udcf7": {
      "precision": 0.0625,
      "recall": 0.034482758620689655,
      "f1-score": 0.044444444444444446,
      "support": 29.0
    },
    "\ud83d\udc9c": {
      "precision": 0.0,
      "recall": 0.0,
      "f1-score": 0.0,
      "support": 22.0
    },
    "micro avg": {
      "precision": 0.263986013986014,
      "recall": 0.151,
      "f1-score": 0.1921119592875318,
      "support": 1000.0
    },
    "macro avg": {
      "precision": 0.24077277454118268,
      "recall": 0.12378302908568137,
      "f1-score": 0.13874238850417991,
      "support": 1000.0
    },
    "weighted avg": {
      "precision": 0.3150014610700971,
      "recall": 0.151,
      "f1-score": 0.18547208092790202,
      "support": 1000.0
    }
  },
  "accuracy": 0.151,
  "confusion_matrix": [
    [
      29,
      0,
      0,
      4,
      1,
      1,
      0,
      0,
      0,
      1,
      1,
      1,
      0,
      0,
      2,
      0,
      2,
      0,
      1,
      3
    ],
    [
      2,
      2,
      0,
      4,
      1,
      2,
      0,
      0,
      0,
      0,
      0,
      0,
      0,
      0,
      0,
      0,
      2,
      0,
      0,
      1
    ],
    [
      5,
      2,
      13,
      11,
      2,
      4,
      0,
      2,
      0,
      0,
      3,
      1,
      0,
      0,
      2,
      0,
      1,
      0,
      3,
      3
    ],
    [
      1,
      0,
      0,
      9,
      3,
      2,
      0,
      0,
      0,
      0,
      0,
      0,
      0,
      0,
      0,
      0,
      1,
      0,
      0,
      0
    ],
    [
      6,
      0,
      2,
      1,
      2,
      3,
      0,
      1,
      0,
      2,
      1,
      0,
      1,
      0,
      0,
      0,
      1,
      0,
      0,
      1
    ],
    [
      3,
      4,
      1,
      10,
      3,
      13,
      0,
      0,
      3,
      2,
      4,
      0,
      1,
      0,
      1,
      0,
      4,
      0,
      3,
      1
    ],
    [
      2,
      3,
      0,
      6,
      1,
      1,
      0,
      1,
      0,
      1,
      0,
      0,
      0,
      0,
      0,
      0,
      0,
      0,
      0,
      0
    ],
    [
      0,
      0,
      0,
      2,
      0,
      4,
      0,
      1,
      0,
      1,
      1,
      0,
      1,
      1,
      0,
      0,
      1,
      0,
      0,
      1
    ],
    [
      3,
      0,
      0,
      4,
      0,
      4,
      1,
      0,
      2,
      3,
      0,
      0,
      0,
      0,
      2,
      0,
      2,
      0,
      1,
      3
    ],
    [
      7,
      0,
      0,
      5,
      3,
      1,
      0,
      2,
      2,
      7,
      0,
      0,
      0,
      1,
      0,
      0,
      4,
      0,
      0,
      1
    ],
    [
      2,
      0,
      5,
      2,
      2,
      1,
      0,
      0,
      0,
      1,
      1,
      0,
      1,
      1,
      2,
      0,
      0,
      0,
      3,
      1
    ],
    [
      1,
      0,
      0,
      6,
      1,
      1,
      0,
      0,
      0,
      0,
      0,
      1,
      0,
      0,
      0,
      0,
      3,
      0,
      1,
      1
    ],
    [
      3,
      0,
      0,
      0,
      1,
      1,
      0,
      0,
      0,
      0,
      0,
      0,
      9,
      0,
      0,
      0,
      3,
      0,
      0,
      0
    ],
    [
      2,
      0,
      1,
      1,
      0,
      0,
      0,
      0,
      0,
      0,
      0,
      0,
      0,
      14,
      0,
      0,
      0,
      0,
      0,
      0
    ],
    [
      4,
      4,
      1,
      2,
      1,
      1,
      0,
      0,
      0,
      0,
      0,
      1,
      0,
      0,
      1,
      0,
      0,
      0,
      0,
      0
    ],
    [
      2,
      1,
      0,
      4,
      1,
      0,
      0,
      0,
      0,
      0,
      1,
      0,
      0,
      0,
      0,
      1,
      0,
      0,
      0,
      0
    ],
    [
      6,
      13,
      4,
      17,
      8,
      23,
      0,
      0,
      2,
      1,
      1,
      3,
      18,
      1,
      1,
      0,
      45,
      0,
      1,
      6
    ],
    [
      6,
      0,
      0,
      1,
      0,
      0,
      0,
      0,
      0,
      1,
      0,
      0,
      0,
      0,
      0,
      0,
      1,
      0,
      1,
      0
    ],
    [
      0,
      0,
      1,
      1,
      1,
      2,
      0,
      0,
      0,
      2,
      1,
      0,
      0,
      2,
      1,
      0,
      3,
      0,
      1,
      0
    ],
    [
      0,
      2,
      0,
      3,
      0,
      1,
      0,
      0,
      0,
      1,
      0,
      0,
      0,
      1,
      1,
      0,
      2,
      0,
      1,
      0
    ]
  ],
  "labels": [
    "\ud83d\udd25",
    "\ud83d\udc99",
    "\ud83d\ude02",
    "\ud83d\ude0a",
    "\ud83d\ude0e",
    "\ud83d\ude0d",
    "\ud83d\ude01",
    "\ud83d\ude09",
    "\ud83d\udc95",
    "\u2728",
    "\ud83d\udcf8",
    "\ud83d\ude18",
    "\u2600",
    "\ud83c\udf84",
    "\ud83d\udcaf",
    "\ud83d\ude1c",
    "\u2764",
    "\ud83c\uddfa\ud83c\uddf8",
    "\ud83d\udcf7",
    "\ud83d\udc9c"
  ]
}