{
  "classification_report": {
    "\u2728": {
      "precision": 0.13846153846153847,
      "recall": 0.16363636363636364,
      "f1-score": 0.15,
      "support": 55.0
    },
    "\ud83d\udd25": {
      "precision": 0.4482758620689655,
      "recall": 0.35135135135135137,
      "f1-score": 0.3939393939393939,
      "support": 74.0
    },
    "\ud83d\ude09": {
      "precision": 0.08333333333333333,
      "recall": 0.038461538461538464,
      "f1-score": 0.05263157894736842,
      "support": 26.0
    },
    "\ud83d\ude0d": {
      "precision": 0.14838709677419354,
      "recall": 0.23711340206185566,
      "f1-score": 0.18253968253968253,
      "support": 97.0
    },
    "\ud83d\ude1c": {
      "precision": 0.0,
      "recall": 0.0,
      "f1-score": 0.0,
      "support": 20.0
    },
    "\ud83d\ude01": {
      "precision": 0.0,
      "recall": 0.0,
      "f1-score": 0.0,
      "support": 23.0
    },
    "\ud83d\udcf8": {
      "precision": 0.3333333333333333,
      "recall": 0.10416666666666667,
      "f1-score": 0.15873015873015872,
      "support": 48.0
    },
    "\ud83c\udf84": {
      "precision": 0.7142857142857143,
      "recall": 0.4838709677419355,
      "f1-score": 0.5769230769230769,
      "support": 31.0
    },
    "\ud83d\ude02": {
      "precision": 0.39473684210526316,
      "recall": 0.16483516483516483,
      "f1-score": 0.23255813953488372,
      "support": 91.0
    },
    "\u2764": {
      "precision": 0.4,
      "recall": 0.046296296296296294,
      "f1-score": 0.08298755186721991,
      "support": 216.0
    },
    "\u2600": {
      "precision": 0.0,
      "recall": 0.0,
      "f1-score": 0.0,
      "support": 25.0
    },
    "\ud83d\ude0e": {
      "precision": 0.16666666666666666,
      "recall": 0.025,
      "f1-score": 0.043478260869565216,
      "support": 40.0
    },
    "\ud83d\udc9c": {
      "precision": 0.0,
      "recall": 0.0,
      "f1-score": 0.0,
      "support": 22.0
    },
    "\ud83d\udc95": {
      "precision": 0.14705882352941177,
      "recall": 0.09615384615384616,
      "f1-score": 0.11627906976744186,
      "support": 52.0
    },
    "\ud83d\udcaf": {
      "precision": 0.0,
      "recall": 0.0,
      "f1-score": 0.0,
      "support": 25.0
    },
    "\ud83c\uddfa\ud83c\uddf8": {
      "precision": 0.5294117647058824,
      "recall": 0.23076923076923078,
      "f1-score": 0.32142857142857145,
      "support": 39.0
    },
    "\ud83d\udc99": {
      "precision": 0.0,
      "recall": 0.0,
      "f1-score": 0.0,
      "support": 31.0
    },
    "\ud83d\ude18": {
      "precision": 0.2222222222222222,
      "recall": 0.08333333333333333,
      "f1-score": 0.12121212121212122,
      "support": 24.0
    },
    "\ud83d\udcf7": {
      "precision": 0.1,
      "recall": 0.034482758620689655,
      "f1-score": 0.05128205128205128,
      "support": 29.0
    },
    "\ud83d\ude0a": {
      "precision": 0.06565656565656566,
      "recall": 0.40625,
      "f1-score": 0.11304347826086956,
      "support": 32.0
    },
    "micro avg": {
      "precision": 0.20149253731343283,
      "recall": 0.135,
      "f1-score": 0.16167664670658682,
      "support": 1000.0
    },
    "macro avg": {
      "precision": 0.19459148815715455,
      "recall": 0.12328604599641362,
      "f1-score": 0.12985165676512017,
      "support": 1000.0
    },
    "weighted avg": {
      "precision": 0.2631070509847565,
      "recall": 0.135,
      "f1-score": 0.1494030683641749,
      "support": 1000.0
    }
  },
  "accuracy": 0.135,
  "confusion_matrix": [
    [
      9,
      2,
      2,
      6,
      0,
      0,
      2,
      0,
      0,
      2,
      0,
      1,
      0,
      2,
      0,
      0,
      0,
      0,
      0,
      14
    ],
    [
      6,
      26,
      0,
      6,
      0,
      0,
      1,
      0,
      1,
      0,
      0,
      0,
      1,
      0,
      0,
      1,
      0,
      1,
      1,
      3
    ],
    [
      1,
      0,
      1,
      8,
      0,
      0,
      0,
      1,
      0,
      0,
      0,
      0,
      0,
      1,
      0,
      0,
      0,
      0,
      1,
      4
    ],
    [
      5,
      5,
      1,
      23,
      0,
      0,
      1,
      0,
      2,
      3,
      0,
      2,
      0,
      2,
      0,
      2,
      1,
      1,
      0,
      27
    ],
    [
      0,
      2,
      0,
      5,
      0,
      0,
      0,
      0,
      1,
      0,
      0,
      0,
      0,
      0,
      0,
      0,
      0,
      0,
      0,
      6
    ],
    [
      1,
      1,
      0,
      4,
      0,
      0,
      0,
      0,
      0,
      0,
      0,
      0,
      0,
      0,
      0,
      0,
      0,
      0,
      1,
      11
    ],
    [
      8,
      3,
      0,
      2,
      0,
      0,
      5,
      0,
      5,
      0,
      0,
      0,
      0,
      0,
      1,
      1,
      0,
      0,
      4,
      5
    ],
    [
      1,
      1,
      0,
      3,
      0,
      0,
      0,
      15,
      1,
      0,
      0,
      0,
      0,
      0,
      0,
      0,
      0,
      0,
      0,
      4
    ],
    [
      3,
      7,
      1,
      10,
      0,
      0,
      3,
      0,
      15,
      0,
      0,
      0,
      1,
      0,
      0,
      1,
      0,
      0,
      1,
      16
    ],
    [
      13,
      2,
      1,
      42,
      0,
      0,
      0,
      1,
      6,
      10,
      0,
      0,
      1,
      18,
      0,
      0,
      0,
      3,
      0,
      38
    ],
    [
      1,
      0,
      0,
      0,
      0,
      1,
      0,
      0,
      0,
      0,
      0,
      0,
      0,
      1,
      0,
      0,
      0,
      0,
      0,
      6
    ],
    [
      4,
      1,
      0,
      6,
      0,
      1,
      0,
      0,
      2,
      2,
      0,
      1,
      0,
      1,
      0,
      0,
      0,
      0,
      0,
      10
    ],
    [
      3,
      1,
      0,
      5,
      0,
      0,
      0,
      0,
      0,
      0,
      0,
      0,
      0,
      1,
      0,
      0,
      0,
      0,
      0,
      4
    ],
    [
      4,
      0,
      2,
      9,
      0,
      0,
      0,
      1,
      1,
      1,
      0,
      0,
      0,
      5,
      0,
      0,
      0,
      2,
      0,
      9
    ],
    [
      1,
      0,
      0,
      2,
      0,
      0,
      0,
      0,
      2,
      0,
      0,
      1,
      0,
      0,
      0,
      0,
      0,
      0,
      0,
      5
    ],
    [
      2,
      3,
      0,
      1,
      0,
      0,
      0,
      0,
      0,
      2,
      0,
      0,
      0,
      0,
      0,
      9,
      0,
      0,
      1,
      5
    ],
    [
      1,
      1,
      1,
      11,
      0,
      0,
      0,
      1,
      0,
      3,
      0,
      0,
      0,
      0,
      0,
      2,
      0,
      0,
      0,
      6
    ],
    [
      0,
      0,
      0,
      4,
      0,
      0,
      0,
      1,
      0,
      1,
      0,
      0,
      0,
      2,
      0,
      0,
      0,
      2,
      0,
      8
    ],
    [
      2,
      3,
      1,
      2,
      0,
      0,
      3,
      0,
      1,
      0,
      0,
      1,
      0,
      0,
      0,
      0,
      0,
      0,
      1,
      4
    ],
    [
      0,
      0,
      2,
      6,
      0,
      0,
      0,
      1,
      1,
      1,
      0,
      0,
      0,
      1,
      0,
      1,
      0,
      0,
      0,
      13
    ]
  ],
  "labels": [
    "\u2728",
    "\ud83d\udd25",
    "\ud83d\ude09",
    "\ud83d\ude0d",
    "\ud83d\ude1c",
    "\ud83d\ude01",
    "\ud83d\udcf8",
    "\ud83c\udf84",
    "\ud83d\ude02",
    "\u2764",
    "\u2600",
    "\ud83d\ude0e",
    "\ud83d\udc9c",
    "\ud83d\udc95",
    "\ud83d\udcaf",
    "\ud83c\uddfa\ud83c\uddf8",
    "\ud83d\udc99",
    "\ud83d\ude18",
    "\ud83d\udcf7",
    "\ud83d\ude0a"
  ]
}