{
  "classification_report": {
    "\ud83d\ude18": {
      "precision": 0.0,
      "recall": 0.0,
      "f1-score": 0.0,
      "support": 24.0
    },
    "\ud83d\udcaf": {
      "precision": 0.16666666666666666,
      "recall": 0.04,
      "f1-score": 0.06451612903225806,
      "support": 25.0
    },
    "\ud83d\udcf8": {
      "precision": 0.10526315789473684,
      "recall": 0.08333333333333333,
      "f1-score": 0.09302325581395349,
      "support": 48.0
    },
    "\ud83d\ude0a": {
      "precision": 0.05904059040590406,
      "recall": 0.5,
      "f1-score": 0.10561056105610561,
      "support": 32.0
    },
    "\ud83d\ude0e": {
      "precision": 0.06666666666666667,
      "recall": 0.05,
      "f1-score": 0.05714285714285714,
      "support": 40.0
    },
    "\ud83d\ude09": {
      "precision": 0.0,
      "recall": 0.0,
      "f1-score": 0.0,
      "support": 26.0
    },
    "\ud83d\ude1c": {
      "precision": 0.0,
      "recall": 0.0,
      "f1-score": 0.0,
      "support": 20.0
    },
    "\ud83d\udcf7": {
      "precision": 0.0,
      "recall": 0.0,
      "f1-score": 0.0,
      "support": 29.0
    },
    "\ud83d\udc9c": {
      "precision": 0.125,
      "recall": 0.045454545454545456,
      "f1-score": 0.06666666666666667,
      "support": 22.0
    },
    "\ud83d\ude02": {
      "precision": 0.2755102040816326,
      "recall": 0.2967032967032967,
      "f1-score": 0.2857142857142857,
      "support": 91.0
    },
    "\u2600": {
      "precision": 0.19230769230769232,
      "recall": 0.2,
      "f1-score": 0.19607843137254902,
      "support": 25.0
    },
    "\ud83d\ude01": {
      "precision": 0.2,
      "recall": 0.043478260869565216,
      "f1-score": 0.07142857142857142,
      "support": 23.0
    },
    "\u2728": {
      "precision": 0.15625,
      "recall": 0.09090909090909091,
      "f1-score": 0.11494252873563218,
      "support": 55.0
    },
    "\ud83d\udd25": {
      "precision": 0.4473684210526316,
      "recall": 0.22972972972972974,
      "f1-score": 0.30357142857142855,
      "support": 74.0
    },
    "\ud83c\uddfa\ud83c\uddf8": {
      "precision": 0.0,
      "recall": 0.0,
      "f1-score": 0.0,
      "support": 39.0
    },
    "\ud83c\udf84": {
      "precision": 0.47619047619047616,
      "recall": 0.3225806451612903,
      "f1-score": 0.38461538461538464,
      "support": 31.0
    },
    "\ud83d\udc99": {
      "precision": 0.1111111111111111,
      "recall": 0.03225806451612903,
      "f1-score": 0.05,
      "support": 31.0
    },
    "\ud83d\udc95": {
      "precision": 0.11538461538461539,
      "recall": 0.057692307692307696,
      "f1-score": 0.07692307692307693,
      "support": 52.0
    },
    "\ud83d\ude0d": {
      "precision": 0.1724137931034483,
      "recall": 0.05154639175257732,
      "f1-score": 0.07936507936507936,
      "support": 97.0
    },
    "\u2764": {
      "precision": 0.32608695652173914,
      "recall": 0.20833333333333334,
      "f1-score": 0.2542372881355932,
      "support": 216.0
    },
    "micro avg": {
      "precision": 0.17919799498746866,
      "recall": 0.143,
      "f1-score": 0.15906562847608455,
      "support": 1000.0
    },
    "macro avg": {
      "precision": 0.14976301756936605,
      "recall": 0.11260094997275996,
      "f1-score": 0.1101917772286721,
      "support": 1000.0
    },
    "weighted avg": {
      "precision": 0.20406866758836462,
      "recall": 0.143,
      "f1-score": 0.15462762499174665,
      "support": 1000.0
    }
  },
  "accuracy": 0.143,
  "confusion_matrix": [
    [
      0,
      0,
      1,
      8,
      0,
      0,
      0,
      0,
      0,
      3,
      0,
      0,
      0,
      0,
      0,
      1,
      1,
      1,
      1,
      4
    ],
    [
      0,
      1,
      2,
      5,
      0,
      0,
      0,
      0,
      0,
      3,
      2,
      1,
      2,
      1,
      0,
      1,
      0,
      0,
      2,
      0
    ],
    [
      0,
      0,
      4,
      18,
      4,
      0,
      0,
      0,
      0,
      1,
      0,
      0,
      2,
      2,
      0,
      0,
      0,
      2,
      0,
      6
    ],
    [
      0,
      0,
      0,
      16,
      0,
      0,
      0,
      0,
      0,
      1,
      0,
      1,
      0,
      0,
      0,
      0,
      0,
      0,
      0,
      5
    ],
    [
      0,
      0,
      2,
      14,
      2,
      0,
      0,
      0,
      0,
      4,
      0,
      0,
      1,
      0,
      0,
      2,
      0,
      1,
      0,
      2
    ],
    [
      1,
      0,
      0,
      8,
      1,
      0,
      0,
      0,
      0,
      3,
      3,
      0,
      0,
      0,
      0,
      0,
      0,
      0,
      1,
      4
    ],
    [
      1,
      0,
      3,
      4,
      0,
      0,
      0,
      0,
      0,
      4,
      1,
      0,
      0,
      1,
      0,
      0,
      1,
      0,
      0,
      1
    ],
    [
      0,
      0,
      3,
      9,
      2,
      0,
      0,
      0,
      0,
      2,
      1,
      0,
      0,
      3,
      0,
      1,
      1,
      0,
      2,
      3
    ],
    [
      0,
      1,
      1,
      9,
      1,
      0,
      0,
      0,
      1,
      0,
      0,
      0,
      0,
      1,
      0,
      0,
      0,
      0,
      0,
      4
    ],
    [
      0,
      0,
      6,
      17,
      1,
      0,
      2,
      0,
      1,
      27,
      1,
      1,
      0,
      4,
      0,
      1,
      2,
      1,
      2,
      7
    ],
    [
      0,
      0,
      0,
      3,
      3,
      0,
      0,
      0,
      0,
      1,
      5,
      0,
      1,
      1,
      0,
      0,
      1,
      0,
      0,
      2
    ],
    [
      0,
      0,
      1,
      9,
      0,
      0,
      1,
      0,
      0,
      3,
      0,
      1,
      0,
      0,
      0,
      0,
      0,
      0,
      1,
      2
    ],
    [
      1,
      1,
      2,
      18,
      1,
      0,
      0,
      0,
      0,
      2,
      3,
      0,
      5,
      2,
      0,
      1,
      0,
      3,
      0,
      7
    ],
    [
      2,
      2,
      0,
      13,
      5,
      0,
      1,
      1,
      2,
      9,
      3,
      0,
      1,
      17,
      0,
      1,
      0,
      2,
      3,
      6
    ],
    [
      0,
      0,
      0,
      8,
      2,
      0,
      0,
      1,
      0,
      0,
      0,
      0,
      2,
      0,
      0,
      0,
      0,
      0,
      1,
      9
    ],
    [
      0,
      0,
      0,
      6,
      0,
      0,
      0,
      0,
      1,
      2,
      0,
      0,
      0,
      0,
      0,
      10,
      0,
      0,
      0,
      6
    ],
    [
      2,
      0,
      1,
      5,
      0,
      0,
      0,
      1,
      0,
      2,
      2,
      0,
      3,
      0,
      0,
      0,
      1,
      1,
      0,
      8
    ],
    [
      1,
      0,
      0,
      16,
      1,
      0,
      0,
      1,
      0,
      1,
      1,
      0,
      3,
      1,
      0,
      1,
      0,
      3,
      3,
      7
    ],
    [
      4,
      1,
      5,
      24,
      3,
      0,
      0,
      0,
      0,
      10,
      1,
      1,
      3,
      2,
      0,
      0,
      2,
      4,
      5,
      10
    ],
    [
      3,
      0,
      7,
      61,
      4,
      0,
      0,
      0,
      3,
      20,
      3,
      0,
      9,
      3,
      0,
      2,
      0,
      8,
      8,
      45
    ]
  ],
  "labels": [
    "\ud83d\ude18",
    "\ud83d\udcaf",
    "\ud83d\udcf8",
    "\ud83d\ude0a",
    "\ud83d\ude0e",
    "\ud83d\ude09",
    "\ud83d\ude1c",
    "\ud83d\udcf7",
    "\ud83d\udc9c",
    "\ud83d\ude02",
    "\u2600",
    "\ud83d\ude01",
    "\u2728",
    "\ud83d\udd25",
    "\ud83c\uddfa\ud83c\uddf8",
    "\ud83c\udf84",
    "\ud83d\udc99",
    "\ud83d\udc95",
    "\ud83d\ude0d",
    "\u2764"
  ]
}