{
  "classification_report": {
    "\ud83d\ude01": {
      "precision": 0.0,
      "recall": 0.0,
      "f1-score": 0.0,
      "support": 23.0
    },
    "\u2728": {
      "precision": 0.3333333333333333,
      "recall": 0.05454545454545454,
      "f1-score": 0.09375,
      "support": 55.0
    },
    "\ud83d\udc99": {
      "precision": 0.0,
      "recall": 0.0,
      "f1-score": 0.0,
      "support": 31.0
    },
    "\ud83c\udf84": {
      "precision": 0.6206896551724138,
      "recall": 0.5806451612903226,
      "f1-score": 0.6,
      "support": 31.0
    },
    "\ud83d\udc9c": {
      "precision": 0.0,
      "recall": 0.0,
      "f1-score": 0.0,
      "support": 22.0
    },
    "\ud83d\ude0d": {
      "precision": 0.22580645161290322,
      "recall": 0.14432989690721648,
      "f1-score": 0.1761006289308176,
      "support": 97.0
    },
    "\ud83d\ude0a": {
      "precision": 0.0891089108910891,
      "recall": 0.28125,
      "f1-score": 0.13533834586466165,
      "support": 32.0
    },
    "\ud83d\udcf7": {
      "precision": 0.0,
      "recall": 0.0,
      "f1-score": 0.0,
      "support": 29.0
    },
    "\ud83d\udcaf": {
      "precision": 0.5,
      "recall": 0.04,
      "f1-score": 0.07407407407407407,
      "support": 25.0
    },
    "\ud83d\ude0e": {
      "precision": 0.08571428571428572,
      "recall": 0.15,
      "f1-score": 0.10909090909090909,
      "support": 40.0
    },
    "\ud83d\udcf8": {
      "precision": 0.23809523809523808,
      "recall": 0.10416666666666667,
      "f1-score": 0.14492753623188406,
      "support": 48.0
    },
    "\ud83d\ude02": {
      "precision": 0.3087248322147651,
      "recall": 0.5054945054945055,
      "f1-score": 0.38333333333333336,
      "support": 91.0
    },
    "\ud83c\uddfa\ud83c\uddf8": {
      "precision": 0.0,
      "recall": 0.0,
      "f1-score": 0.0,
      "support": 39.0
    },
    "\ud83d\ude09": {
      "precision": 0.0,
      "recall": 0.0,
      "f1-score": 0.0,
      "support": 26.0
    },
    "\ud83d\ude1c": {
      "precision": 0.16666666666666666,
      "recall": 0.15,
      "f1-score": 0.15789473684210525,
      "support": 20.0
    },
    "\u2600": {
      "precision": 0.1891891891891892,
      "recall": 0.56,
      "f1-score": 0.2828282828282828,
      "support": 25.0
    },
    "\ud83d\udd25": {
      "precision": 0.6363636363636364,
      "recall": 0.28378378378378377,
      "f1-score": 0.3925233644859813,
      "support": 74.0
    },
    "\u2764": {
      "precision": 0.402555910543131,
      "recall": 0.5833333333333334,
      "f1-score": 0.4763705103969754,
      "support": 216.0
    },
    "\ud83d\udc95": {
      "precision": 0.16666666666666666,
      "recall": 0.07692307692307693,
      "f1-score": 0.10526315789473684,
      "support": 52.0
    },
    "\ud83d\ude18": {
      "precision": 0.13793103448275862,
      "recall": 0.16666666666666666,
      "f1-score": 0.1509433962264151,
      "support": 24.0
    },
    "micro avg": {
      "precision": 0.28631138975966564,
      "recall": 0.274,
      "f1-score": 0.28002043944813493,
      "support": 1000.0
    },
    "macro avg": {
      "precision": 0.20504229054730386,
      "recall": 0.18405692728055134,
      "f1-score": 0.16412191381000882,
      "support": 1000.0
    },
    "weighted avg": {
      "precision": 0.27186358651287246,
      "recall": 0.274,
      "f1-score": 0.24449186810712925,
      "support": 1000.0
    }
  },
  "accuracy": 0.274,
  "confusion_matrix": [
    [
      0,
      1,
      0,
      1,
      0,
      0,
      4,
      1,
      0,
      2,
      1,
      5,
      0,
      0,
      1,
      1,
      0,
      4,
      1,
      0
    ],
    [
      0,
      3,
      1,
      2,
      0,
      4,
      10,
      0,
      0,
      5,
      1,
      3,
      0,
      0,
      0,
      2,
      0,
      18,
      1,
      3
    ],
    [
      0,
      1,
      0,
      1,
      0,
      2,
      2,
      1,
      0,
      2,
      0,
      0,
      0,
      0,
      0,
      1,
      1,
      15,
      1,
      1
    ],
    [
      0,
      0,
      0,
      18,
      0,
      0,
      1,
      0,
      0,
      0,
      0,
      2,
      0,
      0,
      0,
      2,
      1,
      7,
      0,
      0
    ],
    [
      0,
      0,
      0,
      0,
      0,
      2,
      4,
      2,
      0,
      2,
      0,
      2,
      0,
      0,
      0,
      1,
      0,
      7,
      2,
      0
    ],
    [
      0,
      1,
      1,
      2,
      0,
      14,
      11,
      2,
      0,
      9,
      2,
      10,
      0,
      0,
      1,
      4,
      2,
      27,
      1,
      6
    ],
    [
      1,
      0,
      0,
      1,
      0,
      1,
      9,
      0,
      0,
      4,
      0,
      2,
      0,
      0,
      1,
      5,
      0,
      5,
      1,
      0
    ],
    [
      0,
      0,
      0,
      0,
      0,
      4,
      2,
      0,
      0,
      2,
      3,
      8,
      0,
      0,
      1,
      1,
      0,
      7,
      0,
      0
    ],
    [
      0,
      0,
      0,
      2,
      0,
      0,
      4,
      0,
      1,
      3,
      0,
      7,
      0,
      0,
      1,
      2,
      1,
      3,
      0,
      0
    ],
    [
      0,
      0,
      0,
      1,
      1,
      1,
      8,
      0,
      0,
      6,
      0,
      5,
      0,
      0,
      2,
      4,
      0,
      7,
      0,
      0
    ],
    [
      0,
      0,
      0,
      0,
      0,
      3,
      5,
      4,
      0,
      6,
      5,
      10,
      0,
      0,
      1,
      4,
      2,
      6,
      1,
      0
    ],
    [
      2,
      0,
      0,
      0,
      2,
      2,
      5,
      1,
      0,
      6,
      1,
      46,
      0,
      0,
      3,
      3,
      1,
      11,
      2,
      1
    ],
    [
      0,
      1,
      1,
      0,
      0,
      1,
      1,
      1,
      0,
      1,
      1,
      2,
      0,
      0,
      0,
      4,
      0,
      17,
      0,
      1
    ],
    [
      0,
      0,
      0,
      0,
      0,
      1,
      5,
      0,
      0,
      1,
      1,
      7,
      0,
      0,
      0,
      3,
      0,
      3,
      1,
      3
    ],
    [
      0,
      0,
      1,
      0,
      0,
      1,
      3,
      0,
      0,
      1,
      0,
      9,
      0,
      0,
      3,
      0,
      0,
      0,
      0,
      1
    ],
    [
      0,
      0,
      0,
      0,
      0,
      1,
      0,
      0,
      0,
      1,
      0,
      0,
      0,
      0,
      0,
      14,
      0,
      6,
      1,
      1
    ],
    [
      0,
      0,
      0,
      0,
      0,
      8,
      4,
      0,
      1,
      4,
      4,
      14,
      0,
      0,
      1,
      2,
      21,
      7,
      3,
      2
    ],
    [
      0,
      1,
      0,
      0,
      1,
      12,
      18,
      0,
      0,
      8,
      1,
      13,
      0,
      0,
      2,
      17,
      4,
      126,
      5,
      6
    ],
    [
      0,
      1,
      0,
      0,
      0,
      3,
      1,
      0,
      0,
      4,
      1,
      3,
      0,
      0,
      1,
      3,
      0,
      30,
      4,
      0
    ],
    [
      0,
      0,
      0,
      1,
      0,
      2,
      4,
      0,
      0,
      3,
      0,
      1,
      0,
      0,
      0,
      1,
      0,
      7,
      0,
      4
    ]
  ],
  "labels": [
    "\ud83d\ude01",
    "\u2728",
    "\ud83d\udc99",
    "\ud83c\udf84",
    "\ud83d\udc9c",
    "\ud83d\ude0d",
    "\ud83d\ude0a",
    "\ud83d\udcf7",
    "\ud83d\udcaf",
    "\ud83d\ude0e",
    "\ud83d\udcf8",
    "\ud83d\ude02",
    "\ud83c\uddfa\ud83c\uddf8",
    "\ud83d\ude09",
    "\ud83d\ude1c",
    "\u2600",
    "\ud83d\udd25",
    "\u2764",
    "\ud83d\udc95",
    "\ud83d\ude18"
  ]
}