{
  "classification_report": {
    "\ud83d\udcaf": {
      "precision": 0.0,
      "recall": 0.0,
      "f1-score": 0.0,
      "support": 25.0
    },
    "\ud83c\udf84": {
      "precision": 0.5666666666666667,
      "recall": 0.5483870967741935,
      "f1-score": 0.5573770491803278,
      "support": 31.0
    },
    "\ud83d\ude02": {
      "precision": 0.3,
      "recall": 0.3626373626373626,
      "f1-score": 0.3283582089552239,
      "support": 91.0
    },
    "\ud83c\uddfa\ud83c\uddf8": {
      "precision": 0.0,
      "recall": 0.0,
      "f1-score": 0.0,
      "support": 39.0
    },
    "\ud83d\udd25": {
      "precision": 0.3103448275862069,
      "recall": 0.12162162162162163,
      "f1-score": 0.17475728155339806,
      "support": 74.0
    },
    "\ud83d\ude0a": {
      "precision": 0.06756756756756757,
      "recall": 0.46875,
      "f1-score": 0.11811023622047244,
      "support": 32.0
    },
    "\u2728": {
      "precision": 0.3125,
      "recall": 0.09090909090909091,
      "f1-score": 0.14084507042253522,
      "support": 55.0
    },
    "\ud83d\udcf7": {
      "precision": 0.0,
      "recall": 0.0,
      "f1-score": 0.0,
      "support": 29.0
    },
    "\ud83d\udc95": {
      "precision": 0.07142857142857142,
      "recall": 0.038461538461538464,
      "f1-score": 0.05,
      "support": 52.0
    },
    "\ud83d\ude1c": {
      "precision": 0.08333333333333333,
      "recall": 0.05,
      "f1-score": 0.0625,
      "support": 20.0
    },
    "\ud83d\udc9c": {
      "precision": 0.07692307692307693,
      "recall": 0.045454545454545456,
      "f1-score": 0.05714285714285714,
      "support": 22.0
    },
    "\ud83d\ude18": {
      "precision": 0.1111111111111111,
      "recall": 0.08333333333333333,
      "f1-score": 0.09523809523809523,
      "support": 24.0
    },
    "\u2764": {
      "precision": 0.36328125,
      "recall": 0.4305555555555556,
      "f1-score": 0.3940677966101695,
      "support": 216.0
    },
    "\ud83d\ude0e": {
      "precision": 0.02631578947368421,
      "recall": 0.025,
      "f1-score": 0.02564102564102564,
      "support": 40.0
    },
    "\ud83d\ude01": {
      "precision": 0.0,
      "recall": 0.0,
      "f1-score": 0.0,
      "support": 23.0
    },
    "\ud83d\ude0d": {
      "precision": 0.34375,
      "recall": 0.1134020618556701,
      "f1-score": 0.17054263565891473,
      "support": 97.0
    },
    "\u2600": {
      "precision": 0.3333333333333333,
      "recall": 0.44,
      "f1-score": 0.3793103448275862,
      "support": 25.0
    },
    "\ud83d\ude09": {
      "precision": 0.0,
      "recall": 0.0,
      "f1-score": 0.0,
      "support": 26.0
    },
    "\ud83d\udc99": {
      "precision": 0.1111111111111111,
      "recall": 0.0967741935483871,
      "f1-score": 0.10344827586206896,
      "support": 31.0
    },
    "\ud83d\udcf8": {
      "precision": 0.1875,
      "recall": 0.0625,
      "f1-score": 0.09375,
      "support": 48.0
    },
    "micro avg": {
      "precision": 0.23180291153415453,
      "recall": 0.207,
      "f1-score": 0.21870047543581617,
      "support": 1000.0
    },
    "macro avg": {
      "precision": 0.16325833192673314,
      "recall": 0.1488893200075649,
      "f1-score": 0.13755444386563373,
      "support": 1000.0
    },
    "weighted avg": {
      "precision": 0.23056468216686005,
      "recall": 0.207,
      "f1-score": 0.19888676387438484,
      "support": 1000.0
    }
  },
  "accuracy": 0.207,
  "confusion_matrix": [
    [
      0,
      1,
      3,
      0,
      1,
      4,
      0,
      0,
      0,
      1,
      2,
      0,
      6,
      1,
      0,
      0,
      1,
      0,
      1,
      0
    ],
    [
      0,
      17,
      0,
      0,
      2,
      2,
      0,
      0,
      0,
      0,
      0,
      1,
      8,
      0,
      0,
      0,
      0,
      0,
      1,
      0
    ],
    [
      1,
      0,
      33,
      0,
      6,
      17,
      0,
      0,
      2,
      2,
      2,
      2,
      8,
      2,
      1,
      1,
      2,
      0,
      1,
      2
    ],
    [
      1,
      1,
      2,
      0,
      0,
      8,
      0,
      1,
      0,
      0,
      0,
      0,
      16,
      1,
      3,
      0,
      0,
      0,
      0,
      0
    ],
    [
      0,
      1,
      13,
      0,
      9,
      9,
      2,
      0,
      4,
      2,
      2,
      0,
      9,
      11,
      0,
      2,
      2,
      0,
      0,
      2
    ],
    [
      0,
      1,
      1,
      0,
      0,
      15,
      0,
      0,
      0,
      0,
      0,
      0,
      6,
      3,
      0,
      1,
      2,
      0,
      0,
      1
    ],
    [
      0,
      2,
      2,
      0,
      1,
      14,
      5,
      0,
      0,
      0,
      1,
      0,
      13,
      1,
      1,
      3,
      3,
      0,
      3,
      1
    ],
    [
      0,
      1,
      3,
      0,
      0,
      5,
      0,
      0,
      1,
      0,
      0,
      0,
      11,
      2,
      0,
      2,
      0,
      0,
      2,
      2
    ],
    [
      0,
      0,
      4,
      0,
      1,
      12,
      1,
      0,
      2,
      1,
      0,
      2,
      13,
      1,
      0,
      3,
      1,
      0,
      1,
      1
    ],
    [
      0,
      0,
      6,
      0,
      1,
      4,
      2,
      0,
      0,
      1,
      0,
      1,
      2,
      0,
      0,
      1,
      0,
      0,
      1,
      0
    ],
    [
      0,
      0,
      1,
      0,
      0,
      6,
      0,
      1,
      1,
      0,
      1,
      0,
      8,
      1,
      0,
      1,
      0,
      0,
      0,
      0
    ],
    [
      0,
      1,
      1,
      0,
      0,
      8,
      0,
      0,
      1,
      0,
      0,
      2,
      4,
      1,
      0,
      0,
      0,
      0,
      1,
      0
    ],
    [
      0,
      3,
      11,
      0,
      1,
      37,
      4,
      0,
      10,
      1,
      1,
      5,
      93,
      5,
      0,
      4,
      2,
      0,
      7,
      1
    ],
    [
      0,
      1,
      4,
      0,
      2,
      13,
      1,
      0,
      0,
      1,
      0,
      0,
      8,
      1,
      1,
      0,
      4,
      0,
      0,
      1
    ],
    [
      0,
      1,
      6,
      0,
      0,
      10,
      0,
      0,
      0,
      0,
      0,
      1,
      2,
      0,
      0,
      0,
      0,
      0,
      1,
      0
    ],
    [
      1,
      0,
      7,
      0,
      1,
      28,
      0,
      1,
      1,
      1,
      2,
      2,
      20,
      3,
      0,
      11,
      3,
      0,
      4,
      2
    ],
    [
      0,
      0,
      1,
      0,
      0,
      3,
      1,
      0,
      0,
      0,
      0,
      0,
      4,
      2,
      0,
      0,
      11,
      0,
      1,
      0
    ],
    [
      0,
      0,
      4,
      0,
      0,
      11,
      0,
      0,
      2,
      0,
      1,
      0,
      4,
      1,
      0,
      1,
      0,
      0,
      0,
      0
    ],
    [
      0,
      0,
      0,
      0,
      0,
      5,
      0,
      0,
      3,
      1,
      0,
      0,
      12,
      0,
      0,
      2,
      1,
      0,
      3,
      0
    ],
    [
      0,
      0,
      8,
      0,
      4,
      11,
      0,
      0,
      1,
      1,
      1,
      2,
      9,
      2,
      1,
      0,
      1,
      0,
      0,
      3
    ]
  ],
  "labels": [
    "\ud83d\udcaf",
    "\ud83c\udf84",
    "\ud83d\ude02",
    "\ud83c\uddfa\ud83c\uddf8",
    "\ud83d\udd25",
    "\ud83d\ude0a",
    "\u2728",
    "\ud83d\udcf7",
    "\ud83d\udc95",
    "\ud83d\ude1c",
    "\ud83d\udc9c",
    "\ud83d\ude18",
    "\u2764",
    "\ud83d\ude0e",
    "\ud83d\ude01",
    "\ud83d\ude0d",
    "\u2600",
    "\ud83d\ude09",
    "\ud83d\udc99",
    "\ud83d\udcf8"
  ]
}