{
  "classification_report": {
    "\ud83d\ude0d": {
      "precision": 0.11842105263157894,
      "recall": 0.09278350515463918,
      "f1-score": 0.10404624277456648,
      "support": 97.0
    },
    "\ud83d\udcf8": {
      "precision": 0.15789473684210525,
      "recall": 0.125,
      "f1-score": 0.13953488372093023,
      "support": 48.0
    },
    "\ud83c\udf84": {
      "precision": 0.4782608695652174,
      "recall": 0.3548387096774194,
      "f1-score": 0.4074074074074074,
      "support": 31.0
    },
    "\u2600": {
      "precision": 0.14285714285714285,
      "recall": 0.12,
      "f1-score": 0.13043478260869565,
      "support": 25.0
    },
    "\ud83d\ude02": {
      "precision": 0.26956521739130435,
      "recall": 0.34065934065934067,
      "f1-score": 0.30097087378640774,
      "support": 91.0
    },
    "\ud83d\ude0a": {
      "precision": 0.007751937984496124,
      "recall": 0.03125,
      "f1-score": 0.012422360248447204,
      "support": 32.0
    },
    "\ud83d\ude18": {
      "precision": 0.058823529411764705,
      "recall": 0.041666666666666664,
      "f1-score": 0.04878048780487805,
      "support": 24.0
    },
    "\ud83d\udc95": {
      "precision": 0.14285714285714285,
      "recall": 0.09615384615384616,
      "f1-score": 0.11494252873563218,
      "support": 52.0
    },
    "\ud83d\ude09": {
      "precision": 0.0,
      "recall": 0.0,
      "f1-score": 0.0,
      "support": 26.0
    },
    "\ud83d\udcaf": {
      "precision": 0.0,
      "recall": 0.0,
      "f1-score": 0.0,
      "support": 25.0
    },
    "\u2728": {
      "precision": 0.12,
      "recall": 0.05454545454545454,
      "f1-score": 0.075,
      "support": 55.0
    },
    "\ud83d\ude0e": {
      "precision": 0.029411764705882353,
      "recall": 0.025,
      "f1-score": 0.02702702702702703,
      "support": 40.0
    },
    "\ud83d\udc9c": {
      "precision": 0.08333333333333333,
      "recall": 0.09090909090909091,
      "f1-score": 0.08695652173913043,
      "support": 22.0
    },
    "\ud83c\uddfa\ud83c\uddf8": {
      "precision": 0.0,
      "recall": 0.0,
      "f1-score": 0.0,
      "support": 39.0
    },
    "\ud83d\ude01": {
      "precision": 0.0,
      "recall": 0.0,
      "f1-score": 0.0,
      "support": 23.0
    },
    "\ud83d\ude1c": {
      "precision": 0.42857142857142855,
      "recall": 0.15,
      "f1-score": 0.2222222222222222,
      "support": 20.0
    },
    "\ud83d\udcf7": {
      "precision": 0.125,
      "recall": 0.034482758620689655,
      "f1-score": 0.05405405405405406,
      "support": 29.0
    },
    "\ud83d\udd25": {
      "precision": 0.3611111111111111,
      "recall": 0.17567567567567569,
      "f1-score": 0.23636363636363636,
      "support": 74.0
    },
    "\ud83d\udc99": {
      "precision": 0.09523809523809523,
      "recall": 0.06451612903225806,
      "f1-score": 0.07692307692307693,
      "support": 31.0
    },
    "\u2764": {
      "precision": 0.2754491017964072,
      "recall": 0.21296296296296297,
      "f1-score": 0.2402088772845953,
      "support": 216.0
    },
    "micro avg": {
      "precision": 0.17490494296577946,
      "recall": 0.138,
      "f1-score": 0.1542761319172722,
      "support": 1000.0
    },
    "macro avg": {
      "precision": 0.14472732321485055,
      "recall": 0.1005222070029022,
      "f1-score": 0.11386474913503535,
      "support": 1000.0
    },
    "weighted avg": {
      "precision": 0.1820599795898252,
      "recall": 0.138,
      "f1-score": 0.152506045947019,
      "support": 1000.0
    }
  },
  "accuracy": 0.138,
  "confusion_matrix": [
    [
      9,
      5,
      1,
      1,
      12,
      12,
      2,
      0,
      0,
      2,
      2,
      2,
      4,
      0,
      1,
      0,
      1,
      1,
      5,
      10
    ],
    [
      0,
      6,
      0,
      1,
      5,
      7,
      1,
      1,
      0,
      0,
      2,
      3,
      1,
      0,
      0,
      0,
      1,
      2,
      1,
      7
    ],
    [
      2,
      0,
      11,
      0,
      1,
      1,
      1,
      2,
      0,
      0,
      0,
      0,
      0,
      0,
      2,
      1,
      0,
      0,
      0,
      5
    ],
    [
      1,
      0,
      0,
      3,
      0,
      0,
      0,
      1,
      0,
      0,
      3,
      1,
      1,
      0,
      0,
      0,
      0,
      2,
      1,
      7
    ],
    [
      6,
      5,
      0,
      2,
      31,
      12,
      1,
      3,
      0,
      0,
      0,
      3,
      2,
      0,
      2,
      0,
      1,
      3,
      0,
      4
    ],
    [
      1,
      0,
      0,
      0,
      7,
      1,
      0,
      1,
      0,
      0,
      0,
      4,
      0,
      0,
      0,
      0,
      0,
      1,
      1,
      7
    ],
    [
      2,
      0,
      0,
      1,
      1,
      3,
      1,
      1,
      0,
      0,
      0,
      1,
      1,
      0,
      0,
      0,
      0,
      1,
      1,
      7
    ],
    [
      8,
      0,
      1,
      0,
      3,
      7,
      1,
      5,
      0,
      0,
      1,
      3,
      1,
      0,
      0,
      0,
      0,
      1,
      1,
      11
    ],
    [
      2,
      0,
      0,
      1,
      4,
      4,
      2,
      1,
      0,
      0,
      0,
      1,
      0,
      0,
      1,
      0,
      0,
      0,
      0,
      5
    ],
    [
      2,
      2,
      1,
      1,
      3,
      4,
      0,
      1,
      0,
      0,
      0,
      0,
      1,
      0,
      0,
      0,
      0,
      0,
      1,
      2
    ],
    [
      2,
      1,
      2,
      2,
      5,
      11,
      1,
      2,
      0,
      1,
      3,
      0,
      1,
      0,
      0,
      0,
      0,
      2,
      1,
      13
    ],
    [
      1,
      4,
      1,
      1,
      4,
      8,
      1,
      0,
      0,
      0,
      0,
      1,
      1,
      0,
      0,
      1,
      0,
      0,
      0,
      8
    ],
    [
      2,
      0,
      0,
      0,
      0,
      5,
      1,
      1,
      0,
      0,
      1,
      1,
      2,
      0,
      0,
      0,
      0,
      1,
      0,
      4
    ],
    [
      2,
      1,
      0,
      2,
      1,
      6,
      0,
      0,
      0,
      0,
      2,
      1,
      0,
      0,
      0,
      1,
      1,
      1,
      0,
      8
    ],
    [
      1,
      1,
      0,
      0,
      5,
      4,
      1,
      0,
      0,
      2,
      0,
      1,
      0,
      0,
      0,
      0,
      0,
      0,
      0,
      5
    ],
    [
      1,
      1,
      0,
      0,
      4,
      2,
      0,
      2,
      0,
      0,
      0,
      1,
      0,
      0,
      0,
      3,
      0,
      0,
      0,
      1
    ],
    [
      1,
      2,
      1,
      0,
      6,
      2,
      0,
      0,
      0,
      0,
      1,
      1,
      0,
      0,
      0,
      0,
      1,
      1,
      0,
      3
    ],
    [
      6,
      2,
      0,
      2,
      5,
      6,
      1,
      2,
      0,
      0,
      2,
      4,
      2,
      0,
      0,
      0,
      1,
      13,
      2,
      9
    ],
    [
      5,
      1,
      0,
      1,
      1,
      4,
      0,
      0,
      0,
      0,
      0,
      0,
      0,
      0,
      0,
      0,
      1,
      1,
      2,
      5
    ],
    [
      22,
      7,
      5,
      3,
      17,
      30,
      3,
      12,
      0,
      2,
      8,
      6,
      7,
      0,
      0,
      1,
      1,
      6,
      5,
      46
    ]
  ],
  "labels": [
    "\ud83d\ude0d",
    "\ud83d\udcf8",
    "\ud83c\udf84",
    "\u2600",
    "\ud83d\ude02",
    "\ud83d\ude0a",
    "\ud83d\ude18",
    "\ud83d\udc95",
    "\ud83d\ude09",
    "\ud83d\udcaf",
    "\u2728",
    "\ud83d\ude0e",
    "\ud83d\udc9c",
    "\ud83c\uddfa\ud83c\uddf8",
    "\ud83d\ude01",
    "\ud83d\ude1c",
    "\ud83d\udcf7",
    "\ud83d\udd25",
    "\ud83d\udc99",
    "\u2764"
  ]
}