{
  "classification_report": {
    "\ud83d\udcf8": {
      "precision": 0.15384615384615385,
      "recall": 0.125,
      "f1-score": 0.13793103448275862,
      "support": 48.0
    },
    "\ud83d\ude0e": {
      "precision": 0.038461538461538464,
      "recall": 0.025,
      "f1-score": 0.030303030303030304,
      "support": 40.0
    },
    "\ud83d\ude0d": {
      "precision": 0.375,
      "recall": 0.030927835051546393,
      "f1-score": 0.05714285714285714,
      "support": 97.0
    },
    "\ud83d\udc95": {
      "precision": 0.07407407407407407,
      "recall": 0.038461538461538464,
      "f1-score": 0.05063291139240506,
      "support": 52.0
    },
    "\u2764": {
      "precision": 0.23529411764705882,
      "recall": 0.037037037037037035,
      "f1-score": 0.064,
      "support": 216.0
    },
    "\ud83c\udf84": {
      "precision": 0.5,
      "recall": 0.22580645161290322,
      "f1-score": 0.3111111111111111,
      "support": 31.0
    },
    "\ud83d\udd25": {
      "precision": 0.3235294117647059,
      "recall": 0.14864864864864866,
      "f1-score": 0.2037037037037037,
      "support": 74.0
    },
    "\ud83d\udc99": {
      "precision": 0.2,
      "recall": 0.06451612903225806,
      "f1-score": 0.0975609756097561,
      "support": 31.0
    },
    "\ud83d\ude02": {
      "precision": 0.2903225806451613,
      "recall": 0.2967032967032967,
      "f1-score": 0.29347826086956524,
      "support": 91.0
    },
    "\ud83d\udcaf": {
      "precision": 0.25,
      "recall": 0.04,
      "f1-score": 0.06896551724137931,
      "support": 25.0
    },
    "\u2728": {
      "precision": 0.09615384615384616,
      "recall": 0.09090909090909091,
      "f1-score": 0.09345794392523364,
      "support": 55.0
    },
    "\ud83d\udc9c": {
      "precision": 0.125,
      "recall": 0.045454545454545456,
      "f1-score": 0.06666666666666667,
      "support": 22.0
    },
    "\ud83d\ude0a": {
      "precision": 0.041353383458646614,
      "recall": 0.34375,
      "f1-score": 0.0738255033557047,
      "support": 32.0
    },
    "\ud83d\udcf7": {
      "precision": 0.0,
      "recall": 0.0,
      "f1-score": 0.0,
      "support": 29.0
    },
    "\ud83c\uddfa\ud83c\uddf8": {
      "precision": 0.0,
      "recall": 0.0,
      "f1-score": 0.0,
      "support": 39.0
    },
    "\ud83d\ude01": {
      "precision": 0.0,
      "recall": 0.0,
      "f1-score": 0.0,
      "support": 23.0
    },
    "\ud83d\ude18": {
      "precision": 0.0,
      "recall": 0.0,
      "f1-score": 0.0,
      "support": 24.0
    },
    "\u2600": {
      "precision": 0.12121212121212122,
      "recall": 0.16,
      "f1-score": 0.13793103448275862,
      "support": 25.0
    },
    "\ud83d\ude1c": {
      "precision": 0.0,
      "recall": 0.0,
      "f1-score": 0.0,
      "support": 20.0
    },
    "\ud83d\ude09": {
      "precision": 0.0,
      "recall": 0.0,
      "f1-score": 0.0,
      "support": 26.0
    },
    "micro avg": {
      "precision": 0.13423831070889894,
      "recall": 0.089,
      "f1-score": 0.10703547805171378,
      "support": 1000.0
    },
    "macro avg": {
      "precision": 0.1412123613631653,
      "recall": 0.08361072864554324,
      "f1-score": 0.0843355275143465,
      "support": 1000.0
    },
    "weighted avg": {
      "precision": 0.19067606233543263,
      "recall": 0.089,
      "f1-score": 0.09842369338714774,
      "support": 1000.0
    }
  },
  "accuracy": 0.089,
  "confusion_matrix": [
    [
      6,
      5,
      1,
      2,
      1,
      0,
      1,
      0,
      2,
      1,
      3,
      0,
      12,
      0,
      0,
      0,
      0,
      0,
      0,
      0
    ],
    [
      1,
      1,
      0,
      0,
      3,
      2,
      0,
      0,
      4,
      0,
      3,
      0,
      9,
      0,
      0,
      0,
      1,
      0,
      0,
      0
    ],
    [
      3,
      1,
      3,
      4,
      6,
      0,
      5,
      2,
      8,
      0,
      5,
      0,
      32,
      0,
      0,
      0,
      1,
      2,
      1,
      0
    ],
    [
      1,
      1,
      0,
      2,
      4,
      0,
      1,
      0,
      1,
      0,
      2,
      0,
      19,
      0,
      0,
      0,
      0,
      1,
      0,
      0
    ],
    [
      6,
      6,
      1,
      12,
      8,
      2,
      2,
      2,
      20,
      0,
      15,
      3,
      67,
      0,
      0,
      0,
      0,
      5,
      1,
      0
    ],
    [
      1,
      0,
      0,
      0,
      2,
      7,
      0,
      0,
      2,
      0,
      0,
      0,
      6,
      0,
      0,
      0,
      0,
      0,
      0,
      0
    ],
    [
      2,
      3,
      1,
      0,
      1,
      0,
      11,
      0,
      8,
      0,
      2,
      4,
      15,
      0,
      0,
      0,
      1,
      4,
      0,
      0
    ],
    [
      1,
      1,
      1,
      1,
      0,
      0,
      0,
      2,
      2,
      0,
      2,
      0,
      5,
      1,
      0,
      0,
      1,
      1,
      0,
      0
    ],
    [
      5,
      1,
      1,
      1,
      0,
      0,
      4,
      1,
      27,
      1,
      4,
      0,
      18,
      0,
      0,
      0,
      2,
      1,
      1,
      0
    ],
    [
      3,
      0,
      0,
      0,
      0,
      1,
      1,
      1,
      3,
      1,
      2,
      0,
      3,
      0,
      0,
      1,
      0,
      2,
      0,
      0
    ],
    [
      1,
      0,
      0,
      1,
      1,
      1,
      3,
      1,
      4,
      0,
      5,
      0,
      17,
      0,
      0,
      0,
      0,
      3,
      0,
      0
    ],
    [
      0,
      0,
      0,
      2,
      2,
      0,
      2,
      1,
      0,
      0,
      0,
      1,
      5,
      0,
      0,
      0,
      0,
      0,
      0,
      0
    ],
    [
      0,
      1,
      0,
      0,
      1,
      0,
      0,
      0,
      2,
      0,
      1,
      0,
      11,
      0,
      0,
      0,
      0,
      1,
      0,
      0
    ],
    [
      3,
      1,
      0,
      0,
      1,
      0,
      2,
      0,
      3,
      0,
      0,
      0,
      7,
      0,
      0,
      0,
      1,
      2,
      0,
      0
    ],
    [
      2,
      2,
      0,
      0,
      1,
      0,
      0,
      0,
      0,
      0,
      2,
      0,
      6,
      0,
      0,
      0,
      0,
      1,
      0,
      0
    ],
    [
      3,
      0,
      0,
      0,
      1,
      0,
      0,
      0,
      1,
      0,
      3,
      0,
      8,
      0,
      0,
      0,
      0,
      1,
      1,
      0
    ],
    [
      1,
      1,
      0,
      2,
      1,
      1,
      0,
      0,
      2,
      0,
      1,
      0,
      6,
      0,
      0,
      0,
      0,
      1,
      0,
      0
    ],
    [
      0,
      1,
      0,
      0,
      0,
      0,
      1,
      0,
      0,
      0,
      2,
      0,
      7,
      0,
      0,
      0,
      0,
      4,
      0,
      0
    ],
    [
      0,
      0,
      0,
      0,
      0,
      0,
      1,
      0,
      2,
      1,
      0,
      0,
      6,
      0,
      0,
      0,
      0,
      1,
      0,
      0
    ],
    [
      0,
      1,
      0,
      0,
      1,
      0,
      0,
      0,
      2,
      0,
      0,
      0,
      7,
      0,
      0,
      0,
      2,
      3,
      0,
      0
    ]
  ],
  "labels": [
    "\ud83d\udcf8",
    "\ud83d\ude0e",
    "\ud83d\ude0d",
    "\ud83d\udc95",
    "\u2764",
    "\ud83c\udf84",
    "\ud83d\udd25",
    "\ud83d\udc99",
    "\ud83d\ude02",
    "\ud83d\udcaf",
    "\u2728",
    "\ud83d\udc9c",
    "\ud83d\ude0a",
    "\ud83d\udcf7",
    "\ud83c\uddfa\ud83c\uddf8",
    "\ud83d\ude01",
    "\ud83d\ude18",
    "\u2600",
    "\ud83d\ude1c",
    "\ud83d\ude09"
  ]
}