{
  "classification_report": {
    "annoyance": {
      "precision": 0.26666666666666666,
      "recall": 0.19047619047619047,
      "f1-score": 0.2222222222222222,
      "support": 42.0
    },
    "remorse": {
      "precision": 0.4,
      "recall": 0.2,
      "f1-score": 0.26666666666666666,
      "support": 10.0
    },
    "excitement": {
      "precision": 0.23529411764705882,
      "recall": 0.3333333333333333,
      "f1-score": 0.27586206896551724,
      "support": 12.0
    },
    "approval": {
      "precision": 0.13513513513513514,
      "recall": 0.09803921568627451,
      "f1-score": 0.11363636363636363,
      "support": 51.0
    },
    "gratitude": {
      "precision": 0.6341463414634146,
      "recall": 0.45614035087719296,
      "f1-score": 0.5306122448979592,
      "support": 57.0
    },
    "anger": {
      "precision": 0.22807017543859648,
      "recall": 0.4482758620689655,
      "f1-score": 0.3023255813953488,
      "support": 29.0
    },
    "disappointment": {
      "precision": 0.03954802259887006,
      "recall": 0.3684210526315789,
      "f1-score": 0.07142857142857142,
      "support": 19.0
    },
    "curiosity": {
      "precision": 0.18055555555555555,
      "recall": 0.34210526315789475,
      "f1-score": 0.23636363636363636,
      "support": 38.0
    },
    "joy": {
      "precision": 0.2631578947368421,
      "recall": 0.25,
      "f1-score": 0.2564102564102564,
      "support": 20.0
    },
    "desire": {
      "precision": 0.08333333333333333,
      "recall": 0.08333333333333333,
      "f1-score": 0.08333333333333333,
      "support": 12.0
    },
    "surprise": {
      "precision": 0.18518518518518517,
      "recall": 0.2631578947368421,
      "f1-score": 0.21739130434782608,
      "support": 19.0
    },
    "neutral": {
      "precision": 0.5526315789473685,
      "recall": 0.12,
      "f1-score": 0.19718309859154928,
      "support": 350.0
    },
    "nervousness": {
      "precision": 0.5,
      "recall": 0.3333333333333333,
      "f1-score": 0.4,
      "support": 3.0
    },
    "amusement": {
      "precision": 0.32786885245901637,
      "recall": 0.4878048780487805,
      "f1-score": 0.39215686274509803,
      "support": 41.0
    },
    "sadness": {
      "precision": 0.34615384615384615,
      "recall": 0.4090909090909091,
      "f1-score": 0.375,
      "support": 22.0
    },
    "embarrassment": {
      "precision": 0.3333333333333333,
      "recall": 0.4,
      "f1-score": 0.36363636363636365,
      "support": 5.0
    },
    "caring": {
      "precision": 0.125,
      "recall": 0.05263157894736842,
      "f1-score": 0.07407407407407407,
      "support": 19.0
    },
    "optimism": {
      "precision": 0.2222222222222222,
      "recall": 0.2608695652173913,
      "f1-score": 0.24,
      "support": 23.0
    },
    "disapproval": {
      "precision": 0.11827956989247312,
      "recall": 0.2619047619047619,
      "f1-score": 0.16296296296296298,
      "support": 42.0
    },
    "grief": {
      "precision": 0.0,
      "recall": 0.0,
      "f1-score": 0.0,
      "support": 0.0
    },
    "pride": {
      "precision": 0.0,
      "recall": 0.0,
      "f1-score": 0.0,
      "support": 2.0
    },
    "confusion": {
      "precision": 0.07894736842105263,
      "recall": 0.14285714285714285,
      "f1-score": 0.1016949152542373,
      "support": 21.0
    },
    "love": {
      "precision": 0.5,
      "recall": 0.4857142857142857,
      "f1-score": 0.4927536231884058,
      "support": 35.0
    },
    "relief": {
      "precision": 0.0,
      "recall": 0.0,
      "f1-score": 0.0,
      "support": 2.0
    },
    "admiration": {
      "precision": 0.47191011235955055,
      "recall": 0.5526315789473685,
      "f1-score": 0.509090909090909,
      "support": 76.0
    },
    "fear": {
      "precision": 1.0,
      "recall": 0.21428571428571427,
      "f1-score": 0.35294117647058826,
      "support": 14.0
    },
    "realization": {
      "precision": 0.25,
      "recall": 0.05263157894736842,
      "f1-score": 0.08695652173913043,
      "support": 19.0
    },
    "disgust": {
      "precision": 0.3333333333333333,
      "recall": 0.29411764705882354,
      "f1-score": 0.3125,
      "support": 17.0
    },
    "micro avg": {
      "precision": 0.2571428571428571,
      "recall": 0.252,
      "f1-score": 0.2545454545454545,
      "support": 1000.0
    },
    "macro avg": {
      "precision": 0.27895616588867334,
      "recall": 0.2536126953805305,
      "f1-score": 0.2370429556221793,
      "support": 1000.0
    },
    "weighted avg": {
      "precision": 0.39460930766241514,
      "recall": 0.252,
      "f1-score": 0.2608270191985633,
      "support": 1000.0
    }
  },
  "accuracy": 0.252,