{
  "classification_report": {
    "relief": {
      "precision": 0.0,
      "recall": 0.0,
      "f1-score": 0.0,
      "support": 2.0
    },
    "approval": {
      "precision": 0.19047619047619047,
      "recall": 0.3137254901960784,
      "f1-score": 0.23703703703703705,
      "support": 51.0
    },
    "optimism": {
      "precision": 0.3157894736842105,
      "recall": 0.2608695652173913,
      "f1-score": 0.2857142857142857,
      "support": 23.0
    },
    "admiration": {
      "precision": 0.463768115942029,
      "recall": 0.42105263157894735,
      "f1-score": 0.4413793103448276,
      "support": 76.0
    },
    "excitement": {
      "precision": 0.3125,
      "recall": 0.4166666666666667,
      "f1-score": 0.35714285714285715,
      "support": 12.0
    },
    "sadness": {
      "precision": 0.45,
      "recall": 0.4090909090909091,
      "f1-score": 0.42857142857142855,
      "support": 22.0
    },
    "anger": {
      "precision": 0.2125,
      "recall": 0.5862068965517241,
      "f1-score": 0.3119266055045872,
      "support": 29.0
    },
    "joy": {
      "precision": 0.25,
      "recall": 0.2,
      "f1-score": 0.2222222222222222,
      "support": 20.0
    },
    "desire": {
      "precision": 0.2222222222222222,
      "recall": 0.16666666666666666,
      "f1-score": 0.19047619047619047,
      "support": 12.0
    },
    "neutral": {
      "precision": 0.589041095890411,
      "recall": 0.12285714285714286,
      "f1-score": 0.2033096926713948,
      "support": 350.0
    },
    "disappointment": {
      "precision": 0.07142857142857142,
      "recall": 0.10526315789473684,
      "f1-score": 0.0851063829787234,
      "support": 19.0
    },
    "surprise": {
      "precision": 0.14285714285714285,
      "recall": 0.21052631578947367,
      "f1-score": 0.1702127659574468,
      "support": 19.0
    },
    "caring": {
      "precision": 0.38461538461538464,
      "recall": 0.2631578947368421,
      "f1-score": 0.3125,
      "support": 19.0
    },
    "disgust": {
      "precision": 0.2222222222222222,
      "recall": 0.35294117647058826,
      "f1-score": 0.2727272727272727,
      "support": 17.0
    },
    "nervousness": {
      "precision": 0.5,
      "recall": 0.6666666666666666,
      "f1-score": 0.5714285714285714,
      "support": 3.0
    },
    "grief": {
      "precision": 0.0,
      "recall": 0.0,
      "f1-score": 0.0,
      "support": 0.0
    },
    "pride": {
      "precision": 0.0,
      "recall": 0.0,
      "f1-score": 0.0,
      "support": 2.0
    },
    "gratitude": {
      "precision": 0.7083333333333334,
      "recall": 0.5964912280701754,
      "f1-score": 0.6476190476190476,
      "support": 57.0
    },
    "embarrassment": {
      "precision": 0.4,
      "recall": 0.4,
      "f1-score": 0.4,
      "support": 5.0
    },
    "confusion": {
      "precision": 0.3333333333333333,
      "recall": 0.38095238095238093,
      "f1-score": 0.35555555555555557,
      "support": 21.0
    },
    "annoyance": {
      "precision": 0.15,
      "recall": 0.07142857142857142,
      "f1-score": 0.0967741935483871,
      "support": 42.0
    },
    "amusement": {
      "precision": 0.2222222222222222,
      "recall": 0.6341463414634146,
      "f1-score": 0.3291139240506329,
      "support": 41.0
    },
    "remorse": {
      "precision": 0.3,
      "recall": 0.3,
      "f1-score": 0.3,
      "support": 10.0
    },
    "fear": {
      "precision": 0.42105263157894735,
      "recall": 0.5714285714285714,
      "f1-score": 0.48484848484848486,
      "support": 14.0
    },
    "curiosity": {
      "precision": 0.3088235294117647,
      "recall": 0.5526315789473685,
      "f1-score": 0.39622641509433965,
      "support": 38.0
    },
    "disapproval": {
      "precision": 0.16030534351145037,
      "recall": 0.5,
      "f1-score": 0.24277456647398843,
      "support": 42.0
    },
    "realization": {
      "precision": 0.0625,
      "recall": 0.05263157894736842,
      "f1-score": 0.05714285714285714,
      "support": 19.0
    },
    "love": {
      "precision": 0.45,
      "recall": 0.5142857142857142,
      "f1-score": 0.48,
      "support": 35.0
    },
    "micro avg": {
      "precision": 0.3016194331983806,
      "recall": 0.298,
      "f1-score": 0.29979879275653926,
      "support": 1000.0
    },
    "macro avg": {
      "precision": 0.28014252902605125,
      "recall": 0.32391739806812136,
      "f1-score": 0.28142177382536204,
      "support": 1000.0
    },
    "weighted avg": {
      "precision": 0.4116107358041703,
      "recall": 0.298,
      "f1-score": 0.2868589347011727,
      "support": 1000.0
    }
  },
  "accuracy": 0.298,