{
  "classification_report": {
    "optimism": {
      "precision": 0.25,
      "recall": 0.08695652173913043,
      "f1-score": 0.12903225806451613,
      "support": 23.0
    },
    "pride": {
      "precision": 0.0,
      "recall": 0.0,
      "f1-score": 0.0,
      "support": 2.0
    },
    "disapproval": {
      "precision": 0.11538461538461539,
      "recall": 0.07142857142857142,
      "f1-score": 0.08823529411764706,
      "support": 42.0
    },
    "grief": {
      "precision": 0.0,
      "recall": 0.0,
      "f1-score": 0.0,
      "support": 0.0
    },
    "fear": {
      "precision": 0.45454545454545453,
      "recall": 0.35714285714285715,
      "f1-score": 0.4,
      "support": 14.0
    },
    "joy": {
      "precision": 0.14285714285714285,
      "recall": 0.15,
      "f1-score": 0.14634146341463414,
      "support": 20.0
    },
    "confusion": {
      "precision": 0.20833333333333334,
      "recall": 0.23809523809523808,
      "f1-score": 0.2222222222222222,
      "support": 21.0
    },
    "annoyance": {
      "precision": 0.11428571428571428,
      "recall": 0.09523809523809523,
      "f1-score": 0.1038961038961039,
      "support": 42.0
    },
    "realization": {
      "precision": 0.0,
      "recall": 0.0,
      "f1-score": 0.0,
      "support": 19.0
    },
    "amusement": {
      "precision": 0.38596491228070173,
      "recall": 0.5365853658536586,
      "f1-score": 0.4489795918367347,
      "support": 41.0
    },
    "disappointment": {
      "precision": 0.1,
      "recall": 0.05263157894736842,
      "f1-score": 0.06896551724137931,
      "support": 19.0
    },
    "desire": {
      "precision": 0.125,
      "recall": 0.08333333333333333,
      "f1-score": 0.1,
      "support": 12.0
    },
    "remorse": {
      "precision": 0.25,
      "recall": 0.1,
      "f1-score": 0.14285714285714285,
      "support": 10.0
    },
    "nervousness": {
      "precision": 0.0,
      "recall": 0.0,
      "f1-score": 0.0,
      "support": 3.0
    },
    "love": {
      "precision": 0.30303030303030304,
      "recall": 0.2857142857142857,
      "f1-score": 0.29411764705882354,
      "support": 35.0
    },
    "caring": {
      "precision": 0.1,
      "recall": 0.05263157894736842,
      "f1-score": 0.06896551724137931,
      "support": 19.0
    },
    "excitement": {
      "precision": 0.23809523809523808,
      "recall": 0.4166666666666667,
      "f1-score": 0.30303030303030304,
      "support": 12.0
    },
    "disgust": {
      "precision": 0.36363636363636365,
      "recall": 0.23529411764705882,
      "f1-score": 0.2857142857142857,
      "support": 17.0
    },
    "sadness": {
      "precision": 0.4375,
      "recall": 0.3181818181818182,
      "f1-score": 0.3684210526315789,
      "support": 22.0
    },
    "curiosity": {
      "precision": 0.28,
      "recall": 0.18421052631578946,
      "f1-score": 0.2222222222222222,
      "support": 38.0
    },
    "gratitude": {
      "precision": 0.717391304347826,
      "recall": 0.5789473684210527,
      "f1-score": 0.6407766990291263,
      "support": 57.0
    },
    "embarrassment": {
      "precision": 0.25,
      "recall": 0.4,
      "f1-score": 0.3076923076923077,
      "support": 5.0
    },
    "relief": {
      "precision": 0.0,
      "recall": 0.0,
      "f1-score": 0.0,
      "support": 2.0
    },
    "anger": {
      "precision": 0.3,
      "recall": 0.41379310344827586,
      "f1-score": 0.34782608695652173,
      "support": 29.0
    },
    "surprise": {
      "precision": 0.23529411764705882,
      "recall": 0.21052631578947367,
      "f1-score": 0.2222222222222222,
      "support": 19.0
    },
    "approval": {
      "precision": 0.22448979591836735,
      "recall": 0.21568627450980393,
      "f1-score": 0.22,
      "support": 51.0
    },
    "admiration": {
      "precision": 0.421875,
      "recall": 0.35526315789473684,
      "f1-score": 0.38571428571428573,
      "support": 76.0
    },
    "neutral": {
      "precision": 0.5443786982248521,
      "recall": 0.26285714285714284,
      "f1-score": 0.35452793834296725,
      "support": 350.0
    },
    "micro avg": {
      "precision": 0.35939643347050754,
      "recall": 0.262,
      "f1-score": 0.30306535569693466,
      "support": 1000.0
    },
    "macro avg": {
      "precision": 0.2343593569138204,
      "recall": 0.2036137113632759,
      "f1-score": 0.20970572005380012,
      "support": 1000.0
    },
    "weighted avg": {
      "precision": 0.38188243266911864,
      "recall": 0.262,
      "f1-score": 0.30021648894038255,
      "support": 1000.0
    }
  },
  "accuracy": 0.262,