{
  "classification_report": {
    "caring": {
      "precision": 0.0,
      "recall": 0.0,
      "f1-score": 0.0,
      "support": 19.0
    },
    "neutral": {
      "precision": 0.5959595959595959,
      "recall": 0.16857142857142857,
      "f1-score": 0.26280623608017817,
      "support": 350.0
    },
    "annoyance": {
      "precision": 0.14814814814814814,
      "recall": 0.09523809523809523,
      "f1-score": 0.11594202898550725,
      "support": 42.0
    },
    "fear": {
      "precision": 0.5,
      "recall": 0.14285714285714285,
      "f1-score": 0.2222222222222222,
      "support": 14.0
    },
    "disapproval": {
      "precision": 0.12345679012345678,
      "recall": 0.23809523809523808,
      "f1-score": 0.16260162601626016,
      "support": 42.0
    },
    "nervousness": {
      "precision": 0.6666666666666666,
      "recall": 0.6666666666666666,
      "f1-score": 0.6666666666666666,
      "support": 3.0
    },
    "embarrassment": {
      "precision": 0.6666666666666666,
      "recall": 0.4,
      "f1-score": 0.5,
      "support": 5.0
    },
    "relief": {
      "precision": 0.0,
      "recall": 0.0,
      "f1-score": 0.0,
      "support": 2.0
    },
    "pride": {
      "precision": 0.0,
      "recall": 0.0,
      "f1-score": 0.0,
      "support": 2.0
    },
    "disgust": {
      "precision": 0.3333333333333333,
      "recall": 0.35294117647058826,
      "f1-score": 0.34285714285714286,
      "support": 17.0
    },
    "approval": {
      "precision": 0.21568627450980393,
      "recall": 0.21568627450980393,
      "f1-score": 0.21568627450980393,
      "support": 51.0
    },
    "admiration": {
      "precision": 0.4606741573033708,
      "recall": 0.5394736842105263,
      "f1-score": 0.49696969696969695,
      "support": 76.0
    },
    "grief": {
      "precision": 0.0,
      "recall": 0.0,
      "f1-score": 0.0,
      "support": 0.0
    },
    "remorse": {
      "precision": 0.5,
      "recall": 0.1,
      "f1-score": 0.16666666666666666,
      "support": 10.0
    },
    "sadness": {
      "precision": 0.2962962962962963,
      "recall": 0.36363636363636365,
      "f1-score": 0.32653061224489793,
      "support": 22.0
    },
    "confusion": {
      "precision": 0.07692307692307693,
      "recall": 0.14285714285714285,
      "f1-score": 0.1,
      "support": 21.0
    },
    "realization": {
      "precision": 0.08333333333333333,
      "recall": 0.05263157894736842,
      "f1-score": 0.06451612903225806,
      "support": 19.0
    },
    "disappointment": {
      "precision": 0.050955414012738856,
      "recall": 0.42105263157894735,
      "f1-score": 0.09090909090909091,
      "support": 19.0
    },
    "excitement": {
      "precision": 0.2857142857142857,
      "recall": 0.3333333333333333,
      "f1-score": 0.3076923076923077,
      "support": 12.0
    },
    "surprise": {
      "precision": 0.16666666666666666,
      "recall": 0.2631578947368421,
      "f1-score": 0.20408163265306123,
      "support": 19.0
    },
    "anger": {
      "precision": 0.25,
      "recall": 0.5172413793103449,
      "f1-score": 0.33707865168539325,
      "support": 29.0
    },
    "desire": {
      "precision": 0.14285714285714285,
      "recall": 0.08333333333333333,
      "f1-score": 0.10526315789473684,
      "support": 12.0
    },
    "optimism": {
      "precision": 0.21212121212121213,
      "recall": 0.30434782608695654,
      "f1-score": 0.25,
      "support": 23.0
    },
    "gratitude": {
      "precision": 0.6862745098039216,
      "recall": 0.6140350877192983,
      "f1-score": 0.6481481481481481,
      "support": 57.0
    },
    "love": {
      "precision": 0.47368421052631576,
      "recall": 0.5142857142857142,
      "f1-score": 0.4931506849315068,
      "support": 35.0
    },
    "curiosity": {
      "precision": 0.2318840579710145,
      "recall": 0.42105263157894735,
      "f1-score": 0.29906542056074764,
      "support": 38.0
    },
    "joy": {
      "precision": 0.4,
      "recall": 0.2,
      "f1-score": 0.26666666666666666,
      "support": 20.0
    },
    "amusement": {
      "precision": 0.5306122448979592,
      "recall": 0.6341463414634146,
      "f1-score": 0.5777777777777777,
      "support": 41.0
    },
    "micro avg": {
      "precision": 0.2945973496432212,
      "recall": 0.289,
      "f1-score": 0.2917718324078748,
      "support": 1000.0
    },
    "macro avg": {
      "precision": 0.28921121727982163,
      "recall": 0.2780228916245534,
      "f1-score": 0.2579749586132406,
      "support": 1000.0
    },
    "weighted avg": {
      "precision": 0.4143914936410718,
      "recall": 0.289,
      "f1-score": 0.298743539089363,
      "support": 1000.0
    }
  },
  "accuracy": 0.289,