{
  "classification_report": {
    "love": {
      "precision": 0.49056603773584906,
      "recall": 0.7428571428571429,
      "f1-score": 0.5909090909090909,
      "support": 35.0
    },
    "sadness": {
      "precision": 0.4166666666666667,
      "recall": 0.45454545454545453,
      "f1-score": 0.43478260869565216,
      "support": 22.0
    },
    "neutral": {
      "precision": 0.5563380281690141,
      "recall": 0.4514285714285714,
      "f1-score": 0.49842271293375395,
      "support": 350.0
    },
    "relief": {
      "precision": 0.0,
      "recall": 0.0,
      "f1-score": 0.0,
      "support": 2.0
    },
    "embarrassment": {
      "precision": 0.3333333333333333,
      "recall": 0.2,
      "f1-score": 0.25,
      "support": 5.0
    },
    "fear": {
      "precision": 0.5,
      "recall": 0.21428571428571427,
      "f1-score": 0.3,
      "support": 14.0
    },
    "realization": {
      "precision": 0.16666666666666666,
      "recall": 0.10526315789473684,
      "f1-score": 0.12903225806451613,
      "support": 19.0
    },
    "annoyance": {
      "precision": 0.10344827586206896,
      "recall": 0.07142857142857142,
      "f1-score": 0.08450704225352113,
      "support": 42.0
    },
    "anger": {
      "precision": 0.375,
      "recall": 0.3103448275862069,
      "f1-score": 0.33962264150943394,
      "support": 29.0
    },
    "desire": {
      "precision": 0.2222222222222222,
      "recall": 0.16666666666666666,
      "f1-score": 0.19047619047619047,
      "support": 12.0
    },
    "excitement": {
      "precision": 0.16666666666666666,
      "recall": 0.25,
      "f1-score": 0.2,
      "support": 12.0
    },
    "gratitude": {
      "precision": 0.8392857142857143,
      "recall": 0.8245614035087719,
      "f1-score": 0.831858407079646,
      "support": 57.0
    },
    "approval": {
      "precision": 0.3953488372093023,
      "recall": 0.3333333333333333,
      "f1-score": 0.3617021276595745,
      "support": 51.0
    },
    "disapproval": {
      "precision": 0.11594202898550725,
      "recall": 0.19047619047619047,
      "f1-score": 0.14414414414414414,
      "support": 42.0
    },
    "admiration": {
      "precision": 0.6904761904761905,
      "recall": 0.3815789473684211,
      "f1-score": 0.4915254237288136,
      "support": 76.0
    },
    "confusion": {
      "precision": 0.30434782608695654,
      "recall": 0.3333333333333333,
      "f1-score": 0.3181818181818182,
      "support": 21.0
    },
    "grief": {
      "precision": 0.0,
      "recall": 0.0,
      "f1-score": 0.0,
      "support": 0.0
    },
    "nervousness": {
      "precision": 0.0,
      "recall": 0.0,
      "f1-score": 0.0,
      "support": 3.0
    },
    "disappointment": {
      "precision": 0.038461538461538464,
      "recall": 0.05263157894736842,
      "f1-score": 0.044444444444444446,
      "support": 19.0
    },
    "optimism": {
      "precision": 0.2777777777777778,
      "recall": 0.21739130434782608,
      "f1-score": 0.24390243902439024,
      "support": 23.0
    },
    "curiosity": {
      "precision": 0.3235294117647059,
      "recall": 0.2894736842105263,
      "f1-score": 0.3055555555555556,
      "support": 38.0
    },
    "pride": {
      "precision": 0.0,
      "recall": 0.0,
      "f1-score": 0.0,
      "support": 2.0
    },
    "joy": {
      "precision": 0.2962962962962963,
      "recall": 0.4,
      "f1-score": 0.3404255319148936,
      "support": 20.0
    },
    "surprise": {
      "precision": 0.17647058823529413,
      "recall": 0.15789473684210525,
      "f1-score": 0.16666666666666666,
      "support": 19.0
    },
    "caring": {
      "precision": 0.09090909090909091,
      "recall": 0.10526315789473684,
      "f1-score": 0.0975609756097561,
      "support": 19.0
    },
    "remorse": {
      "precision": 1.0,
      "recall": 0.2,
      "f1-score": 0.3333333333333333,
      "support": 10.0
    },
    "amusement": {
      "precision": 0.35,
      "recall": 0.5121951219512195,
      "f1-score": 0.4158415841584158,
      "support": 41.0
    },
    "disgust": {
      "precision": 0.3076923076923077,
      "recall": 0.23529411764705882,
      "f1-score": 0.26666666666666666,
      "support": 17.0
    },
    "micro avg": {
      "precision": 0.4170305676855895,
      "recall": 0.382,
      "f1-score": 0.3987473903966597,
      "support": 1000.0
    },
    "macro avg": {
      "precision": 0.30490876805368466,
      "recall": 0.2571516791626413,
      "f1-score": 0.26355577367893845,
      "support": 1000.0
    },
    "weighted avg": {
      "precision": 0.4445144367133067,
      "recall": 0.382,
      "f1-score": 0.4014455259325663,
      "support": 1000.0
    }
  },
  "accuracy": 0.382,