{
  "classification_report": {
    "grief": {
      "precision": 0.0,
      "recall": 0.0,
      "f1-score": 0.0,
      "support": 0.0
    },
    "curiosity": {
      "precision": 0.21428571428571427,
      "recall": 0.07894736842105263,
      "f1-score": 0.11538461538461539,
      "support": 38.0
    },
    "nervousness": {
      "precision": 0.0,
      "recall": 0.0,
      "f1-score": 0.0,
      "support": 3.0
    },
    "remorse": {
      "precision": 0.0,
      "recall": 0.0,
      "f1-score": 0.0,
      "support": 10.0
    },
    "admiration": {
      "precision": 0.42857142857142855,
      "recall": 0.27631578947368424,
      "f1-score": 0.336,
      "support": 76.0
    },
    "fear": {
      "precision": 0.3333333333333333,
      "recall": 0.07142857142857142,
      "f1-score": 0.11764705882352941,
      "support": 14.0
    },
    "annoyance": {
      "precision": 0.3684210526315789,
      "recall": 0.16666666666666666,
      "f1-score": 0.22950819672131148,
      "support": 42.0
    },
    "caring": {
      "precision": 0.15384615384615385,
      "recall": 0.10526315789473684,
      "f1-score": 0.125,
      "support": 19.0
    },
    "love": {
      "precision": 0.375,
      "recall": 0.17142857142857143,
      "f1-score": 0.23529411764705882,
      "support": 35.0
    },
    "confusion": {
      "precision": 0.16666666666666666,
      "recall": 0.14285714285714285,
      "f1-score": 0.15384615384615385,
      "support": 21.0
    },
    "amusement": {
      "precision": 0.3870967741935484,
      "recall": 0.2926829268292683,
      "f1-score": 0.3333333333333333,
      "support": 41.0
    },
    "anger": {
      "precision": 0.36363636363636365,
      "recall": 0.27586206896551724,
      "f1-score": 0.3137254901960784,
      "support": 29.0
    },
    "gratitude": {
      "precision": 0.7058823529411765,
      "recall": 0.42105263157894735,
      "f1-score": 0.5274725274725275,
      "support": 57.0
    },
    "disappointment": {
      "precision": 0.043478260869565216,
      "recall": 0.05263157894736842,
      "f1-score": 0.047619047619047616,
      "support": 19.0
    },
    "disapproval": {
      "precision": 0.19230769230769232,
      "recall": 0.11904761904761904,
      "f1-score": 0.14705882352941177,
      "support": 42.0
    },
    "realization": {
      "precision": 0.0,
      "recall": 0.0,
      "f1-score": 0.0,
      "support": 19.0
    },
    "optimism": {
      "precision": 0.2,
      "recall": 0.13043478260869565,
      "f1-score": 0.15789473684210525,
      "support": 23.0
    },
    "relief": {
      "precision": 0.0,
      "recall": 0.0,
      "f1-score": 0.0,
      "support": 2.0
    },
    "approval": {
      "precision": 0.42857142857142855,
      "recall": 0.11764705882352941,
      "f1-score": 0.18461538461538463,
      "support": 51.0
    },
    "excitement": {
      "precision": 0.25,
      "recall": 0.25,
      "f1-score": 0.25,
      "support": 12.0
    },
    "joy": {
      "precision": 0.15789473684210525,
      "recall": 0.15,
      "f1-score": 0.15384615384615385,
      "support": 20.0
    },
    "surprise": {
      "precision": 0.14285714285714285,
      "recall": 0.10526315789473684,
      "f1-score": 0.12121212121212122,
      "support": 19.0
    },
    "sadness": {
      "precision": 0.375,
      "recall": 0.2727272727272727,
      "f1-score": 0.3157894736842105,
      "support": 22.0
    },
    "embarrassment": {
      "precision": 0.0,
      "recall": 0.0,
      "f1-score": 0.0,
      "support": 5.0
    },
    "desire": {
      "precision": 0.0,
      "recall": 0.0,
      "f1-score": 0.0,
      "support": 12.0
    },
    "pride": {
      "precision": 0.0,
      "recall": 0.0,
      "f1-score": 0.0,
      "support": 2.0
    },
    "disgust": {
      "precision": 0.2222222222222222,
      "recall": 0.11764705882352941,
      "f1-score": 0.15384615384615385,
      "support": 17.0
    },
    "neutral": {
      "precision": 0.5104895104895105,
      "recall": 0.20857142857142857,
      "f1-score": 0.2961460446247465,
      "support": 350.0
    },
    "micro avg": {
      "precision": 0.36450381679389315,
      "recall": 0.191,
      "f1-score": 0.25065616797900264,
      "support": 1000.0
    },
    "macro avg": {
      "precision": 0.21498431550948685,
      "recall": 0.12594553046386925,
      "f1-score": 0.15411569404442657,
      "support": 1000.0
    },
    "weighted avg": {
      "precision": 0.38198586971041465,
      "recall": 0.191,
      "f1-score": 0.2496007398579453,
      "support": 1000.0
    }
  },
  "accuracy": 0.191,