{
  "classification_report": {
    "anger": {
      "precision": 0.17543859649122806,
      "recall": 0.3448275862068966,
      "f1-score": 0.23255813953488372,
      "support": 29.0
    },
    "grief": {
      "precision": 0.0,
      "recall": 0.0,
      "f1-score": 0.0,
      "support": 0.0
    },
    "disappointment": {
      "precision": 0.06666666666666667,
      "recall": 0.10526315789473684,
      "f1-score": 0.08163265306122448,
      "support": 19.0
    },
    "relief": {
      "precision": 0.0,
      "recall": 0.0,
      "f1-score": 0.0,
      "support": 2.0
    },
    "excitement": {
      "precision": 0.14285714285714285,
      "recall": 0.3333333333333333,
      "f1-score": 0.2,
      "support": 12.0
    },
    "gratitude": {
      "precision": 1.0,
      "recall": 0.43859649122807015,
      "f1-score": 0.6097560975609756,
      "support": 57.0
    },
    "remorse": {
      "precision": 0.16,
      "recall": 0.4,
      "f1-score": 0.22857142857142856,
      "support": 10.0
    },
    "nervousness": {
      "precision": 0.1111111111111111,
      "recall": 0.3333333333333333,
      "f1-score": 0.16666666666666666,
      "support": 3.0
    },
    "approval": {
      "precision": 0.14893617021276595,
      "recall": 0.13725490196078433,
      "f1-score": 0.14285714285714285,
      "support": 51.0
    },
    "optimism": {
      "precision": 0.10909090909090909,
      "recall": 0.2608695652173913,
      "f1-score": 0.15384615384615385,
      "support": 23.0
    },
    "annoyance": {
      "precision": 0.1134020618556701,
      "recall": 0.2619047619047619,
      "f1-score": 0.15827338129496402,
      "support": 42.0
    },
    "amusement": {
      "precision": 0.5185185185185185,
      "recall": 0.34146341463414637,
      "f1-score": 0.4117647058823529,
      "support": 41.0
    },
    "curiosity": {
      "precision": 0.20689655172413793,
      "recall": 0.47368421052631576,
      "f1-score": 0.288,
      "support": 38.0
    },
    "embarrassment": {
      "precision": 0.1111111111111111,
      "recall": 0.4,
      "f1-score": 0.17391304347826086,
      "support": 5.0
    },
    "disapproval": {
      "precision": 0.15037593984962405,
      "recall": 0.47619047619047616,
      "f1-score": 0.22857142857142856,
      "support": 42.0
    },
    "admiration": {
      "precision": 0.5873015873015873,
      "recall": 0.4868421052631579,
      "f1-score": 0.5323741007194245,
      "support": 76.0
    },
    "disgust": {
      "precision": 0.3,
      "recall": 0.35294117647058826,
      "f1-score": 0.32432432432432434,
      "support": 17.0
    },
    "sadness": {
      "precision": 0.3076923076923077,
      "recall": 0.18181818181818182,
      "f1-score": 0.22857142857142856,
      "support": 22.0
    },
    "joy": {
      "precision": 0.06521739130434782,
      "recall": 0.15,
      "f1-score": 0.09090909090909091,
      "support": 20.0
    },
    "desire": {
      "precision": 0.2857142857142857,
      "recall": 0.3333333333333333,
      "f1-score": 0.3076923076923077,
      "support": 12.0
    },
    "surprise": {
      "precision": 0.3076923076923077,
      "recall": 0.21052631578947367,
      "f1-score": 0.25,
      "support": 19.0
    },
    "neutral": {
      "precision": 0.6617647058823529,
      "recall": 0.12857142857142856,
      "f1-score": 0.215311004784689,
      "support": 350.0
    },
    "pride": {
      "precision": 0.0,
      "recall": 0.0,
      "f1-score": 0.0,
      "support": 2.0
    },
    "love": {
      "precision": 0.47058823529411764,
      "recall": 0.22857142857142856,
      "f1-score": 0.3076923076923077,
      "support": 35.0
    },
    "realization": {
      "precision": 0.047619047619047616,
      "recall": 0.10526315789473684,
      "f1-score": 0.06557377049180328,
      "support": 19.0
    },
    "caring": {
      "precision": 0.125,
      "recall": 0.05263157894736842,
      "f1-score": 0.07407407407407407,
      "support": 19.0
    },
    "confusion": {
      "precision": 0.25,
      "recall": 0.3333333333333333,
      "f1-score": 0.2857142857142857,
      "support": 21.0
    },
    "fear": {
      "precision": 0.35714285714285715,
      "recall": 0.35714285714285715,
      "f1-score": 0.35714285714285715,
      "support": 14.0
    },
    "micro avg": {
      "precision": 0.25125628140703515,
      "recall": 0.25,
      "f1-score": 0.2506265664160401,
      "support": 1000.0
    },
    "macro avg": {
      "precision": 0.24214776804043203,
      "recall": 0.2581320046273619,
      "f1-score": 0.2184210854800741,
      "support": 1000.0
    },
    "weighted avg": {
      "precision": 0.4465636221582709,
      "recall": 0.25,
      "f1-score": 0.26504899189637116,
      "support": 1000.0
    }
  },
  "accuracy": 0.25,