{
  "classification_report": {
    "optimism": {
      "precision": 0.23809523809523808,
      "recall": 0.21739130434782608,
      "f1-score": 0.22727272727272727,
      "support": 23.0
    },
    "excitement": {
      "precision": 0.2,
      "recall": 0.25,
      "f1-score": 0.2222222222222222,
      "support": 12.0
    },
    "remorse": {
      "precision": 0.3333333333333333,
      "recall": 0.3,
      "f1-score": 0.3157894736842105,
      "support": 10.0
    },
    "sadness": {
      "precision": 0.6153846153846154,
      "recall": 0.36363636363636365,
      "f1-score": 0.45714285714285713,
      "support": 22.0
    },
    "caring": {
      "precision": 0.06666666666666667,
      "recall": 0.05263157894736842,
      "f1-score": 0.058823529411764705,
      "support": 19.0
    },
    "desire": {
      "precision": 0.0,
      "recall": 0.0,
      "f1-score": 0.0,
      "support": 12.0
    },
    "gratitude": {
      "precision": 0.8857142857142857,
      "recall": 0.543859649122807,
      "f1-score": 0.6739130434782609,
      "support": 57.0
    },
    "neutral": {
      "precision": 0.5346534653465347,
      "recall": 0.46285714285714286,
      "f1-score": 0.49617151607963245,
      "support": 350.0
    },
    "relief": {
      "precision": 0.5,
      "recall": 0.5,
      "f1-score": 0.5,
      "support": 2.0
    },
    "joy": {
      "precision": 0.1875,
      "recall": 0.15,
      "f1-score": 0.16666666666666666,
      "support": 20.0
    },
    "admiration": {
      "precision": 0.48936170212765956,
      "recall": 0.3026315789473684,
      "f1-score": 0.37398373983739835,
      "support": 76.0
    },
    "nervousness": {
      "precision": 0.0,
      "recall": 0.0,
      "f1-score": 0.0,
      "support": 3.0
    },
    "curiosity": {
      "precision": 0.2,
      "recall": 0.10526315789473684,
      "f1-score": 0.13793103448275862,
      "support": 38.0
    },
    "embarrassment": {
      "precision": 0.5,
      "recall": 0.2,
      "f1-score": 0.2857142857142857,
      "support": 5.0
    },
    "surprise": {
      "precision": 0.2,
      "recall": 0.21052631578947367,
      "f1-score": 0.20512820512820512,
      "support": 19.0
    },
    "pride": {
      "precision": 0.0,
      "recall": 0.0,
      "f1-score": 0.0,
      "support": 2.0
    },
    "fear": {
      "precision": 0.5555555555555556,
      "recall": 0.35714285714285715,
      "f1-score": 0.43478260869565216,
      "support": 14.0
    },
    "disapproval": {
      "precision": 0.14893617021276595,
      "recall": 0.16666666666666666,
      "f1-score": 0.15730337078651685,
      "support": 42.0
    },
    "disgust": {
      "precision": 0.375,
      "recall": 0.35294117647058826,
      "f1-score": 0.36363636363636365,
      "support": 17.0
    },
    "annoyance": {
      "precision": 0.20512820512820512,
      "recall": 0.19047619047619047,
      "f1-score": 0.19753086419753085,
      "support": 42.0
    },
    "grief": {
      "precision": 0.0,
      "recall": 0.0,
      "f1-score": 0.0,
      "support": 0.0
    },
    "approval": {
      "precision": 0.25806451612903225,
      "recall": 0.1568627450980392,
      "f1-score": 0.1951219512195122,
      "support": 51.0
    },
    "realization": {
      "precision": 0.08333333333333333,
      "recall": 0.05263157894736842,
      "f1-score": 0.06451612903225806,
      "support": 19.0
    },
    "anger": {
      "precision": 0.4,
      "recall": 0.3448275862068966,
      "f1-score": 0.37037037037037035,
      "support": 29.0
    },
    "disappointment": {
      "precision": 0.0,
      "recall": 0.0,
      "f1-score": 0.0,
      "support": 19.0
    },
    "amusement": {
      "precision": 0.45652173913043476,
      "recall": 0.5121951219512195,
      "f1-score": 0.4827586206896552,
      "support": 41.0
    },
    "love": {
      "precision": 0.34375,
      "recall": 0.3142857142857143,
      "f1-score": 0.3283582089552239,
      "support": 35.0
    },
    "confusion": {
      "precision": 0.2631578947368421,
      "recall": 0.23809523809523808,
      "f1-score": 0.25,
      "support": 21.0
    },
    "micro avg": {
      "precision": 0.3954599761051374,
      "recall": 0.331,
      "f1-score": 0.3603701687534023,
      "support": 1000.0
    },
    "macro avg": {
      "precision": 0.28714845431766073,
      "recall": 0.22660435596013803,
      "f1-score": 0.24875492102514543,
      "support": 1000.0
    },
    "weighted avg": {
      "precision": 0.4111136308251896,
      "recall": 0.331,
      "f1-score": 0.36324840238935263,
      "support": 1000.0
    }
  },
  "accuracy": 0.331,