{
  "classification_report": {
    "excitement": {
      "precision": 0.2,
      "recall": 0.25,
      "f1-score": 0.2222222222222222,
      "support": 12.0
    },
    "grief": {
      "precision": 0.0,
      "recall": 0.0,
      "f1-score": 0.0,
      "support": 0.0
    },
    "optimism": {
      "precision": 0.3333333333333333,
      "recall": 0.13043478260869565,
      "f1-score": 0.1875,
      "support": 23.0
    },
    "amusement": {
      "precision": 0.4090909090909091,
      "recall": 0.43902439024390244,
      "f1-score": 0.4235294117647059,
      "support": 41.0
    },
    "remorse": {
      "precision": 0.6,
      "recall": 0.3,
      "f1-score": 0.4,
      "support": 10.0
    },
    "embarrassment": {
      "precision": 0.0,
      "recall": 0.0,
      "f1-score": 0.0,
      "support": 5.0
    },
    "disgust": {
      "precision": 0.2857142857142857,
      "recall": 0.23529411764705882,
      "f1-score": 0.25806451612903225,
      "support": 17.0
    },
    "caring": {
      "precision": 0.1875,
      "recall": 0.15789473684210525,
      "f1-score": 0.17142857142857143,
      "support": 19.0
    },
    "neutral": {
      "precision": 0.5495867768595041,
      "recall": 0.38,
      "f1-score": 0.44932432432432434,
      "support": 350.0
    },
    "confusion": {
      "precision": 0.24,
      "recall": 0.2857142857142857,
      "f1-score": 0.2608695652173913,
      "support": 21.0
    },
    "nervousness": {
      "precision": 0.0,
      "recall": 0.0,
      "f1-score": 0.0,
      "support": 3.0
    },
    "sadness": {
      "precision": 0.38095238095238093,
      "recall": 0.36363636363636365,
      "f1-score": 0.37209302325581395,
      "support": 22.0
    },
    "admiration": {
      "precision": 0.6216216216216216,
      "recall": 0.3026315789473684,
      "f1-score": 0.40707964601769914,
      "support": 76.0
    },
    "relief": {
      "precision": 0.0,
      "recall": 0.0,
      "f1-score": 0.0,
      "support": 2.0
    },
    "joy": {
      "precision": 0.1891891891891892,
      "recall": 0.35,
      "f1-score": 0.24561403508771928,
      "support": 20.0
    },
    "pride": {
      "precision": 0.0,
      "recall": 0.0,
      "f1-score": 0.0,
      "support": 2.0
    },
    "gratitude": {
      "precision": 1.0,
      "recall": 0.631578947368421,
      "f1-score": 0.7741935483870968,
      "support": 57.0
    },
    "desire": {
      "precision": 0.16666666666666666,
      "recall": 0.08333333333333333,
      "f1-score": 0.1111111111111111,
      "support": 12.0
    },
    "realization": {
      "precision": 0.125,
      "recall": 0.10526315789473684,
      "f1-score": 0.11428571428571428,
      "support": 19.0
    },
    "curiosity": {
      "precision": 0.13333333333333333,
      "recall": 0.10526315789473684,
      "f1-score": 0.11764705882352941,
      "support": 38.0
    },
    "fear": {
      "precision": 0.5,
      "recall": 0.2857142857142857,
      "f1-score": 0.36363636363636365,
      "support": 14.0
    },
    "disapproval": {
      "precision": 0.125,
      "recall": 0.09523809523809523,
      "f1-score": 0.10810810810810811,
      "support": 42.0
    },
    "disappointment": {
      "precision": 0.047619047619047616,
      "recall": 0.05263157894736842,
      "f1-score": 0.05,
      "support": 19.0
    },
    "approval": {
      "precision": 0.2545454545454545,
      "recall": 0.27450980392156865,
      "f1-score": 0.2641509433962264,
      "support": 51.0
    },
    "anger": {
      "precision": 0.3,
      "recall": 0.20689655172413793,
      "f1-score": 0.24489795918367346,
      "support": 29.0
    },
    "surprise": {
      "precision": 0.2916666666666667,
      "recall": 0.3684210526315789,
      "f1-score": 0.32558139534883723,
      "support": 19.0
    },
    "love": {
      "precision": 0.7027027027027027,
      "recall": 0.7428571428571429,
      "f1-score": 0.7222222222222222,
      "support": 35.0
    },
    "annoyance": {
      "precision": 0.08333333333333333,
      "recall": 0.047619047619047616,
      "f1-score": 0.06060606060606061,
      "support": 42.0
    },
    "micro avg": {
      "precision": 0.4076923076923077,
      "recall": 0.318,
      "f1-score": 0.35730337078651686,
      "support": 1000.0
    },
    "macro avg": {
      "precision": 0.2759591322010153,
      "recall": 0.22121272895657976,
      "f1-score": 0.23764877859130082,
      "support": 1000.0
    },
    "weighted avg": {
      "precision": 0.43297689611985074,
      "recall": 0.318,
      "f1-score": 0.36003511666812665,
      "support": 1000.0
    }
  },
  "accuracy": 0.318,