{
  "classification_report": {
    "admiration": {
      "precision": 0.5060240963855421,
      "recall": 0.5526315789473685,
      "f1-score": 0.5283018867924528,
      "support": 76.0
    },
    "grief": {
      "precision": 0.0,
      "recall": 0.0,
      "f1-score": 0.0,
      "support": 0.0
    },
    "approval": {
      "precision": 0.21875,
      "recall": 0.27450980392156865,
      "f1-score": 0.24347826086956523,
      "support": 51.0
    },
    "nervousness": {
      "precision": 0.5,
      "recall": 0.3333333333333333,
      "f1-score": 0.4,
      "support": 3.0
    },
    "gratitude": {
      "precision": 0.775,
      "recall": 0.543859649122807,
      "f1-score": 0.6391752577319587,
      "support": 57.0
    },
    "amusement": {
      "precision": 0.5098039215686274,
      "recall": 0.6341463414634146,
      "f1-score": 0.5652173913043478,
      "support": 41.0
    },
    "neutral": {
      "precision": 0.5074626865671642,
      "recall": 0.2914285714285714,
      "f1-score": 0.3702359346642468,
      "support": 350.0
    },
    "pride": {
      "precision": 0.0,
      "recall": 0.0,
      "f1-score": 0.0,
      "support": 2.0
    },
    "disapproval": {
      "precision": 0.14084507042253522,
      "recall": 0.23809523809523808,
      "f1-score": 0.17699115044247787,
      "support": 42.0
    },
    "embarrassment": {
      "precision": 0.15384615384615385,
      "recall": 0.4,
      "f1-score": 0.2222222222222222,
      "support": 5.0
    },
    "joy": {
      "precision": 0.35294117647058826,
      "recall": 0.3,
      "f1-score": 0.32432432432432434,
      "support": 20.0
    },
    "fear": {
      "precision": 0.5,
      "recall": 0.42857142857142855,
      "f1-score": 0.46153846153846156,
      "support": 14.0
    },
    "optimism": {
      "precision": 0.3888888888888889,
      "recall": 0.30434782608695654,
      "f1-score": 0.34146341463414637,
      "support": 23.0
    },
    "excitement": {
      "precision": 0.3333333333333333,
      "recall": 0.3333333333333333,
      "f1-score": 0.3333333333333333,
      "support": 12.0
    },
    "curiosity": {
      "precision": 0.3611111111111111,
      "recall": 0.34210526315789475,
      "f1-score": 0.35135135135135137,
      "support": 38.0
    },
    "disgust": {
      "precision": 0.35294117647058826,
      "recall": 0.35294117647058826,
      "f1-score": 0.35294117647058826,
      "support": 17.0
    },
    "caring": {
      "precision": 0.25,
      "recall": 0.15789473684210525,
      "f1-score": 0.1935483870967742,
      "support": 19.0
    },
    "love": {
      "precision": 0.5789473684210527,
      "recall": 0.6285714285714286,
      "f1-score": 0.6027397260273972,
      "support": 35.0
    },
    "annoyance": {
      "precision": 0.13043478260869565,
      "recall": 0.14285714285714285,
      "f1-score": 0.13636363636363635,
      "support": 42.0
    },
    "disappointment": {
      "precision": 0.05,
      "recall": 0.05263157894736842,
      "f1-score": 0.05128205128205128,
      "support": 19.0
    },
    "sadness": {
      "precision": 0.30303030303030304,
      "recall": 0.45454545454545453,
      "f1-score": 0.36363636363636365,
      "support": 22.0
    },
    "confusion": {
      "precision": 0.07142857142857142,
      "recall": 0.14285714285714285,
      "f1-score": 0.09523809523809523,
      "support": 21.0
    },
    "relief": {
      "precision": 0.25,
      "recall": 0.5,
      "f1-score": 0.3333333333333333,
      "support": 2.0
    },
    "surprise": {
      "precision": 0.2222222222222222,
      "recall": 0.10526315789473684,
      "f1-score": 0.14285714285714285,
      "support": 19.0
    },
    "anger": {
      "precision": 0.22857142857142856,
      "recall": 0.5517241379310345,
      "f1-score": 0.32323232323232326,
      "support": 29.0
    },
    "remorse": {
      "precision": 0.375,
      "recall": 0.3,
      "f1-score": 0.3333333333333333,
      "support": 10.0
    },
    "realization": {
      "precision": 0.1111111111111111,
      "recall": 0.10526315789473684,
      "f1-score": 0.10810810810810811,
      "support": 19.0
    },
    "desire": {
      "precision": 0.23076923076923078,
      "recall": 0.25,
      "f1-score": 0.24,
      "support": 12.0
    },
    "micro avg": {
      "precision": 0.35962145110410093,
      "recall": 0.342,
      "f1-score": 0.35058944131214764,
      "support": 1000.0
    },
    "macro avg": {
      "precision": 0.3000879511866838,
      "recall": 0.3114611243669162,
      "f1-score": 0.2940802380781441,
      "support": 1000.0
    },
    "weighted avg": {
      "precision": 0.4068024172932823,
      "recall": 0.342,
      "f1-score": 0.3581526074424238,
      "support": 1000.0
    }
  },
  "accuracy": 0.342,