{
  "classification_report": {
    "embarrassment": {
      "precision": 0.16666666666666666,
      "recall": 0.2,
      "f1-score": 0.18181818181818182,
      "support": 5.0
    },
    "anger": {
      "precision": 0.2857142857142857,
      "recall": 0.3448275862068966,
      "f1-score": 0.3125,
      "support": 29.0
    },
    "excitement": {
      "precision": 0.17647058823529413,
      "recall": 0.25,
      "f1-score": 0.20689655172413793,
      "support": 12.0
    },
    "grief": {
      "precision": 0.0,
      "recall": 0.0,
      "f1-score": 0.0,
      "support": 0.0
    },
    "love": {
      "precision": 0.2682926829268293,
      "recall": 0.3142857142857143,
      "f1-score": 0.2894736842105263,
      "support": 35.0
    },
    "approval": {
      "precision": 0.2,
      "recall": 0.27450980392156865,
      "f1-score": 0.23140495867768596,
      "support": 51.0
    },
    "admiration": {
      "precision": 0.3950617283950617,
      "recall": 0.42105263157894735,
      "f1-score": 0.40764331210191085,
      "support": 76.0
    },
    "curiosity": {
      "precision": 0.13333333333333333,
      "recall": 0.10526315789473684,
      "f1-score": 0.11764705882352941,
      "support": 38.0
    },
    "neutral": {
      "precision": 0.5095541401273885,
      "recall": 0.22857142857142856,
      "f1-score": 0.3155818540433925,
      "support": 350.0
    },
    "joy": {
      "precision": 0.25,
      "recall": 0.15,
      "f1-score": 0.1875,
      "support": 20.0
    },
    "pride": {
      "precision": 0.0,
      "recall": 0.0,
      "f1-score": 0.0,
      "support": 2.0
    },
    "optimism": {
      "precision": 0.25,
      "recall": 0.21739130434782608,
      "f1-score": 0.23255813953488372,
      "support": 23.0
    },
    "disapproval": {
      "precision": 0.1836734693877551,
      "recall": 0.21428571428571427,
      "f1-score": 0.1978021978021978,
      "support": 42.0
    },
    "nervousness": {
      "precision": 1.0,
      "recall": 0.3333333333333333,
      "f1-score": 0.5,
      "support": 3.0
    },
    "fear": {
      "precision": 0.375,
      "recall": 0.42857142857142855,
      "f1-score": 0.4,
      "support": 14.0
    },
    "realization": {
      "precision": 0.08695652173913043,
      "recall": 0.10526315789473684,
      "f1-score": 0.09523809523809523,
      "support": 19.0
    },
    "desire": {
      "precision": 0.07692307692307693,
      "recall": 0.08333333333333333,
      "f1-score": 0.08,
      "support": 12.0
    },
    "annoyance": {
      "precision": 0.1774193548387097,
      "recall": 0.2619047619047619,
      "f1-score": 0.21153846153846154,
      "support": 42.0
    },
    "confusion": {
      "precision": 0.21739130434782608,
      "recall": 0.23809523809523808,
      "f1-score": 0.22727272727272727,
      "support": 21.0
    },
    "gratitude": {
      "precision": 0.7941176470588235,
      "recall": 0.47368421052631576,
      "f1-score": 0.5934065934065934,
      "support": 57.0
    },
    "disappointment": {
      "precision": 0.05263157894736842,
      "recall": 0.05263157894736842,
      "f1-score": 0.05263157894736842,
      "support": 19.0
    },
    "amusement": {
      "precision": 0.36363636363636365,
      "recall": 0.4878048780487805,
      "f1-score": 0.4166666666666667,
      "support": 41.0
    },
    "remorse": {
      "precision": 0.42857142857142855,
      "recall": 0.3,
      "f1-score": 0.35294117647058826,
      "support": 10.0
    },
    "surprise": {
      "precision": 0.2222222222222222,
      "recall": 0.10526315789473684,
      "f1-score": 0.14285714285714285,
      "support": 19.0
    },
    "caring": {
      "precision": 0.0625,
      "recall": 0.05263157894736842,
      "f1-score": 0.05714285714285714,
      "support": 19.0
    },
    "relief": {
      "precision": 0.0,
      "recall": 0.0,
      "f1-score": 0.0,
      "support": 2.0
    },
    "disgust": {
      "precision": 0.2777777777777778,
      "recall": 0.29411764705882354,
      "f1-score": 0.2857142857142857,
      "support": 17.0
    },
    "sadness": {
      "precision": 0.4,
      "recall": 0.36363636363636365,
      "f1-score": 0.38095238095238093,
      "support": 22.0
    },
    "micro avg": {
      "precision": 0.3132387706855792,
      "recall": 0.265,
      "f1-score": 0.28710725893824485,
      "support": 1000.0
    },
    "macro avg": {
      "precision": 0.2626397918160479,
      "recall": 0.22501635747447932,
      "f1-score": 0.23132813946227188,
      "support": 1000.0
    },
    "weighted avg": {
      "precision": 0.3699600680161264,
      "recall": 0.265,
      "f1-score": 0.293701122384109,
      "support": 1000.0
    }
  },
  "accuracy": 0.265,