{
  "classification_report": {
    "surprise": {
      "precision": 0.15151515151515152,
      "recall": 0.2631578947368421,
      "f1-score": 0.19230769230769232,
      "support": 19.0
    },
    "curiosity": {
      "precision": 0.1797752808988764,
      "recall": 0.42105263157894735,
      "f1-score": 0.25196850393700787,
      "support": 38.0
    },
    "remorse": {
      "precision": 0.3333333333333333,
      "recall": 0.3,
      "f1-score": 0.3157894736842105,
      "support": 10.0
    },
    "annoyance": {
      "precision": 0.28125,
      "recall": 0.21428571428571427,
      "f1-score": 0.24324324324324326,
      "support": 42.0
    },
    "nervousness": {
      "precision": 0.3333333333333333,
      "recall": 0.3333333333333333,
      "f1-score": 0.3333333333333333,
      "support": 3.0
    },
    "fear": {
      "precision": 1.0,
      "recall": 0.2857142857142857,
      "f1-score": 0.4444444444444444,
      "support": 14.0
    },
    "approval": {
      "precision": 0.16666666666666666,
      "recall": 0.11764705882352941,
      "f1-score": 0.13793103448275862,
      "support": 51.0
    },
    "excitement": {
      "precision": 0.25,
      "recall": 0.3333333333333333,
      "f1-score": 0.2857142857142857,
      "support": 12.0
    },
    "grief": {
      "precision": 0.0,
      "recall": 0.0,
      "f1-score": 0.0,
      "support": 0.0
    },
    "pride": {
      "precision": 0.0,
      "recall": 0.0,
      "f1-score": 0.0,
      "support": 2.0
    },
    "caring": {
      "precision": 0.45454545454545453,
      "recall": 0.2631578947368421,
      "f1-score": 0.3333333333333333,
      "support": 19.0
    },
    "anger": {
      "precision": 0.2653061224489796,
      "recall": 0.4482758620689655,
      "f1-score": 0.3333333333333333,
      "support": 29.0
    },
    "joy": {
      "precision": 0.2631578947368421,
      "recall": 0.25,
      "f1-score": 0.2564102564102564,
      "support": 20.0
    },
    "disappointment": {
      "precision": 0.056962025316455694,
      "recall": 0.47368421052631576,
      "f1-score": 0.1016949152542373,
      "support": 19.0
    },
    "neutral": {
      "precision": 0.6428571428571429,
      "recall": 0.07714285714285714,
      "f1-score": 0.1377551020408163,
      "support": 350.0
    },
    "admiration": {
      "precision": 0.4827586206896552,
      "recall": 0.5526315789473685,
      "f1-score": 0.5153374233128835,
      "support": 76.0
    },
    "disapproval": {
      "precision": 0.125,
      "recall": 0.2619047619047619,
      "f1-score": 0.16923076923076924,
      "support": 42.0
    },
    "gratitude": {
      "precision": 0.6511627906976745,
      "recall": 0.49122807017543857,
      "f1-score": 0.56,
      "support": 57.0
    },
    "amusement": {
      "precision": 0.3,
      "recall": 0.5121951219512195,
      "f1-score": 0.3783783783783784,
      "support": 41.0
    },
    "confusion": {
      "precision": 0.1282051282051282,
      "recall": 0.23809523809523808,
      "f1-score": 0.16666666666666666,
      "support": 21.0
    },
    "embarrassment": {
      "precision": 0.2857142857142857,
      "recall": 0.4,
      "f1-score": 0.3333333333333333,
      "support": 5.0
    },
    "relief": {
      "precision": 0.0,
      "recall": 0.0,
      "f1-score": 0.0,
      "support": 2.0
    },
    "optimism": {
      "precision": 0.16129032258064516,
      "recall": 0.21739130434782608,
      "f1-score": 0.18518518518518517,
      "support": 23.0
    },
    "love": {
      "precision": 0.5,
      "recall": 0.4,
      "f1-score": 0.4444444444444444,
      "support": 35.0
    },
    "desire": {
      "precision": 0.06666666666666667,
      "recall": 0.08333333333333333,
      "f1-score": 0.07407407407407407,
      "support": 12.0
    },
    "sadness": {
      "precision": 0.26666666666666666,
      "recall": 0.36363636363636365,
      "f1-score": 0.3076923076923077,
      "support": 22.0
    },
    "realization": {
      "precision": 0.1,
      "recall": 0.05263157894736842,
      "f1-score": 0.06896551724137931,
      "support": 19.0
    },
    "disgust": {
      "precision": 0.35,
      "recall": 0.4117647058823529,
      "f1-score": 0.3783783783783784,
      "support": 17.0
    },
    "micro avg": {
      "precision": 0.2589928057553957,
      "recall": 0.252,
      "f1-score": 0.2554485554992397,
      "support": 1000.0
    },
    "macro avg": {
      "precision": 0.2784345316740342,
      "recall": 0.27734275476793707,
      "f1-score": 0.2481766224805983,
      "support": 1000.0
    },
    "weighted avg": {
      "precision": 0.43023491689849397,
      "recall": 0.252,
      "f1-score": 0.2496519592908512,
      "support": 1000.0
    }
  },
  "accuracy": 0.252,