{
  "classification_report": {
    "optimism": {
      "precision": 0.13636363636363635,
      "recall": 0.13043478260869565,
      "f1-score": 0.13333333333333333,
      "support": 23.0
    },
    "surprise": {
      "precision": 0.05263157894736842,
      "recall": 0.05263157894736842,
      "f1-score": 0.05263157894736842,
      "support": 19.0
    },
    "embarrassment": {
      "precision": 0.0,
      "recall": 0.0,
      "f1-score": 0.0,
      "support": 5.0
    },
    "amusement": {
      "precision": 0.3333333333333333,
      "recall": 0.4146341463414634,
      "f1-score": 0.3695652173913043,
      "support": 41.0
    },
    "confusion": {
      "precision": 0.2,
      "recall": 0.23809523809523808,
      "f1-score": 0.21739130434782608,
      "support": 21.0
    },
    "realization": {
      "precision": 0.0,
      "recall": 0.0,
      "f1-score": 0.0,
      "support": 19.0
    },
    "annoyance": {
      "precision": 0.26666666666666666,
      "recall": 0.19047619047619047,
      "f1-score": 0.2222222222222222,
      "support": 42.0
    },
    "pride": {
      "precision": 0.0,
      "recall": 0.0,
      "f1-score": 0.0,
      "support": 2.0
    },
    "admiration": {
      "precision": 0.35,
      "recall": 0.27631578947368424,
      "f1-score": 0.3088235294117647,
      "support": 76.0
    },
    "gratitude": {
      "precision": 0.5365853658536586,
      "recall": 0.38596491228070173,
      "f1-score": 0.4489795918367347,
      "support": 57.0
    },
    "disappointment": {
      "precision": 0.0,
      "recall": 0.0,
      "f1-score": 0.0,
      "support": 19.0
    },
    "neutral": {
      "precision": 0.5061728395061729,
      "recall": 0.3514285714285714,
      "f1-score": 0.4148397976391231,
      "support": 350.0
    },
    "grief": {
      "precision": 0.0,
      "recall": 0.0,
      "f1-score": 0.0,
      "support": 0.0
    },
    "love": {
      "precision": 0.25,
      "recall": 0.2,
      "f1-score": 0.2222222222222222,
      "support": 35.0
    },
    "curiosity": {
      "precision": 0.2,
      "recall": 0.07894736842105263,
      "f1-score": 0.11320754716981132,
      "support": 38.0
    },
    "disgust": {
      "precision": 0.09090909090909091,
      "recall": 0.058823529411764705,
      "f1-score": 0.07142857142857142,
      "support": 17.0
    },
    "caring": {
      "precision": 0.10526315789473684,
      "recall": 0.10526315789473684,
      "f1-score": 0.10526315789473684,
      "support": 19.0
    },
    "nervousness": {
      "precision": 0.0,
      "recall": 0.0,
      "f1-score": 0.0,
      "support": 3.0
    },
    "joy": {
      "precision": 0.10714285714285714,
      "recall": 0.15,
      "f1-score": 0.125,
      "support": 20.0
    },
    "remorse": {
      "precision": 0.0,
      "recall": 0.0,
      "f1-score": 0.0,
      "support": 10.0
    },
    "approval": {
      "precision": 0.22916666666666666,
      "recall": 0.21568627450980393,
      "f1-score": 0.2222222222222222,
      "support": 51.0
    },
    "sadness": {
      "precision": 0.45454545454545453,
      "recall": 0.22727272727272727,
      "f1-score": 0.30303030303030304,
      "support": 22.0
    },
    "disapproval": {
      "precision": 0.125,
      "recall": 0.11904761904761904,
      "f1-score": 0.12195121951219512,
      "support": 42.0
    },
    "relief": {
      "precision": 0.0,
      "recall": 0.0,
      "f1-score": 0.0,
      "support": 2.0
    },
    "anger": {
      "precision": 0.2564102564102564,
      "recall": 0.3448275862068966,
      "f1-score": 0.29411764705882354,
      "support": 29.0
    },
    "desire": {
      "precision": 0.0,
      "recall": 0.0,
      "f1-score": 0.0,
      "support": 12.0
    },
    "fear": {
      "precision": 0.2222222222222222,
      "recall": 0.14285714285714285,
      "f1-score": 0.17391304347826086,
      "support": 14.0
    },
    "excitement": {
      "precision": 0.18181818181818182,
      "recall": 0.16666666666666666,
      "f1-score": 0.17391304347826086,
      "support": 12.0
    },
    "micro avg": {
      "precision": 0.3087330873308733,
      "recall": 0.251,
      "f1-score": 0.27688913403199117,
      "support": 1000.0
    },
    "macro avg": {
      "precision": 0.16443683243858223,
      "recall": 0.1374776172121544,
      "f1-score": 0.14621626973661012,
      "support": 1000.0
    },
    "weighted avg": {
      "precision": 0.32925352840098776,
      "recall": 0.251,
      "f1-score": 0.281340797847198,
      "support": 1000.0
    }
  },
  "accuracy": 0.251,