{
  "classification_report": {
    "amusement": {
      "precision": 0.352112676056338,
      "recall": 0.6097560975609756,
      "f1-score": 0.44642857142857145,
      "support": 41.0
    },
    "remorse": {
      "precision": 0.3,
      "recall": 0.3,
      "f1-score": 0.3,
      "support": 10.0
    },
    "caring": {
      "precision": 0.23809523809523808,
      "recall": 0.2631578947368421,
      "f1-score": 0.25,
      "support": 19.0
    },
    "relief": {
      "precision": 0.0,
      "recall": 0.0,
      "f1-score": 0.0,
      "support": 2.0
    },
    "excitement": {
      "precision": 0.25,
      "recall": 0.3333333333333333,
      "f1-score": 0.2857142857142857,
      "support": 12.0
    },
    "joy": {
      "precision": 0.20833333333333334,
      "recall": 0.25,
      "f1-score": 0.22727272727272727,
      "support": 20.0
    },
    "annoyance": {
      "precision": 0.14285714285714285,
      "recall": 0.09523809523809523,
      "f1-score": 0.11428571428571428,
      "support": 42.0
    },
    "disapproval": {
      "precision": 0.16030534351145037,
      "recall": 0.5,
      "f1-score": 0.24277456647398843,
      "support": 42.0
    },
    "realization": {
      "precision": 0.125,
      "recall": 0.21052631578947367,
      "f1-score": 0.1568627450980392,
      "support": 19.0
    },
    "love": {
      "precision": 0.625,
      "recall": 0.5714285714285714,
      "f1-score": 0.5970149253731343,
      "support": 35.0
    },
    "confusion": {
      "precision": 0.28125,
      "recall": 0.42857142857142855,
      "f1-score": 0.33962264150943394,
      "support": 21.0
    },
    "admiration": {
      "precision": 0.4657534246575342,
      "recall": 0.4473684210526316,
      "f1-score": 0.4563758389261745,
      "support": 76.0
    },
    "optimism": {
      "precision": 0.4,
      "recall": 0.2608695652173913,
      "f1-score": 0.3157894736842105,
      "support": 23.0
    },
    "desire": {
      "precision": 0.18181818181818182,
      "recall": 0.16666666666666666,
      "f1-score": 0.17391304347826086,
      "support": 12.0
    },
    "sadness": {
      "precision": 0.47368421052631576,
      "recall": 0.4090909090909091,
      "f1-score": 0.43902439024390244,
      "support": 22.0
    },
    "anger": {
      "precision": 0.23529411764705882,
      "recall": 0.5517241379310345,
      "f1-score": 0.32989690721649484,
      "support": 29.0
    },
    "embarrassment": {
      "precision": 0.25,
      "recall": 0.4,
      "f1-score": 0.3076923076923077,
      "support": 5.0
    },
    "pride": {
      "precision": 0.0,
      "recall": 0.0,
      "f1-score": 0.0,
      "support": 2.0
    },
    "grief": {
      "precision": 0.0,
      "recall": 0.0,
      "f1-score": 0.0,
      "support": 0.0
    },
    "disappointment": {
      "precision": 0.06451612903225806,
      "recall": 0.10526315789473684,
      "f1-score": 0.08,
      "support": 19.0
    },
    "gratitude": {
      "precision": 0.7346938775510204,
      "recall": 0.631578947368421,
      "f1-score": 0.6792452830188679,
      "support": 57.0
    },
    "neutral": {
      "precision": 0.6619718309859155,
      "recall": 0.13428571428571429,
      "f1-score": 0.22327790973871733,
      "support": 350.0
    },
    "fear": {
      "precision": 0.3888888888888889,
      "recall": 0.5,
      "f1-score": 0.4375,
      "support": 14.0
    },
    "curiosity": {
      "precision": 0.3728813559322034,
      "recall": 0.5789473684210527,
      "f1-score": 0.4536082474226804,
      "support": 38.0
    },
    "disgust": {
      "precision": 0.10526315789473684,
      "recall": 0.23529411764705882,
      "f1-score": 0.14545454545454545,
      "support": 17.0
    },
    "approval": {
      "precision": 0.16326530612244897,
      "recall": 0.3137254901960784,
      "f1-score": 0.21476510067114093,
      "support": 51.0
    },
    "surprise": {
      "precision": 0.13333333333333333,
      "recall": 0.21052631578947367,
      "f1-score": 0.16326530612244897,
      "support": 19.0
    },
    "nervousness": {
      "precision": 0.3333333333333333,
      "recall": 0.6666666666666666,
      "f1-score": 0.4444444444444444,
      "support": 3.0
    },
    "micro avg": {
      "precision": 0.31055276381909547,
      "recall": 0.309,
      "f1-score": 0.3097744360902256,
      "support": 1000.0
    },
    "macro avg": {
      "precision": 0.2731303886277405,
      "recall": 0.3276435433888056,
      "f1-score": 0.27943674911678895,
      "support": 1000.0
    },
    "weighted avg": {
      "precision": 0.4453466027521499,
      "recall": 0.309,
      "f1-score": 0.30443829031840014,
      "support": 1000.0
    }
  },
  "accuracy": 0.309,