{
  "classification_report": {
    "nervousness": {
      "precision": 0.0,
      "recall": 0.0,
      "f1-score": 0.0,
      "support": 3.0
    },
    "love": {
      "precision": 0.5,
      "recall": 0.2,
      "f1-score": 0.2857142857142857,
      "support": 35.0
    },
    "sadness": {
      "precision": 0.38461538461538464,
      "recall": 0.22727272727272727,
      "f1-score": 0.2857142857142857,
      "support": 22.0
    },
    "disgust": {
      "precision": 0.2727272727272727,
      "recall": 0.17647058823529413,
      "f1-score": 0.21428571428571427,
      "support": 17.0
    },
    "realization": {
      "precision": 0.0,
      "recall": 0.0,
      "f1-score": 0.0,
      "support": 19.0
    },
    "neutral": {
      "precision": 0.5297297297297298,
      "recall": 0.28,
      "f1-score": 0.3663551401869159,
      "support": 350.0
    },
    "pride": {
      "precision": 0.0,
      "recall": 0.0,
      "f1-score": 0.0,
      "support": 2.0
    },
    "fear": {
      "precision": 0.3333333333333333,
      "recall": 0.21428571428571427,
      "f1-score": 0.2608695652173913,
      "support": 14.0
    },
    "disappointment": {
      "precision": 0.1,
      "recall": 0.10526315789473684,
      "f1-score": 0.10256410256410256,
      "support": 19.0
    },
    "desire": {
      "precision": 0.125,
      "recall": 0.08333333333333333,
      "f1-score": 0.1,
      "support": 12.0
    },
    "remorse": {
      "precision": 0.25,
      "recall": 0.2,
      "f1-score": 0.2222222222222222,
      "support": 10.0
    },
    "optimism": {
      "precision": 0.42857142857142855,
      "recall": 0.13043478260869565,
      "f1-score": 0.2,
      "support": 23.0
    },
    "grief": {
      "precision": 0.0,
      "recall": 0.0,
      "f1-score": 0.0,
      "support": 0.0
    },
    "admiration": {
      "precision": 0.3958333333333333,
      "recall": 0.25,
      "f1-score": 0.3064516129032258,
      "support": 76.0
    },
    "embarrassment": {
      "precision": 0.25,
      "recall": 0.4,
      "f1-score": 0.3076923076923077,
      "support": 5.0
    },
    "disapproval": {
      "precision": 0.12280701754385964,
      "recall": 0.16666666666666666,
      "f1-score": 0.1414141414141414,
      "support": 42.0
    },
    "approval": {
      "precision": 0.2777777777777778,
      "recall": 0.09803921568627451,
      "f1-score": 0.14492753623188406,
      "support": 51.0
    },
    "anger": {
      "precision": 0.22727272727272727,
      "recall": 0.3448275862068966,
      "f1-score": 0.273972602739726,
      "support": 29.0
    },
    "relief": {
      "precision": 0.0,
      "recall": 0.0,
      "f1-score": 0.0,
      "support": 2.0
    },
    "confusion": {
      "precision": 0.21428571428571427,
      "recall": 0.14285714285714285,
      "f1-score": 0.17142857142857143,
      "support": 21.0
    },
    "curiosity": {
      "precision": 0.07317073170731707,
      "recall": 0.07894736842105263,
      "f1-score": 0.0759493670886076,
      "support": 38.0
    },
    "caring": {
      "precision": 0.0,
      "recall": 0.0,
      "f1-score": 0.0,
      "support": 19.0
    },
    "surprise": {
      "precision": 0.0,
      "recall": 0.0,
      "f1-score": 0.0,
      "support": 19.0
    },
    "gratitude": {
      "precision": 0.5666666666666667,
      "recall": 0.2982456140350877,
      "f1-score": 0.39080459770114945,
      "support": 57.0
    },
    "excitement": {
      "precision": 0.3,
      "recall": 0.25,
      "f1-score": 0.2727272727272727,
      "support": 12.0
    },
    "joy": {
      "precision": 0.1111111111111111,
      "recall": 0.05,
      "f1-score": 0.06896551724137931,
      "support": 20.0
    },
    "amusement": {
      "precision": 0.5454545454545454,
      "recall": 0.14634146341463414,
      "f1-score": 0.23076923076923078,
      "support": 41.0
    },
    "annoyance": {
      "precision": 0.23333333333333334,
      "recall": 0.16666666666666666,
      "f1-score": 0.19444444444444445,
      "support": 42.0
    },
    "micro avg": {
      "precision": 0.33934426229508197,
      "recall": 0.207,
      "f1-score": 0.2571428571428571,
      "support": 1000.0
    },
    "macro avg": {
      "precision": 0.22291750383798337,
      "recall": 0.143201858128033,
      "f1-score": 0.16490258993881635,
      "support": 1000.0
    },
    "weighted avg": {
      "precision": 0.37124226724560494,
      "recall": 0.207,
      "f1-score": 0.258922853227847,
      "support": 1000.0
    }
  },
  "accuracy": 0.207,