{
  "classification_report": {
    "disappointment": {
      "precision": 0.08163265306122448,
      "recall": 0.21052631578947367,
      "f1-score": 0.11764705882352941,
      "support": 19.0
    },
    "excitement": {
      "precision": 0.23529411764705882,
      "recall": 0.3333333333333333,
      "f1-score": 0.27586206896551724,
      "support": 12.0
    },
    "amusement": {
      "precision": 0.3728813559322034,
      "recall": 0.5365853658536586,
      "f1-score": 0.44,
      "support": 41.0
    },
    "grief": {
      "precision": 0.0,
      "recall": 0.0,
      "f1-score": 0.0,
      "support": 0.0
    },
    "optimism": {
      "precision": 0.5833333333333334,
      "recall": 0.30434782608695654,
      "f1-score": 0.4,
      "support": 23.0
    },
    "confusion": {
      "precision": 0.2,
      "recall": 0.38095238095238093,
      "f1-score": 0.26229508196721313,
      "support": 21.0
    },
    "joy": {
      "precision": 0.26666666666666666,
      "recall": 0.4,
      "f1-score": 0.32,
      "support": 20.0
    },
    "embarrassment": {
      "precision": 0.09090909090909091,
      "recall": 0.2,
      "f1-score": 0.125,
      "support": 5.0
    },
    "neutral": {
      "precision": 0.7358490566037735,
      "recall": 0.11142857142857143,
      "f1-score": 0.1935483870967742,
      "support": 350.0
    },
    "realization": {
      "precision": 0.10869565217391304,
      "recall": 0.2631578947368421,
      "f1-score": 0.15384615384615385,
      "support": 19.0
    },
    "remorse": {
      "precision": 0.36363636363636365,
      "recall": 0.4,
      "f1-score": 0.38095238095238093,
      "support": 10.0
    },
    "admiration": {
      "precision": 0.5121951219512195,
      "recall": 0.5526315789473685,
      "f1-score": 0.5316455696202531,
      "support": 76.0
    },
    "desire": {
      "precision": 0.23529411764705882,
      "recall": 0.3333333333333333,
      "f1-score": 0.27586206896551724,
      "support": 12.0
    },
    "disapproval": {
      "precision": 0.15748031496062992,
      "recall": 0.47619047619047616,
      "f1-score": 0.23668639053254437,
      "support": 42.0
    },
    "nervousness": {
      "precision": 0.08333333333333333,
      "recall": 0.3333333333333333,
      "f1-score": 0.13333333333333333,
      "support": 3.0
    },
    "approval": {
      "precision": 0.23880597014925373,
      "recall": 0.3137254901960784,
      "f1-score": 0.2711864406779661,
      "support": 51.0
    },
    "anger": {
      "precision": 0.3333333333333333,
      "recall": 0.41379310344827586,
      "f1-score": 0.36923076923076925,
      "support": 29.0
    },
    "gratitude": {
      "precision": 1.0,
      "recall": 0.543859649122807,
      "f1-score": 0.7045454545454546,
      "support": 57.0
    },
    "annoyance": {
      "precision": 0.15384615384615385,
      "recall": 0.23809523809523808,
      "f1-score": 0.18691588785046728,
      "support": 42.0
    },
    "relief": {
      "precision": 0.0,
      "recall": 0.0,
      "f1-score": 0.0,
      "support": 2.0
    },
    "fear": {
      "precision": 0.3181818181818182,
      "recall": 0.5,
      "f1-score": 0.3888888888888889,
      "support": 14.0
    },
    "caring": {
      "precision": 0.2777777777777778,
      "recall": 0.2631578947368421,
      "f1-score": 0.2702702702702703,
      "support": 19.0
    },
    "sadness": {
      "precision": 0.35,
      "recall": 0.3181818181818182,
      "f1-score": 0.3333333333333333,
      "support": 22.0
    },
    "pride": {
      "precision": 0.0,
      "recall": 0.0,
      "f1-score": 0.0,
      "support": 2.0
    },
    "love": {
      "precision": 0.5277777777777778,
      "recall": 0.5428571428571428,
      "f1-score": 0.5352112676056338,
      "support": 35.0
    },
    "surprise": {
      "precision": 0.21052631578947367,
      "recall": 0.21052631578947367,
      "f1-score": 0.21052631578947367,
      "support": 19.0
    },
    "disgust": {
      "precision": 0.16666666666666666,
      "recall": 0.4117647058823529,
      "f1-score": 0.23728813559322035,
      "support": 17.0
    },
    "curiosity": {
      "precision": 0.25396825396825395,
      "recall": 0.42105263157894735,
      "f1-score": 0.31683168316831684,
      "support": 38.0
    },
    "micro avg": {
      "precision": 0.3042168674698795,
      "recall": 0.303,
      "f1-score": 0.30360721442885774,
      "support": 1000.0
    },
    "macro avg": {
      "precision": 0.28064590161951347,
      "recall": 0.32188694285266806,
      "f1-score": 0.27396096218060756,
      "support": 1000.0
    },
    "weighted avg": {
      "precision": 0.4926264956595759,
      "recall": 0.303,
      "f1-score": 0.30311617692977877,
      "support": 1000.0
    }
  },
  "accuracy": 0.303,