{
  "classification_report": {
    "optimism": {
      "precision": 0.2,
      "recall": 0.17391304347826086,
      "f1-score": 0.18604651162790697,
      "support": 23.0
    },
    "disgust": {
      "precision": 0.3125,
      "recall": 0.29411764705882354,
      "f1-score": 0.30303030303030304,
      "support": 17.0
    },
    "relief": {
      "precision": 0.0,
      "recall": 0.0,
      "f1-score": 0.0,
      "support": 2.0
    },
    "realization": {
      "precision": 0.08333333333333333,
      "recall": 0.05263157894736842,
      "f1-score": 0.06451612903225806,
      "support": 19.0
    },
    "amusement": {
      "precision": 0.3382352941176471,
      "recall": 0.5609756097560976,
      "f1-score": 0.42201834862385323,
      "support": 41.0
    },
    "nervousness": {
      "precision": 0.0,
      "recall": 0.0,
      "f1-score": 0.0,
      "support": 3.0
    },
    "remorse": {
      "precision": 0.25,
      "recall": 0.1,
      "f1-score": 0.14285714285714285,
      "support": 10.0
    },
    "curiosity": {
      "precision": 0.1518987341772152,
      "recall": 0.3157894736842105,
      "f1-score": 0.20512820512820512,
      "support": 38.0
    },
    "neutral": {
      "precision": 0.5808823529411765,
      "recall": 0.2257142857142857,
      "f1-score": 0.32510288065843623,
      "support": 350.0
    },
    "grief": {
      "precision": 0.0,
      "recall": 0.0,
      "f1-score": 0.0,
      "support": 0.0
    },
    "fear": {
      "precision": 0.6666666666666666,
      "recall": 0.14285714285714285,
      "f1-score": 0.23529411764705882,
      "support": 14.0
    },
    "disappointment": {
      "precision": 0.041666666666666664,
      "recall": 0.10526315789473684,
      "f1-score": 0.05970149253731343,
      "support": 19.0
    },
    "confusion": {
      "precision": 0.16363636363636364,
      "recall": 0.42857142857142855,
      "f1-score": 0.23684210526315788,
      "support": 21.0
    },
    "embarrassment": {
      "precision": 0.125,
      "recall": 0.2,
      "f1-score": 0.15384615384615385,
      "support": 5.0
    },
    "pride": {
      "precision": 0.0,
      "recall": 0.0,
      "f1-score": 0.0,
      "support": 2.0
    },
    "excitement": {
      "precision": 0.125,
      "recall": 0.25,
      "f1-score": 0.16666666666666666,
      "support": 12.0
    },
    "love": {
      "precision": 0.48936170212765956,
      "recall": 0.6571428571428571,
      "f1-score": 0.5609756097560976,
      "support": 35.0
    },
    "surprise": {
      "precision": 0.2727272727272727,
      "recall": 0.3157894736842105,
      "f1-score": 0.2926829268292683,
      "support": 19.0
    },
    "sadness": {
      "precision": 0.2647058823529412,
      "recall": 0.4090909090909091,
      "f1-score": 0.32142857142857145,
      "support": 22.0
    },
    "desire": {
      "precision": 0.17647058823529413,
      "recall": 0.25,
      "f1-score": 0.20689655172413793,
      "support": 12.0
    },
    "anger": {
      "precision": 0.3103448275862069,
      "recall": 0.3103448275862069,
      "f1-score": 0.3103448275862069,
      "support": 29.0
    },
    "annoyance": {
      "precision": 0.1111111111111111,
      "recall": 0.11904761904761904,
      "f1-score": 0.11494252873563218,
      "support": 42.0
    },
    "admiration": {
      "precision": 0.4731182795698925,
      "recall": 0.5789473684210527,
      "f1-score": 0.5207100591715976,
      "support": 76.0
    },
    "joy": {
      "precision": 0.25806451612903225,
      "recall": 0.4,
      "f1-score": 0.3137254901960784,
      "support": 20.0
    },
    "disapproval": {
      "precision": 0.12121212121212122,
      "recall": 0.19047619047619047,
      "f1-score": 0.14814814814814814,
      "support": 42.0
    },
    "gratitude": {
      "precision": 0.7446808510638298,
      "recall": 0.6140350877192983,
      "f1-score": 0.6730769230769231,
      "support": 57.0
    },
    "caring": {
      "precision": 0.0625,
      "recall": 0.05263157894736842,
      "f1-score": 0.05714285714285714,
      "support": 19.0
    },
    "approval": {
      "precision": 0.1702127659574468,
      "recall": 0.1568627450980392,
      "f1-score": 0.16326530612244897,
      "support": 51.0
    },
    "micro avg": {
      "precision": 0.31030927835051547,
      "recall": 0.301,
      "f1-score": 0.30558375634517765,
      "support": 1000.0
    },
    "macro avg": {
      "precision": 0.2319046189147099,
      "recall": 0.24657864375628952,
      "f1-score": 0.2208710663155866,
      "support": 1000.0
    },
    "weighted avg": {
      "precision": 0.3950724885854772,
      "recall": 0.301,
      "f1-score": 0.311565177489832,
      "support": 1000.0
    }
  },
  "accuracy": 0.301,