{
  "classification_report": {
    "grief": {
      "precision": 0.0,
      "recall": 0.0,
      "f1-score": 0.0,
      "support": 0.0
    },
    "pride": {
      "precision": 0.0,
      "recall": 0.0,
      "f1-score": 0.0,
      "support": 2.0
    },
    "disappointment": {
      "precision": 0.04,
      "recall": 0.05263157894736842,
      "f1-score": 0.045454545454545456,
      "support": 19.0
    },
    "realization": {
      "precision": 0.038461538461538464,
      "recall": 0.05263157894736842,
      "f1-score": 0.044444444444444446,
      "support": 19.0
    },
    "caring": {
      "precision": 0.12,
      "recall": 0.15789473684210525,
      "f1-score": 0.13636363636363635,
      "support": 19.0
    },
    "disapproval": {
      "precision": 0.13333333333333333,
      "recall": 0.14285714285714285,
      "f1-score": 0.13793103448275862,
      "support": 42.0
    },
    "approval": {
      "precision": 0.15384615384615385,
      "recall": 0.19607843137254902,
      "f1-score": 0.1724137931034483,
      "support": 51.0
    },
    "optimism": {
      "precision": 0.21875,
      "recall": 0.30434782608695654,
      "f1-score": 0.2545454545454545,
      "support": 23.0
    },
    "surprise": {
      "precision": 0.08,
      "recall": 0.10526315789473684,
      "f1-score": 0.09090909090909091,
      "support": 19.0
    },
    "fear": {
      "precision": 0.125,
      "recall": 0.07142857142857142,
      "f1-score": 0.09090909090909091,
      "support": 14.0
    },
    "anger": {
      "precision": 0.20454545454545456,
      "recall": 0.3103448275862069,
      "f1-score": 0.2465753424657534,
      "support": 29.0
    },
    "amusement": {
      "precision": 0.2222222222222222,
      "recall": 0.6829268292682927,
      "f1-score": 0.33532934131736525,
      "support": 41.0
    },
    "sadness": {
      "precision": 0.3333333333333333,
      "recall": 0.13636363636363635,
      "f1-score": 0.1935483870967742,
      "support": 22.0
    },
    "disgust": {
      "precision": 0.2727272727272727,
      "recall": 0.35294117647058826,
      "f1-score": 0.3076923076923077,
      "support": 17.0
    },
    "excitement": {
      "precision": 0.11538461538461539,
      "recall": 0.25,
      "f1-score": 0.15789473684210525,
      "support": 12.0
    },
    "nervousness": {
      "precision": 0.0,
      "recall": 0.0,
      "f1-score": 0.0,
      "support": 3.0
    },
    "gratitude": {
      "precision": 0.6,
      "recall": 0.5789473684210527,
      "f1-score": 0.5892857142857143,
      "support": 57.0
    },
    "curiosity": {
      "precision": 0.24444444444444444,
      "recall": 0.2894736842105263,
      "f1-score": 0.26506024096385544,
      "support": 38.0
    },
    "love": {
      "precision": 0.3333333333333333,
      "recall": 0.5142857142857142,
      "f1-score": 0.4044943820224719,
      "support": 35.0
    },
    "annoyance": {
      "precision": 0.08620689655172414,
      "recall": 0.11904761904761904,
      "f1-score": 0.1,
      "support": 42.0
    },
    "relief": {
      "precision": 0.0,
      "recall": 0.0,
      "f1-score": 0.0,
      "support": 2.0
    },
    "neutral": {
      "precision": 0.4956521739130435,
      "recall": 0.16285714285714287,
      "f1-score": 0.24516129032258063,
      "support": 350.0
    },
    "confusion": {
      "precision": 0.15151515151515152,
      "recall": 0.23809523809523808,
      "f1-score": 0.18518518518518517,
      "support": 21.0
    },
    "joy": {
      "precision": 0.26666666666666666,
      "recall": 0.2,
      "f1-score": 0.22857142857142856,
      "support": 20.0
    },
    "desire": {
      "precision": 0.14285714285714285,
      "recall": 0.16666666666666666,
      "f1-score": 0.15384615384615385,
      "support": 12.0
    },
    "remorse": {
      "precision": 0.2857142857142857,
      "recall": 0.2,
      "f1-score": 0.23529411764705882,
      "support": 10.0
    },
    "admiration": {
      "precision": 0.4090909090909091,
      "recall": 0.47368421052631576,
      "f1-score": 0.43902439024390244,
      "support": 76.0
    },
    "embarrassment": {
      "precision": 0.1111111111111111,
      "recall": 0.2,
      "f1-score": 0.14285714285714285,
      "support": 5.0
    },
    "micro avg": {
      "precision": 0.25971370143149286,
      "recall": 0.254,
      "f1-score": 0.2568250758341759,
      "support": 1000.0
    },
    "macro avg": {
      "precision": 0.185149858537562,
      "recall": 0.21281311207770712,
      "f1-score": 0.18581397327043825,
      "support": 1000.0
    },
    "weighted avg": {
      "precision": 0.3309029655375026,
      "recall": 0.254,
      "f1-score": 0.2545873824749756,
      "support": 1000.0
    }
  },
  "accuracy": 0.254,