{
  "classification_report": {
    "sadness": {
      "precision": 0.38461538461538464,
      "recall": 0.45454545454545453,
      "f1-score": 0.4166666666666667,
      "support": 22.0
    },
    "embarrassment": {
      "precision": 0.25,
      "recall": 0.2,
      "f1-score": 0.2222222222222222,
      "support": 5.0
    },
    "amusement": {
      "precision": 0.3287671232876712,
      "recall": 0.5853658536585366,
      "f1-score": 0.42105263157894735,
      "support": 41.0
    },
    "neutral": {
      "precision": 0.5241379310344828,
      "recall": 0.4342857142857143,
      "f1-score": 0.475,
      "support": 350.0
    },
    "relief": {
      "precision": 0.0,
      "recall": 0.0,
      "f1-score": 0.0,
      "support": 2.0
    },
    "desire": {
      "precision": 0.25,
      "recall": 0.16666666666666666,
      "f1-score": 0.2,
      "support": 12.0
    },
    "disappointment": {
      "precision": 0.06451612903225806,
      "recall": 0.10526315789473684,
      "f1-score": 0.08,
      "support": 19.0
    },
    "confusion": {
      "precision": 0.2,
      "recall": 0.14285714285714285,
      "f1-score": 0.16666666666666666,
      "support": 21.0
    },
    "nervousness": {
      "precision": 1.0,
      "recall": 0.3333333333333333,
      "f1-score": 0.5,
      "support": 3.0
    },
    "disgust": {
      "precision": 0.24,
      "recall": 0.35294117647058826,
      "f1-score": 0.2857142857142857,
      "support": 17.0
    },
    "caring": {
      "precision": 0.16666666666666666,
      "recall": 0.10526315789473684,
      "f1-score": 0.12903225806451613,
      "support": 19.0
    },
    "joy": {
      "precision": 0.23809523809523808,
      "recall": 0.25,
      "f1-score": 0.24390243902439024,
      "support": 20.0
    },
    "annoyance": {
      "precision": 0.1951219512195122,
      "recall": 0.19047619047619047,
      "f1-score": 0.1927710843373494,
      "support": 42.0
    },
    "remorse": {
      "precision": 0.6,
      "recall": 0.3,
      "f1-score": 0.4,
      "support": 10.0
    },
    "admiration": {
      "precision": 0.5161290322580645,
      "recall": 0.21052631578947367,
      "f1-score": 0.29906542056074764,
      "support": 76.0
    },
    "optimism": {
      "precision": 0.28,
      "recall": 0.30434782608695654,
      "f1-score": 0.2916666666666667,
      "support": 23.0
    },
    "anger": {
      "precision": 0.2727272727272727,
      "recall": 0.3103448275862069,
      "f1-score": 0.2903225806451613,
      "support": 29.0
    },
    "pride": {
      "precision": 0.0,
      "recall": 0.0,
      "f1-score": 0.0,
      "support": 2.0
    },
    "disapproval": {
      "precision": 0.12121212121212122,
      "recall": 0.19047619047619047,
      "f1-score": 0.14814814814814814,
      "support": 42.0
    },
    "realization": {
      "precision": 0.25,
      "recall": 0.10526315789473684,
      "f1-score": 0.14814814814814814,
      "support": 19.0
    },
    "fear": {
      "precision": 0.5555555555555556,
      "recall": 0.35714285714285715,
      "f1-score": 0.43478260869565216,
      "support": 14.0
    },
    "surprise": {
      "precision": 0.125,
      "recall": 0.15789473684210525,
      "f1-score": 0.13953488372093023,
      "support": 19.0
    },
    "grief": {
      "precision": 0.0,
      "recall": 0.0,
      "f1-score": 0.0,
      "support": 0.0
    },
    "curiosity": {
      "precision": 0.3142857142857143,
      "recall": 0.2894736842105263,
      "f1-score": 0.3013698630136986,
      "support": 38.0
    },
    "gratitude": {
      "precision": 0.6538461538461539,
      "recall": 0.5964912280701754,
      "f1-score": 0.6238532110091743,
      "support": 57.0
    },
    "love": {
      "precision": 0.391304347826087,
      "recall": 0.5142857142857142,
      "f1-score": 0.4444444444444444,
      "support": 35.0
    },
    "excitement": {
      "precision": 0.21052631578947367,
      "recall": 0.3333333333333333,
      "f1-score": 0.25806451612903225,
      "support": 12.0
    },
    "approval": {
      "precision": 0.3225806451612903,
      "recall": 0.19607843137254902,
      "f1-score": 0.24390243902439024,
      "support": 51.0
    },
    "micro avg": {
      "precision": 0.3700534759358289,
      "recall": 0.346,
      "f1-score": 0.35762273901808783,
      "support": 1000.0
    },
    "macro avg": {
      "precision": 0.3019674136647481,
      "recall": 0.2566662911133545,
      "f1-score": 0.2627261137314728,
      "support": 1000.0
    },
    "weighted avg": {
      "precision": 0.399723019217897,
      "recall": 0.346,
      "f1-score": 0.36072898420106475,
      "support": 1000.0
    }
  },
  "accuracy": 0.346,