{
  "classification_report": {
    "approval": {
      "precision": 0.23076923076923078,
      "recall": 0.058823529411764705,
      "f1-score": 0.09375,
      "support": 51.0
    },
    "annoyance": {
      "precision": 0.3125,
      "recall": 0.11904761904761904,
      "f1-score": 0.1724137931034483,
      "support": 42.0
    },
    "amusement": {
      "precision": 0.42857142857142855,
      "recall": 0.14634146341463414,
      "f1-score": 0.21818181818181817,
      "support": 41.0
    },
    "disappointment": {
      "precision": 0.05,
      "recall": 0.05263157894736842,
      "f1-score": 0.05128205128205128,
      "support": 19.0
    },
    "caring": {
      "precision": 0.0,
      "recall": 0.0,
      "f1-score": 0.0,
      "support": 19.0
    },
    "grief": {
      "precision": 0.0,
      "recall": 0.0,
      "f1-score": 0.0,
      "support": 0.0
    },
    "admiration": {
      "precision": 0.38461538461538464,
      "recall": 0.19736842105263158,
      "f1-score": 0.2608695652173913,
      "support": 76.0
    },
    "gratitude": {
      "precision": 0.45454545454545453,
      "recall": 0.3508771929824561,
      "f1-score": 0.39603960396039606,
      "support": 57.0
    },
    "embarrassment": {
      "precision": 0.3333333333333333,
      "recall": 0.4,
      "f1-score": 0.36363636363636365,
      "support": 5.0
    },
    "joy": {
      "precision": 0.4,
      "recall": 0.2,
      "f1-score": 0.26666666666666666,
      "support": 20.0
    },
    "neutral": {
      "precision": 0.4517766497461929,
      "recall": 0.2542857142857143,
      "f1-score": 0.32541133455210236,
      "support": 350.0
    },
    "realization": {
      "precision": 0.0,
      "recall": 0.0,
      "f1-score": 0.0,
      "support": 19.0
    },
    "fear": {
      "precision": 0.5,
      "recall": 0.2857142857142857,
      "f1-score": 0.36363636363636365,
      "support": 14.0
    },
    "desire": {
      "precision": 0.0,
      "recall": 0.0,
      "f1-score": 0.0,
      "support": 12.0
    },
    "disapproval": {
      "precision": 0.17307692307692307,
      "recall": 0.21428571428571427,
      "f1-score": 0.19148936170212766,
      "support": 42.0
    },
    "remorse": {
      "precision": 0.16666666666666666,
      "recall": 0.1,
      "f1-score": 0.125,
      "support": 10.0
    },
    "sadness": {
      "precision": 0.4444444444444444,
      "recall": 0.18181818181818182,
      "f1-score": 0.25806451612903225,
      "support": 22.0
    },
    "nervousness": {
      "precision": 0.0,
      "recall": 0.0,
      "f1-score": 0.0,
      "support": 3.0
    },
    "pride": {
      "precision": 0.0,
      "recall": 0.0,
      "f1-score": 0.0,
      "support": 2.0
    },
    "love": {
      "precision": 0.38461538461538464,
      "recall": 0.14285714285714285,
      "f1-score": 0.20833333333333334,
      "support": 35.0
    },
    "excitement": {
      "precision": 0.13333333333333333,
      "recall": 0.16666666666666666,
      "f1-score": 0.14814814814814814,
      "support": 12.0
    },
    "confusion": {
      "precision": 0.16666666666666666,
      "recall": 0.047619047619047616,
      "f1-score": 0.07407407407407407,
      "support": 21.0
    },
    "disgust": {
      "precision": 0.3333333333333333,
      "recall": 0.17647058823529413,
      "f1-score": 0.23076923076923078,
      "support": 17.0
    },
    "relief": {
      "precision": 0.0,
      "recall": 0.0,
      "f1-score": 0.0,
      "support": 2.0
    },
    "anger": {
      "precision": 0.29411764705882354,
      "recall": 0.3448275862068966,
      "f1-score": 0.31746031746031744,
      "support": 29.0
    },
    "curiosity": {
      "precision": 0.08108108108108109,
      "recall": 0.07894736842105263,
      "f1-score": 0.08,
      "support": 38.0
    },
    "optimism": {
      "precision": 0.2222222222222222,
      "recall": 0.08695652173913043,
      "f1-score": 0.125,
      "support": 23.0
    },
    "surprise": {
      "precision": 0.0,
      "recall": 0.0,
      "f1-score": 0.0,
      "support": 19.0
    },
    "micro avg": {
      "precision": 0.3298429319371728,
      "recall": 0.189,
      "f1-score": 0.2403051493960585,
      "support": 1000.0
    },
    "macro avg": {
      "precision": 0.21234532800285363,
      "recall": 0.12876923652520003,
      "f1-score": 0.15250809078045946,
      "support": 1000.0
    },
    "weighted avg": {
      "precision": 0.333007497857132,
      "recall": 0.189,
      "f1-score": 0.23511857722383692,
      "support": 1000.0
    }
  },
  "accuracy": 0.189,