{
  "classification_report": {
    "optimism": {
      "precision": 0.34782608695652173,
      "recall": 0.34782608695652173,
      "f1-score": 0.34782608695652173,
      "support": 23.0
    },
    "annoyance": {
      "precision": 0.1111111111111111,
      "recall": 0.023809523809523808,
      "f1-score": 0.0392156862745098,
      "support": 42.0
    },
    "disapproval": {
      "precision": 0.11594202898550725,
      "recall": 0.38095238095238093,
      "f1-score": 0.17777777777777778,
      "support": 42.0
    },
    "caring": {
      "precision": 0.25925925925925924,
      "recall": 0.3684210526315789,
      "f1-score": 0.30434782608695654,
      "support": 19.0
    },
    "disappointment": {
      "precision": 0.045112781954887216,
      "recall": 0.3157894736842105,
      "f1-score": 0.07894736842105263,
      "support": 19.0
    },
    "confusion": {
      "precision": 0.23076923076923078,
      "recall": 0.14285714285714285,
      "f1-score": 0.17647058823529413,
      "support": 21.0
    },
    "realization": {
      "precision": 0.125,
      "recall": 0.10526315789473684,
      "f1-score": 0.11428571428571428,
      "support": 19.0
    },
    "admiration": {
      "precision": 0.5454545454545454,
      "recall": 0.3157894736842105,
      "f1-score": 0.4,
      "support": 76.0
    },
    "disgust": {
      "precision": 0.25,
      "recall": 0.35294117647058826,
      "f1-score": 0.2926829268292683,
      "support": 17.0
    },
    "nervousness": {
      "precision": 0.4,
      "recall": 0.6666666666666666,
      "f1-score": 0.5,
      "support": 3.0
    },
    "neutral": {
      "precision": 0.554140127388535,
      "recall": 0.24857142857142858,
      "f1-score": 0.3431952662721893,
      "support": 350.0
    },
    "embarrassment": {
      "precision": 0.6666666666666666,
      "recall": 0.4,
      "f1-score": 0.5,
      "support": 5.0
    },
    "desire": {
      "precision": 0.3333333333333333,
      "recall": 0.25,
      "f1-score": 0.2857142857142857,
      "support": 12.0
    },
    "joy": {
      "precision": 0.2,
      "recall": 0.35,
      "f1-score": 0.2545454545454545,
      "support": 20.0
    },
    "sadness": {
      "precision": 0.3333333333333333,
      "recall": 0.4090909090909091,
      "f1-score": 0.3673469387755102,
      "support": 22.0
    },
    "surprise": {
      "precision": 0.28,
      "recall": 0.3684210526315789,
      "f1-score": 0.3181818181818182,
      "support": 19.0
    },
    "approval": {
      "precision": 0.47058823529411764,
      "recall": 0.1568627450980392,
      "f1-score": 0.23529411764705882,
      "support": 51.0
    },
    "grief": {
      "precision": 0.0,
      "recall": 0.0,
      "f1-score": 0.0,
      "support": 0.0
    },
    "gratitude": {
      "precision": 0.6666666666666666,
      "recall": 0.49122807017543857,
      "f1-score": 0.5656565656565656,
      "support": 57.0
    },
    "pride": {
      "precision": 0.0,
      "recall": 0.0,
      "f1-score": 0.0,
      "support": 2.0
    },
    "anger": {
      "precision": 0.39285714285714285,
      "recall": 0.3793103448275862,
      "f1-score": 0.38596491228070173,
      "support": 29.0
    },
    "excitement": {
      "precision": 0.23809523809523808,
      "recall": 0.4166666666666667,
      "f1-score": 0.30303030303030304,
      "support": 12.0
    },
    "love": {
      "precision": 0.6875,
      "recall": 0.6285714285714286,
      "f1-score": 0.6567164179104478,
      "support": 35.0
    },
    "fear": {
      "precision": 0.875,
      "recall": 0.5,
      "f1-score": 0.6363636363636364,
      "support": 14.0
    },
    "relief": {
      "precision": 0.0,
      "recall": 0.0,
      "f1-score": 0.0,
      "support": 2.0
    },
    "curiosity": {
      "precision": 0.3333333333333333,
      "recall": 0.4473684210526316,
      "f1-score": 0.38202247191011235,
      "support": 38.0
    },
    "remorse": {
      "precision": 0.75,
      "recall": 0.3,
      "f1-score": 0.42857142857142855,
      "support": 10.0
    },
    "amusement": {
      "precision": 0.44642857142857145,
      "recall": 0.6097560975609756,
      "f1-score": 0.5154639175257731,
      "support": 41.0
    },
    "micro avg": {
      "precision": 0.33263157894736844,
      "recall": 0.316,
      "f1-score": 0.3241025641025641,
      "support": 1000.0
    },
    "macro avg": {
      "precision": 0.34494348903171435,
      "recall": 0.32057726070908016,
      "f1-score": 0.3074864824732993,
      "support": 1000.0
    },
    "weighted avg": {
      "precision": 0.4464134493157181,
      "recall": 0.316,
      "f1-score": 0.34331669048731817,
      "support": 1000.0
    }
  },
  "accuracy": 0.316,