{
  "classification_report": {
    "annoyance": {
      "precision": 0.125,
      "recall": 0.023809523809523808,
      "f1-score": 0.04,
      "support": 42.0
    },
    "disapproval": {
      "precision": 0.16666666666666666,
      "recall": 0.047619047619047616,
      "f1-score": 0.07407407407407407,
      "support": 42.0
    },
    "desire": {
      "precision": 0.0,
      "recall": 0.0,
      "f1-score": 0.0,
      "support": 12.0
    },
    "amusement": {
      "precision": 0.3333333333333333,
      "recall": 0.04878048780487805,
      "f1-score": 0.0851063829787234,
      "support": 41.0
    },
    "disgust": {
      "precision": 0.0,
      "recall": 0.0,
      "f1-score": 0.0,
      "support": 17.0
    },
    "anger": {
      "precision": 0.2857142857142857,
      "recall": 0.20689655172413793,
      "f1-score": 0.24,
      "support": 29.0
    },
    "gratitude": {
      "precision": 0.5853658536585366,
      "recall": 0.42105263157894735,
      "f1-score": 0.4897959183673469,
      "support": 57.0
    },
    "disappointment": {
      "precision": 0.0,
      "recall": 0.0,
      "f1-score": 0.0,
      "support": 19.0
    },
    "remorse": {
      "precision": 0.0,
      "recall": 0.0,
      "f1-score": 0.0,
      "support": 10.0
    },
    "love": {
      "precision": 0.5,
      "recall": 0.02857142857142857,
      "f1-score": 0.05405405405405406,
      "support": 35.0
    },
    "sadness": {
      "precision": 0.125,
      "recall": 0.045454545454545456,
      "f1-score": 0.06666666666666667,
      "support": 22.0
    },
    "admiration": {
      "precision": 0.5263157894736842,
      "recall": 0.13157894736842105,
      "f1-score": 0.21052631578947367,
      "support": 76.0
    },
    "optimism": {
      "precision": 0.0,
      "recall": 0.0,
      "f1-score": 0.0,
      "support": 23.0
    },
    "excitement": {
      "precision": 1.0,
      "recall": 0.08333333333333333,
      "f1-score": 0.15384615384615385,
      "support": 12.0
    },
    "confusion": {
      "precision": 0.5,
      "recall": 0.047619047619047616,
      "f1-score": 0.08695652173913043,
      "support": 21.0
    },
    "nervousness": {
      "precision": 0.0,
      "recall": 0.0,
      "f1-score": 0.0,
      "support": 3.0
    },
    "approval": {
      "precision": 0.42857142857142855,
      "recall": 0.058823529411764705,
      "f1-score": 0.10344827586206896,
      "support": 51.0
    },
    "curiosity": {
      "precision": 0.25,
      "recall": 0.10526315789473684,
      "f1-score": 0.14814814814814814,
      "support": 38.0
    },
    "embarrassment": {
      "precision": 0.2,
      "recall": 0.2,
      "f1-score": 0.2,
      "support": 5.0
    },
    "caring": {
      "precision": 0.0,
      "recall": 0.0,
      "f1-score": 0.0,
      "support": 19.0
    },
    "fear": {
      "precision": 0.4,
      "recall": 0.14285714285714285,
      "f1-score": 0.21052631578947367,
      "support": 14.0
    },
    "neutral": {
      "precision": 0.6470588235294118,
      "recall": 0.06285714285714286,
      "f1-score": 0.11458333333333333,
      "support": 350.0
    },
    "relief": {
      "precision": 0.0,
      "recall": 0.0,
      "f1-score": 0.0,
      "support": 2.0
    },
    "realization": {
      "precision": 0.0,
      "recall": 0.0,
      "f1-score": 0.0,
      "support": 19.0
    },
    "joy": {
      "precision": 0.375,
      "recall": 0.15,
      "f1-score": 0.21428571428571427,
      "support": 20.0
    },
    "surprise": {
      "precision": 0.0,
      "recall": 0.0,
      "f1-score": 0.0,
      "support": 19.0
    },
    "grief": {
      "precision": 0.0,
      "recall": 0.0,
      "f1-score": 0.0,
      "support": 0.0
    },
    "pride": {
      "precision": 0.0,
      "recall": 0.0,
      "f1-score": 0.0,
      "support": 2.0
    },
    "micro avg": {
      "precision": 0.39622641509433965,
      "recall": 0.084,
      "f1-score": 0.13861386138613863,
      "support": 1000.0
    },
    "macro avg": {
      "precision": 0.2302866493195481,
      "recall": 0.06444701849657493,
      "f1-score": 0.08900063839051293,
      "support": 1000.0
    },
    "weighted avg": {
      "precision": 0.4222459657033545,
      "recall": 0.084,
      "f1-score": 0.12543238059344042,
      "support": 1000.0
    }
  },
  "accuracy": 0.084,