{
  "classification_report": {
    "joy": {
      "precision": 0.2903225806451613,
      "recall": 0.45,
      "f1-score": 0.35294117647058826,
      "support": 20.0
    },
    "pride": {
      "precision": 0.0,
      "recall": 0.0,
      "f1-score": 0.0,
      "support": 2.0
    },
    "embarrassment": {
      "precision": 0.5,
      "recall": 0.4,
      "f1-score": 0.4444444444444444,
      "support": 5.0
    },
    "excitement": {
      "precision": 0.2,
      "recall": 0.4166666666666667,
      "f1-score": 0.2702702702702703,
      "support": 12.0
    },
    "surprise": {
      "precision": 0.25925925925925924,
      "recall": 0.3684210526315789,
      "f1-score": 0.30434782608695654,
      "support": 19.0
    },
    "relief": {
      "precision": 0.0,
      "recall": 0.0,
      "f1-score": 0.0,
      "support": 2.0
    },
    "love": {
      "precision": 0.6666666666666666,
      "recall": 0.5714285714285714,
      "f1-score": 0.6153846153846154,
      "support": 35.0
    },
    "grief": {
      "precision": 0.0,
      "recall": 0.0,
      "f1-score": 0.0,
      "support": 0.0
    },
    "disappointment": {
      "precision": 0.025423728813559324,
      "recall": 0.15789473684210525,
      "f1-score": 0.043795620437956206,
      "support": 19.0
    },
    "annoyance": {
      "precision": 0.25,
      "recall": 0.09523809523809523,
      "f1-score": 0.13793103448275862,
      "support": 42.0
    },
    "realization": {
      "precision": 0.08333333333333333,
      "recall": 0.10526315789473684,
      "f1-score": 0.09302325581395349,
      "support": 19.0
    },
    "sadness": {
      "precision": 0.29411764705882354,
      "recall": 0.45454545454545453,
      "f1-score": 0.35714285714285715,
      "support": 22.0
    },
    "approval": {
      "precision": 0.44,
      "recall": 0.21568627450980393,
      "f1-score": 0.2894736842105263,
      "support": 51.0
    },
    "fear": {
      "precision": 0.6666666666666666,
      "recall": 0.2857142857142857,
      "f1-score": 0.4,
      "support": 14.0
    },
    "anger": {
      "precision": 0.36,
      "recall": 0.3103448275862069,
      "f1-score": 0.3333333333333333,
      "support": 29.0
    },
    "disapproval": {
      "precision": 0.1134020618556701,
      "recall": 0.2619047619047619,
      "f1-score": 0.15827338129496402,
      "support": 42.0
    },
    "admiration": {
      "precision": 0.52,
      "recall": 0.34210526315789475,
      "f1-score": 0.4126984126984127,
      "support": 76.0
    },
    "gratitude": {
      "precision": 0.5964912280701754,
      "recall": 0.5964912280701754,
      "f1-score": 0.5964912280701754,
      "support": 57.0
    },
    "remorse": {
      "precision": 0.6,
      "recall": 0.3,
      "f1-score": 0.4,
      "support": 10.0
    },
    "neutral": {
      "precision": 0.6,
      "recall": 0.1457142857142857,
      "f1-score": 0.23448275862068965,
      "support": 350.0
    },
    "confusion": {
      "precision": 0.3888888888888889,
      "recall": 0.3333333333333333,
      "f1-score": 0.358974358974359,
      "support": 21.0
    },
    "desire": {
      "precision": 0.25,
      "recall": 0.16666666666666666,
      "f1-score": 0.2,
      "support": 12.0
    },
    "disgust": {
      "precision": 0.15625,
      "recall": 0.29411764705882354,
      "f1-score": 0.20408163265306123,
      "support": 17.0
    },
    "amusement": {
      "precision": 0.27631578947368424,
      "recall": 0.5121951219512195,
      "f1-score": 0.358974358974359,
      "support": 41.0
    },
    "curiosity": {
      "precision": 0.3958333333333333,
      "recall": 0.5,
      "f1-score": 0.4418604651162791,
      "support": 38.0
    },
    "caring": {
      "precision": 0.13333333333333333,
      "recall": 0.10526315789473684,
      "f1-score": 0.11764705882352941,
      "support": 19.0
    },
    "nervousness": {
      "precision": 0.16666666666666666,
      "recall": 0.3333333333333333,
      "f1-score": 0.2222222222222222,
      "support": 3.0
    },
    "optimism": {
      "precision": 0.2222222222222222,
      "recall": 0.2608695652173913,
      "f1-score": 0.24,
      "support": 23.0
    },
    "micro avg": {
      "precision": 0.3075196408529742,
      "recall": 0.274,
      "f1-score": 0.2897937599153887,
      "support": 1000.0
    },
    "macro avg": {
      "precision": 0.30197119308169434,
      "recall": 0.28511419597714743,
      "f1-score": 0.2709926426973683,
      "support": 1000.0
    },
    "weighted avg": {
      "precision": 0.4428368783657179,
      "recall": 0.274,
      "f1-score": 0.2975449721115533,
      "support": 1000.0
    }
  },
  "accuracy": 0.274,