{
  "classification_report": {
    "disappointment": {
      "precision": 0.09090909090909091,
      "recall": 0.05263157894736842,
      "f1-score": 0.06666666666666667,
      "support": 19.0
    },
    "annoyance": {
      "precision": 0.1388888888888889,
      "recall": 0.11904761904761904,
      "f1-score": 0.1282051282051282,
      "support": 42.0
    },
    "confusion": {
      "precision": 0.19230769230769232,
      "recall": 0.23809523809523808,
      "f1-score": 0.2127659574468085,
      "support": 21.0
    },
    "amusement": {
      "precision": 0.43137254901960786,
      "recall": 0.5365853658536586,
      "f1-score": 0.4782608695652174,
      "support": 41.0
    },
    "desire": {
      "precision": 0.16666666666666666,
      "recall": 0.08333333333333333,
      "f1-score": 0.1111111111111111,
      "support": 12.0
    },
    "relief": {
      "precision": 0.0,
      "recall": 0.0,
      "f1-score": 0.0,
      "support": 2.0
    },
    "approval": {
      "precision": 0.2,
      "recall": 0.19607843137254902,
      "f1-score": 0.19801980198019803,
      "support": 51.0
    },
    "neutral": {
      "precision": 0.5536723163841808,
      "recall": 0.28,
      "f1-score": 0.3719165085388994,
      "support": 350.0
    },
    "sadness": {
      "precision": 0.5,
      "recall": 0.36363636363636365,
      "f1-score": 0.42105263157894735,
      "support": 22.0
    },
    "love": {
      "precision": 0.36666666666666664,
      "recall": 0.3142857142857143,
      "f1-score": 0.3384615384615385,
      "support": 35.0
    },
    "nervousness": {
      "precision": 0.0,
      "recall": 0.0,
      "f1-score": 0.0,
      "support": 3.0
    },
    "pride": {
      "precision": 0.0,
      "recall": 0.0,
      "f1-score": 0.0,
      "support": 2.0
    },
    "curiosity": {
      "precision": 0.2857142857142857,
      "recall": 0.21052631578947367,
      "f1-score": 0.24242424242424243,
      "support": 38.0
    },
    "anger": {
      "precision": 0.3333333333333333,
      "recall": 0.4827586206896552,
      "f1-score": 0.39436619718309857,
      "support": 29.0
    },
    "embarrassment": {
      "precision": 0.25,
      "recall": 0.4,
      "f1-score": 0.3076923076923077,
      "support": 5.0
    },
    "disapproval": {
      "precision": 0.1,
      "recall": 0.07142857142857142,
      "f1-score": 0.08333333333333333,
      "support": 42.0
    },
    "gratitude": {
      "precision": 0.723404255319149,
      "recall": 0.5964912280701754,
      "f1-score": 0.6538461538461539,
      "support": 57.0
    },
    "joy": {
      "precision": 0.14285714285714285,
      "recall": 0.15,
      "f1-score": 0.14634146341463414,
      "support": 20.0
    },
    "disgust": {
      "precision": 0.3333333333333333,
      "recall": 0.23529411764705882,
      "f1-score": 0.27586206896551724,
      "support": 17.0
    },
    "realization": {
      "precision": 0.058823529411764705,
      "recall": 0.05263157894736842,
      "f1-score": 0.05555555555555555,
      "support": 19.0
    },
    "fear": {
      "precision": 0.45454545454545453,
      "recall": 0.35714285714285715,
      "f1-score": 0.4,
      "support": 14.0
    },
    "admiration": {
      "precision": 0.4264705882352941,
      "recall": 0.3815789473684211,
      "f1-score": 0.4027777777777778,
      "support": 76.0
    },
    "grief": {
      "precision": 0.0,
      "recall": 0.0,
      "f1-score": 0.0,
      "support": 0.0
    },
    "remorse": {
      "precision": 0.25,
      "recall": 0.1,
      "f1-score": 0.14285714285714285,
      "support": 10.0
    },
    "optimism": {
      "precision": 0.3,
      "recall": 0.13043478260869565,
      "f1-score": 0.18181818181818182,
      "support": 23.0
    },
    "surprise": {
      "precision": 0.25,
      "recall": 0.21052631578947367,
      "f1-score": 0.22857142857142856,
      "support": 19.0
    },
    "excitement": {
      "precision": 0.25,
      "recall": 0.3333333333333333,
      "f1-score": 0.2857142857142857,
      "support": 12.0
    },
    "caring": {
      "precision": 0.18181818181818182,
      "recall": 0.10526315789473684,
      "f1-score": 0.13333333333333333,
      "support": 19.0
    },
    "micro avg": {
      "precision": 0.37215528781793844,
      "recall": 0.278,
      "f1-score": 0.318259874069834,
      "support": 1000.0
    },
    "macro avg": {
      "precision": 0.2493137134075262,
      "recall": 0.21432512397434514,
      "f1-score": 0.22360548878719674,
      "support": 1000.0
    },
    "weighted avg": {
      "precision": 0.39533324136036635,
      "recall": 0.278,
      "f1-score": 0.31719523163431596,
      "support": 1000.0
    }
  },
  "accuracy": 0.278,