{
  "classification_report": {
    "nervousness": {
      "precision": 0.2857142857142857,
      "recall": 0.6666666666666666,
      "f1-score": 0.4,
      "support": 3.0
    },
    "admiration": {
      "precision": 0.62,
      "recall": 0.40789473684210525,
      "f1-score": 0.49206349206349204,
      "support": 76.0
    },
    "desire": {
      "precision": 0.5,
      "recall": 0.25,
      "f1-score": 0.3333333333333333,
      "support": 12.0
    },
    "remorse": {
      "precision": 0.5,
      "recall": 0.2,
      "f1-score": 0.2857142857142857,
      "support": 10.0
    },
    "curiosity": {
      "precision": 0.2653061224489796,
      "recall": 0.34210526315789475,
      "f1-score": 0.2988505747126437,
      "support": 38.0
    },
    "neutral": {
      "precision": 0.5657894736842105,
      "recall": 0.24571428571428572,
      "f1-score": 0.3426294820717131,
      "support": 350.0
    },
    "amusement": {
      "precision": 0.3793103448275862,
      "recall": 0.5365853658536586,
      "f1-score": 0.4444444444444444,
      "support": 41.0
    },
    "pride": {
      "precision": 0.0,
      "recall": 0.0,
      "f1-score": 0.0,
      "support": 2.0
    },
    "anger": {
      "precision": 0.28,
      "recall": 0.2413793103448276,
      "f1-score": 0.25925925925925924,
      "support": 29.0
    },
    "grief": {
      "precision": 0.0,
      "recall": 0.0,
      "f1-score": 0.0,
      "support": 0.0
    },
    "sadness": {
      "precision": 0.36666666666666664,
      "recall": 0.5,
      "f1-score": 0.4230769230769231,
      "support": 22.0
    },
    "fear": {
      "precision": 0.75,
      "recall": 0.21428571428571427,
      "f1-score": 0.3333333333333333,
      "support": 14.0
    },
    "surprise": {
      "precision": 0.3,
      "recall": 0.3157894736842105,
      "f1-score": 0.3076923076923077,
      "support": 19.0
    },
    "disgust": {
      "precision": 0.16666666666666666,
      "recall": 0.29411764705882354,
      "f1-score": 0.2127659574468085,
      "support": 17.0
    },
    "joy": {
      "precision": 0.1794871794871795,
      "recall": 0.35,
      "f1-score": 0.23728813559322035,
      "support": 20.0
    },
    "love": {
      "precision": 0.47619047619047616,
      "recall": 0.5714285714285714,
      "f1-score": 0.5194805194805194,
      "support": 35.0
    },
    "caring": {
      "precision": 0.1,
      "recall": 0.10526315789473684,
      "f1-score": 0.10256410256410256,
      "support": 19.0
    },
    "optimism": {
      "precision": 0.34615384615384615,
      "recall": 0.391304347826087,
      "f1-score": 0.3673469387755102,
      "support": 23.0
    },
    "realization": {
      "precision": 0.125,
      "recall": 0.10526315789473684,
      "f1-score": 0.11428571428571428,
      "support": 19.0
    },
    "approval": {
      "precision": 0.4166666666666667,
      "recall": 0.09803921568627451,
      "f1-score": 0.15873015873015872,
      "support": 51.0
    },
    "confusion": {
      "precision": 0.35714285714285715,
      "recall": 0.23809523809523808,
      "f1-score": 0.2857142857142857,
      "support": 21.0
    },
    "excitement": {
      "precision": 0.16,
      "recall": 0.3333333333333333,
      "f1-score": 0.21621621621621623,
      "support": 12.0
    },
    "relief": {
      "precision": 0.0,
      "recall": 0.0,
      "f1-score": 0.0,
      "support": 2.0
    },
    "disappointment": {
      "precision": 0.03305785123966942,
      "recall": 0.21052631578947367,
      "f1-score": 0.05714285714285714,
      "support": 19.0
    },
    "embarrassment": {
      "precision": 0.5,
      "recall": 0.4,
      "f1-score": 0.4444444444444444,
      "support": 5.0
    },
    "disapproval": {
      "precision": 0.0821917808219178,
      "recall": 0.2857142857142857,
      "f1-score": 0.1276595744680851,
      "support": 42.0
    },
    "annoyance": {
      "precision": 0.2,
      "recall": 0.047619047619047616,
      "f1-score": 0.07692307692307693,
      "support": 42.0
    },
    "gratitude": {
      "precision": 0.782608695652174,
      "recall": 0.631578947368421,
      "f1-score": 0.6990291262135923,
      "support": 57.0
    },
    "micro avg": {
      "precision": 0.3148535564853556,
      "recall": 0.301,
      "f1-score": 0.30777096114519426,
      "support": 1000.0
    },
    "macro avg": {
      "precision": 0.31206974690582795,
      "recall": 0.2850965743663712,
      "f1-score": 0.26928530513215454,
      "support": 1000.0
    },
    "weighted avg": {
      "precision": 0.4406086137758057,
      "recall": 0.301,
      "f1-score": 0.3298404914120362,
      "support": 1000.0
    }
  },
  "accuracy": 0.301,