{
  "classification_report": {
    "confusion": {
      "precision": 0.17647058823529413,
      "recall": 0.2857142857142857,
      "f1-score": 0.21818181818181817,
      "support": 21.0
    },
    "pride": {
      "precision": 0.0,
      "recall": 0.0,
      "f1-score": 0.0,
      "support": 2.0
    },
    "anger": {
      "precision": 0.17391304347826086,
      "recall": 0.13793103448275862,
      "f1-score": 0.15384615384615385,
      "support": 29.0
    },
    "love": {
      "precision": 0.2903225806451613,
      "recall": 0.5142857142857142,
      "f1-score": 0.3711340206185567,
      "support": 35.0
    },
    "curiosity": {
      "precision": 0.1,
      "recall": 0.13157894736842105,
      "f1-score": 0.11363636363636363,
      "support": 38.0
    },
    "realization": {
      "precision": 0.11764705882352941,
      "recall": 0.10526315789473684,
      "f1-score": 0.1111111111111111,
      "support": 19.0
    },
    "disappointment": {
      "precision": 0.0,
      "recall": 0.0,
      "f1-score": 0.0,
      "support": 19.0
    },
    "grief": {
      "precision": 0.0,
      "recall": 0.0,
      "f1-score": 0.0,
      "support": 0.0
    },
    "gratitude": {
      "precision": 0.6290322580645161,
      "recall": 0.6842105263157895,
      "f1-score": 0.6554621848739496,
      "support": 57.0
    },
    "amusement": {
      "precision": 0.1891891891891892,
      "recall": 0.34146341463414637,
      "f1-score": 0.24347826086956523,
      "support": 41.0
    },
    "sadness": {
      "precision": 0.26666666666666666,
      "recall": 0.18181818181818182,
      "f1-score": 0.21621621621621623,
      "support": 22.0
    },
    "remorse": {
      "precision": 0.1111111111111111,
      "recall": 0.1,
      "f1-score": 0.10526315789473684,
      "support": 10.0
    },
    "nervousness": {
      "precision": 0.0,
      "recall": 0.0,
      "f1-score": 0.0,
      "support": 3.0
    },
    "annoyance": {
      "precision": 0.038461538461538464,
      "recall": 0.023809523809523808,
      "f1-score": 0.029411764705882353,
      "support": 42.0
    },
    "excitement": {
      "precision": 0.0625,
      "recall": 0.08333333333333333,
      "f1-score": 0.07142857142857142,
      "support": 12.0
    },
    "desire": {
      "precision": 0.07142857142857142,
      "recall": 0.08333333333333333,
      "f1-score": 0.07692307692307693,
      "support": 12.0
    },
    "optimism": {
      "precision": 0.14285714285714285,
      "recall": 0.13043478260869565,
      "f1-score": 0.13636363636363635,
      "support": 23.0
    },
    "surprise": {
      "precision": 0.06666666666666667,
      "recall": 0.05263157894736842,
      "f1-score": 0.058823529411764705,
      "support": 19.0
    },
    "fear": {
      "precision": 0.2222222222222222,
      "recall": 0.14285714285714285,
      "f1-score": 0.17391304347826086,
      "support": 14.0
    },
    "embarrassment": {
      "precision": 0.0,
      "recall": 0.0,
      "f1-score": 0.0,
      "support": 5.0
    },
    "approval": {
      "precision": 0.1643835616438356,
      "recall": 0.23529411764705882,
      "f1-score": 0.1935483870967742,
      "support": 51.0
    },
    "joy": {
      "precision": 0.21428571428571427,
      "recall": 0.3,
      "f1-score": 0.25,
      "support": 20.0
    },
    "relief": {
      "precision": 0.0,
      "recall": 0.0,
      "f1-score": 0.0,
      "support": 2.0
    },
    "disgust": {
      "precision": 0.3333333333333333,
      "recall": 0.29411764705882354,
      "f1-score": 0.3125,
      "support": 17.0
    },
    "disapproval": {
      "precision": 0.027777777777777776,
      "recall": 0.023809523809523808,
      "f1-score": 0.02564102564102564,
      "support": 42.0
    },
    "admiration": {
      "precision": 0.3963963963963964,
      "recall": 0.5789473684210527,
      "f1-score": 0.47058823529411764,
      "support": 76.0
    },
    "neutral": {
      "precision": 0.48058252427184467,
      "recall": 0.28285714285714286,
      "f1-score": 0.35611510791366907,
      "support": 350.0
    },
    "caring": {
      "precision": 0.09523809523809523,
      "recall": 0.10526315789473684,
      "f1-score": 0.1,
      "support": 19.0
    },
    "micro avg": {
      "precision": 0.2793814432989691,
      "recall": 0.271,
      "f1-score": 0.2751269035532995,
      "support": 1000.0
    },
    "macro avg": {
      "precision": 0.15608878717131672,
      "recall": 0.17210549696756322,
      "f1-score": 0.15869948805375894,
      "support": 1000.0
    },
    "weighted avg": {
      "precision": 0.30606348052794874,
      "recall": 0.271,
      "f1-score": 0.2748853735362158,
      "support": 1000.0
    }
  },
  "accuracy": 0.271,