{
  "classification_report": {
    "relief": {
      "precision": 0.0,
      "recall": 0.0,
      "f1-score": 0.0,
      "support": 2.0
    },
    "pride": {
      "precision": 0.0,
      "recall": 0.0,
      "f1-score": 0.0,
      "support": 2.0
    },
    "gratitude": {
      "precision": 0.7391304347826086,
      "recall": 0.5964912280701754,
      "f1-score": 0.6601941747572816,
      "support": 57.0
    },
    "excitement": {
      "precision": 0.2,
      "recall": 0.4166666666666667,
      "f1-score": 0.2702702702702703,
      "support": 12.0
    },
    "annoyance": {
      "precision": 0.19047619047619047,
      "recall": 0.09523809523809523,
      "f1-score": 0.12698412698412698,
      "support": 42.0
    },
    "anger": {
      "precision": 0.23404255319148937,
      "recall": 0.3793103448275862,
      "f1-score": 0.2894736842105263,
      "support": 29.0
    },
    "joy": {
      "precision": 0.2631578947368421,
      "recall": 0.25,
      "f1-score": 0.2564102564102564,
      "support": 20.0
    },
    "admiration": {
      "precision": 0.46236559139784944,
      "recall": 0.5657894736842105,
      "f1-score": 0.5088757396449705,
      "support": 76.0
    },
    "curiosity": {
      "precision": 0.2625,
      "recall": 0.5526315789473685,
      "f1-score": 0.3559322033898305,
      "support": 38.0
    },
    "disapproval": {
      "precision": 0.09302325581395349,
      "recall": 0.19047619047619047,
      "f1-score": 0.125,
      "support": 42.0
    },
    "embarrassment": {
      "precision": 0.25,
      "recall": 0.4,
      "f1-score": 0.3076923076923077,
      "support": 5.0
    },
    "approval": {
      "precision": 0.24324324324324326,
      "recall": 0.17647058823529413,
      "f1-score": 0.20454545454545456,
      "support": 51.0
    },
    "fear": {
      "precision": 0.6,
      "recall": 0.21428571428571427,
      "f1-score": 0.3157894736842105,
      "support": 14.0
    },
    "sadness": {
      "precision": 0.24242424242424243,
      "recall": 0.36363636363636365,
      "f1-score": 0.2909090909090909,
      "support": 22.0
    },
    "optimism": {
      "precision": 0.16666666666666666,
      "recall": 0.21739130434782608,
      "f1-score": 0.18867924528301888,
      "support": 23.0
    },
    "amusement": {
      "precision": 0.4489795918367347,
      "recall": 0.5365853658536586,
      "f1-score": 0.4888888888888889,
      "support": 41.0
    },
    "love": {
      "precision": 0.75,
      "recall": 0.5142857142857142,
      "f1-score": 0.6101694915254238,
      "support": 35.0
    },
    "surprise": {
      "precision": 0.1875,
      "recall": 0.3157894736842105,
      "f1-score": 0.23529411764705882,
      "support": 19.0
    },
    "realization": {
      "precision": 0.07142857142857142,
      "recall": 0.05263157894736842,
      "f1-score": 0.06060606060606061,
      "support": 19.0
    },
    "remorse": {
      "precision": 0.3333333333333333,
      "recall": 0.1,
      "f1-score": 0.15384615384615385,
      "support": 10.0
    },
    "grief": {
      "precision": 0.0,
      "recall": 0.0,
      "f1-score": 0.0,
      "support": 0.0
    },
    "disgust": {
      "precision": 0.42105263157894735,
      "recall": 0.47058823529411764,
      "f1-score": 0.4444444444444444,
      "support": 17.0
    },
    "desire": {
      "precision": 0.16666666666666666,
      "recall": 0.16666666666666666,
      "f1-score": 0.16666666666666666,
      "support": 12.0
    },
    "caring": {
      "precision": 0.3333333333333333,
      "recall": 0.10526315789473684,
      "f1-score": 0.16,
      "support": 19.0
    },
    "neutral": {
      "precision": 0.6818181818181818,
      "recall": 0.08571428571428572,
      "f1-score": 0.15228426395939088,
      "support": 350.0
    },
    "confusion": {
      "precision": 0.18181818181818182,
      "recall": 0.47619047619047616,
      "f1-score": 0.2631578947368421,
      "support": 21.0
    },
    "nervousness": {
      "precision": 0.5,
      "recall": 0.6666666666666666,
      "f1-score": 0.5714285714285714,
      "support": 3.0
    },
    "disappointment": {
      "precision": 0.0427807486631016,
      "recall": 0.42105263157894735,
      "f1-score": 0.07766990291262135,
      "support": 19.0
    },
    "micro avg": {
      "precision": 0.273190621814475,
      "recall": 0.268,
      "f1-score": 0.270570418980313,
      "support": 1000.0
    },
    "macro avg": {
      "precision": 0.2880621897575049,
      "recall": 0.29749363575686927,
      "f1-score": 0.2601861601586953,
      "support": 1000.0
    },
    "weighted avg": {
      "precision": 0.45799440768749555,
      "recall": 0.268,
      "f1-score": 0.2674838406167981,
      "support": 1000.0
    }
  },
  "accuracy": 0.268,