{
  "classification_report": {
    "pride": {
      "precision": 0.0,
      "recall": 0.0,
      "f1-score": 0.0,
      "support": 2.0
    },
    "excitement": {
      "precision": 0.15789473684210525,
      "recall": 0.25,
      "f1-score": 0.1935483870967742,
      "support": 12.0
    },
    "grief": {
      "precision": 0.0,
      "recall": 0.0,
      "f1-score": 0.0,
      "support": 0.0
    },
    "sadness": {
      "precision": 0.3,
      "recall": 0.2727272727272727,
      "f1-score": 0.2857142857142857,
      "support": 22.0
    },
    "caring": {
      "precision": 0.06666666666666667,
      "recall": 0.05263157894736842,
      "f1-score": 0.058823529411764705,
      "support": 19.0
    },
    "disapproval": {
      "precision": 0.12987012987012986,
      "recall": 0.23809523809523808,
      "f1-score": 0.16806722689075632,
      "support": 42.0
    },
    "nervousness": {
      "precision": 1.0,
      "recall": 0.3333333333333333,
      "f1-score": 0.5,
      "support": 3.0
    },
    "annoyance": {
      "precision": 0.13095238095238096,
      "recall": 0.2619047619047619,
      "f1-score": 0.1746031746031746,
      "support": 42.0
    },
    "fear": {
      "precision": 0.36363636363636365,
      "recall": 0.5714285714285714,
      "f1-score": 0.4444444444444444,
      "support": 14.0
    },
    "desire": {
      "precision": 0.25,
      "recall": 0.16666666666666666,
      "f1-score": 0.2,
      "support": 12.0
    },
    "neutral": {
      "precision": 0.5182926829268293,
      "recall": 0.24285714285714285,
      "f1-score": 0.33073929961089493,
      "support": 350.0
    },
    "anger": {
      "precision": 0.20512820512820512,
      "recall": 0.27586206896551724,
      "f1-score": 0.23529411764705882,
      "support": 29.0
    },
    "admiration": {
      "precision": 0.36893203883495146,
      "recall": 0.5,
      "f1-score": 0.4245810055865922,
      "support": 76.0
    },
    "approval": {
      "precision": 0.16981132075471697,
      "recall": 0.17647058823529413,
      "f1-score": 0.17307692307692307,
      "support": 51.0
    },
    "curiosity": {
      "precision": 0.21153846153846154,
      "recall": 0.2894736842105263,
      "f1-score": 0.24444444444444444,
      "support": 38.0
    },
    "relief": {
      "precision": 0.0,
      "recall": 0.0,
      "f1-score": 0.0,
      "support": 2.0
    },
    "realization": {
      "precision": 0.03333333333333333,
      "recall": 0.05263157894736842,
      "f1-score": 0.04081632653061224,
      "support": 19.0
    },
    "optimism": {
      "precision": 0.2727272727272727,
      "recall": 0.2608695652173913,
      "f1-score": 0.26666666666666666,
      "support": 23.0
    },
    "gratitude": {
      "precision": 0.7352941176470589,
      "recall": 0.43859649122807015,
      "f1-score": 0.5494505494505495,
      "support": 57.0
    },
    "disappointment": {
      "precision": 0.05,
      "recall": 0.10526315789473684,
      "f1-score": 0.06779661016949153,
      "support": 19.0
    },
    "joy": {
      "precision": 0.24,
      "recall": 0.3,
      "f1-score": 0.26666666666666666,
      "support": 20.0
    },
    "amusement": {
      "precision": 0.27450980392156865,
      "recall": 0.34146341463414637,
      "f1-score": 0.30434782608695654,
      "support": 41.0
    },
    "love": {
      "precision": 0.32142857142857145,
      "recall": 0.2571428571428571,
      "f1-score": 0.2857142857142857,
      "support": 35.0
    },
    "remorse": {
      "precision": 0.1,
      "recall": 0.2,
      "f1-score": 0.13333333333333333,
      "support": 10.0
    },
    "surprise": {
      "precision": 0.25,
      "recall": 0.15789473684210525,
      "f1-score": 0.1935483870967742,
      "support": 19.0
    },
    "embarrassment": {
      "precision": 0.058823529411764705,
      "recall": 0.2,
      "f1-score": 0.09090909090909091,
      "support": 5.0
    },
    "confusion": {
      "precision": 0.08695652173913043,
      "recall": 0.09523809523809523,
      "f1-score": 0.09090909090909091,
      "support": 21.0
    },
    "disgust": {
      "precision": 0.3333333333333333,
      "recall": 0.35294117647058826,
      "f1-score": 0.34285714285714286,
      "support": 17.0
    },
    "micro avg": {
      "precision": 0.27439024390243905,
      "recall": 0.27,
      "f1-score": 0.2721774193548387,
      "support": 1000.0
    },
    "macro avg": {
      "precision": 0.23675462395331587,
      "recall": 0.22833899932096613,
      "f1-score": 0.21665545767563477,
      "support": 1000.0
    },
    "weighted avg": {
      "precision": 0.3545052874187176,
      "recall": 0.27,
      "f1-score": 0.28773678887323234,
      "support": 1000.0
    }
  },
  "accuracy": 0.27,