{
  "classification_report": {
    "amusement": {
      "precision": 0.38461538461538464,
      "recall": 0.36585365853658536,
      "f1-score": 0.375,
      "support": 41.0
    },
    "desire": {
      "precision": 0.0,
      "recall": 0.0,
      "f1-score": 0.0,
      "support": 12.0
    },
    "joy": {
      "precision": 0.12,
      "recall": 0.15,
      "f1-score": 0.13333333333333333,
      "support": 20.0
    },
    "relief": {
      "precision": 0.0,
      "recall": 0.0,
      "f1-score": 0.0,
      "support": 2.0
    },
    "admiration": {
      "precision": 0.49295774647887325,
      "recall": 0.4605263157894737,
      "f1-score": 0.47619047619047616,
      "support": 76.0
    },
    "embarrassment": {
      "precision": 0.125,
      "recall": 0.2,
      "f1-score": 0.15384615384615385,
      "support": 5.0
    },
    "curiosity": {
      "precision": 0.17391304347826086,
      "recall": 0.10526315789473684,
      "f1-score": 0.13114754098360656,
      "support": 38.0
    },
    "approval": {
      "precision": 0.1794871794871795,
      "recall": 0.13725490196078433,
      "f1-score": 0.15555555555555556,
      "support": 51.0
    },
    "disappointment": {
      "precision": 0.027777777777777776,
      "recall": 0.05263157894736842,
      "f1-score": 0.03636363636363636,
      "support": 19.0
    },
    "disapproval": {
      "precision": 0.1206896551724138,
      "recall": 0.16666666666666666,
      "f1-score": 0.14,
      "support": 42.0
    },
    "disgust": {
      "precision": 0.2857142857142857,
      "recall": 0.23529411764705882,
      "f1-score": 0.25806451612903225,
      "support": 17.0
    },
    "love": {
      "precision": 0.5,
      "recall": 0.2857142857142857,
      "f1-score": 0.36363636363636365,
      "support": 35.0
    },
    "grief": {
      "precision": 0.0,
      "recall": 0.0,
      "f1-score": 0.0,
      "support": 0.0
    },
    "excitement": {
      "precision": 0.11764705882352941,
      "recall": 0.16666666666666666,
      "f1-score": 0.13793103448275862,
      "support": 12.0
    },
    "annoyance": {
      "precision": 0.23076923076923078,
      "recall": 0.21428571428571427,
      "f1-score": 0.2222222222222222,
      "support": 42.0
    },
    "remorse": {
      "precision": 0.16666666666666666,
      "recall": 0.1,
      "f1-score": 0.125,
      "support": 10.0
    },
    "nervousness": {
      "precision": 1.0,
      "recall": 0.3333333333333333,
      "f1-score": 0.5,
      "support": 3.0
    },
    "surprise": {
      "precision": 0.10526315789473684,
      "recall": 0.10526315789473684,
      "f1-score": 0.10526315789473684,
      "support": 19.0
    },
    "gratitude": {
      "precision": 0.9310344827586207,
      "recall": 0.47368421052631576,
      "f1-score": 0.627906976744186,
      "support": 57.0
    },
    "fear": {
      "precision": 0.4444444444444444,
      "recall": 0.2857142857142857,
      "f1-score": 0.34782608695652173,
      "support": 14.0
    },
    "neutral": {
      "precision": 0.5380116959064327,
      "recall": 0.26285714285714284,
      "f1-score": 0.3531669865642994,
      "support": 350.0
    },
    "pride": {
      "precision": 0.25,
      "recall": 0.5,
      "f1-score": 0.3333333333333333,
      "support": 2.0
    },
    "caring": {
      "precision": 0.13333333333333333,
      "recall": 0.10526315789473684,
      "f1-score": 0.11764705882352941,
      "support": 19.0
    },
    "optimism": {
      "precision": 0.23076923076923078,
      "recall": 0.2608695652173913,
      "f1-score": 0.24489795918367346,
      "support": 23.0
    },
    "anger": {
      "precision": 0.3125,
      "recall": 0.3448275862068966,
      "f1-score": 0.32786885245901637,
      "support": 29.0
    },
    "sadness": {
      "precision": 0.4666666666666667,
      "recall": 0.3181818181818182,
      "f1-score": 0.3783783783783784,
      "support": 22.0
    },
    "confusion": {
      "precision": 0.12903225806451613,
      "recall": 0.19047619047619047,
      "f1-score": 0.15384615384615385,
      "support": 21.0
    },
    "realization": {
      "precision": 0.15384615384615385,
      "recall": 0.10526315789473684,
      "f1-score": 0.125,
      "support": 19.0
    },
    "micro avg": {
      "precision": 0.3342002600780234,
      "recall": 0.257,
      "f1-score": 0.29055963821368,
      "support": 1000.0
    },
    "macro avg": {
      "precision": 0.27214783759527633,
      "recall": 0.21163895251096165,
      "f1-score": 0.22583663489024883,
      "support": 1000.0
    },
    "weighted avg": {
      "precision": 0.39864441448150295,
      "recall": 0.257,
      "f1-score": 0.30358371016784375,
      "support": 1000.0
    }
  },
  "accuracy": 0.257,