{
  "classification_report": {
    "sadness": {
      "precision": 0.34375,
      "recall": 0.5,
      "f1-score": 0.4074074074074074,
      "support": 22.0
    },
    "pride": {
      "precision": 0.0,
      "recall": 0.0,
      "f1-score": 0.0,
      "support": 2.0
    },
    "joy": {
      "precision": 0.2413793103448276,
      "recall": 0.35,
      "f1-score": 0.2857142857142857,
      "support": 20.0
    },
    "relief": {
      "precision": 0.0,
      "recall": 0.0,
      "f1-score": 0.0,
      "support": 2.0
    },
    "fear": {
      "precision": 0.75,
      "recall": 0.42857142857142855,
      "f1-score": 0.5454545454545454,
      "support": 14.0
    },
    "disappointment": {
      "precision": 0.0784313725490196,
      "recall": 0.42105263157894735,
      "f1-score": 0.1322314049586777,
      "support": 19.0
    },
    "remorse": {
      "precision": 1.0,
      "recall": 0.1,
      "f1-score": 0.18181818181818182,
      "support": 10.0
    },
    "annoyance": {
      "precision": 0.2,
      "recall": 0.023809523809523808,
      "f1-score": 0.0425531914893617,
      "support": 42.0
    },
    "excitement": {
      "precision": 0.21739130434782608,
      "recall": 0.4166666666666667,
      "f1-score": 0.2857142857142857,
      "support": 12.0
    },
    "anger": {
      "precision": 0.2631578947368421,
      "recall": 0.1724137931034483,
      "f1-score": 0.20833333333333334,
      "support": 29.0
    },
    "approval": {
      "precision": 0.25,
      "recall": 0.058823529411764705,
      "f1-score": 0.09523809523809523,
      "support": 51.0
    },
    "curiosity": {
      "precision": 0.42857142857142855,
      "recall": 0.47368421052631576,
      "f1-score": 0.45,
      "support": 38.0
    },
    "embarrassment": {
      "precision": 0.5,
      "recall": 0.4,
      "f1-score": 0.4444444444444444,
      "support": 5.0
    },
    "grief": {
      "precision": 0.0,
      "recall": 0.0,
      "f1-score": 0.0,
      "support": 0.0
    },
    "disgust": {
      "precision": 0.2777777777777778,
      "recall": 0.29411764705882354,
      "f1-score": 0.2857142857142857,
      "support": 17.0
    },
    "confusion": {
      "precision": 0.5,
      "recall": 0.23809523809523808,
      "f1-score": 0.3225806451612903,
      "support": 21.0
    },
    "love": {
      "precision": 0.47619047619047616,
      "recall": 0.5714285714285714,
      "f1-score": 0.5194805194805194,
      "support": 35.0
    },
    "surprise": {
      "precision": 0.2,
      "recall": 0.21052631578947367,
      "f1-score": 0.20512820512820512,
      "support": 19.0
    },
    "neutral": {
      "precision": 0.5137614678899083,
      "recall": 0.32,
      "f1-score": 0.39436619718309857,
      "support": 350.0
    },
    "realization": {
      "precision": 0.42857142857142855,
      "recall": 0.15789473684210525,
      "f1-score": 0.23076923076923078,
      "support": 19.0
    },
    "amusement": {
      "precision": 0.3958333333333333,
      "recall": 0.4634146341463415,
      "f1-score": 0.42696629213483145,
      "support": 41.0
    },
    "admiration": {
      "precision": 0.5370370370370371,
      "recall": 0.3815789473684211,
      "f1-score": 0.4461538461538462,
      "support": 76.0
    },
    "disapproval": {
      "precision": 0.09302325581395349,
      "recall": 0.38095238095238093,
      "f1-score": 0.14953271028037382,
      "support": 42.0
    },
    "desire": {
      "precision": 0.0,
      "recall": 0.0,
      "f1-score": 0.0,
      "support": 12.0
    },
    "nervousness": {
      "precision": 0.4,
      "recall": 0.6666666666666666,
      "f1-score": 0.5,
      "support": 3.0
    },
    "gratitude": {
      "precision": 0.625,
      "recall": 0.5263157894736842,
      "f1-score": 0.5714285714285714,
      "support": 57.0
    },
    "optimism": {
      "precision": 0.38095238095238093,
      "recall": 0.34782608695652173,
      "f1-score": 0.36363636363636365,
      "support": 23.0
    },
    "caring": {
      "precision": 0.29411764705882354,
      "recall": 0.2631578947368421,
      "f1-score": 0.2777777777777778,
      "support": 19.0
    },
    "micro avg": {
      "precision": 0.33783783783783783,
      "recall": 0.325,
      "f1-score": 0.3312945973496432,
      "support": 1000.0
    },
    "macro avg": {
      "precision": 0.33553378982768084,
      "recall": 0.2916784533279702,
      "f1-score": 0.27758727930075044,
      "support": 1000.0
    },
    "weighted avg": {
      "precision": 0.42033062924548836,
      "recall": 0.325,
      "f1-score": 0.34361092975648816,
      "support": 1000.0
    }
  },
  "accuracy": 0.325,