{
  "classification_report": {
    "disappointment": {
      "precision": 0.04487179487179487,
      "recall": 0.3684210526315789,
      "f1-score": 0.08,
      "support": 19.0
    },
    "relief": {
      "precision": 0.0,
      "recall": 0.0,
      "f1-score": 0.0,
      "support": 2.0
    },
    "desire": {
      "precision": 0.2777777777777778,
      "recall": 0.4166666666666667,
      "f1-score": 0.3333333333333333,
      "support": 12.0
    },
    "remorse": {
      "precision": 0.3333333333333333,
      "recall": 0.1,
      "f1-score": 0.15384615384615385,
      "support": 10.0
    },
    "fear": {
      "precision": 1.0,
      "recall": 0.21428571428571427,
      "f1-score": 0.35294117647058826,
      "support": 14.0
    },
    "sadness": {
      "precision": 0.38461538461538464,
      "recall": 0.45454545454545453,
      "f1-score": 0.4166666666666667,
      "support": 22.0
    },
    "realization": {
      "precision": 0.2,
      "recall": 0.10526315789473684,
      "f1-score": 0.13793103448275862,
      "support": 19.0
    },
    "love": {
      "precision": 0.48717948717948717,
      "recall": 0.5428571428571428,
      "f1-score": 0.5135135135135135,
      "support": 35.0
    },
    "gratitude": {
      "precision": 0.7619047619047619,
      "recall": 0.5614035087719298,
      "f1-score": 0.6464646464646465,
      "support": 57.0
    },
    "embarrassment": {
      "precision": 0.6666666666666666,
      "recall": 0.4,
      "f1-score": 0.5,
      "support": 5.0
    },
    "curiosity": {
      "precision": 0.16,
      "recall": 0.3157894736842105,
      "f1-score": 0.21238938053097345,
      "support": 38.0
    },
    "joy": {
      "precision": 0.25806451612903225,
      "recall": 0.4,
      "f1-score": 0.3137254901960784,
      "support": 20.0
    },
    "pride": {
      "precision": 0.0,
      "recall": 0.0,
      "f1-score": 0.0,
      "support": 2.0
    },
    "anger": {
      "precision": 0.30952380952380953,
      "recall": 0.4482758620689655,
      "f1-score": 0.36619718309859156,
      "support": 29.0
    },
    "grief": {
      "precision": 0.0,
      "recall": 0.0,
      "f1-score": 0.0,
      "support": 0.0
    },
    "confusion": {
      "precision": 0.10869565217391304,
      "recall": 0.23809523809523808,
      "f1-score": 0.14925373134328357,
      "support": 21.0
    },
    "admiration": {
      "precision": 0.45161290322580644,
      "recall": 0.5526315789473685,
      "f1-score": 0.4970414201183432,
      "support": 76.0
    },
    "amusement": {
      "precision": 0.3150684931506849,
      "recall": 0.5609756097560976,
      "f1-score": 0.40350877192982454,
      "support": 41.0
    },
    "caring": {
      "precision": 0.07142857142857142,
      "recall": 0.05263157894736842,
      "f1-score": 0.06060606060606061,
      "support": 19.0
    },
    "excitement": {
      "precision": 0.2857142857142857,
      "recall": 0.3333333333333333,
      "f1-score": 0.3076923076923077,
      "support": 12.0
    },
    "disapproval": {
      "precision": 0.14285714285714285,
      "recall": 0.23809523809523808,
      "f1-score": 0.17857142857142858,
      "support": 42.0
    },
    "disgust": {
      "precision": 0.5,
      "recall": 0.29411764705882354,
      "f1-score": 0.37037037037037035,
      "support": 17.0
    },
    "neutral": {
      "precision": 0.6395348837209303,
      "recall": 0.15714285714285714,
      "f1-score": 0.25229357798165136,
      "support": 350.0
    },
    "optimism": {
      "precision": 0.2222222222222222,
      "recall": 0.17391304347826086,
      "f1-score": 0.1951219512195122,
      "support": 23.0
    },
    "annoyance": {
      "precision": 0.14285714285714285,
      "recall": 0.09523809523809523,
      "f1-score": 0.11428571428571428,
      "support": 42.0
    },
    "nervousness": {
      "precision": 0.2,
      "recall": 0.3333333333333333,
      "f1-score": 0.25,
      "support": 3.0
    },
    "surprise": {
      "precision": 0.19230769230769232,
      "recall": 0.2631578947368421,
      "f1-score": 0.2222222222222222,
      "support": 19.0
    },
    "approval": {
      "precision": 0.25,
      "recall": 0.19607843137254902,
      "f1-score": 0.21978021978021978,
      "support": 51.0
    },
    "micro avg": {
      "precision": 0.2908530318602261,
      "recall": 0.283,
      "f1-score": 0.2868727825646224,
      "support": 1000.0
    },
    "macro avg": {
      "precision": 0.30022273291644425,
      "recall": 0.27915185403363585,
      "f1-score": 0.2588484412401515,
      "support": 1000.0
    },
    "weighted avg": {
      "precision": 0.4385723152557159,
      "recall": 0.283,
      "f1-score": 0.29593850240538955,
      "support": 1000.0
    }
  },
  "accuracy": 0.283,