{
  "classification_report": {
    "admiration": {
      "precision": 0.5625,
      "recall": 0.35526315789473684,
      "f1-score": 0.43548387096774194,
      "support": 76.0
    },
    "neutral": {
      "precision": 0.5905511811023622,
      "recall": 0.21428571428571427,
      "f1-score": 0.31446540880503143,
      "support": 350.0
    },
    "disapproval": {
      "precision": 0.12903225806451613,
      "recall": 0.38095238095238093,
      "f1-score": 0.1927710843373494,
      "support": 42.0
    },
    "confusion": {
      "precision": 0.16666666666666666,
      "recall": 0.09523809523809523,
      "f1-score": 0.12121212121212122,
      "support": 21.0
    },
    "relief": {
      "precision": 0.0,
      "recall": 0.0,
      "f1-score": 0.0,
      "support": 2.0
    },
    "optimism": {
      "precision": 0.23529411764705882,
      "recall": 0.17391304347826086,
      "f1-score": 0.2,
      "support": 23.0
    },
    "anger": {
      "precision": 0.3076923076923077,
      "recall": 0.27586206896551724,
      "f1-score": 0.2909090909090909,
      "support": 29.0
    },
    "joy": {
      "precision": 0.2,
      "recall": 0.3,
      "f1-score": 0.24,
      "support": 20.0
    },
    "remorse": {
      "precision": 1.0,
      "recall": 0.3,
      "f1-score": 0.46153846153846156,
      "support": 10.0
    },
    "grief": {
      "precision": 0.0,
      "recall": 0.0,
      "f1-score": 0.0,
      "support": 0.0
    },
    "disgust": {
      "precision": 0.2,
      "recall": 0.4117647058823529,
      "f1-score": 0.2692307692307692,
      "support": 17.0
    },
    "fear": {
      "precision": 0.75,
      "recall": 0.21428571428571427,
      "f1-score": 0.3333333333333333,
      "support": 14.0
    },
    "surprise": {
      "precision": 0.3076923076923077,
      "recall": 0.42105263157894735,
      "f1-score": 0.35555555555555557,
      "support": 19.0
    },
    "disappointment": {
      "precision": 0.04838709677419355,
      "recall": 0.3157894736842105,
      "f1-score": 0.08391608391608392,
      "support": 19.0
    },
    "love": {
      "precision": 0.7931034482758621,
      "recall": 0.6571428571428571,
      "f1-score": 0.71875,
      "support": 35.0
    },
    "annoyance": {
      "precision": 0.14285714285714285,
      "recall": 0.023809523809523808,
      "f1-score": 0.04081632653061224,
      "support": 42.0
    },
    "excitement": {
      "precision": 0.2222222222222222,
      "recall": 0.5,
      "f1-score": 0.3076923076923077,
      "support": 12.0
    },
    "embarrassment": {
      "precision": 0.3333333333333333,
      "recall": 0.4,
      "f1-score": 0.36363636363636365,
      "support": 5.0
    },
    "amusement": {
      "precision": 0.4666666666666667,
      "recall": 0.5121951219512195,
      "f1-score": 0.4883720930232558,
      "support": 41.0
    },
    "pride": {
      "precision": 0.0,
      "recall": 0.0,
      "f1-score": 0.0,
      "support": 2.0
    },
    "curiosity": {
      "precision": 0.3333333333333333,
      "recall": 0.5789473684210527,
      "f1-score": 0.4230769230769231,
      "support": 38.0
    },
    "sadness": {
      "precision": 0.3225806451612903,
      "recall": 0.45454545454545453,
      "f1-score": 0.37735849056603776,
      "support": 22.0
    },
    "desire": {
      "precision": 0.375,
      "recall": 0.25,
      "f1-score": 0.3,
      "support": 12.0
    },
    "caring": {
      "precision": 0.22580645161290322,
      "recall": 0.3684210526315789,
      "f1-score": 0.28,
      "support": 19.0
    },
    "nervousness": {
      "precision": 0.2727272727272727,
      "recall": 1.0,
      "f1-score": 0.42857142857142855,
      "support": 3.0
    },
    "gratitude": {
      "precision": 0.6521739130434783,
      "recall": 0.5263157894736842,
      "f1-score": 0.5825242718446602,
      "support": 57.0
    },
    "approval": {
      "precision": 0.2894736842105263,
      "recall": 0.21568627450980393,
      "f1-score": 0.24719101123595505,
      "support": 51.0
    },
    "realization": {
      "precision": 0.2222222222222222,
      "recall": 0.3157894736842105,
      "f1-score": 0.2608695652173913,
      "support": 19.0
    },
    "micro avg": {
      "precision": 0.32460732984293195,
      "recall": 0.31,
      "f1-score": 0.3171355498721228,
      "support": 1000.0
    },
    "macro avg": {
      "precision": 0.32676129540377374,
      "recall": 0.33075928222911843,
      "f1-score": 0.2899026629000169,
      "support": 1000.0
    },
    "weighted avg": {
      "precision": 0.4501191443141604,
      "recall": 0.31,
      "f1-score": 0.33160275850936044,
      "support": 1000.0
    }
  },
  "accuracy": 0.31,