{
  "classification_report": {
    "gratitude": {
      "precision": 0.7105263157894737,
      "recall": 0.47368421052631576,
      "f1-score": 0.5684210526315789,
      "support": 57.0
    },
    "realization": {
      "precision": 0.125,
      "recall": 0.10526315789473684,
      "f1-score": 0.11428571428571428,
      "support": 19.0
    },
    "confusion": {
      "precision": 0.36363636363636365,
      "recall": 0.19047619047619047,
      "f1-score": 0.25,
      "support": 21.0
    },
    "disappointment": {
      "precision": 0.06382978723404255,
      "recall": 0.15789473684210525,
      "f1-score": 0.09090909090909091,
      "support": 19.0
    },
    "fear": {
      "precision": 0.23076923076923078,
      "recall": 0.21428571428571427,
      "f1-score": 0.2222222222222222,
      "support": 14.0
    },
    "anger": {
      "precision": 0.32,
      "recall": 0.27586206896551724,
      "f1-score": 0.2962962962962963,
      "support": 29.0
    },
    "amusement": {
      "precision": 0.30158730158730157,
      "recall": 0.4634146341463415,
      "f1-score": 0.36538461538461536,
      "support": 41.0
    },
    "nervousness": {
      "precision": 0.16666666666666666,
      "recall": 0.3333333333333333,
      "f1-score": 0.2222222222222222,
      "support": 3.0
    },
    "caring": {
      "precision": 0.02857142857142857,
      "recall": 0.05263157894736842,
      "f1-score": 0.037037037037037035,
      "support": 19.0
    },
    "grief": {
      "precision": 0.0,
      "recall": 0.0,
      "f1-score": 0.0,
      "support": 0.0
    },
    "relief": {
      "precision": 0.0,
      "recall": 0.0,
      "f1-score": 0.0,
      "support": 2.0
    },
    "remorse": {
      "precision": 0.3333333333333333,
      "recall": 0.5,
      "f1-score": 0.4,
      "support": 10.0
    },
    "sadness": {
      "precision": 0.42857142857142855,
      "recall": 0.13636363636363635,
      "f1-score": 0.20689655172413793,
      "support": 22.0
    },
    "disapproval": {
      "precision": 0.0880503144654088,
      "recall": 0.3333333333333333,
      "f1-score": 0.13930348258706468,
      "support": 42.0
    },
    "embarrassment": {
      "precision": 0.5,
      "recall": 0.2,
      "f1-score": 0.2857142857142857,
      "support": 5.0
    },
    "love": {
      "precision": 0.3125,
      "recall": 0.42857142857142855,
      "f1-score": 0.3614457831325301,
      "support": 35.0
    },
    "neutral": {
      "precision": 0.44680851063829785,
      "recall": 0.06,
      "f1-score": 0.10579345088161209,
      "support": 350.0
    },
    "surprise": {
      "precision": 0.1,
      "recall": 0.21052631578947367,
      "f1-score": 0.13559322033898305,
      "support": 19.0
    },
    "approval": {
      "precision": 0.19444444444444445,
      "recall": 0.13725490196078433,
      "f1-score": 0.16091954022988506,
      "support": 51.0
    },
    "excitement": {
      "precision": 0.1111111111111111,
      "recall": 0.16666666666666666,
      "f1-score": 0.13333333333333333,
      "support": 12.0
    },
    "desire": {
      "precision": 0.16666666666666666,
      "recall": 0.08333333333333333,
      "f1-score": 0.1111111111111111,
      "support": 12.0
    },
    "optimism": {
      "precision": 0.18181818181818182,
      "recall": 0.17391304347826086,
      "f1-score": 0.17777777777777778,
      "support": 23.0
    },
    "admiration": {
      "precision": 0.43157894736842106,
      "recall": 0.5394736842105263,
      "f1-score": 0.47953216374269003,
      "support": 76.0
    },
    "disgust": {
      "precision": 0.18181818181818182,
      "recall": 0.47058823529411764,
      "f1-score": 0.26229508196721313,
      "support": 17.0
    },
    "pride": {
      "precision": 0.0,
      "recall": 0.0,
      "f1-score": 0.0,
      "support": 2.0
    },
    "annoyance": {
      "precision": 0.07142857142857142,
      "recall": 0.07142857142857142,
      "f1-score": 0.07142857142857142,
      "support": 42.0
    },
    "curiosity": {
      "precision": 0.13924050632911392,
      "recall": 0.5789473684210527,
      "f1-score": 0.22448979591836735,
      "support": 38.0
    },
    "joy": {
      "precision": 0.25,
      "recall": 0.05,
      "f1-score": 0.08333333333333333,
      "support": 20.0
    },
    "micro avg": {
      "precision": 0.22066198595787362,
      "recall": 0.22,
      "f1-score": 0.22033049574361543,
      "support": 1000.0
    },
    "macro avg": {
      "precision": 0.22314133186598814,
      "recall": 0.22883021943817172,
      "f1-score": 0.196633776221774,
      "support": 1000.0
    },
    "weighted avg": {
      "precision": 0.332437198538606,
      "recall": 0.22,
      "f1-score": 0.2070190263667453,
      "support": 1000.0
    }
  },
  "accuracy": 0.22,