{
  "classification_report": {
    "optimism": {
      "precision": 0.35714285714285715,
      "recall": 0.21739130434782608,
      "f1-score": 0.2702702702702703,
      "support": 23.0
    },
    "caring": {
      "precision": 0.05263157894736842,
      "recall": 0.05263157894736842,
      "f1-score": 0.05263157894736842,
      "support": 19.0
    },
    "nervousness": {
      "precision": 0.0,
      "recall": 0.0,
      "f1-score": 0.0,
      "support": 3.0
    },
    "love": {
      "precision": 0.42857142857142855,
      "recall": 0.42857142857142855,
      "f1-score": 0.42857142857142855,
      "support": 35.0
    },
    "admiration": {
      "precision": 0.5483870967741935,
      "recall": 0.2236842105263158,
      "f1-score": 0.3177570093457944,
      "support": 76.0
    },
    "disgust": {
      "precision": 0.21428571428571427,
      "recall": 0.17647058823529413,
      "f1-score": 0.1935483870967742,
      "support": 17.0
    },
    "embarrassment": {
      "precision": 0.2,
      "recall": 0.2,
      "f1-score": 0.2,
      "support": 5.0
    },
    "approval": {
      "precision": 0.15384615384615385,
      "recall": 0.11764705882352941,
      "f1-score": 0.13333333333333333,
      "support": 51.0
    },
    "realization": {
      "precision": 0.0,
      "recall": 0.0,
      "f1-score": 0.0,
      "support": 19.0
    },
    "fear": {
      "precision": 0.2857142857142857,
      "recall": 0.14285714285714285,
      "f1-score": 0.19047619047619047,
      "support": 14.0
    },
    "excitement": {
      "precision": 0.18181818181818182,
      "recall": 0.3333333333333333,
      "f1-score": 0.23529411764705882,
      "support": 12.0
    },
    "desire": {
      "precision": 0.16666666666666666,
      "recall": 0.08333333333333333,
      "f1-score": 0.1111111111111111,
      "support": 12.0
    },
    "grief": {
      "precision": 0.0,
      "recall": 0.0,
      "f1-score": 0.0,
      "support": 0.0
    },
    "neutral": {
      "precision": 0.5370370370370371,
      "recall": 0.4142857142857143,
      "f1-score": 0.46774193548387094,
      "support": 350.0
    },
    "pride": {
      "precision": 0.0,
      "recall": 0.0,
      "f1-score": 0.0,
      "support": 2.0
    },
    "sadness": {
      "precision": 0.5294117647058824,
      "recall": 0.4090909090909091,
      "f1-score": 0.46153846153846156,
      "support": 22.0
    },
    "amusement": {
      "precision": 0.41379310344827586,
      "recall": 0.5853658536585366,
      "f1-score": 0.48484848484848486,
      "support": 41.0
    },
    "annoyance": {
      "precision": 0.11538461538461539,
      "recall": 0.07142857142857142,
      "f1-score": 0.08823529411764706,
      "support": 42.0
    },
    "confusion": {
      "precision": 0.2,
      "recall": 0.2857142857142857,
      "f1-score": 0.23529411764705882,
      "support": 21.0
    },
    "anger": {
      "precision": 0.358974358974359,
      "recall": 0.4827586206896552,
      "f1-score": 0.4117647058823529,
      "support": 29.0
    },
    "disapproval": {
      "precision": 0.1,
      "recall": 0.07142857142857142,
      "f1-score": 0.08333333333333333,
      "support": 42.0
    },
    "surprise": {
      "precision": 0.2692307692307692,
      "recall": 0.3684210526315789,
      "f1-score": 0.3111111111111111,
      "support": 19.0
    },
    "gratitude": {
      "precision": 0.7037037037037037,
      "recall": 0.6666666666666666,
      "f1-score": 0.6846846846846847,
      "support": 57.0
    },
    "relief": {
      "precision": 0.0,
      "recall": 0.0,
      "f1-score": 0.0,
      "support": 2.0
    },
    "joy": {
      "precision": 0.15384615384615385,
      "recall": 0.2,
      "f1-score": 0.17391304347826086,
      "support": 20.0
    },
    "disappointment": {
      "precision": 0.0,
      "recall": 0.0,
      "f1-score": 0.0,
      "support": 19.0
    },
    "remorse": {
      "precision": 0.3333333333333333,
      "recall": 0.1,
      "f1-score": 0.15384615384615385,
      "support": 10.0
    },
    "curiosity": {
      "precision": 0.3333333333333333,
      "recall": 0.21052631578947367,
      "f1-score": 0.25806451612903225,
      "support": 38.0
    },
    "micro avg": {
      "precision": 0.3842424242424242,
      "recall": 0.317,
      "f1-score": 0.3473972602739726,
      "support": 1000.0
    },
    "macro avg": {
      "precision": 0.23703971917015404,
      "recall": 0.2086288050128405,
      "f1-score": 0.21240604531784935,
      "support": 1000.0
    },
    "weighted avg": {
      "precision": 0.39109790232765435,
      "recall": 0.317,
      "f1-score": 0.34187145982408107,
      "support": 1000.0
    }
  },
  "accuracy": 0.317,