{
  "classification_report": {
    "curiosity": {
      "precision": 0.2222222222222222,
      "recall": 0.15789473684210525,
      "f1-score": 0.18461538461538463,
      "support": 38.0
    },
    "admiration": {
      "precision": 0.3902439024390244,
      "recall": 0.21052631578947367,
      "f1-score": 0.27350427350427353,
      "support": 76.0
    },
    "sadness": {
      "precision": 0.3076923076923077,
      "recall": 0.18181818181818182,
      "f1-score": 0.22857142857142856,
      "support": 22.0
    },
    "remorse": {
      "precision": 0.3333333333333333,
      "recall": 0.1,
      "f1-score": 0.15384615384615385,
      "support": 10.0
    },
    "grief": {
      "precision": 0.0,
      "recall": 0.0,
      "f1-score": 0.0,
      "support": 0.0
    },
    "caring": {
      "precision": 0.2,
      "recall": 0.05263157894736842,
      "f1-score": 0.08333333333333333,
      "support": 19.0
    },
    "amusement": {
      "precision": 0.5454545454545454,
      "recall": 0.14634146341463414,
      "f1-score": 0.23076923076923078,
      "support": 41.0
    },
    "pride": {
      "precision": 0.0,
      "recall": 0.0,
      "f1-score": 0.0,
      "support": 2.0
    },
    "embarrassment": {
      "precision": 0.25,
      "recall": 0.4,
      "f1-score": 0.3076923076923077,
      "support": 5.0
    },
    "realization": {
      "precision": 0.07692307692307693,
      "recall": 0.05263157894736842,
      "f1-score": 0.0625,
      "support": 19.0
    },
    "disappointment": {
      "precision": 0.07142857142857142,
      "recall": 0.05263157894736842,
      "f1-score": 0.06060606060606061,
      "support": 19.0
    },
    "joy": {
      "precision": 0.1,
      "recall": 0.05,
      "f1-score": 0.06666666666666667,
      "support": 20.0
    },
    "anger": {
      "precision": 0.275,
      "recall": 0.3793103448275862,
      "f1-score": 0.3188405797101449,
      "support": 29.0
    },
    "excitement": {
      "precision": 0.14285714285714285,
      "recall": 0.16666666666666666,
      "f1-score": 0.15384615384615385,
      "support": 12.0
    },
    "gratitude": {
      "precision": 0.5806451612903226,
      "recall": 0.3157894736842105,
      "f1-score": 0.4090909090909091,
      "support": 57.0
    },
    "love": {
      "precision": 0.5294117647058824,
      "recall": 0.2571428571428571,
      "f1-score": 0.34615384615384615,
      "support": 35.0
    },
    "surprise": {
      "precision": 0.6666666666666666,
      "recall": 0.10526315789473684,
      "f1-score": 0.18181818181818182,
      "support": 19.0
    },
    "fear": {
      "precision": 0.3333333333333333,
      "recall": 0.2857142857142857,
      "f1-score": 0.3076923076923077,
      "support": 14.0
    },
    "optimism": {
      "precision": 0.5,
      "recall": 0.043478260869565216,
      "f1-score": 0.08,
      "support": 23.0
    },
    "annoyance": {
      "precision": 0.0967741935483871,
      "recall": 0.07142857142857142,
      "f1-score": 0.0821917808219178,
      "support": 42.0
    },
    "neutral": {
      "precision": 0.576530612244898,
      "recall": 0.32285714285714284,
      "f1-score": 0.4139194139194139,
      "support": 350.0
    },
    "disgust": {
      "precision": 0.2222222222222222,
      "recall": 0.11764705882352941,
      "f1-score": 0.15384615384615385,
      "support": 17.0
    },
    "relief": {
      "precision": 0.0,
      "recall": 0.0,
      "f1-score": 0.0,
      "support": 2.0
    },
    "confusion": {
      "precision": 0.125,
      "recall": 0.047619047619047616,
      "f1-score": 0.06896551724137931,
      "support": 21.0
    },
    "approval": {
      "precision": 0.09090909090909091,
      "recall": 0.0196078431372549,
      "f1-score": 0.03225806451612903,
      "support": 51.0
    },
    "disapproval": {
      "precision": 0.1509433962264151,
      "recall": 0.19047619047619047,
      "f1-score": 0.16842105263157894,
      "support": 42.0
    },
    "nervousness": {
      "precision": 0.0,
      "recall": 0.0,
      "f1-score": 0.0,
      "support": 3.0
    },
    "desire": {
      "precision": 0.3333333333333333,
      "recall": 0.08333333333333333,
      "f1-score": 0.13333333333333333,
      "support": 12.0
    },
    "micro avg": {
      "precision": 0.37005163511187605,
      "recall": 0.215,
      "f1-score": 0.2719797596457938,
      "support": 1000.0
    },
    "macro avg": {
      "precision": 0.2543187456010991,
      "recall": 0.13610034532790996,
      "f1-score": 0.1608029333652246,
      "support": 1000.0
    },
    "weighted avg": {
      "precision": 0.39781566229096277,
      "recall": 0.215,
      "f1-score": 0.2694591146850943,
      "support": 1000.0
    }
  },
  "accuracy": 0.215,