{
  "classification_report": {
    "disapproval": {
      "precision": 0.14285714285714285,
      "recall": 0.09523809523809523,
      "f1-score": 0.11428571428571428,
      "support": 42.0
    },
    "anger": {
      "precision": 0.32,
      "recall": 0.27586206896551724,
      "f1-score": 0.2962962962962963,
      "support": 29.0
    },
    "gratitude": {
      "precision": 0.7692307692307693,
      "recall": 0.7017543859649122,
      "f1-score": 0.7339449541284404,
      "support": 57.0
    },
    "approval": {
      "precision": 0.2608695652173913,
      "recall": 0.23529411764705882,
      "f1-score": 0.24742268041237114,
      "support": 51.0
    },
    "optimism": {
      "precision": 0.2727272727272727,
      "recall": 0.13043478260869565,
      "f1-score": 0.17647058823529413,
      "support": 23.0
    },
    "confusion": {
      "precision": 0.23809523809523808,
      "recall": 0.23809523809523808,
      "f1-score": 0.23809523809523808,
      "support": 21.0
    },
    "admiration": {
      "precision": 0.5555555555555556,
      "recall": 0.2631578947368421,
      "f1-score": 0.35714285714285715,
      "support": 76.0
    },
    "disappointment": {
      "precision": 0.0,
      "recall": 0.0,
      "f1-score": 0.0,
      "support": 19.0
    },
    "sadness": {
      "precision": 0.5238095238095238,
      "recall": 0.5,
      "f1-score": 0.5116279069767442,
      "support": 22.0
    },
    "pride": {
      "precision": 0.0,
      "recall": 0.0,
      "f1-score": 0.0,
      "support": 2.0
    },
    "disgust": {
      "precision": 0.3,
      "recall": 0.17647058823529413,
      "f1-score": 0.2222222222222222,
      "support": 17.0
    },
    "grief": {
      "precision": 0.0,
      "recall": 0.0,
      "f1-score": 0.0,
      "support": 0.0
    },
    "relief": {
      "precision": 0.0,
      "recall": 0.0,
      "f1-score": 0.0,
      "support": 2.0
    },
    "desire": {
      "precision": 0.0,
      "recall": 0.0,
      "f1-score": 0.0,
      "support": 12.0
    },
    "annoyance": {
      "precision": 0.07142857142857142,
      "recall": 0.023809523809523808,
      "f1-score": 0.03571428571428571,
      "support": 42.0
    },
    "amusement": {
      "precision": 0.3125,
      "recall": 0.36585365853658536,
      "f1-score": 0.33707865168539325,
      "support": 41.0
    },
    "neutral": {
      "precision": 0.48905109489051096,
      "recall": 0.38285714285714284,
      "f1-score": 0.42948717948717946,
      "support": 350.0
    },
    "curiosity": {
      "precision": 0.20689655172413793,
      "recall": 0.15789473684210525,
      "f1-score": 0.1791044776119403,
      "support": 38.0
    },
    "caring": {
      "precision": 0.0625,
      "recall": 0.05263157894736842,
      "f1-score": 0.05714285714285714,
      "support": 19.0
    },
    "excitement": {
      "precision": 0.3076923076923077,
      "recall": 0.3333333333333333,
      "f1-score": 0.32,
      "support": 12.0
    },
    "remorse": {
      "precision": 0.5,
      "recall": 0.2,
      "f1-score": 0.2857142857142857,
      "support": 10.0
    },
    "embarrassment": {
      "precision": 0.0,
      "recall": 0.0,
      "f1-score": 0.0,
      "support": 5.0
    },
    "fear": {
      "precision": 0.5,
      "recall": 0.2857142857142857,
      "f1-score": 0.36363636363636365,
      "support": 14.0
    },
    "love": {
      "precision": 0.5714285714285714,
      "recall": 0.6857142857142857,
      "f1-score": 0.6233766233766234,
      "support": 35.0
    },
    "joy": {
      "precision": 0.18518518518518517,
      "recall": 0.25,
      "f1-score": 0.2127659574468085,
      "support": 20.0
    },
    "nervousness": {
      "precision": 0.0,
      "recall": 0.0,
      "f1-score": 0.0,
      "support": 3.0
    },
    "realization": {
      "precision": 0.14285714285714285,
      "recall": 0.10526315789473684,
      "f1-score": 0.12121212121212122,
      "support": 19.0
    },
    "surprise": {
      "precision": 0.2727272727272727,
      "recall": 0.3157894736842105,
      "f1-score": 0.2926829268292683,
      "support": 19.0
    },
    "micro avg": {
      "precision": 0.39390088945362134,
      "recall": 0.31,
      "f1-score": 0.3469501958589815,
      "support": 1000.0
    },
    "macro avg": {
      "precision": 0.2501932773366641,
      "recall": 0.20625601245804398,
      "f1-score": 0.21983657813043944,
      "support": 1000.0
    },
    "weighted avg": {
      "precision": 0.3858713281603112,
      "recall": 0.31,
      "f1-score": 0.338339264885018,
      "support": 1000.0
    }
  },
  "accuracy": 0.31,