{
  "classification_report": {
    "remorse": {
      "precision": 0.2857142857142857,
      "recall": 0.2,
      "f1-score": 0.23529411764705882,
      "support": 10.0
    },
    "pride": {
      "precision": 1.0,
      "recall": 0.5,
      "f1-score": 0.6666666666666666,
      "support": 2.0
    },
    "disappointment": {
      "precision": 0.037037037037037035,
      "recall": 0.05263157894736842,
      "f1-score": 0.043478260869565216,
      "support": 19.0
    },
    "realization": {
      "precision": 0.11764705882352941,
      "recall": 0.10526315789473684,
      "f1-score": 0.1111111111111111,
      "support": 19.0
    },
    "love": {
      "precision": 0.5652173913043478,
      "recall": 0.7428571428571429,
      "f1-score": 0.6419753086419753,
      "support": 35.0
    },
    "annoyance": {
      "precision": 0.05405405405405406,
      "recall": 0.047619047619047616,
      "f1-score": 0.05063291139240506,
      "support": 42.0
    },
    "gratitude": {
      "precision": 0.972972972972973,
      "recall": 0.631578947368421,
      "f1-score": 0.7659574468085106,
      "support": 57.0
    },
    "excitement": {
      "precision": 0.15789473684210525,
      "recall": 0.25,
      "f1-score": 0.1935483870967742,
      "support": 12.0
    },
    "confusion": {
      "precision": 0.16666666666666666,
      "recall": 0.38095238095238093,
      "f1-score": 0.2318840579710145,
      "support": 21.0
    },
    "disgust": {
      "precision": 0.35,
      "recall": 0.4117647058823529,
      "f1-score": 0.3783783783783784,
      "support": 17.0
    },
    "curiosity": {
      "precision": 0.11764705882352941,
      "recall": 0.10526315789473684,
      "f1-score": 0.1111111111111111,
      "support": 38.0
    },
    "joy": {
      "precision": 0.2,
      "recall": 0.35,
      "f1-score": 0.2545454545454545,
      "support": 20.0
    },
    "sadness": {
      "precision": 0.3125,
      "recall": 0.22727272727272727,
      "f1-score": 0.2631578947368421,
      "support": 22.0
    },
    "fear": {
      "precision": 0.14285714285714285,
      "recall": 0.14285714285714285,
      "f1-score": 0.14285714285714285,
      "support": 14.0
    },
    "surprise": {
      "precision": 0.18181818181818182,
      "recall": 0.21052631578947367,
      "f1-score": 0.1951219512195122,
      "support": 19.0
    },
    "approval": {
      "precision": 0.16666666666666666,
      "recall": 0.2549019607843137,
      "f1-score": 0.20155038759689922,
      "support": 51.0
    },
    "disapproval": {
      "precision": 0.10416666666666667,
      "recall": 0.11904761904761904,
      "f1-score": 0.1111111111111111,
      "support": 42.0
    },
    "anger": {
      "precision": 0.19444444444444445,
      "recall": 0.2413793103448276,
      "f1-score": 0.2153846153846154,
      "support": 29.0
    },
    "optimism": {
      "precision": 0.1875,
      "recall": 0.13043478260869565,
      "f1-score": 0.15384615384615385,
      "support": 23.0
    },
    "grief": {
      "precision": 0.0,
      "recall": 0.0,
      "f1-score": 0.0,
      "support": 0.0
    },
    "neutral": {
      "precision": 0.5416666666666666,
      "recall": 0.3342857142857143,
      "f1-score": 0.4134275618374558,
      "support": 350.0
    },
    "embarrassment": {
      "precision": 0.0,
      "recall": 0.0,
      "f1-score": 0.0,
      "support": 5.0
    },
    "caring": {
      "precision": 0.10526315789473684,
      "recall": 0.10526315789473684,
      "f1-score": 0.10526315789473684,
      "support": 19.0
    },
    "nervousness": {
      "precision": 0.0,
      "recall": 0.0,
      "f1-score": 0.0,
      "support": 3.0
    },
    "admiration": {
      "precision": 0.618421052631579,
      "recall": 0.618421052631579,
      "f1-score": 0.618421052631579,
      "support": 76.0
    },
    "relief": {
      "precision": 0.0,
      "recall": 0.0,
      "f1-score": 0.0,
      "support": 2.0
    },
    "desire": {
      "precision": 0.25,
      "recall": 0.25,
      "f1-score": 0.25,
      "support": 12.0
    },
    "amusement": {
      "precision": 0.328125,
      "recall": 0.5121951219512195,
      "f1-score": 0.4,
      "support": 41.0
    },
    "micro avg": {
      "precision": 0.34309623430962344,
      "recall": 0.328,
      "f1-score": 0.33537832310838445,
      "support": 1000.0
    },
    "macro avg": {
      "precision": 0.25565286578159335,
      "recall": 0.24730410803157987,
      "f1-score": 0.24124015147700265,
      "support": 1000.0
    },
    "weighted avg": {
      "precision": 0.3953161968580426,
      "recall": 0.328,
      "f1-score": 0.34714326395380307,
      "support": 1000.0
    }
  },
  "accuracy": 0.328,