{
  "classification_report": {
    "sadness": {
      "precision": 0.3333333333333333,
      "recall": 0.5,
      "f1-score": 0.4,
      "support": 22.0
    },
    "admiration": {
      "precision": 0.62,
      "recall": 0.40789473684210525,
      "f1-score": 0.49206349206349204,
      "support": 76.0
    },
    "neutral": {
      "precision": 0.5555555555555556,
      "recall": 0.21428571428571427,
      "f1-score": 0.30927835051546393,
      "support": 350.0
    },
    "relief": {
      "precision": 0.0,
      "recall": 0.0,
      "f1-score": 0.0,
      "support": 2.0
    },
    "amusement": {
      "precision": 0.4166666666666667,
      "recall": 0.4878048780487805,
      "f1-score": 0.449438202247191,
      "support": 41.0
    },
    "realization": {
      "precision": 0.11538461538461539,
      "recall": 0.15789473684210525,
      "f1-score": 0.13333333333333333,
      "support": 19.0
    },
    "curiosity": {
      "precision": 0.32786885245901637,
      "recall": 0.5263157894736842,
      "f1-score": 0.40404040404040403,
      "support": 38.0
    },
    "fear": {
      "precision": 0.8,
      "recall": 0.2857142857142857,
      "f1-score": 0.42105263157894735,
      "support": 14.0
    },
    "desire": {
      "precision": 0.3333333333333333,
      "recall": 0.16666666666666666,
      "f1-score": 0.2222222222222222,
      "support": 12.0
    },
    "annoyance": {
      "precision": 0.18181818181818182,
      "recall": 0.047619047619047616,
      "f1-score": 0.07547169811320754,
      "support": 42.0
    },
    "grief": {
      "precision": 0.0,
      "recall": 0.0,
      "f1-score": 0.0,
      "support": 0.0
    },
    "surprise": {
      "precision": 0.2413793103448276,
      "recall": 0.3684210526315789,
      "f1-score": 0.2916666666666667,
      "support": 19.0
    },
    "nervousness": {
      "precision": 0.2857142857142857,
      "recall": 0.6666666666666666,
      "f1-score": 0.4,
      "support": 3.0
    },
    "anger": {
      "precision": 0.3333333333333333,
      "recall": 0.3103448275862069,
      "f1-score": 0.32142857142857145,
      "support": 29.0
    },
    "confusion": {
      "precision": 0.2,
      "recall": 0.14285714285714285,
      "f1-score": 0.16666666666666666,
      "support": 21.0
    },
    "excitement": {
      "precision": 0.1935483870967742,
      "recall": 0.5,
      "f1-score": 0.27906976744186046,
      "support": 12.0
    },
    "love": {
      "precision": 0.7586206896551724,
      "recall": 0.6285714285714286,
      "f1-score": 0.6875,
      "support": 35.0
    },
    "pride": {
      "precision": 0.0,
      "recall": 0.0,
      "f1-score": 0.0,
      "support": 2.0
    },
    "optimism": {
      "precision": 0.32,
      "recall": 0.34782608695652173,
      "f1-score": 0.3333333333333333,
      "support": 23.0
    },
    "remorse": {
      "precision": 1.0,
      "recall": 0.3,
      "f1-score": 0.46153846153846156,
      "support": 10.0
    },
    "embarrassment": {
      "precision": 0.4,
      "recall": 0.4,
      "f1-score": 0.4,
      "support": 5.0
    },
    "disapproval": {
      "precision": 0.12903225806451613,
      "recall": 0.38095238095238093,
      "f1-score": 0.1927710843373494,
      "support": 42.0
    },
    "disappointment": {
      "precision": 0.040983606557377046,
      "recall": 0.2631578947368421,
      "f1-score": 0.07092198581560284,
      "support": 19.0
    },
    "joy": {
      "precision": 0.25,
      "recall": 0.3,
      "f1-score": 0.2727272727272727,
      "support": 20.0
    },
    "approval": {
      "precision": 0.34782608695652173,
      "recall": 0.1568627450980392,
      "f1-score": 0.21621621621621623,
      "support": 51.0
    },
    "caring": {
      "precision": 0.3333333333333333,
      "recall": 0.42105263157894735,
      "f1-score": 0.37209302325581395,
      "support": 19.0
    },
    "disgust": {
      "precision": 0.1724137931034483,
      "recall": 0.29411764705882354,
      "f1-score": 0.21739130434782608,
      "support": 17.0
    },
    "gratitude": {
      "precision": 0.6226415094339622,
      "recall": 0.5789473684210527,
      "f1-score": 0.6,
      "support": 57.0
    },
    "micro avg": {
      "precision": 0.3270241850683491,
      "recall": 0.311,
      "f1-score": 0.31881086622245003,
      "support": 1000.0
    },
    "macro avg": {
      "precision": 0.33259954043372336,
      "recall": 0.3162133474502865,
      "f1-score": 0.2925080245674965,
      "support": 1000.0
    },
    "weighted avg": {
      "precision": 0.44470522768858883,
      "recall": 0.311,
      "f1-score": 0.3346366769852279,
      "support": 1000.0
    }
  },
  "accuracy": 0.311,