{
  "classification_report": {
    "amusement": {
      "precision": 0.45454545454545453,
      "recall": 0.6097560975609756,
      "f1-score": 0.5208333333333334,
      "support": 41.0
    },
    "annoyance": {
      "precision": 0.2222222222222222,
      "recall": 0.047619047619047616,
      "f1-score": 0.0784313725490196,
      "support": 42.0
    },
    "joy": {
      "precision": 0.2413793103448276,
      "recall": 0.35,
      "f1-score": 0.2857142857142857,
      "support": 20.0
    },
    "curiosity": {
      "precision": 0.35714285714285715,
      "recall": 0.39473684210526316,
      "f1-score": 0.375,
      "support": 38.0
    },
    "disappointment": {
      "precision": 0.05434782608695652,
      "recall": 0.2631578947368421,
      "f1-score": 0.09009009009009009,
      "support": 19.0
    },
    "pride": {
      "precision": 0.0,
      "recall": 0.0,
      "f1-score": 0.0,
      "support": 2.0
    },
    "neutral": {
      "precision": 0.5244444444444445,
      "recall": 0.33714285714285713,
      "f1-score": 0.41043478260869565,
      "support": 350.0
    },
    "disapproval": {
      "precision": 0.08064516129032258,
      "recall": 0.23809523809523808,
      "f1-score": 0.12048192771084337,
      "support": 42.0
    },
    "confusion": {
      "precision": 0.4166666666666667,
      "recall": 0.23809523809523808,
      "f1-score": 0.30303030303030304,
      "support": 21.0
    },
    "embarrassment": {
      "precision": 0.6666666666666666,
      "recall": 0.4,
      "f1-score": 0.5,
      "support": 5.0
    },
    "relief": {
      "precision": 0.0,
      "recall": 0.0,
      "f1-score": 0.0,
      "support": 2.0
    },
    "realization": {
      "precision": 0.25,
      "recall": 0.10526315789473684,
      "f1-score": 0.14814814814814814,
      "support": 19.0
    },
    "nervousness": {
      "precision": 0.3333333333333333,
      "recall": 0.6666666666666666,
      "f1-score": 0.4444444444444444,
      "support": 3.0
    },
    "optimism": {
      "precision": 0.34615384615384615,
      "recall": 0.391304347826087,
      "f1-score": 0.3673469387755102,
      "support": 23.0
    },
    "caring": {
      "precision": 0.06666666666666667,
      "recall": 0.05263157894736842,
      "f1-score": 0.058823529411764705,
      "support": 19.0
    },
    "excitement": {
      "precision": 0.19047619047619047,
      "recall": 0.3333333333333333,
      "f1-score": 0.24242424242424243,
      "support": 12.0
    },
    "love": {
      "precision": 0.5531914893617021,
      "recall": 0.7428571428571429,
      "f1-score": 0.6341463414634146,
      "support": 35.0
    },
    "admiration": {
      "precision": 0.5970149253731343,
      "recall": 0.5263157894736842,
      "f1-score": 0.5594405594405595,
      "support": 76.0
    },
    "fear": {
      "precision": 0.5,
      "recall": 0.14285714285714285,
      "f1-score": 0.2222222222222222,
      "support": 14.0
    },
    "sadness": {
      "precision": 0.4,
      "recall": 0.5454545454545454,
      "f1-score": 0.46153846153846156,
      "support": 22.0
    },
    "remorse": {
      "precision": 0.75,
      "recall": 0.3,
      "f1-score": 0.42857142857142855,
      "support": 10.0
    },
    "anger": {
      "precision": 0.3181818181818182,
      "recall": 0.2413793103448276,
      "f1-score": 0.27450980392156865,
      "support": 29.0
    },
    "approval": {
      "precision": 0.5384615384615384,
      "recall": 0.13725490196078433,
      "f1-score": 0.21875,
      "support": 51.0
    },
    "surprise": {
      "precision": 0.35294117647058826,
      "recall": 0.3157894736842105,
      "f1-score": 0.3333333333333333,
      "support": 19.0
    },
    "gratitude": {
      "precision": 0.717391304347826,
      "recall": 0.5789473684210527,
      "f1-score": 0.6407766990291263,
      "support": 57.0
    },
    "grief": {
      "precision": 0.0,
      "recall": 0.0,
      "f1-score": 0.0,
      "support": 0.0
    },
    "disgust": {
      "precision": 0.17391304347826086,
      "recall": 0.23529411764705882,
      "f1-score": 0.2,
      "support": 17.0
    },
    "desire": {
      "precision": 0.4444444444444444,
      "recall": 0.3333333333333333,
      "f1-score": 0.38095238095238093,
      "support": 12.0
    },
    "micro avg": {
      "precision": 0.3698630136986301,
      "recall": 0.351,
      "f1-score": 0.36018471010774755,
      "support": 1000.0
    },
    "macro avg": {
      "precision": 0.34107965664856316,
      "recall": 0.30454590807347987,
      "f1-score": 0.2964087367397563,
      "support": 1000.0
    },
    "weighted avg": {
      "precision": 0.4443019149387361,
      "recall": 0.351,
      "f1-score": 0.37273354277067866,
      "support": 1000.0
    }
  },
  "accuracy": 0.351,