{
  "classification_report": {
    "disgust": {
      "precision": 0.1724137931034483,
      "recall": 0.5882352941176471,
      "f1-score": 0.26666666666666666,
      "support": 17.0
    },
    "pride": {
      "precision": 0.0,
      "recall": 0.0,
      "f1-score": 0.0,
      "support": 2.0
    },
    "relief": {
      "precision": 0.0,
      "recall": 0.0,
      "f1-score": 0.0,
      "support": 2.0
    },
    "caring": {
      "precision": 0.07692307692307693,
      "recall": 0.15789473684210525,
      "f1-score": 0.10344827586206896,
      "support": 19.0
    },
    "desire": {
      "precision": 0.125,
      "recall": 0.08333333333333333,
      "f1-score": 0.1,
      "support": 12.0
    },
    "amusement": {
      "precision": 0.41025641025641024,
      "recall": 0.3902439024390244,
      "f1-score": 0.4,
      "support": 41.0
    },
    "excitement": {
      "precision": 0.14285714285714285,
      "recall": 0.25,
      "f1-score": 0.18181818181818182,
      "support": 12.0
    },
    "anger": {
      "precision": 0.23684210526315788,
      "recall": 0.3103448275862069,
      "f1-score": 0.26865671641791045,
      "support": 29.0
    },
    "confusion": {
      "precision": 0.22580645161290322,
      "recall": 0.3333333333333333,
      "f1-score": 0.2692307692307692,
      "support": 21.0
    },
    "gratitude": {
      "precision": 1.0,
      "recall": 0.43859649122807015,
      "f1-score": 0.6097560975609756,
      "support": 57.0
    },
    "remorse": {
      "precision": 0.23076923076923078,
      "recall": 0.3,
      "f1-score": 0.2608695652173913,
      "support": 10.0
    },
    "sadness": {
      "precision": 1.0,
      "recall": 0.045454545454545456,
      "f1-score": 0.08695652173913043,
      "support": 22.0
    },
    "nervousness": {
      "precision": 0.0,
      "recall": 0.0,
      "f1-score": 0.0,
      "support": 3.0
    },
    "embarrassment": {
      "precision": 0.09090909090909091,
      "recall": 0.2,
      "f1-score": 0.125,
      "support": 5.0
    },
    "love": {
      "precision": 0.5,
      "recall": 0.34285714285714286,
      "f1-score": 0.4067796610169492,
      "support": 35.0
    },
    "surprise": {
      "precision": 0.16129032258064516,
      "recall": 0.2631578947368421,
      "f1-score": 0.2,
      "support": 19.0
    },
    "disappointment": {
      "precision": 0.09090909090909091,
      "recall": 0.21052631578947367,
      "f1-score": 0.12698412698412698,
      "support": 19.0
    },
    "approval": {
      "precision": 0.19298245614035087,
      "recall": 0.21568627450980393,
      "f1-score": 0.2037037037037037,
      "support": 51.0
    },
    "neutral": {
      "precision": 0.6176470588235294,
      "recall": 0.06,
      "f1-score": 0.109375,
      "support": 350.0
    },
    "grief": {
      "precision": 0.0,
      "recall": 0.0,
      "f1-score": 0.0,
      "support": 0.0
    },
    "admiration": {
      "precision": 0.5365853658536586,
      "recall": 0.5789473684210527,
      "f1-score": 0.5569620253164557,
      "support": 76.0
    },
    "disapproval": {
      "precision": 0.12337662337662338,
      "recall": 0.4523809523809524,
      "f1-score": 0.19387755102040816,
      "support": 42.0
    },
    "optimism": {
      "precision": 0.13513513513513514,
      "recall": 0.21739130434782608,
      "f1-score": 0.16666666666666666,
      "support": 23.0
    },
    "fear": {
      "precision": 0.2,
      "recall": 0.14285714285714285,
      "f1-score": 0.16666666666666666,
      "support": 14.0
    },
    "curiosity": {
      "precision": 0.13793103448275862,
      "recall": 0.5263157894736842,
      "f1-score": 0.2185792349726776,
      "support": 38.0
    },
    "annoyance": {
      "precision": 0.0851063829787234,
      "recall": 0.09523809523809523,
      "f1-score": 0.0898876404494382,
      "support": 42.0
    },
    "realization": {
      "precision": 0.125,
      "recall": 0.15789473684210525,
      "f1-score": 0.13953488372093023,
      "support": 19.0
    },
    "joy": {
      "precision": 0.2727272727272727,
      "recall": 0.15,
      "f1-score": 0.1935483870967742,
      "support": 20.0
    },
    "micro avg": {
      "precision": 0.23340040241448692,
      "recall": 0.232,
      "f1-score": 0.23269809428284854,
      "support": 1000.0
    },
    "macro avg": {
      "precision": 0.24608814445365176,
      "recall": 0.23252462434958526,
      "f1-score": 0.19446315507599612,
      "support": 1000.0
    },
    "weighted avg": {
      "precision": 0.43462613743033507,
      "recall": 0.232,
      "f1-score": 0.22399058190913307,
      "support": 1000.0
    }
  },
  "accuracy": 0.232,