{
  "classification_report": {
    "remorse": {
      "precision": 0.17391304347826086,
      "recall": 0.4,
      "f1-score": 0.24242424242424243,
      "support": 10.0
    },
    "sadness": {
      "precision": 0.2727272727272727,
      "recall": 0.2727272727272727,
      "f1-score": 0.2727272727272727,
      "support": 22.0
    },
    "anger": {
      "precision": 0.17647058823529413,
      "recall": 0.3103448275862069,
      "f1-score": 0.225,
      "support": 29.0
    },
    "love": {
      "precision": 0.5517241379310345,
      "recall": 0.45714285714285713,
      "f1-score": 0.5,
      "support": 35.0
    },
    "realization": {
      "precision": 0.038461538461538464,
      "recall": 0.05263157894736842,
      "f1-score": 0.044444444444444446,
      "support": 19.0
    },
    "embarrassment": {
      "precision": 0.0625,
      "recall": 0.2,
      "f1-score": 0.09523809523809523,
      "support": 5.0
    },
    "fear": {
      "precision": 0.4444444444444444,
      "recall": 0.5714285714285714,
      "f1-score": 0.5,
      "support": 14.0
    },
    "annoyance": {
      "precision": 0.10606060606060606,
      "recall": 0.16666666666666666,
      "f1-score": 0.12962962962962962,
      "support": 42.0
    },
    "gratitude": {
      "precision": 0.6842105263157895,
      "recall": 0.45614035087719296,
      "f1-score": 0.5473684210526316,
      "support": 57.0
    },
    "amusement": {
      "precision": 0.43243243243243246,
      "recall": 0.3902439024390244,
      "f1-score": 0.41025641025641024,
      "support": 41.0
    },
    "disgust": {
      "precision": 0.29411764705882354,
      "recall": 0.29411764705882354,
      "f1-score": 0.29411764705882354,
      "support": 17.0
    },
    "pride": {
      "precision": 0.0,
      "recall": 0.0,
      "f1-score": 0.0,
      "support": 2.0
    },
    "desire": {
      "precision": 0.14285714285714285,
      "recall": 0.16666666666666666,
      "f1-score": 0.15384615384615385,
      "support": 12.0
    },
    "surprise": {
      "precision": 0.21052631578947367,
      "recall": 0.21052631578947367,
      "f1-score": 0.21052631578947367,
      "support": 19.0
    },
    "grief": {
      "precision": 0.0,
      "recall": 0.0,
      "f1-score": 0.0,
      "support": 0.0
    },
    "nervousness": {
      "precision": 0.5,
      "recall": 0.3333333333333333,
      "f1-score": 0.4,
      "support": 3.0
    },
    "optimism": {
      "precision": 0.20689655172413793,
      "recall": 0.2608695652173913,
      "f1-score": 0.23076923076923078,
      "support": 23.0
    },
    "caring": {
      "precision": 0.25,
      "recall": 0.15789473684210525,
      "f1-score": 0.1935483870967742,
      "support": 19.0
    },
    "excitement": {
      "precision": 0.14285714285714285,
      "recall": 0.25,
      "f1-score": 0.18181818181818182,
      "support": 12.0
    },
    "confusion": {
      "precision": 0.12903225806451613,
      "recall": 0.19047619047619047,
      "f1-score": 0.15384615384615385,
      "support": 21.0
    },
    "disappointment": {
      "precision": 0.06666666666666667,
      "recall": 0.10526315789473684,
      "f1-score": 0.08163265306122448,
      "support": 19.0
    },
    "disapproval": {
      "precision": 0.15584415584415584,
      "recall": 0.2857142857142857,
      "f1-score": 0.20168067226890757,
      "support": 42.0
    },
    "admiration": {
      "precision": 0.42452830188679247,
      "recall": 0.5921052631578947,
      "f1-score": 0.4945054945054945,
      "support": 76.0
    },
    "neutral": {
      "precision": 0.5481927710843374,
      "recall": 0.26,
      "f1-score": 0.35271317829457366,
      "support": 350.0
    },
    "relief": {
      "precision": 0.0,
      "recall": 0.0,
      "f1-score": 0.0,
      "support": 2.0
    },
    "approval": {
      "precision": 0.18867924528301888,
      "recall": 0.19607843137254902,
      "f1-score": 0.19230769230769232,
      "support": 51.0
    },
    "curiosity": {
      "precision": 0.20833333333333334,
      "recall": 0.2631578947368421,
      "f1-score": 0.23255813953488372,
      "support": 38.0
    },
    "joy": {
      "precision": 0.15,
      "recall": 0.15,
      "f1-score": 0.15,
      "support": 20.0
    },
    "micro avg": {
      "precision": 0.30225409836065575,
      "recall": 0.295,
      "f1-score": 0.298582995951417,
      "support": 1000.0
    },
    "macro avg": {
      "precision": 0.234338432947722,
      "recall": 0.24976891128840908,
      "f1-score": 0.23181994342751056,
      "support": 1000.0
    },
    "weighted avg": {
      "precision": 0.37924680870717664,
      "recall": 0.295,
      "f1-score": 0.31337722777010046,
      "support": 1000.0
    }
  },
  "accuracy": 0.295,