{
  "classification_report": {
    "realization": {
      "precision": 0.1,
      "recall": 0.10526315789473684,
      "f1-score": 0.10256410256410256,
      "support": 19.0
    },
    "surprise": {
      "precision": 0.3333333333333333,
      "recall": 0.15789473684210525,
      "f1-score": 0.21428571428571427,
      "support": 19.0
    },
    "disgust": {
      "precision": 0.3076923076923077,
      "recall": 0.23529411764705882,
      "f1-score": 0.26666666666666666,
      "support": 17.0
    },
    "joy": {
      "precision": 0.16666666666666666,
      "recall": 0.15,
      "f1-score": 0.15789473684210525,
      "support": 20.0
    },
    "relief": {
      "precision": 0.125,
      "recall": 0.5,
      "f1-score": 0.2,
      "support": 2.0
    },
    "caring": {
      "precision": 0.11764705882352941,
      "recall": 0.10526315789473684,
      "f1-score": 0.1111111111111111,
      "support": 19.0
    },
    "confusion": {
      "precision": 0.22727272727272727,
      "recall": 0.23809523809523808,
      "f1-score": 0.23255813953488372,
      "support": 21.0
    },
    "disapproval": {
      "precision": 0.15384615384615385,
      "recall": 0.19047619047619047,
      "f1-score": 0.1702127659574468,
      "support": 42.0
    },
    "amusement": {
      "precision": 0.3829787234042553,
      "recall": 0.43902439024390244,
      "f1-score": 0.4090909090909091,
      "support": 41.0
    },
    "nervousness": {
      "precision": 1.0,
      "recall": 0.3333333333333333,
      "f1-score": 0.5,
      "support": 3.0
    },
    "disappointment": {
      "precision": 0.09090909090909091,
      "recall": 0.10526315789473684,
      "f1-score": 0.0975609756097561,
      "support": 19.0
    },
    "embarrassment": {
      "precision": 0.25,
      "recall": 0.2,
      "f1-score": 0.2222222222222222,
      "support": 5.0
    },
    "anger": {
      "precision": 0.24324324324324326,
      "recall": 0.3103448275862069,
      "f1-score": 0.2727272727272727,
      "support": 29.0
    },
    "pride": {
      "precision": 0.0,
      "recall": 0.0,
      "f1-score": 0.0,
      "support": 2.0
    },
    "approval": {
      "precision": 0.21052631578947367,
      "recall": 0.23529411764705882,
      "f1-score": 0.2222222222222222,
      "support": 51.0
    },
    "admiration": {
      "precision": 0.4266666666666667,
      "recall": 0.42105263157894735,
      "f1-score": 0.423841059602649,
      "support": 76.0
    },
    "desire": {
      "precision": 0.1,
      "recall": 0.08333333333333333,
      "f1-score": 0.09090909090909091,
      "support": 12.0
    },
    "annoyance": {
      "precision": 0.19298245614035087,
      "recall": 0.2619047619047619,
      "f1-score": 0.2222222222222222,
      "support": 42.0
    },
    "remorse": {
      "precision": 0.2857142857142857,
      "recall": 0.2,
      "f1-score": 0.23529411764705882,
      "support": 10.0
    },
    "gratitude": {
      "precision": 0.75,
      "recall": 0.42105263157894735,
      "f1-score": 0.5393258426966292,
      "support": 57.0
    },
    "neutral": {
      "precision": 0.4943181818181818,
      "recall": 0.24857142857142858,
      "f1-score": 0.33079847908745247,
      "support": 350.0
    },
    "optimism": {
      "precision": 0.19047619047619047,
      "recall": 0.17391304347826086,
      "f1-score": 0.18181818181818182,
      "support": 23.0
    },
    "sadness": {
      "precision": 0.42857142857142855,
      "recall": 0.4090909090909091,
      "f1-score": 0.4186046511627907,
      "support": 22.0
    },
    "curiosity": {
      "precision": 0.14814814814814814,
      "recall": 0.10526315789473684,
      "f1-score": 0.12307692307692308,
      "support": 38.0
    },
    "fear": {
      "precision": 0.42857142857142855,
      "recall": 0.42857142857142855,
      "f1-score": 0.42857142857142855,
      "support": 14.0
    },
    "grief": {
      "precision": 0.0,
      "recall": 0.0,
      "f1-score": 0.0,
      "support": 0.0
    },
    "love": {
      "precision": 0.2826086956521739,
      "recall": 0.37142857142857144,
      "f1-score": 0.32098765432098764,
      "support": 35.0
    },
    "excitement": {
      "precision": 0.1875,
      "recall": 0.25,
      "f1-score": 0.21428571428571427,
      "support": 12.0
    },
    "micro avg": {
      "precision": 0.32014388489208634,
      "recall": 0.267,
      "f1-score": 0.29116684841875684,
      "support": 1000.0
    },
    "macro avg": {
      "precision": 0.27230975366927274,
      "recall": 0.2385617258209511,
      "f1-score": 0.23960186443698364,
      "support": 1000.0
    },
    "weighted avg": {
      "precision": 0.3679181864005605,
      "recall": 0.267,
      "f1-score": 0.2981192488665428,
      "support": 1000.0
    }
  },
  "accuracy": 0.267,