{
  "classification_report": {
    "relief": {
      "precision": 0.0,
      "recall": 0.0,
      "f1-score": 0.0,
      "support": 2.0
    },
    "neutral": {
      "precision": 0.5402298850574713,
      "recall": 0.26857142857142857,
      "f1-score": 0.35877862595419846,
      "support": 350.0
    },
    "caring": {
      "precision": 0.1111111111111111,
      "recall": 0.05263157894736842,
      "f1-score": 0.07142857142857142,
      "support": 19.0
    },
    "surprise": {
      "precision": 0.23529411764705882,
      "recall": 0.21052631578947367,
      "f1-score": 0.2222222222222222,
      "support": 19.0
    },
    "disappointment": {
      "precision": 0.1,
      "recall": 0.05263157894736842,
      "f1-score": 0.06896551724137931,
      "support": 19.0
    },
    "sadness": {
      "precision": 0.5,
      "recall": 0.3181818181818182,
      "f1-score": 0.3888888888888889,
      "support": 22.0
    },
    "nervousness": {
      "precision": 0.0,
      "recall": 0.0,
      "f1-score": 0.0,
      "support": 3.0
    },
    "gratitude": {
      "precision": 0.7021276595744681,
      "recall": 0.5789473684210527,
      "f1-score": 0.6346153846153846,
      "support": 57.0
    },
    "remorse": {
      "precision": 0.25,
      "recall": 0.1,
      "f1-score": 0.14285714285714285,
      "support": 10.0
    },
    "fear": {
      "precision": 0.5,
      "recall": 0.42857142857142855,
      "f1-score": 0.46153846153846156,
      "support": 14.0
    },
    "amusement": {
      "precision": 0.375,
      "recall": 0.5121951219512195,
      "f1-score": 0.4329896907216495,
      "support": 41.0
    },
    "excitement": {
      "precision": 0.23809523809523808,
      "recall": 0.4166666666666667,
      "f1-score": 0.30303030303030304,
      "support": 12.0
    },
    "admiration": {
      "precision": 0.42857142857142855,
      "recall": 0.35526315789473684,
      "f1-score": 0.38848920863309355,
      "support": 76.0
    },
    "annoyance": {
      "precision": 0.11428571428571428,
      "recall": 0.09523809523809523,
      "f1-score": 0.1038961038961039,
      "support": 42.0
    },
    "optimism": {
      "precision": 0.25,
      "recall": 0.08695652173913043,
      "f1-score": 0.12903225806451613,
      "support": 23.0
    },
    "joy": {
      "precision": 0.14285714285714285,
      "recall": 0.15,
      "f1-score": 0.14634146341463414,
      "support": 20.0
    },
    "approval": {
      "precision": 0.1875,
      "recall": 0.17647058823529413,
      "f1-score": 0.18181818181818182,
      "support": 51.0
    },
    "anger": {
      "precision": 0.34146341463414637,
      "recall": 0.4827586206896552,
      "f1-score": 0.4,
      "support": 29.0
    },
    "curiosity": {
      "precision": 0.25925925925925924,
      "recall": 0.18421052631578946,
      "f1-score": 0.2153846153846154,
      "support": 38.0
    },
    "embarrassment": {
      "precision": 0.25,
      "recall": 0.4,
      "f1-score": 0.3076923076923077,
      "support": 5.0
    },
    "confusion": {
      "precision": 0.20833333333333334,
      "recall": 0.23809523809523808,
      "f1-score": 0.2222222222222222,
      "support": 21.0
    },
    "disgust": {
      "precision": 0.3,
      "recall": 0.17647058823529413,
      "f1-score": 0.2222222222222222,
      "support": 17.0
    },
    "love": {
      "precision": 0.29411764705882354,
      "recall": 0.2857142857142857,
      "f1-score": 0.2898550724637681,
      "support": 35.0
    },
    "pride": {
      "precision": 0.0,
      "recall": 0.0,
      "f1-score": 0.0,
      "support": 2.0
    },
    "disapproval": {
      "precision": 0.1111111111111111,
      "recall": 0.07142857142857142,
      "f1-score": 0.08695652173913043,
      "support": 42.0
    },
    "grief": {
      "precision": 0.0,
      "recall": 0.0,
      "f1-score": 0.0,
      "support": 0.0
    },
    "desire": {
      "precision": 0.14285714285714285,
      "recall": 0.08333333333333333,
      "f1-score": 0.10526315789473684,
      "support": 12.0
    },
    "realization": {
      "precision": 0.0,
      "recall": 0.0,
      "f1-score": 0.0,
      "support": 19.0
    },
    "micro avg": {
      "precision": 0.3578231292517007,
      "recall": 0.263,
      "f1-score": 0.3031700288184438,
      "support": 1000.0
    },
    "macro avg": {
      "precision": 0.23507907876619463,
      "recall": 0.20445938689168744,
      "f1-score": 0.2101602908551334,
      "support": 1000.0
    },
    "weighted avg": {
      "precision": 0.37901101090223244,
      "recall": 0.263,
      "f1-score": 0.30035380772340325,
      "support": 1000.0
    }
  },
  "accuracy": 0.263,