{
  "classification_report": {
    "disappointment": {
      "precision": 0.1,
      "recall": 0.05263157894736842,
      "f1-score": 0.06896551724137931,
      "support": 19.0
    },
    "neutral": {
      "precision": 0.6105769230769231,
      "recall": 0.3628571428571429,
      "f1-score": 0.4551971326164875,
      "support": 350.0
    },
    "fear": {
      "precision": 0.5555555555555556,
      "recall": 0.35714285714285715,
      "f1-score": 0.43478260869565216,
      "support": 14.0
    },
    "excitement": {
      "precision": 0.21428571428571427,
      "recall": 0.25,
      "f1-score": 0.23076923076923078,
      "support": 12.0
    },
    "nervousness": {
      "precision": 0.0,
      "recall": 0.0,
      "f1-score": 0.0,
      "support": 3.0
    },
    "joy": {
      "precision": 0.14285714285714285,
      "recall": 0.15,
      "f1-score": 0.14634146341463414,
      "support": 20.0
    },
    "embarrassment": {
      "precision": 0.3333333333333333,
      "recall": 0.4,
      "f1-score": 0.36363636363636365,
      "support": 5.0
    },
    "gratitude": {
      "precision": 0.8378378378378378,
      "recall": 0.543859649122807,
      "f1-score": 0.6595744680851063,
      "support": 57.0
    },
    "disapproval": {
      "precision": 0.1388888888888889,
      "recall": 0.11904761904761904,
      "f1-score": 0.1282051282051282,
      "support": 42.0
    },
    "caring": {
      "precision": 0.16666666666666666,
      "recall": 0.10526315789473684,
      "f1-score": 0.12903225806451613,
      "support": 19.0
    },
    "desire": {
      "precision": 0.125,
      "recall": 0.08333333333333333,
      "f1-score": 0.1,
      "support": 12.0
    },
    "approval": {
      "precision": 0.24,
      "recall": 0.23529411764705882,
      "f1-score": 0.2376237623762376,
      "support": 51.0
    },
    "love": {
      "precision": 0.43333333333333335,
      "recall": 0.37142857142857144,
      "f1-score": 0.4,
      "support": 35.0
    },
    "anger": {
      "precision": 0.3333333333333333,
      "recall": 0.4827586206896552,
      "f1-score": 0.39436619718309857,
      "support": 29.0
    },
    "remorse": {
      "precision": 0.5,
      "recall": 0.1,
      "f1-score": 0.16666666666666666,
      "support": 10.0
    },
    "curiosity": {
      "precision": 0.5217391304347826,
      "recall": 0.3157894736842105,
      "f1-score": 0.39344262295081966,
      "support": 38.0
    },
    "amusement": {
      "precision": 0.4782608695652174,
      "recall": 0.5365853658536586,
      "f1-score": 0.5057471264367817,
      "support": 41.0
    },
    "confusion": {
      "precision": 0.2222222222222222,
      "recall": 0.2857142857142857,
      "f1-score": 0.25,
      "support": 21.0
    },
    "admiration": {
      "precision": 0.4666666666666667,
      "recall": 0.4605263157894737,
      "f1-score": 0.46357615894039733,
      "support": 76.0
    },
    "sadness": {
      "precision": 0.42105263157894735,
      "recall": 0.36363636363636365,
      "f1-score": 0.3902439024390244,
      "support": 22.0
    },
    "realization": {
      "precision": 0.038461538461538464,
      "recall": 0.05263157894736842,
      "f1-score": 0.044444444444444446,
      "support": 19.0
    },
    "relief": {
      "precision": 0.0,
      "recall": 0.0,
      "f1-score": 0.0,
      "support": 2.0
    },
    "disgust": {
      "precision": 0.3333333333333333,
      "recall": 0.29411764705882354,
      "f1-score": 0.3125,
      "support": 17.0
    },
    "optimism": {
      "precision": 0.4117647058823529,
      "recall": 0.30434782608695654,
      "f1-score": 0.35,
      "support": 23.0
    },
    "annoyance": {
      "precision": 0.09302325581395349,
      "recall": 0.09523809523809523,
      "f1-score": 0.09411764705882353,
      "support": 42.0
    },
    "pride": {
      "precision": 0.0,
      "recall": 0.0,
      "f1-score": 0.0,
      "support": 2.0
    },
    "surprise": {
      "precision": 0.3333333333333333,
      "recall": 0.21052631578947367,
      "f1-score": 0.25806451612903225,
      "support": 19.0
    },
    "grief": {
      "precision": 0.0,
      "recall": 0.0,
      "f1-score": 0.0,
      "support": 0.0
    },
    "micro avg": {
      "precision": 0.41012658227848103,
      "recall": 0.324,
      "f1-score": 0.36201117318435755,
      "support": 1000.0
    },
    "macro avg": {
      "precision": 0.2875545148736099,
      "recall": 0.2333117827110664,
      "f1-score": 0.24918918626263656,
      "support": 1000.0
    },
    "weighted avg": {
      "precision": 0.44574463708704426,
      "recall": 0.324,
      "f1-score": 0.3679013280721926,
      "support": 1000.0
    }
  },
  "accuracy": 0.324,