{
  "classification_report": {
    "relief": {
      "precision": 0.0,
      "recall": 0.0,
      "f1-score": 0.0,
      "support": 2.0
    },
    "neutral": {
      "precision": 0.5078534031413613,
      "recall": 0.27714285714285714,
      "f1-score": 0.3585951940850277,
      "support": 350.0
    },
    "excitement": {
      "precision": 0.14285714285714285,
      "recall": 0.25,
      "f1-score": 0.18181818181818182,
      "support": 12.0
    },
    "love": {
      "precision": 0.4032258064516129,
      "recall": 0.7142857142857143,
      "f1-score": 0.5154639175257731,
      "support": 35.0
    },
    "confusion": {
      "precision": 0.18421052631578946,
      "recall": 0.3333333333333333,
      "f1-score": 0.23728813559322035,
      "support": 21.0
    },
    "caring": {
      "precision": 0.09523809523809523,
      "recall": 0.10526315789473684,
      "f1-score": 0.1,
      "support": 19.0
    },
    "optimism": {
      "precision": 0.15789473684210525,
      "recall": 0.13043478260869565,
      "f1-score": 0.14285714285714285,
      "support": 23.0
    },
    "remorse": {
      "precision": 0.25,
      "recall": 0.1,
      "f1-score": 0.14285714285714285,
      "support": 10.0
    },
    "nervousness": {
      "precision": 0.0,
      "recall": 0.0,
      "f1-score": 0.0,
      "support": 3.0
    },
    "amusement": {
      "precision": 0.24096385542168675,
      "recall": 0.4878048780487805,
      "f1-score": 0.3225806451612903,
      "support": 41.0
    },
    "sadness": {
      "precision": 0.25,
      "recall": 0.2727272727272727,
      "f1-score": 0.2608695652173913,
      "support": 22.0
    },
    "admiration": {
      "precision": 0.46987951807228917,
      "recall": 0.5131578947368421,
      "f1-score": 0.49056603773584906,
      "support": 76.0
    },
    "disgust": {
      "precision": 0.36363636363636365,
      "recall": 0.47058823529411764,
      "f1-score": 0.41025641025641024,
      "support": 17.0
    },
    "grief": {
      "precision": 0.0,
      "recall": 0.0,
      "f1-score": 0.0,
      "support": 0.0
    },
    "joy": {
      "precision": 0.25806451612903225,
      "recall": 0.4,
      "f1-score": 0.3137254901960784,
      "support": 20.0
    },
    "desire": {
      "precision": 0.23076923076923078,
      "recall": 0.25,
      "f1-score": 0.24,
      "support": 12.0
    },
    "anger": {
      "precision": 0.2727272727272727,
      "recall": 0.3103448275862069,
      "f1-score": 0.2903225806451613,
      "support": 29.0
    },
    "embarrassment": {
      "precision": 0.0,
      "recall": 0.0,
      "f1-score": 0.0,
      "support": 5.0
    },
    "approval": {
      "precision": 0.14864864864864866,
      "recall": 0.21568627450980393,
      "f1-score": 0.176,
      "support": 51.0
    },
    "gratitude": {
      "precision": 0.7454545454545455,
      "recall": 0.7192982456140351,
      "f1-score": 0.7321428571428571,
      "support": 57.0
    },
    "surprise": {
      "precision": 0.14814814814814814,
      "recall": 0.21052631578947367,
      "f1-score": 0.17391304347826086,
      "support": 19.0
    },
    "annoyance": {
      "precision": 0.10869565217391304,
      "recall": 0.11904761904761904,
      "f1-score": 0.11363636363636363,
      "support": 42.0
    },
    "disappointment": {
      "precision": 0.0,
      "recall": 0.0,
      "f1-score": 0.0,
      "support": 19.0
    },
    "pride": {
      "precision": 1.0,
      "recall": 0.5,
      "f1-score": 0.6666666666666666,
      "support": 2.0
    },
    "curiosity": {
      "precision": 0.23529411764705882,
      "recall": 0.21052631578947367,
      "f1-score": 0.2222222222222222,
      "support": 38.0
    },
    "fear": {
      "precision": 0.15384615384615385,
      "recall": 0.14285714285714285,
      "f1-score": 0.14814814814814814,
      "support": 14.0
    },
    "disapproval": {
      "precision": 0.13157894736842105,
      "recall": 0.11904761904761904,
      "f1-score": 0.125,
      "support": 42.0
    },
    "realization": {
      "precision": 0.13333333333333333,
      "recall": 0.10526315789473684,
      "f1-score": 0.11764705882352941,
      "support": 19.0
    },
    "micro avg": {
      "precision": 0.31313131313131315,
      "recall": 0.31,
      "f1-score": 0.31155778894472363,
      "support": 1000.0
    },
    "macro avg": {
      "precision": 0.23686857193650732,
      "recall": 0.24847627300744504,
      "f1-score": 0.2315206001452399,
      "support": 1000.0
    },
    "weighted avg": {
      "precision": 0.3571038896029468,
      "recall": 0.31,
      "f1-score": 0.3162472530834895,
      "support": 1000.0
    }
  },
  "accuracy": 0.31,