{
  "classification_report": {
    "neutral": {
      "precision": 0.4396551724137931,
      "recall": 0.2914285714285714,
      "f1-score": 0.35051546391752575,
      "support": 350.0
    },
    "confusion": {
      "precision": 0.25,
      "recall": 0.14285714285714285,
      "f1-score": 0.18181818181818182,
      "support": 21.0
    },
    "nervousness": {
      "precision": 0.0,
      "recall": 0.0,
      "f1-score": 0.0,
      "support": 3.0
    },
    "optimism": {
      "precision": 0.3333333333333333,
      "recall": 0.13043478260869565,
      "f1-score": 0.1875,
      "support": 23.0
    },
    "fear": {
      "precision": 0.6666666666666666,
      "recall": 0.14285714285714285,
      "f1-score": 0.23529411764705882,
      "support": 14.0
    },
    "curiosity": {
      "precision": 0.24,
      "recall": 0.15789473684210525,
      "f1-score": 0.19047619047619047,
      "support": 38.0
    },
    "relief": {
      "precision": 0.0,
      "recall": 0.0,
      "f1-score": 0.0,
      "support": 2.0
    },
    "surprise": {
      "precision": 0.20833333333333334,
      "recall": 0.2631578947368421,
      "f1-score": 0.23255813953488372,
      "support": 19.0
    },
    "caring": {
      "precision": 0.07142857142857142,
      "recall": 0.05263157894736842,
      "f1-score": 0.06060606060606061,
      "support": 19.0
    },
    "disappointment": {
      "precision": 0.0,
      "recall": 0.0,
      "f1-score": 0.0,
      "support": 19.0
    },
    "approval": {
      "precision": 0.21875,
      "recall": 0.13725490196078433,
      "f1-score": 0.1686746987951807,
      "support": 51.0
    },
    "gratitude": {
      "precision": 0.8,
      "recall": 0.631578947368421,
      "f1-score": 0.7058823529411765,
      "support": 57.0
    },
    "disgust": {
      "precision": 0.375,
      "recall": 0.17647058823529413,
      "f1-score": 0.24,
      "support": 17.0
    },
    "amusement": {
      "precision": 0.34375,
      "recall": 0.2682926829268293,
      "f1-score": 0.3013698630136986,
      "support": 41.0
    },
    "pride": {
      "precision": 0.0,
      "recall": 0.0,
      "f1-score": 0.0,
      "support": 2.0
    },
    "admiration": {
      "precision": 0.631578947368421,
      "recall": 0.3157894736842105,
      "f1-score": 0.42105263157894735,
      "support": 76.0
    },
    "love": {
      "precision": 0.6428571428571429,
      "recall": 0.5142857142857142,
      "f1-score": 0.5714285714285714,
      "support": 35.0
    },
    "desire": {
      "precision": 0.25,
      "recall": 0.08333333333333333,
      "f1-score": 0.125,
      "support": 12.0
    },
    "joy": {
      "precision": 0.16666666666666666,
      "recall": 0.15,
      "f1-score": 0.15789473684210525,
      "support": 20.0
    },
    "grief": {
      "precision": 0.0,
      "recall": 0.0,
      "f1-score": 0.0,
      "support": 0.0
    },
    "realization": {
      "precision": 0.0,
      "recall": 0.0,
      "f1-score": 0.0,
      "support": 19.0
    },
    "embarrassment": {
      "precision": 0.0,
      "recall": 0.0,
      "f1-score": 0.0,
      "support": 5.0
    },
    "disapproval": {
      "precision": 0.15789473684210525,
      "recall": 0.07142857142857142,
      "f1-score": 0.09836065573770492,
      "support": 42.0
    },
    "anger": {
      "precision": 0.42857142857142855,
      "recall": 0.20689655172413793,
      "f1-score": 0.27906976744186046,
      "support": 29.0
    },
    "excitement": {
      "precision": 0.2,
      "recall": 0.25,
      "f1-score": 0.2222222222222222,
      "support": 12.0
    },
    "annoyance": {
      "precision": 0.0,
      "recall": 0.0,
      "f1-score": 0.0,
      "support": 42.0
    },
    "remorse": {
      "precision": 0.6666666666666666,
      "recall": 0.2,
      "f1-score": 0.3076923076923077,
      "support": 10.0
    },
    "sadness": {
      "precision": 0.375,
      "recall": 0.2727272727272727,
      "f1-score": 0.3157894736842105,
      "support": 22.0
    },
    "micro avg": {
      "precision": 0.4016393442622951,
      "recall": 0.245,
      "f1-score": 0.30434782608695654,
      "support": 1000.0
    },
    "macro avg": {
      "precision": 0.26664830950529034,
      "recall": 0.15926142456972991,
      "f1-score": 0.19118590840635313,
      "support": 1000.0
    },
    "weighted avg": {
      "precision": 0.3809999369112437,
      "recall": 0.245,
      "f1-score": 0.29376031871519287,
      "support": 1000.0
    }
  },
  "accuracy": 0.245,