{
  "classification_report": {
    "annoyance": {
      "precision": 0.1875,
      "recall": 0.21428571428571427,
      "f1-score": 0.2,
      "support": 42.0
    },
    "joy": {
      "precision": 0.046511627906976744,
      "recall": 0.1,
      "f1-score": 0.06349206349206349,
      "support": 20.0
    },
    "pride": {
      "precision": 0.0,
      "recall": 0.0,
      "f1-score": 0.0,
      "support": 2.0
    },
    "embarrassment": {
      "precision": 0.4,
      "recall": 0.4,
      "f1-score": 0.4,
      "support": 5.0
    },
    "surprise": {
      "precision": 0.5,
      "recall": 0.10526315789473684,
      "f1-score": 0.17391304347826086,
      "support": 19.0
    },
    "sadness": {
      "precision": 0.30434782608695654,
      "recall": 0.3181818181818182,
      "f1-score": 0.3111111111111111,
      "support": 22.0
    },
    "optimism": {
      "precision": 0.1724137931034483,
      "recall": 0.21739130434782608,
      "f1-score": 0.19230769230769232,
      "support": 23.0
    },
    "fear": {
      "precision": 0.38461538461538464,
      "recall": 0.35714285714285715,
      "f1-score": 0.37037037037037035,
      "support": 14.0
    },
    "confusion": {
      "precision": 0.0,
      "recall": 0.0,
      "f1-score": 0.0,
      "support": 21.0
    },
    "caring": {
      "precision": 0.2222222222222222,
      "recall": 0.10526315789473684,
      "f1-score": 0.14285714285714285,
      "support": 19.0
    },
    "gratitude": {
      "precision": 0.7714285714285715,
      "recall": 0.47368421052631576,
      "f1-score": 0.5869565217391305,
      "support": 57.0
    },
    "desire": {
      "precision": 0.5,
      "recall": 0.3333333333333333,
      "f1-score": 0.4,
      "support": 12.0
    },
    "admiration": {
      "precision": 0.5211267605633803,
      "recall": 0.4868421052631579,
      "f1-score": 0.5034013605442177,
      "support": 76.0
    },
    "disgust": {
      "precision": 0.5714285714285714,
      "recall": 0.23529411764705882,
      "f1-score": 0.3333333333333333,
      "support": 17.0
    },
    "realization": {
      "precision": 0.3333333333333333,
      "recall": 0.10526315789473684,
      "f1-score": 0.16,
      "support": 19.0
    },
    "neutral": {
      "precision": 0.8125,
      "recall": 0.037142857142857144,
      "f1-score": 0.07103825136612021,
      "support": 350.0
    },
    "remorse": {
      "precision": 0.18181818181818182,
      "recall": 0.6,
      "f1-score": 0.27906976744186046,
      "support": 10.0
    },
    "love": {
      "precision": 0.5263157894736842,
      "recall": 0.2857142857142857,
      "f1-score": 0.37037037037037035,
      "support": 35.0
    },
    "excitement": {
      "precision": 0.13043478260869565,
      "recall": 0.25,
      "f1-score": 0.17142857142857143,
      "support": 12.0
    },
    "approval": {
      "precision": 0.30434782608695654,
      "recall": 0.13725490196078433,
      "f1-score": 0.1891891891891892,
      "support": 51.0
    },
    "disapproval": {
      "precision": 0.1366906474820144,
      "recall": 0.4523809523809524,
      "f1-score": 0.20994475138121546,
      "support": 42.0
    },
    "anger": {
      "precision": 0.2,
      "recall": 0.5517241379310345,
      "f1-score": 0.29357798165137616,
      "support": 29.0
    },
    "disappointment": {
      "precision": 0.05555555555555555,
      "recall": 0.21052631578947367,
      "f1-score": 0.08791208791208792,
      "support": 19.0
    },
    "nervousness": {
      "precision": 0.25,
      "recall": 0.3333333333333333,
      "f1-score": 0.2857142857142857,
      "support": 3.0
    },
    "amusement": {
      "precision": 0.4,
      "recall": 0.24390243902439024,
      "f1-score": 0.30303030303030304,
      "support": 41.0
    },
    "curiosity": {
      "precision": 0.14666666666666667,
      "recall": 0.5789473684210527,
      "f1-score": 0.23404255319148937,
      "support": 38.0
    },
    "relief": {
      "precision": 0.0,
      "recall": 0.0,
      "f1-score": 0.0,
      "support": 2.0
    },
    "grief": {
      "precision": 0.0,
      "recall": 0.0,
      "f1-score": 0.0,
      "support": 0.0
    },
    "micro avg": {
      "precision": 0.24579124579124578,
      "recall": 0.219,
      "f1-score": 0.2316234796404019,
      "support": 1000.0
    },
    "macro avg": {
      "precision": 0.2878306264421643,
      "recall": 0.25474541164680203,
      "f1-score": 0.22618074113964973,
      "support": 1000.0
    },
    "weighted avg": {
      "precision": 0.5032190080567673,
      "recall": 0.219,
      "f1-score": 0.2128624862902858,
      "support": 1000.0
    }
  },
  "accuracy": 0.219,