{
  "classification_report": {
    "admiration": {
      "precision": 0.4375,
      "recall": 0.4605263157894737,
      "f1-score": 0.44871794871794873,
      "support": 76.0
    },
    "annoyance": {
      "precision": 0.24444444444444444,
      "recall": 0.2619047619047619,
      "f1-score": 0.25287356321839083,
      "support": 42.0
    },
    "disapproval": {
      "precision": 0.17391304347826086,
      "recall": 0.19047619047619047,
      "f1-score": 0.18181818181818182,
      "support": 42.0
    },
    "joy": {
      "precision": 0.13636363636363635,
      "recall": 0.15,
      "f1-score": 0.14285714285714285,
      "support": 20.0
    },
    "confusion": {
      "precision": 0.2,
      "recall": 0.23809523809523808,
      "f1-score": 0.21739130434782608,
      "support": 21.0
    },
    "approval": {
      "precision": 0.23214285714285715,
      "recall": 0.2549019607843137,
      "f1-score": 0.24299065420560748,
      "support": 51.0
    },
    "neutral": {
      "precision": 0.5789473684210527,
      "recall": 0.3142857142857143,
      "f1-score": 0.4074074074074074,
      "support": 350.0
    },
    "remorse": {
      "precision": 0.5,
      "recall": 0.3,
      "f1-score": 0.375,
      "support": 10.0
    },
    "nervousness": {
      "precision": 0.0,
      "recall": 0.0,
      "f1-score": 0.0,
      "support": 3.0
    },
    "disappointment": {
      "precision": 0.07142857142857142,
      "recall": 0.05263157894736842,
      "f1-score": 0.06060606060606061,
      "support": 19.0
    },
    "pride": {
      "precision": 0.0,
      "recall": 0.0,
      "f1-score": 0.0,
      "support": 2.0
    },
    "grief": {
      "precision": 0.0,
      "recall": 0.0,
      "f1-score": 0.0,
      "support": 0.0
    },
    "relief": {
      "precision": 0.0,
      "recall": 0.0,
      "f1-score": 0.0,
      "support": 2.0
    },
    "fear": {
      "precision": 0.5,
      "recall": 0.35714285714285715,
      "f1-score": 0.4166666666666667,
      "support": 14.0
    },
    "anger": {
      "precision": 0.3076923076923077,
      "recall": 0.27586206896551724,
      "f1-score": 0.2909090909090909,
      "support": 29.0
    },
    "optimism": {
      "precision": 0.3076923076923077,
      "recall": 0.17391304347826086,
      "f1-score": 0.2222222222222222,
      "support": 23.0
    },
    "gratitude": {
      "precision": 0.9,
      "recall": 0.47368421052631576,
      "f1-score": 0.6206896551724138,
      "support": 57.0
    },
    "embarrassment": {
      "precision": 0.16666666666666666,
      "recall": 0.2,
      "f1-score": 0.18181818181818182,
      "support": 5.0
    },
    "surprise": {
      "precision": 0.2857142857142857,
      "recall": 0.10526315789473684,
      "f1-score": 0.15384615384615385,
      "support": 19.0
    },
    "excitement": {
      "precision": 0.36363636363636365,
      "recall": 0.3333333333333333,
      "f1-score": 0.34782608695652173,
      "support": 12.0
    },
    "amusement": {
      "precision": 0.4444444444444444,
      "recall": 0.3902439024390244,
      "f1-score": 0.4155844155844156,
      "support": 41.0
    },
    "caring": {
      "precision": 0.18181818181818182,
      "recall": 0.10526315789473684,
      "f1-score": 0.13333333333333333,
      "support": 19.0
    },
    "realization": {
      "precision": 0.16666666666666666,
      "recall": 0.15789473684210525,
      "f1-score": 0.16216216216216217,
      "support": 19.0
    },
    "disgust": {
      "precision": 0.5384615384615384,
      "recall": 0.4117647058823529,
      "f1-score": 0.4666666666666667,
      "support": 17.0
    },
    "love": {
      "precision": 0.4074074074074074,
      "recall": 0.3142857142857143,
      "f1-score": 0.3548387096774194,
      "support": 35.0
    },
    "curiosity": {
      "precision": 0.21428571428571427,
      "recall": 0.15789473684210525,
      "f1-score": 0.18181818181818182,
      "support": 38.0
    },
    "desire": {
      "precision": 0.0,
      "recall": 0.0,
      "f1-score": 0.0,
      "support": 12.0
    },
    "sadness": {
      "precision": 0.4666666666666667,
      "recall": 0.3181818181818182,
      "f1-score": 0.3783783783783784,
      "support": 22.0
    },
    "micro avg": {
      "precision": 0.38778220451527223,
      "recall": 0.292,
      "f1-score": 0.33314318311466057,
      "support": 1000.0
    },
    "macro avg": {
      "precision": 0.27949615972969194,
      "recall": 0.21419818585685496,
      "f1-score": 0.23772936315679902,
      "support": 1000.0
    },
    "weighted avg": {
      "precision": 0.430167899430428,
      "recall": 0.292,
      "f1-score": 0.3406742869112566,
      "support": 1000.0
    }
  },
  "accuracy": 0.292,