{
  "classification_report": {
    "remorse": {
      "precision": 0.2,
      "recall": 0.1,
      "f1-score": 0.13333333333333333,
      "support": 10.0
    },
    "love": {
      "precision": 0.4166666666666667,
      "recall": 0.7142857142857143,
      "f1-score": 0.5263157894736842,
      "support": 35.0
    },
    "disgust": {
      "precision": 0.25,
      "recall": 0.23529411764705882,
      "f1-score": 0.24242424242424243,
      "support": 17.0
    },
    "disappointment": {
      "precision": 0.045454545454545456,
      "recall": 0.05263157894736842,
      "f1-score": 0.04878048780487805,
      "support": 19.0
    },
    "pride": {
      "precision": 0.0,
      "recall": 0.0,
      "f1-score": 0.0,
      "support": 2.0
    },
    "realization": {
      "precision": 0.2,
      "recall": 0.10526315789473684,
      "f1-score": 0.13793103448275862,
      "support": 19.0
    },
    "desire": {
      "precision": 0.09090909090909091,
      "recall": 0.08333333333333333,
      "f1-score": 0.08695652173913043,
      "support": 12.0
    },
    "curiosity": {
      "precision": 0.17857142857142858,
      "recall": 0.13157894736842105,
      "f1-score": 0.15151515151515152,
      "support": 38.0
    },
    "surprise": {
      "precision": 0.13636363636363635,
      "recall": 0.15789473684210525,
      "f1-score": 0.14634146341463414,
      "support": 19.0
    },
    "confusion": {
      "precision": 0.2,
      "recall": 0.2857142857142857,
      "f1-score": 0.23529411764705882,
      "support": 21.0
    },
    "nervousness": {
      "precision": 0.0,
      "recall": 0.0,
      "f1-score": 0.0,
      "support": 3.0
    },
    "fear": {
      "precision": 0.16666666666666666,
      "recall": 0.14285714285714285,
      "f1-score": 0.15384615384615385,
      "support": 14.0
    },
    "annoyance": {
      "precision": 0.045454545454545456,
      "recall": 0.023809523809523808,
      "f1-score": 0.03125,
      "support": 42.0
    },
    "amusement": {
      "precision": 0.2608695652173913,
      "recall": 0.43902439024390244,
      "f1-score": 0.32727272727272727,
      "support": 41.0
    },
    "approval": {
      "precision": 0.1917808219178082,
      "recall": 0.27450980392156865,
      "f1-score": 0.22580645161290322,
      "support": 51.0
    },
    "neutral": {
      "precision": 0.4805194805194805,
      "recall": 0.3171428571428571,
      "f1-score": 0.38209982788296043,
      "support": 350.0
    },
    "gratitude": {
      "precision": 0.75,
      "recall": 0.7368421052631579,
      "f1-score": 0.7433628318584071,
      "support": 57.0
    },
    "grief": {
      "precision": 0.0,
      "recall": 0.0,
      "f1-score": 0.0,
      "support": 0.0
    },
    "disapproval": {
      "precision": 0.10256410256410256,
      "recall": 0.09523809523809523,
      "f1-score": 0.09876543209876543,
      "support": 42.0
    },
    "excitement": {
      "precision": 0.2,
      "recall": 0.16666666666666666,
      "f1-score": 0.18181818181818182,
      "support": 12.0
    },
    "admiration": {
      "precision": 0.5324675324675324,
      "recall": 0.5394736842105263,
      "f1-score": 0.5359477124183006,
      "support": 76.0
    },
    "caring": {
      "precision": 0.0625,
      "recall": 0.05263157894736842,
      "f1-score": 0.05714285714285714,
      "support": 19.0
    },
    "anger": {
      "precision": 0.22857142857142856,
      "recall": 0.27586206896551724,
      "f1-score": 0.25,
      "support": 29.0
    },
    "joy": {
      "precision": 0.1875,
      "recall": 0.3,
      "f1-score": 0.23076923076923078,
      "support": 20.0
    },
    "optimism": {
      "precision": 0.2,
      "recall": 0.13043478260869565,
      "f1-score": 0.15789473684210525,
      "support": 23.0
    },
    "embarrassment": {
      "precision": 0.0,
      "recall": 0.0,
      "f1-score": 0.0,
      "support": 5.0
    },
    "relief": {
      "precision": 0.0,
      "recall": 0.0,
      "f1-score": 0.0,
      "support": 2.0
    },
    "sadness": {
      "precision": 0.4,
      "recall": 0.2727272727272727,
      "f1-score": 0.32432432432432434,
      "support": 22.0
    },
    "micro avg": {
      "precision": 0.33478735005452565,
      "recall": 0.307,
      "f1-score": 0.3202921231090245,
      "support": 1000.0
    },
    "macro avg": {
      "precision": 0.19738783969086873,
      "recall": 0.2011862801655471,
      "f1-score": 0.19318545034720677,
      "support": 1000.0
    },
    "weighted avg": {
      "precision": 0.34795651488426205,
      "recall": 0.307,
      "f1-score": 0.31723291894011213,
      "support": 1000.0
    }
  },
  "accuracy": 0.307,