{
  "classification_report": {
    "realization": {
      "precision": 0.15,
      "recall": 0.15789473684210525,
      "f1-score": 0.15384615384615385,
      "support": 19.0
    },
    "excitement": {
      "precision": 0.3125,
      "recall": 0.4166666666666667,
      "f1-score": 0.35714285714285715,
      "support": 12.0
    },
    "disgust": {
      "precision": 0.2727272727272727,
      "recall": 0.35294117647058826,
      "f1-score": 0.3076923076923077,
      "support": 17.0
    },
    "love": {
      "precision": 0.4339622641509434,
      "recall": 0.6571428571428571,
      "f1-score": 0.5227272727272727,
      "support": 35.0
    },
    "gratitude": {
      "precision": 0.76,
      "recall": 0.6666666666666666,
      "f1-score": 0.7102803738317757,
      "support": 57.0
    },
    "sadness": {
      "precision": 0.36363636363636365,
      "recall": 0.36363636363636365,
      "f1-score": 0.36363636363636365,
      "support": 22.0
    },
    "curiosity": {
      "precision": 0.28,
      "recall": 0.3684210526315789,
      "f1-score": 0.3181818181818182,
      "support": 38.0
    },
    "joy": {
      "precision": 0.23809523809523808,
      "recall": 0.25,
      "f1-score": 0.24390243902439024,
      "support": 20.0
    },
    "fear": {
      "precision": 0.4444444444444444,
      "recall": 0.5714285714285714,
      "f1-score": 0.5,
      "support": 14.0
    },
    "grief": {
      "precision": 0.0,
      "recall": 0.0,
      "f1-score": 0.0,
      "support": 0.0
    },
    "annoyance": {
      "precision": 0.2972972972972973,
      "recall": 0.2619047619047619,
      "f1-score": 0.27848101265822783,
      "support": 42.0
    },
    "amusement": {
      "precision": 0.256,
      "recall": 0.7804878048780488,
      "f1-score": 0.3855421686746988,
      "support": 41.0
    },
    "surprise": {
      "precision": 0.13043478260869565,
      "recall": 0.15789473684210525,
      "f1-score": 0.14285714285714285,
      "support": 19.0
    },
    "remorse": {
      "precision": 0.4,
      "recall": 0.2,
      "f1-score": 0.26666666666666666,
      "support": 10.0
    },
    "disappointment": {
      "precision": 0.12121212121212122,
      "recall": 0.21052631578947367,
      "f1-score": 0.15384615384615385,
      "support": 19.0
    },
    "approval": {
      "precision": 0.18181818181818182,
      "recall": 0.3137254901960784,
      "f1-score": 0.2302158273381295,
      "support": 51.0
    },
    "confusion": {
      "precision": 0.2777777777777778,
      "recall": 0.23809523809523808,
      "f1-score": 0.2564102564102564,
      "support": 21.0
    },
    "disapproval": {
      "precision": 0.13157894736842105,
      "recall": 0.35714285714285715,
      "f1-score": 0.19230769230769232,
      "support": 42.0
    },
    "admiration": {
      "precision": 0.5142857142857142,
      "recall": 0.47368421052631576,
      "f1-score": 0.4931506849315068,
      "support": 76.0
    },
    "nervousness": {
      "precision": 0.6666666666666666,
      "recall": 0.6666666666666666,
      "f1-score": 0.6666666666666666,
      "support": 3.0
    },
    "optimism": {
      "precision": 0.3157894736842105,
      "recall": 0.2608695652173913,
      "f1-score": 0.2857142857142857,
      "support": 23.0
    },
    "caring": {
      "precision": 0.2222222222222222,
      "recall": 0.21052631578947367,
      "f1-score": 0.21621621621621623,
      "support": 19.0
    },
    "pride": {
      "precision": 0.0,
      "recall": 0.0,
      "f1-score": 0.0,
      "support": 2.0
    },
    "relief": {
      "precision": 0.0,
      "recall": 0.0,
      "f1-score": 0.0,
      "support": 2.0
    },
    "anger": {
      "precision": 0.2638888888888889,
      "recall": 0.6551724137931034,
      "f1-score": 0.37623762376237624,
      "support": 29.0
    },
    "desire": {
      "precision": 0.2222222222222222,
      "recall": 0.16666666666666666,
      "f1-score": 0.19047619047619047,
      "support": 12.0
    },
    "neutral": {
      "precision": 0.6436781609195402,
      "recall": 0.16,
      "f1-score": 0.2562929061784897,
      "support": 350.0
    },
    "embarrassment": {
      "precision": 0.25,
      "recall": 0.2,
      "f1-score": 0.2222222222222222,
      "support": 5.0
    },
    "micro avg": {
      "precision": 0.3246492985971944,
      "recall": 0.324,
      "f1-score": 0.32432432432432434,
      "support": 1000.0
    },
    "macro avg": {
      "precision": 0.29107993000093657,
      "recall": 0.32564861196405637,
      "f1-score": 0.2889540465360665,
      "support": 1000.0
    },
    "weighted avg": {
      "precision": 0.44119321908934683,
      "recall": 0.324,
      "f1-score": 0.3183691829546806,
      "support": 1000.0
    }
  },
  "accuracy": 0.324,