{
  "classification_report": {
    "disapproval": {
      "precision": 0.12643678160919541,
      "recall": 0.2619047619047619,
      "f1-score": 0.17054263565891473,
      "support": 42.0
    },
    "caring": {
      "precision": 0.25,
      "recall": 0.15789473684210525,
      "f1-score": 0.1935483870967742,
      "support": 19.0
    },
    "realization": {
      "precision": 0.06666666666666667,
      "recall": 0.10526315789473684,
      "f1-score": 0.08163265306122448,
      "support": 19.0
    },
    "gratitude": {
      "precision": 0.8611111111111112,
      "recall": 0.543859649122807,
      "f1-score": 0.6666666666666666,
      "support": 57.0
    },
    "anger": {
      "precision": 0.2711864406779661,
      "recall": 0.5517241379310345,
      "f1-score": 0.36363636363636365,
      "support": 29.0
    },
    "love": {
      "precision": 0.5666666666666667,
      "recall": 0.4857142857142857,
      "f1-score": 0.5230769230769231,
      "support": 35.0
    },
    "pride": {
      "precision": 0.0,
      "recall": 0.0,
      "f1-score": 0.0,
      "support": 2.0
    },
    "approval": {
      "precision": 0.13953488372093023,
      "recall": 0.23529411764705882,
      "f1-score": 0.17518248175182483,
      "support": 51.0
    },
    "remorse": {
      "precision": 0.25,
      "recall": 0.3,
      "f1-score": 0.2727272727272727,
      "support": 10.0
    },
    "joy": {
      "precision": 0.25,
      "recall": 0.2,
      "f1-score": 0.2222222222222222,
      "support": 20.0
    },
    "disappointment": {
      "precision": 0.038461538461538464,
      "recall": 0.05263157894736842,
      "f1-score": 0.044444444444444446,
      "support": 19.0
    },
    "grief": {
      "precision": 0.0,
      "recall": 0.0,
      "f1-score": 0.0,
      "support": 0.0
    },
    "excitement": {
      "precision": 0.23529411764705882,
      "recall": 0.3333333333333333,
      "f1-score": 0.27586206896551724,
      "support": 12.0
    },
    "neutral": {
      "precision": 0.5,
      "recall": 0.09714285714285714,
      "f1-score": 0.16267942583732056,
      "support": 350.0
    },
    "confusion": {
      "precision": 0.18518518518518517,
      "recall": 0.23809523809523808,
      "f1-score": 0.20833333333333334,
      "support": 21.0
    },
    "desire": {
      "precision": 0.25,
      "recall": 0.3333333333333333,
      "f1-score": 0.2857142857142857,
      "support": 12.0
    },
    "relief": {
      "precision": 0.16666666666666666,
      "recall": 0.5,
      "f1-score": 0.25,
      "support": 2.0
    },
    "fear": {
      "precision": 0.25,
      "recall": 0.2857142857142857,
      "f1-score": 0.26666666666666666,
      "support": 14.0
    },
    "admiration": {
      "precision": 0.5070422535211268,
      "recall": 0.47368421052631576,
      "f1-score": 0.4897959183673469,
      "support": 76.0
    },
    "optimism": {
      "precision": 0.2777777777777778,
      "recall": 0.21739130434782608,
      "f1-score": 0.24390243902439024,
      "support": 23.0
    },
    "nervousness": {
      "precision": 0.5,
      "recall": 0.3333333333333333,
      "f1-score": 0.4,
      "support": 3.0
    },
    "sadness": {
      "precision": 0.23529411764705882,
      "recall": 0.36363636363636365,
      "f1-score": 0.2857142857142857,
      "support": 22.0
    },
    "amusement": {
      "precision": 0.5609756097560976,
      "recall": 0.5609756097560976,
      "f1-score": 0.5609756097560976,
      "support": 41.0
    },
    "curiosity": {
      "precision": 0.2978723404255319,
      "recall": 0.3684210526315789,
      "f1-score": 0.32941176470588235,
      "support": 38.0
    },
    "annoyance": {
      "precision": 0.2,
      "recall": 0.11904761904761904,
      "f1-score": 0.14925373134328357,
      "support": 42.0
    },
    "embarrassment": {
      "precision": 0.15384615384615385,
      "recall": 0.4,
      "f1-score": 0.2222222222222222,
      "support": 5.0
    },
    "disgust": {
      "precision": 0.25,
      "recall": 0.35294117647058826,
      "f1-score": 0.2926829268292683,
      "support": 17.0
    },
    "surprise": {
      "precision": 0.4166666666666667,
      "recall": 0.2631578947368421,
      "f1-score": 0.3225806451612903,
      "support": 19.0
    },
    "micro avg": {
      "precision": 0.30815347721822545,
      "recall": 0.257,
      "f1-score": 0.2802617230098146,
      "support": 1000.0
    },
    "macro avg": {
      "precision": 0.2788101777876214,
      "recall": 0.2905176442182061,
      "f1-score": 0.2664098347851365,
      "support": 1000.0
    },
    "weighted avg": {
      "precision": 0.3992565019919017,
      "recall": 0.257,
      "f1-score": 0.27280191121158937,
      "support": 1000.0
    }
  },
  "accuracy": 0.257,