{
  "classification_report": {
    "nervousness": {
      "precision": 0.16666666666666666,
      "recall": 0.3333333333333333,
      "f1-score": 0.2222222222222222,
      "support": 3.0
    },
    "admiration": {
      "precision": 0.6136363636363636,
      "recall": 0.35526315789473684,
      "f1-score": 0.45,
      "support": 76.0
    },
    "disapproval": {
      "precision": 0.09917355371900827,
      "recall": 0.2857142857142857,
      "f1-score": 0.147239263803681,
      "support": 42.0
    },
    "joy": {
      "precision": 0.28125,
      "recall": 0.45,
      "f1-score": 0.34615384615384615,
      "support": 20.0
    },
    "relief": {
      "precision": 0.0,
      "recall": 0.0,
      "f1-score": 0.0,
      "support": 2.0
    },
    "caring": {
      "precision": 0.10526315789473684,
      "recall": 0.10526315789473684,
      "f1-score": 0.10526315789473684,
      "support": 19.0
    },
    "gratitude": {
      "precision": 0.660377358490566,
      "recall": 0.6140350877192983,
      "f1-score": 0.6363636363636364,
      "support": 57.0
    },
    "curiosity": {
      "precision": 0.3877551020408163,
      "recall": 0.5,
      "f1-score": 0.4367816091954023,
      "support": 38.0
    },
    "sadness": {
      "precision": 0.3225806451612903,
      "recall": 0.45454545454545453,
      "f1-score": 0.37735849056603776,
      "support": 22.0
    },
    "pride": {
      "precision": 0.0,
      "recall": 0.0,
      "f1-score": 0.0,
      "support": 2.0
    },
    "desire": {
      "precision": 0.2857142857142857,
      "recall": 0.16666666666666666,
      "f1-score": 0.21052631578947367,
      "support": 12.0
    },
    "embarrassment": {
      "precision": 0.5,
      "recall": 0.4,
      "f1-score": 0.4444444444444444,
      "support": 5.0
    },
    "surprise": {
      "precision": 0.3103448275862069,
      "recall": 0.47368421052631576,
      "f1-score": 0.375,
      "support": 19.0
    },
    "neutral": {
      "precision": 0.6129032258064516,
      "recall": 0.16285714285714287,
      "f1-score": 0.25733634311512416,
      "support": 350.0
    },
    "optimism": {
      "precision": 0.2,
      "recall": 0.21739130434782608,
      "f1-score": 0.20833333333333334,
      "support": 23.0
    },
    "approval": {
      "precision": 0.35714285714285715,
      "recall": 0.19607843137254902,
      "f1-score": 0.25316455696202533,
      "support": 51.0
    },
    "disgust": {
      "precision": 0.14705882352941177,
      "recall": 0.29411764705882354,
      "f1-score": 0.19607843137254902,
      "support": 17.0
    },
    "grief": {
      "precision": 0.0,
      "recall": 0.0,
      "f1-score": 0.0,
      "support": 0.0
    },
    "anger": {
      "precision": 0.23076923076923078,
      "recall": 0.20689655172413793,
      "f1-score": 0.21818181818181817,
      "support": 29.0
    },
    "fear": {
      "precision": 0.5714285714285714,
      "recall": 0.2857142857142857,
      "f1-score": 0.38095238095238093,
      "support": 14.0
    },
    "excitement": {
      "precision": 0.1875,
      "recall": 0.5,
      "f1-score": 0.2727272727272727,
      "support": 12.0
    },
    "remorse": {
      "precision": 0.5,
      "recall": 0.3,
      "f1-score": 0.375,
      "support": 10.0
    },
    "realization": {
      "precision": 0.05555555555555555,
      "recall": 0.10526315789473684,
      "f1-score": 0.07272727272727272,
      "support": 19.0
    },
    "amusement": {
      "precision": 0.4230769230769231,
      "recall": 0.5365853658536586,
      "f1-score": 0.4731182795698925,
      "support": 41.0
    },
    "love": {
      "precision": 0.6551724137931034,
      "recall": 0.5428571428571428,
      "f1-score": 0.59375,
      "support": 35.0
    },
    "disappointment": {
      "precision": 0.043859649122807015,
      "recall": 0.2631578947368421,
      "f1-score": 0.07518796992481203,
      "support": 19.0
    },
    "confusion": {
      "precision": 0.3684210526315789,
      "recall": 0.3333333333333333,
      "f1-score": 0.35,
      "support": 21.0
    },
    "annoyance": {
      "precision": 0.2857142857142857,
      "recall": 0.09523809523809523,
      "f1-score": 0.14285714285714285,
      "support": 42.0
    },
    "micro avg": {
      "precision": 0.3096280087527352,
      "recall": 0.283,
      "f1-score": 0.29571577847439917,
      "support": 1000.0
    },
    "macro avg": {
      "precision": 0.29897730533859707,
      "recall": 0.2920712752601215,
      "f1-score": 0.272170278148468,
      "support": 1000.0
    },
    "weighted avg": {
      "precision": 0.453900395312249,
      "recall": 0.283,
      "f1-score": 0.30914658079724483,
      "support": 1000.0
    }
  },
  "accuracy": 0.283,