{
  "classification_report": {
    "excitement": {
      "precision": 0.38461538461538464,
      "recall": 0.4166666666666667,
      "f1-score": 0.4,
      "support": 12.0
    },
    "anger": {
      "precision": 0.4090909090909091,
      "recall": 0.3103448275862069,
      "f1-score": 0.35294117647058826,
      "support": 29.0
    },
    "relief": {
      "precision": 0.0,
      "recall": 0.0,
      "f1-score": 0.0,
      "support": 2.0
    },
    "love": {
      "precision": 0.3333333333333333,
      "recall": 0.14285714285714285,
      "f1-score": 0.2,
      "support": 35.0
    },
    "annoyance": {
      "precision": 0.16666666666666666,
      "recall": 0.07142857142857142,
      "f1-score": 0.1,
      "support": 42.0
    },
    "remorse": {
      "precision": 0.0,
      "recall": 0.0,
      "f1-score": 0.0,
      "support": 10.0
    },
    "optimism": {
      "precision": 0.16666666666666666,
      "recall": 0.043478260869565216,
      "f1-score": 0.06896551724137931,
      "support": 23.0
    },
    "gratitude": {
      "precision": 0.75,
      "recall": 0.47368421052631576,
      "f1-score": 0.5806451612903226,
      "support": 57.0
    },
    "joy": {
      "precision": 0.21428571428571427,
      "recall": 0.15,
      "f1-score": 0.17647058823529413,
      "support": 20.0
    },
    "caring": {
      "precision": 0.16666666666666666,
      "recall": 0.05263157894736842,
      "f1-score": 0.08,
      "support": 19.0
    },
    "surprise": {
      "precision": 0.3076923076923077,
      "recall": 0.21052631578947367,
      "f1-score": 0.25,
      "support": 19.0
    },
    "neutral": {
      "precision": 0.528,
      "recall": 0.18857142857142858,
      "f1-score": 0.27789473684210525,
      "support": 350.0
    },
    "approval": {
      "precision": 0.25,
      "recall": 0.1568627450980392,
      "f1-score": 0.1927710843373494,
      "support": 51.0
    },
    "realization": {
      "precision": 0.0,
      "recall": 0.0,
      "f1-score": 0.0,
      "support": 19.0
    },
    "sadness": {
      "precision": 0.7142857142857143,
      "recall": 0.22727272727272727,
      "f1-score": 0.3448275862068966,
      "support": 22.0
    },
    "confusion": {
      "precision": 0.3333333333333333,
      "recall": 0.14285714285714285,
      "f1-score": 0.2,
      "support": 21.0
    },
    "disappointment": {
      "precision": 0.0,
      "recall": 0.0,
      "f1-score": 0.0,
      "support": 19.0
    },
    "nervousness": {
      "precision": 0.0,
      "recall": 0.0,
      "f1-score": 0.0,
      "support": 3.0
    },
    "curiosity": {
      "precision": 0.3333333333333333,
      "recall": 0.10526315789473684,
      "f1-score": 0.16,
      "support": 38.0
    },
    "amusement": {
      "precision": 0.35294117647058826,
      "recall": 0.2926829268292683,
      "f1-score": 0.32,
      "support": 41.0
    },
    "disapproval": {
      "precision": 0.09090909090909091,
      "recall": 0.047619047619047616,
      "f1-score": 0.0625,
      "support": 42.0
    },
    "disgust": {
      "precision": 0.2,
      "recall": 0.058823529411764705,
      "f1-score": 0.09090909090909091,
      "support": 17.0
    },
    "pride": {
      "precision": 0.0,
      "recall": 0.0,
      "f1-score": 0.0,
      "support": 2.0
    },
    "admiration": {
      "precision": 0.5,
      "recall": 0.2631578947368421,
      "f1-score": 0.3448275862068966,
      "support": 76.0
    },
    "desire": {
      "precision": 0.0,
      "recall": 0.0,
      "f1-score": 0.0,
      "support": 12.0
    },
    "embarrassment": {
      "precision": 0.0,
      "recall": 0.0,
      "f1-score": 0.0,
      "support": 5.0
    },
    "fear": {
      "precision": 0.5,
      "recall": 0.21428571428571427,
      "f1-score": 0.3,
      "support": 14.0
    },
    "grief": {
      "precision": 0.0,
      "recall": 0.0,
      "f1-score": 0.0,
      "support": 0.0
    },
    "micro avg": {
      "precision": 0.4035476718403548,
      "recall": 0.182,
      "f1-score": 0.25086147484493454,
      "support": 1000.0
    },
    "macro avg": {
      "precision": 0.23935072490534676,
      "recall": 0.12746478175885795,
      "f1-score": 0.16081259027642583,
      "support": 1000.0
    },
    "weighted avg": {
      "precision": 0.3946472782119841,
      "recall": 0.182,
      "f1-score": 0.2433757281621251,
      "support": 1000.0
    }
  },
  "accuracy": 0.182,