{
  "classification_report": {
    "confusion": {
      "precision": 0.15,
      "recall": 0.14285714285714285,
      "f1-score": 0.14634146341463414,
      "support": 21.0
    },
    "grief": {
      "precision": 0.0,
      "recall": 0.0,
      "f1-score": 0.0,
      "support": 0.0
    },
    "excitement": {
      "precision": 0.15789473684210525,
      "recall": 0.25,
      "f1-score": 0.1935483870967742,
      "support": 12.0
    },
    "anger": {
      "precision": 0.40625,
      "recall": 0.4482758620689655,
      "f1-score": 0.4262295081967213,
      "support": 29.0
    },
    "nervousness": {
      "precision": 0.0,
      "recall": 0.0,
      "f1-score": 0.0,
      "support": 3.0
    },
    "disapproval": {
      "precision": 0.12121212121212122,
      "recall": 0.09523809523809523,
      "f1-score": 0.10666666666666667,
      "support": 42.0
    },
    "surprise": {
      "precision": 0.30434782608695654,
      "recall": 0.3684210526315789,
      "f1-score": 0.3333333333333333,
      "support": 19.0
    },
    "admiration": {
      "precision": 0.45161290322580644,
      "recall": 0.18421052631578946,
      "f1-score": 0.2616822429906542,
      "support": 76.0
    },
    "sadness": {
      "precision": 0.6428571428571429,
      "recall": 0.4090909090909091,
      "f1-score": 0.5,
      "support": 22.0
    },
    "embarrassment": {
      "precision": 0.2,
      "recall": 0.2,
      "f1-score": 0.2,
      "support": 5.0
    },
    "disgust": {
      "precision": 0.2,
      "recall": 0.11764705882352941,
      "f1-score": 0.14814814814814814,
      "support": 17.0
    },
    "desire": {
      "precision": 0.0,
      "recall": 0.0,
      "f1-score": 0.0,
      "support": 12.0
    },
    "gratitude": {
      "precision": 0.7555555555555555,
      "recall": 0.5964912280701754,
      "f1-score": 0.6666666666666666,
      "support": 57.0
    },
    "approval": {
      "precision": 0.175,
      "recall": 0.13725490196078433,
      "f1-score": 0.15384615384615385,
      "support": 51.0
    },
    "realization": {
      "precision": 0.0,
      "recall": 0.0,
      "f1-score": 0.0,
      "support": 19.0
    },
    "love": {
      "precision": 0.30434782608695654,
      "recall": 0.2,
      "f1-score": 0.2413793103448276,
      "support": 35.0
    },
    "relief": {
      "precision": 0.0,
      "recall": 0.0,
      "f1-score": 0.0,
      "support": 2.0
    },
    "optimism": {
      "precision": 0.1111111111111111,
      "recall": 0.043478260869565216,
      "f1-score": 0.0625,
      "support": 23.0
    },
    "caring": {
      "precision": 0.06666666666666667,
      "recall": 0.05263157894736842,
      "f1-score": 0.058823529411764705,
      "support": 19.0
    },
    "remorse": {
      "precision": 0.0,
      "recall": 0.0,
      "f1-score": 0.0,
      "support": 10.0
    },
    "amusement": {
      "precision": 0.37735849056603776,
      "recall": 0.4878048780487805,
      "f1-score": 0.425531914893617,
      "support": 41.0
    },
    "joy": {
      "precision": 0.11538461538461539,
      "recall": 0.15,
      "f1-score": 0.13043478260869565,
      "support": 20.0
    },
    "curiosity": {
      "precision": 0.3333333333333333,
      "recall": 0.13157894736842105,
      "f1-score": 0.18867924528301888,
      "support": 38.0
    },
    "annoyance": {
      "precision": 0.11764705882352941,
      "recall": 0.047619047619047616,
      "f1-score": 0.06779661016949153,
      "support": 42.0
    },
    "disappointment": {
      "precision": 0.0,
      "recall": 0.0,
      "f1-score": 0.0,
      "support": 19.0
    },
    "fear": {
      "precision": 0.5,
      "recall": 0.21428571428571427,
      "f1-score": 0.3,
      "support": 14.0
    },
    "neutral": {
      "precision": 0.5130434782608696,
      "recall": 0.33714285714285713,
      "f1-score": 0.4068965517241379,
      "support": 350.0
    },
    "pride": {
      "precision": 0.0,
      "recall": 0.0,
      "f1-score": 0.0,
      "support": 2.0
    },
    "micro avg": {
      "precision": 0.37300435413642963,
      "recall": 0.257,
      "f1-score": 0.3043220840734162,
      "support": 1000.0
    },
    "macro avg": {
      "precision": 0.21441510235760025,
      "recall": 0.16478671647638302,
      "f1-score": 0.17923230409983235,
      "support": 1000.0
    },
    "weighted avg": {
      "precision": 0.3689834561680765,
      "recall": 0.257,
      "f1-score": 0.2965122524148952,
      "support": 1000.0
    }
  },
  "accuracy": 0.257,