{
  "classification_report": {
    "remorse": {
      "precision": 0.5,
      "recall": 0.2,
      "f1-score": 0.2857142857142857,
      "support": 10.0
    },
    "disgust": {
      "precision": 0.25,
      "recall": 0.23529411764705882,
      "f1-score": 0.24242424242424243,
      "support": 17.0
    },
    "optimism": {
      "precision": 0.3,
      "recall": 0.2608695652173913,
      "f1-score": 0.27906976744186046,
      "support": 23.0
    },
    "annoyance": {
      "precision": 0.11538461538461539,
      "recall": 0.07142857142857142,
      "f1-score": 0.08823529411764706,
      "support": 42.0
    },
    "gratitude": {
      "precision": 0.8867924528301887,
      "recall": 0.8245614035087719,
      "f1-score": 0.8545454545454545,
      "support": 57.0
    },
    "desire": {
      "precision": 0.2222222222222222,
      "recall": 0.16666666666666666,
      "f1-score": 0.19047619047619047,
      "support": 12.0
    },
    "nervousness": {
      "precision": 0.0,
      "recall": 0.0,
      "f1-score": 0.0,
      "support": 3.0
    },
    "pride": {
      "precision": 0.0,
      "recall": 0.0,
      "f1-score": 0.0,
      "support": 2.0
    },
    "amusement": {
      "precision": 0.35,
      "recall": 0.5121951219512195,
      "f1-score": 0.4158415841584158,
      "support": 41.0
    },
    "embarrassment": {
      "precision": 0.0,
      "recall": 0.0,
      "f1-score": 0.0,
      "support": 5.0
    },
    "realization": {
      "precision": 0.16666666666666666,
      "recall": 0.10526315789473684,
      "f1-score": 0.12903225806451613,
      "support": 19.0
    },
    "disapproval": {
      "precision": 0.08196721311475409,
      "recall": 0.11904761904761904,
      "f1-score": 0.0970873786407767,
      "support": 42.0
    },
    "excitement": {
      "precision": 0.23076923076923078,
      "recall": 0.25,
      "f1-score": 0.24,
      "support": 12.0
    },
    "curiosity": {
      "precision": 0.29411764705882354,
      "recall": 0.2631578947368421,
      "f1-score": 0.2777777777777778,
      "support": 38.0
    },
    "fear": {
      "precision": 0.5,
      "recall": 0.21428571428571427,
      "f1-score": 0.3,
      "support": 14.0
    },
    "surprise": {
      "precision": 0.14285714285714285,
      "recall": 0.10526315789473684,
      "f1-score": 0.12121212121212122,
      "support": 19.0
    },
    "caring": {
      "precision": 0.09523809523809523,
      "recall": 0.10526315789473684,
      "f1-score": 0.1,
      "support": 19.0
    },
    "disappointment": {
      "precision": 0.03571428571428571,
      "recall": 0.05263157894736842,
      "f1-score": 0.0425531914893617,
      "support": 19.0
    },
    "approval": {
      "precision": 0.3695652173913043,
      "recall": 0.3333333333333333,
      "f1-score": 0.35051546391752575,
      "support": 51.0
    },
    "grief": {
      "precision": 0.0,
      "recall": 0.0,
      "f1-score": 0.0,
      "support": 0.0
    },
    "neutral": {
      "precision": 0.5482758620689655,
      "recall": 0.4542857142857143,
      "f1-score": 0.496875,
      "support": 350.0
    },
    "joy": {
      "precision": 0.26666666666666666,
      "recall": 0.4,
      "f1-score": 0.32,
      "support": 20.0
    },
    "love": {
      "precision": 0.5185185185185185,
      "recall": 0.8,
      "f1-score": 0.6292134831460674,
      "support": 35.0
    },
    "admiration": {
      "precision": 0.6818181818181818,
      "recall": 0.39473684210526316,
      "f1-score": 0.5,
      "support": 76.0
    },
    "sadness": {
      "precision": 0.3076923076923077,
      "recall": 0.36363636363636365,
      "f1-score": 0.3333333333333333,
      "support": 22.0
    },
    "anger": {
      "precision": 0.3333333333333333,
      "recall": 0.3103448275862069,
      "f1-score": 0.32142857142857145,
      "support": 29.0
    },
    "relief": {
      "precision": 0.0,
      "recall": 0.0,
      "f1-score": 0.0,
      "support": 2.0
    },
    "confusion": {
      "precision": 0.25,
      "recall": 0.2857142857142857,
      "f1-score": 0.26666666666666666,
      "support": 21.0
    },
    "micro avg": {
      "precision": 0.40997830802603036,
      "recall": 0.378,
      "f1-score": 0.39334027055150883,
      "support": 1000.0
    },
    "macro avg": {
      "precision": 0.2659857021194751,
      "recall": 0.24385639620652144,
      "f1-score": 0.2457857880198148,
      "support": 1000.0
    },
    "weighted avg": {
      "precision": 0.42904730079812986,
      "recall": 0.378,
      "f1-score": 0.39478330390544936,
      "support": 1000.0
    }
  },
  "accuracy": 0.378,