{
  "classification_report": {
    "curiosity": {
      "precision": 0.19230769230769232,
      "recall": 0.39473684210526316,
      "f1-score": 0.25862068965517243,
      "support": 38.0
    },
    "desire": {
      "precision": 0.25,
      "recall": 0.25,
      "f1-score": 0.25,
      "support": 12.0
    },
    "admiration": {
      "precision": 0.4375,
      "recall": 0.5526315789473685,
      "f1-score": 0.4883720930232558,
      "support": 76.0
    },
    "pride": {
      "precision": 0.0,
      "recall": 0.0,
      "f1-score": 0.0,
      "support": 2.0
    },
    "sadness": {
      "precision": 0.32,
      "recall": 0.36363636363636365,
      "f1-score": 0.3404255319148936,
      "support": 22.0
    },
    "grief": {
      "precision": 0.0,
      "recall": 0.0,
      "f1-score": 0.0,
      "support": 0.0
    },
    "caring": {
      "precision": 0.0,
      "recall": 0.0,
      "f1-score": 0.0,
      "support": 19.0
    },
    "nervousness": {
      "precision": 0.3333333333333333,
      "recall": 0.3333333333333333,
      "f1-score": 0.3333333333333333,
      "support": 3.0
    },
    "realization": {
      "precision": 0.07142857142857142,
      "recall": 0.05263157894736842,
      "f1-score": 0.06060606060606061,
      "support": 19.0
    },
    "gratitude": {
      "precision": 0.7111111111111111,
      "recall": 0.5614035087719298,
      "f1-score": 0.6274509803921569,
      "support": 57.0
    },
    "excitement": {
      "precision": 0.23809523809523808,
      "recall": 0.4166666666666667,
      "f1-score": 0.30303030303030304,
      "support": 12.0
    },
    "disappointment": {
      "precision": 0.05357142857142857,
      "recall": 0.47368421052631576,
      "f1-score": 0.0962566844919786,
      "support": 19.0
    },
    "amusement": {
      "precision": 0.3333333333333333,
      "recall": 0.4878048780487805,
      "f1-score": 0.39603960396039606,
      "support": 41.0
    },
    "embarrassment": {
      "precision": 0.5,
      "recall": 0.4,
      "f1-score": 0.4444444444444444,
      "support": 5.0
    },
    "approval": {
      "precision": 0.2903225806451613,
      "recall": 0.17647058823529413,
      "f1-score": 0.21951219512195122,
      "support": 51.0
    },
    "anger": {
      "precision": 0.2727272727272727,
      "recall": 0.5172413793103449,
      "f1-score": 0.35714285714285715,
      "support": 29.0
    },
    "love": {
      "precision": 0.5714285714285714,
      "recall": 0.45714285714285713,
      "f1-score": 0.5079365079365079,
      "support": 35.0
    },
    "optimism": {
      "precision": 0.16666666666666666,
      "recall": 0.17391304347826086,
      "f1-score": 0.1702127659574468,
      "support": 23.0
    },
    "fear": {
      "precision": 0.6666666666666666,
      "recall": 0.14285714285714285,
      "f1-score": 0.23529411764705882,
      "support": 14.0
    },
    "remorse": {
      "precision": 0.2857142857142857,
      "recall": 0.2,
      "f1-score": 0.23529411764705882,
      "support": 10.0
    },
    "disgust": {
      "precision": 0.4666666666666667,
      "recall": 0.4117647058823529,
      "f1-score": 0.4375,
      "support": 17.0
    },
    "neutral": {
      "precision": 0.5471698113207547,
      "recall": 0.08285714285714285,
      "f1-score": 0.14392059553349876,
      "support": 350.0
    },
    "relief": {
      "precision": 0.0,
      "recall": 0.0,
      "f1-score": 0.0,
      "support": 2.0
    },
    "disapproval": {
      "precision": 0.11956521739130435,
      "recall": 0.2619047619047619,
      "f1-score": 0.16417910447761194,
      "support": 42.0
    },
    "joy": {
      "precision": 0.1724137931034483,
      "recall": 0.25,
      "f1-score": 0.20408163265306123,
      "support": 20.0
    },
    "surprise": {
      "precision": 0.14285714285714285,
      "recall": 0.3157894736842105,
      "f1-score": 0.19672131147540983,
      "support": 19.0
    },
    "annoyance": {
      "precision": 0.2222222222222222,
      "recall": 0.09523809523809523,
      "f1-score": 0.13333333333333333,
      "support": 42.0
    },
    "confusion": {
      "precision": 0.10416666666666667,
      "recall": 0.23809523809523808,
      "f1-score": 0.14492753623188406,
      "support": 21.0
    },
    "micro avg": {
      "precision": 0.25869120654396727,
      "recall": 0.253,
      "f1-score": 0.2558139534883721,
      "support": 1000.0
    },
    "macro avg": {
      "precision": 0.266759581152055,
      "recall": 0.2717786924881818,
      "f1-score": 0.24102270714320267,
      "support": 1000.0
    },
    "weighted avg": {
      "precision": 0.3944170885463591,
      "recall": 0.253,
      "f1-score": 0.24933457632240813,
      "support": 1000.0
    }
  },
  "accuracy": 0.253,