{
  "classification_report": {
    "amusement": {
      "precision": 0.22580645161290322,
      "recall": 0.5121951219512195,
      "f1-score": 0.31343283582089554,
      "support": 41.0
    },
    "optimism": {
      "precision": 0.21875,
      "recall": 0.30434782608695654,
      "f1-score": 0.2545454545454545,
      "support": 23.0
    },
    "anger": {
      "precision": 0.17857142857142858,
      "recall": 0.1724137931034483,
      "f1-score": 0.17543859649122806,
      "support": 29.0
    },
    "excitement": {
      "precision": 0.058823529411764705,
      "recall": 0.08333333333333333,
      "f1-score": 0.06896551724137931,
      "support": 12.0
    },
    "neutral": {
      "precision": 0.48854961832061067,
      "recall": 0.18285714285714286,
      "f1-score": 0.2661122661122661,
      "support": 350.0
    },
    "disappointment": {
      "precision": 0.034482758620689655,
      "recall": 0.05263157894736842,
      "f1-score": 0.041666666666666664,
      "support": 19.0
    },
    "relief": {
      "precision": 0.0,
      "recall": 0.0,
      "f1-score": 0.0,
      "support": 2.0
    },
    "grief": {
      "precision": 0.0,
      "recall": 0.0,
      "f1-score": 0.0,
      "support": 0.0
    },
    "nervousness": {
      "precision": 0.0,
      "recall": 0.0,
      "f1-score": 0.0,
      "support": 3.0
    },
    "realization": {
      "precision": 0.06060606060606061,
      "recall": 0.10526315789473684,
      "f1-score": 0.07692307692307693,
      "support": 19.0
    },
    "joy": {
      "precision": 0.25,
      "recall": 0.1,
      "f1-score": 0.14285714285714285,
      "support": 20.0
    },
    "annoyance": {
      "precision": 0.16666666666666666,
      "recall": 0.2619047619047619,
      "f1-score": 0.2037037037037037,
      "support": 42.0
    },
    "curiosity": {
      "precision": 0.1111111111111111,
      "recall": 0.18421052631578946,
      "f1-score": 0.13861386138613863,
      "support": 38.0
    },
    "disgust": {
      "precision": 0.17391304347826086,
      "recall": 0.23529411764705882,
      "f1-score": 0.2,
      "support": 17.0
    },
    "confusion": {
      "precision": 0.09523809523809523,
      "recall": 0.09523809523809523,
      "f1-score": 0.09523809523809523,
      "support": 21.0
    },
    "pride": {
      "precision": 0.0,
      "recall": 0.0,
      "f1-score": 0.0,
      "support": 2.0
    },
    "gratitude": {
      "precision": 0.5625,
      "recall": 0.47368421052631576,
      "f1-score": 0.5142857142857142,
      "support": 57.0
    },
    "surprise": {
      "precision": 0.043478260869565216,
      "recall": 0.05263157894736842,
      "f1-score": 0.047619047619047616,
      "support": 19.0
    },
    "disapproval": {
      "precision": 0.14285714285714285,
      "recall": 0.19047619047619047,
      "f1-score": 0.16326530612244897,
      "support": 42.0
    },
    "embarrassment": {
      "precision": 0.14285714285714285,
      "recall": 0.2,
      "f1-score": 0.16666666666666666,
      "support": 5.0
    },
    "fear": {
      "precision": 0.4,
      "recall": 0.2857142857142857,
      "f1-score": 0.3333333333333333,
      "support": 14.0
    },
    "caring": {
      "precision": 0.1,
      "recall": 0.10526315789473684,
      "f1-score": 0.10256410256410256,
      "support": 19.0
    },
    "approval": {
      "precision": 0.13513513513513514,
      "recall": 0.19607843137254902,
      "f1-score": 0.16,
      "support": 51.0
    },
    "admiration": {
      "precision": 0.3883495145631068,
      "recall": 0.5263157894736842,
      "f1-score": 0.44692737430167595,
      "support": 76.0
    },
    "love": {
      "precision": 0.2826086956521739,
      "recall": 0.37142857142857144,
      "f1-score": 0.32098765432098764,
      "support": 35.0
    },
    "remorse": {
      "precision": 0.15384615384615385,
      "recall": 0.2,
      "f1-score": 0.17391304347826086,
      "support": 10.0
    },
    "sadness": {
      "precision": 0.25,
      "recall": 0.13636363636363635,
      "f1-score": 0.17647058823529413,
      "support": 22.0
    },
    "desire": {
      "precision": 0.1,
      "recall": 0.16666666666666666,
      "f1-score": 0.125,
      "support": 12.0
    },
    "micro avg": {
      "precision": 0.2434077079107505,
      "recall": 0.24,
      "f1-score": 0.24169184290030213,
      "support": 1000.0
    },
    "macro avg": {
      "precision": 0.17014824319350044,
      "recall": 0.1855111419337113,
      "f1-score": 0.168161787425485,
      "support": 1000.0
    },
    "weighted avg": {
      "precision": 0.3157906597922993,
      "recall": 0.24,
      "f1-score": 0.24710056079024373,
      "support": 1000.0
    }
  },
  "accuracy": 0.24,