{
  "classification_report": {
    "annoyance": {
      "precision": 0.14285714285714285,
      "recall": 0.23809523809523808,
      "f1-score": 0.17857142857142858,
      "support": 42.0
    },
    "anger": {
      "precision": 0.3793103448275862,
      "recall": 0.3793103448275862,
      "f1-score": 0.3793103448275862,
      "support": 29.0
    },
    "desire": {
      "precision": 0.2,
      "recall": 0.16666666666666666,
      "f1-score": 0.18181818181818182,
      "support": 12.0
    },
    "gratitude": {
      "precision": 0.875,
      "recall": 0.49122807017543857,
      "f1-score": 0.6292134831460674,
      "support": 57.0
    },
    "surprise": {
      "precision": 0.13636363636363635,
      "recall": 0.15789473684210525,
      "f1-score": 0.14634146341463414,
      "support": 19.0
    },
    "neutral": {
      "precision": 0.6296296296296297,
      "recall": 0.04857142857142857,
      "f1-score": 0.09018567639257294,
      "support": 350.0
    },
    "caring": {
      "precision": 0.18518518518518517,
      "recall": 0.2631578947368421,
      "f1-score": 0.21739130434782608,
      "support": 19.0
    },
    "amusement": {
      "precision": 0.46511627906976744,
      "recall": 0.4878048780487805,
      "f1-score": 0.47619047619047616,
      "support": 41.0
    },
    "remorse": {
      "precision": 0.1875,
      "recall": 0.3,
      "f1-score": 0.23076923076923078,
      "support": 10.0
    },
    "pride": {
      "precision": 0.0,
      "recall": 0.0,
      "f1-score": 0.0,
      "support": 2.0
    },
    "sadness": {
      "precision": 0.0,
      "recall": 0.0,
      "f1-score": 0.0,
      "support": 22.0
    },
    "curiosity": {
      "precision": 0.16,
      "recall": 0.3157894736842105,
      "f1-score": 0.21238938053097345,
      "support": 38.0
    },
    "embarrassment": {
      "precision": 0.1,
      "recall": 0.4,
      "f1-score": 0.16,
      "support": 5.0
    },
    "realization": {
      "precision": 0.0975609756097561,
      "recall": 0.21052631578947367,
      "f1-score": 0.13333333333333333,
      "support": 19.0
    },
    "excitement": {
      "precision": 0.10714285714285714,
      "recall": 0.25,
      "f1-score": 0.15,
      "support": 12.0
    },
    "nervousness": {
      "precision": 0.3333333333333333,
      "recall": 0.3333333333333333,
      "f1-score": 0.3333333333333333,
      "support": 3.0
    },
    "optimism": {
      "precision": 0.36363636363636365,
      "recall": 0.34782608695652173,
      "f1-score": 0.35555555555555557,
      "support": 23.0
    },
    "fear": {
      "precision": 0.5,
      "recall": 0.35714285714285715,
      "f1-score": 0.4166666666666667,
      "support": 14.0
    },
    "grief": {
      "precision": 0.0,
      "recall": 0.0,
      "f1-score": 0.0,
      "support": 0.0
    },
    "relief": {
      "precision": 0.0,
      "recall": 0.0,
      "f1-score": 0.0,
      "support": 2.0
    },
    "approval": {
      "precision": 0.2318840579710145,
      "recall": 0.3137254901960784,
      "f1-score": 0.26666666666666666,
      "support": 51.0
    },
    "confusion": {
      "precision": 0.15625,
      "recall": 0.23809523809523808,
      "f1-score": 0.18867924528301888,
      "support": 21.0
    },
    "disappointment": {
      "precision": 0.10294117647058823,
      "recall": 0.3684210526315789,
      "f1-score": 0.16091954022988506,
      "support": 19.0
    },
    "admiration": {
      "precision": 0.5277777777777778,
      "recall": 0.5,
      "f1-score": 0.5135135135135135,
      "support": 76.0
    },
    "disgust": {
      "precision": 0.14035087719298245,
      "recall": 0.47058823529411764,
      "f1-score": 0.21621621621621623,
      "support": 17.0
    },
    "joy": {
      "precision": 0.5,
      "recall": 0.2,
      "f1-score": 0.2857142857142857,
      "support": 20.0
    },
    "disapproval": {
      "precision": 0.10674157303370786,
      "recall": 0.4523809523809524,
      "f1-score": 0.17272727272727273,
      "support": 42.0
    },
    "love": {
      "precision": 0.42857142857142855,
      "recall": 0.42857142857142855,
      "f1-score": 0.42857142857142855,
      "support": 35.0
    },
    "micro avg": {
      "precision": 0.24649298597194388,
      "recall": 0.246,
      "f1-score": 0.24624624624624625,
      "support": 1000.0
    },
    "macro avg": {
      "precision": 0.2520411656668842,
      "recall": 0.275683204358567,
      "f1-score": 0.2330027867078626,
      "support": 1000.0
    },
    "weighted avg": {
      "precision": 0.43182601600786497,
      "recall": 0.246,
      "f1-score": 0.23636090806899968,
      "support": 1000.0
    }
  },
  "accuracy": 0.246,