{
  "classification_report": {
    "optimism": {
      "precision": 0.30434782608695654,
      "recall": 0.30434782608695654,
      "f1-score": 0.30434782608695654,
      "support": 23.0
    },
    "sadness": {
      "precision": 0.2916666666666667,
      "recall": 0.3181818181818182,
      "f1-score": 0.30434782608695654,
      "support": 22.0
    },
    "admiration": {
      "precision": 0.4647887323943662,
      "recall": 0.4342105263157895,
      "f1-score": 0.4489795918367347,
      "support": 76.0
    },
    "anger": {
      "precision": 0.1935483870967742,
      "recall": 0.41379310344827586,
      "f1-score": 0.26373626373626374,
      "support": 29.0
    },
    "joy": {
      "precision": 0.15384615384615385,
      "recall": 0.2,
      "f1-score": 0.17391304347826086,
      "support": 20.0
    },
    "remorse": {
      "precision": 0.3333333333333333,
      "recall": 0.2,
      "f1-score": 0.25,
      "support": 10.0
    },
    "disgust": {
      "precision": 0.21052631578947367,
      "recall": 0.23529411764705882,
      "f1-score": 0.2222222222222222,
      "support": 17.0
    },
    "caring": {
      "precision": 0.16666666666666666,
      "recall": 0.15789473684210525,
      "f1-score": 0.16216216216216217,
      "support": 19.0
    },
    "relief": {
      "precision": 0.0,
      "recall": 0.0,
      "f1-score": 0.0,
      "support": 2.0
    },
    "grief": {
      "precision": 0.0,
      "recall": 0.0,
      "f1-score": 0.0,
      "support": 0.0
    },
    "gratitude": {
      "precision": 0.6271186440677966,
      "recall": 0.6491228070175439,
      "f1-score": 0.6379310344827587,
      "support": 57.0
    },
    "realization": {
      "precision": 0.06666666666666667,
      "recall": 0.05263157894736842,
      "f1-score": 0.058823529411764705,
      "support": 19.0
    },
    "neutral": {
      "precision": 0.5157232704402516,
      "recall": 0.2342857142857143,
      "f1-score": 0.32220039292730845,
      "support": 350.0
    },
    "curiosity": {
      "precision": 0.3225806451612903,
      "recall": 0.2631578947368421,
      "f1-score": 0.2898550724637681,
      "support": 38.0
    },
    "fear": {
      "precision": 0.09090909090909091,
      "recall": 0.07142857142857142,
      "f1-score": 0.08,
      "support": 14.0
    },
    "excitement": {
      "precision": 0.045454545454545456,
      "recall": 0.08333333333333333,
      "f1-score": 0.058823529411764705,
      "support": 12.0
    },
    "pride": {
      "precision": 0.0,
      "recall": 0.0,
      "f1-score": 0.0,
      "support": 2.0
    },
    "embarrassment": {
      "precision": 0.16666666666666666,
      "recall": 0.2,
      "f1-score": 0.18181818181818182,
      "support": 5.0
    },
    "desire": {
      "precision": 0.2,
      "recall": 0.16666666666666666,
      "f1-score": 0.18181818181818182,
      "support": 12.0
    },
    "disapproval": {
      "precision": 0.14285714285714285,
      "recall": 0.16666666666666666,
      "f1-score": 0.15384615384615385,
      "support": 42.0
    },
    "confusion": {
      "precision": 0.16666666666666666,
      "recall": 0.23809523809523808,
      "f1-score": 0.19607843137254902,
      "support": 21.0
    },
    "nervousness": {
      "precision": 0.0,
      "recall": 0.0,
      "f1-score": 0.0,
      "support": 3.0
    },
    "love": {
      "precision": 0.3090909090909091,
      "recall": 0.4857142857142857,
      "f1-score": 0.37777777777777777,
      "support": 35.0
    },
    "amusement": {
      "precision": 0.225,
      "recall": 0.6585365853658537,
      "f1-score": 0.33540372670807456,
      "support": 41.0
    },
    "disappointment": {
      "precision": 0.04,
      "recall": 0.05263157894736842,
      "f1-score": 0.045454545454545456,
      "support": 19.0
    },
    "approval": {
      "precision": 0.15384615384615385,
      "recall": 0.19607843137254902,
      "f1-score": 0.1724137931034483,
      "support": 51.0
    },
    "annoyance": {
      "precision": 0.13043478260869565,
      "recall": 0.14285714285714285,
      "f1-score": 0.13636363636363635,
      "support": 42.0
    },
    "surprise": {
      "precision": 0.0967741935483871,
      "recall": 0.15789473684210525,
      "f1-score": 0.12,
      "support": 19.0
    },
    "micro avg": {
      "precision": 0.2861476238624874,
      "recall": 0.283,
      "f1-score": 0.28456510809451985,
      "support": 1000.0
    },
    "macro avg": {
      "precision": 0.1935183378523091,
      "recall": 0.21724369145711625,
      "f1-score": 0.19565417580605254,
      "support": 1000.0
    },
    "weighted avg": {
      "precision": 0.34780084391137256,
      "recall": 0.283,
      "f1-score": 0.28970168335345303,
      "support": 1000.0
    }
  },
  "accuracy": 0.283,