{
  "classification_report": {
    "surprise": {
      "precision": 0.14814814814814814,
      "recall": 0.21052631578947367,
      "f1-score": 0.17391304347826086,
      "support": 19.0
    },
    "gratitude": {
      "precision": 0.7058823529411765,
      "recall": 0.631578947368421,
      "f1-score": 0.6666666666666666,
      "support": 57.0
    },
    "relief": {
      "precision": 0.0,
      "recall": 0.0,
      "f1-score": 0.0,
      "support": 2.0
    },
    "neutral": {
      "precision": 0.6363636363636364,
      "recall": 0.14,
      "f1-score": 0.22950819672131148,
      "support": 350.0
    },
    "sadness": {
      "precision": 0.42857142857142855,
      "recall": 0.4090909090909091,
      "f1-score": 0.4186046511627907,
      "support": 22.0
    },
    "joy": {
      "precision": 0.2,
      "recall": 0.2,
      "f1-score": 0.2,
      "support": 20.0
    },
    "grief": {
      "precision": 0.0,
      "recall": 0.0,
      "f1-score": 0.0,
      "support": 0.0
    },
    "confusion": {
      "precision": 0.2857142857142857,
      "recall": 0.38095238095238093,
      "f1-score": 0.32653061224489793,
      "support": 21.0
    },
    "disgust": {
      "precision": 0.12121212121212122,
      "recall": 0.23529411764705882,
      "f1-score": 0.16,
      "support": 17.0
    },
    "annoyance": {
      "precision": 0.19230769230769232,
      "recall": 0.11904761904761904,
      "f1-score": 0.14705882352941177,
      "support": 42.0
    },
    "anger": {
      "precision": 0.21428571428571427,
      "recall": 0.5172413793103449,
      "f1-score": 0.30303030303030304,
      "support": 29.0
    },
    "realization": {
      "precision": 0.1,
      "recall": 0.15789473684210525,
      "f1-score": 0.12244897959183673,
      "support": 19.0
    },
    "caring": {
      "precision": 0.28,
      "recall": 0.3684210526315789,
      "f1-score": 0.3181818181818182,
      "support": 19.0
    },
    "pride": {
      "precision": 0.0,
      "recall": 0.0,
      "f1-score": 0.0,
      "support": 2.0
    },
    "admiration": {
      "precision": 0.5070422535211268,
      "recall": 0.47368421052631576,
      "f1-score": 0.4897959183673469,
      "support": 76.0
    },
    "fear": {
      "precision": 0.3684210526315789,
      "recall": 0.5,
      "f1-score": 0.42424242424242425,
      "support": 14.0
    },
    "desire": {
      "precision": 0.18181818181818182,
      "recall": 0.16666666666666666,
      "f1-score": 0.17391304347826086,
      "support": 12.0
    },
    "curiosity": {
      "precision": 0.3548387096774194,
      "recall": 0.5789473684210527,
      "f1-score": 0.44,
      "support": 38.0
    },
    "nervousness": {
      "precision": 0.25,
      "recall": 0.3333333333333333,
      "f1-score": 0.2857142857142857,
      "support": 3.0
    },
    "embarrassment": {
      "precision": 0.5,
      "recall": 0.6,
      "f1-score": 0.5454545454545454,
      "support": 5.0
    },
    "love": {
      "precision": 0.6363636363636364,
      "recall": 0.6,
      "f1-score": 0.6176470588235294,
      "support": 35.0
    },
    "excitement": {
      "precision": 0.17647058823529413,
      "recall": 0.25,
      "f1-score": 0.20689655172413793,
      "support": 12.0
    },
    "remorse": {
      "precision": 0.375,
      "recall": 0.3,
      "f1-score": 0.3333333333333333,
      "support": 10.0
    },
    "disapproval": {
      "precision": 0.16176470588235295,
      "recall": 0.5238095238095238,
      "f1-score": 0.24719101123595505,
      "support": 42.0
    },
    "approval": {
      "precision": 0.21839080459770116,
      "recall": 0.37254901960784315,
      "f1-score": 0.2753623188405797,
      "support": 51.0
    },
    "disappointment": {
      "precision": 0.12903225806451613,
      "recall": 0.21052631578947367,
      "f1-score": 0.16,
      "support": 19.0
    },
    "optimism": {
      "precision": 0.3684210526315789,
      "recall": 0.30434782608695654,
      "f1-score": 0.3333333333333333,
      "support": 23.0
    },
    "amusement": {
      "precision": 0.34177215189873417,
      "recall": 0.6585365853658537,
      "f1-score": 0.45,
      "support": 41.0
    },
    "micro avg": {
      "precision": 0.32261306532663314,
      "recall": 0.321,
      "f1-score": 0.3218045112781955,
      "support": 1000.0
    },
    "macro avg": {
      "precision": 0.28149359910236865,
      "recall": 0.3300874395816754,
      "f1-score": 0.28745810425553675,
      "support": 1000.0
    },
    "weighted avg": {
      "precision": 0.4423969414488213,
      "recall": 0.321,
      "f1-score": 0.31432615864884367,
      "support": 1000.0
    }
  },
  "accuracy": 0.321,