{
  "classification_report": {
    "gratitude": {
      "precision": 0.825,
      "recall": 0.5789473684210527,
      "f1-score": 0.6804123711340206,
      "support": 57.0
    },
    "curiosity": {
      "precision": 0.2,
      "recall": 0.07894736842105263,
      "f1-score": 0.11320754716981132,
      "support": 38.0
    },
    "disapproval": {
      "precision": 0.15789473684210525,
      "recall": 0.07142857142857142,
      "f1-score": 0.09836065573770492,
      "support": 42.0
    },
    "amusement": {
      "precision": 0.37037037037037035,
      "recall": 0.24390243902439024,
      "f1-score": 0.29411764705882354,
      "support": 41.0
    },
    "joy": {
      "precision": 0.15,
      "recall": 0.15,
      "f1-score": 0.15,
      "support": 20.0
    },
    "remorse": {
      "precision": 1.0,
      "recall": 0.1,
      "f1-score": 0.18181818181818182,
      "support": 10.0
    },
    "fear": {
      "precision": 0.5,
      "recall": 0.14285714285714285,
      "f1-score": 0.2222222222222222,
      "support": 14.0
    },
    "relief": {
      "precision": 0.0,
      "recall": 0.0,
      "f1-score": 0.0,
      "support": 2.0
    },
    "anger": {
      "precision": 0.3333333333333333,
      "recall": 0.20689655172413793,
      "f1-score": 0.2553191489361702,
      "support": 29.0
    },
    "disappointment": {
      "precision": 0.09090909090909091,
      "recall": 0.05263157894736842,
      "f1-score": 0.06666666666666667,
      "support": 19.0
    },
    "sadness": {
      "precision": 0.3125,
      "recall": 0.22727272727272727,
      "f1-score": 0.2631578947368421,
      "support": 22.0
    },
    "annoyance": {
      "precision": 0.0,
      "recall": 0.0,
      "f1-score": 0.0,
      "support": 42.0
    },
    "approval": {
      "precision": 0.2777777777777778,
      "recall": 0.09803921568627451,
      "f1-score": 0.14492753623188406,
      "support": 51.0
    },
    "desire": {
      "precision": 0.14285714285714285,
      "recall": 0.08333333333333333,
      "f1-score": 0.10526315789473684,
      "support": 12.0
    },
    "grief": {
      "precision": 0.0,
      "recall": 0.0,
      "f1-score": 0.0,
      "support": 0.0
    },
    "confusion": {
      "precision": 0.10526315789473684,
      "recall": 0.09523809523809523,
      "f1-score": 0.1,
      "support": 21.0
    },
    "nervousness": {
      "precision": 0.0,
      "recall": 0.0,
      "f1-score": 0.0,
      "support": 3.0
    },
    "pride": {
      "precision": 0.0,
      "recall": 0.0,
      "f1-score": 0.0,
      "support": 2.0
    },
    "realization": {
      "precision": 0.0,
      "recall": 0.0,
      "f1-score": 0.0,
      "support": 19.0
    },
    "admiration": {
      "precision": 0.6181818181818182,
      "recall": 0.4473684210526316,
      "f1-score": 0.5190839694656488,
      "support": 76.0
    },
    "surprise": {
      "precision": 0.16666666666666666,
      "recall": 0.10526315789473684,
      "f1-score": 0.12903225806451613,
      "support": 19.0
    },
    "embarrassment": {
      "precision": 0.0,
      "recall": 0.0,
      "f1-score": 0.0,
      "support": 5.0
    },
    "caring": {
      "precision": 0.0,
      "recall": 0.0,
      "f1-score": 0.0,
      "support": 19.0
    },
    "disgust": {
      "precision": 0.42857142857142855,
      "recall": 0.17647058823529413,
      "f1-score": 0.25,
      "support": 17.0
    },
    "excitement": {
      "precision": 0.21428571428571427,
      "recall": 0.25,
      "f1-score": 0.23076923076923078,
      "support": 12.0
    },
    "neutral": {
      "precision": 0.46218487394957986,
      "recall": 0.15714285714285714,
      "f1-score": 0.2345415778251599,
      "support": 350.0
    },
    "optimism": {
      "precision": 0.21428571428571427,
      "recall": 0.13043478260869565,
      "f1-score": 0.16216216216216217,
      "support": 23.0
    },
    "love": {
      "precision": 0.8260869565217391,
      "recall": 0.5428571428571428,
      "f1-score": 0.6551724137931034,
      "support": 35.0
    },
    "micro avg": {
      "precision": 0.4,
      "recall": 0.194,
      "f1-score": 0.2612794612794613,
      "support": 1000.0
    },
    "macro avg": {
      "precision": 0.26414888508740064,
      "recall": 0.1406796907909109,
      "f1-score": 0.17343695148881735,
      "support": 1000.0
    },
    "weighted avg": {
      "precision": 0.3884141307180478,
      "recall": 0.194,
      "f1-score": 0.25009105566250955,
      "support": 1000.0
    }
  },
  "accuracy": 0.194,