{
  "classification_report": {
    "disgust": {
      "precision": 0.1935483870967742,
      "recall": 0.35294117647058826,
      "f1-score": 0.25,
      "support": 17.0
    },
    "fear": {
      "precision": 0.8,
      "recall": 0.2857142857142857,
      "f1-score": 0.42105263157894735,
      "support": 14.0
    },
    "disappointment": {
      "precision": 0.03937007874015748,
      "recall": 0.2631578947368421,
      "f1-score": 0.0684931506849315,
      "support": 19.0
    },
    "relief": {
      "precision": 0.0,
      "recall": 0.0,
      "f1-score": 0.0,
      "support": 2.0
    },
    "surprise": {
      "precision": 0.2857142857142857,
      "recall": 0.42105263157894735,
      "f1-score": 0.3404255319148936,
      "support": 19.0
    },
    "disapproval": {
      "precision": 0.125,
      "recall": 0.38095238095238093,
      "f1-score": 0.18823529411764706,
      "support": 42.0
    },
    "sadness": {
      "precision": 0.34285714285714286,
      "recall": 0.5454545454545454,
      "f1-score": 0.42105263157894735,
      "support": 22.0
    },
    "pride": {
      "precision": 0.0,
      "recall": 0.0,
      "f1-score": 0.0,
      "support": 2.0
    },
    "love": {
      "precision": 0.7419354838709677,
      "recall": 0.6571428571428571,
      "f1-score": 0.696969696969697,
      "support": 35.0
    },
    "nervousness": {
      "precision": 0.16666666666666666,
      "recall": 0.3333333333333333,
      "f1-score": 0.2222222222222222,
      "support": 3.0
    },
    "approval": {
      "precision": 0.5,
      "recall": 0.17647058823529413,
      "f1-score": 0.2608695652173913,
      "support": 51.0
    },
    "confusion": {
      "precision": 0.16666666666666666,
      "recall": 0.09523809523809523,
      "f1-score": 0.12121212121212122,
      "support": 21.0
    },
    "grief": {
      "precision": 0.0,
      "recall": 0.0,
      "f1-score": 0.0,
      "support": 0.0
    },
    "gratitude": {
      "precision": 0.6976744186046512,
      "recall": 0.5263157894736842,
      "f1-score": 0.6,
      "support": 57.0
    },
    "excitement": {
      "precision": 0.16,
      "recall": 0.3333333333333333,
      "f1-score": 0.21621621621621623,
      "support": 12.0
    },
    "remorse": {
      "precision": 1.0,
      "recall": 0.4,
      "f1-score": 0.5714285714285714,
      "support": 10.0
    },
    "admiration": {
      "precision": 0.5671641791044776,
      "recall": 0.5,
      "f1-score": 0.5314685314685315,
      "support": 76.0
    },
    "annoyance": {
      "precision": 0.1111111111111111,
      "recall": 0.023809523809523808,
      "f1-score": 0.0392156862745098,
      "support": 42.0
    },
    "embarrassment": {
      "precision": 0.4,
      "recall": 0.4,
      "f1-score": 0.4,
      "support": 5.0
    },
    "optimism": {
      "precision": 0.25,
      "recall": 0.34782608695652173,
      "f1-score": 0.2909090909090909,
      "support": 23.0
    },
    "neutral": {
      "precision": 0.5607476635514018,
      "recall": 0.17142857142857143,
      "f1-score": 0.26258205689277897,
      "support": 350.0
    },
    "realization": {
      "precision": 0.13636363636363635,
      "recall": 0.15789473684210525,
      "f1-score": 0.14634146341463414,
      "support": 19.0
    },
    "anger": {
      "precision": 0.375,
      "recall": 0.3103448275862069,
      "f1-score": 0.33962264150943394,
      "support": 29.0
    },
    "amusement": {
      "precision": 0.2982456140350877,
      "recall": 0.4146341463414634,
      "f1-score": 0.3469387755102041,
      "support": 41.0
    },
    "caring": {
      "precision": 0.3,
      "recall": 0.3157894736842105,
      "f1-score": 0.3076923076923077,
      "support": 19.0
    },
    "curiosity": {
      "precision": 0.2711864406779661,
      "recall": 0.42105263157894735,
      "f1-score": 0.32989690721649484,
      "support": 38.0
    },
    "desire": {
      "precision": 0.4,
      "recall": 0.16666666666666666,
      "f1-score": 0.23529411764705882,
      "support": 12.0
    },
    "joy": {
      "precision": 0.23333333333333334,
      "recall": 0.35,
      "f1-score": 0.28,
      "support": 20.0
    },
    "micro avg": {
      "precision": 0.31336898395721924,
      "recall": 0.293,
      "f1-score": 0.3028423772609819,
      "support": 1000.0
    },
    "macro avg": {
      "precision": 0.3258066110140831,
      "recall": 0.29823405630565725,
      "f1-score": 0.28171925755987964,
      "support": 1000.0
    },
    "weighted avg": {
      "precision": 0.44356352364446044,
      "recall": 0.293,
      "f1-score": 0.3147956169554428,
      "support": 1000.0
    }
  },
  "accuracy": 0.293,