{
  "classification_report": {
    "excitement": {
      "precision": 0.23529411764705882,
      "recall": 0.3333333333333333,
      "f1-score": 0.27586206896551724,
      "support": 12.0
    },
    "desire": {
      "precision": 0.14285714285714285,
      "recall": 0.08333333333333333,
      "f1-score": 0.10526315789473684,
      "support": 12.0
    },
    "disappointment": {
      "precision": 0.1206896551724138,
      "recall": 0.3684210526315789,
      "f1-score": 0.18181818181818182,
      "support": 19.0
    },
    "caring": {
      "precision": 0.1,
      "recall": 0.15789473684210525,
      "f1-score": 0.12244897959183673,
      "support": 19.0
    },
    "annoyance": {
      "precision": 0.20408163265306123,
      "recall": 0.23809523809523808,
      "f1-score": 0.21978021978021978,
      "support": 42.0
    },
    "neutral": {
      "precision": 0.56,
      "recall": 0.04,
      "f1-score": 0.07466666666666667,
      "support": 350.0
    },
    "admiration": {
      "precision": 0.46987951807228917,
      "recall": 0.5131578947368421,
      "f1-score": 0.49056603773584906,
      "support": 76.0
    },
    "disapproval": {
      "precision": 0.09547738693467336,
      "recall": 0.4523809523809524,
      "f1-score": 0.15767634854771784,
      "support": 42.0
    },
    "joy": {
      "precision": 0.5555555555555556,
      "recall": 0.25,
      "f1-score": 0.3448275862068966,
      "support": 20.0
    },
    "sadness": {
      "precision": 0.4,
      "recall": 0.09090909090909091,
      "f1-score": 0.14814814814814814,
      "support": 22.0
    },
    "grief": {
      "precision": 0.0,
      "recall": 0.0,
      "f1-score": 0.0,
      "support": 0.0
    },
    "anger": {
      "precision": 0.2857142857142857,
      "recall": 0.3448275862068966,
      "f1-score": 0.3125,
      "support": 29.0
    },
    "amusement": {
      "precision": 0.3111111111111111,
      "recall": 0.34146341463414637,
      "f1-score": 0.32558139534883723,
      "support": 41.0
    },
    "embarrassment": {
      "precision": 0.3333333333333333,
      "recall": 0.2,
      "f1-score": 0.25,
      "support": 5.0
    },
    "love": {
      "precision": 0.38235294117647056,
      "recall": 0.37142857142857144,
      "f1-score": 0.37681159420289856,
      "support": 35.0
    },
    "curiosity": {
      "precision": 0.18518518518518517,
      "recall": 0.5263157894736842,
      "f1-score": 0.273972602739726,
      "support": 38.0
    },
    "fear": {
      "precision": 0.5,
      "recall": 0.2857142857142857,
      "f1-score": 0.36363636363636365,
      "support": 14.0
    },
    "surprise": {
      "precision": 0.07142857142857142,
      "recall": 0.10526315789473684,
      "f1-score": 0.0851063829787234,
      "support": 19.0
    },
    "approval": {
      "precision": 0.2,
      "recall": 0.27450980392156865,
      "f1-score": 0.23140495867768596,
      "support": 51.0
    },
    "remorse": {
      "precision": 0.25,
      "recall": 0.3,
      "f1-score": 0.2727272727272727,
      "support": 10.0
    },
    "disgust": {
      "precision": 0.125,
      "recall": 0.47058823529411764,
      "f1-score": 0.19753086419753085,
      "support": 17.0
    },
    "confusion": {
      "precision": 0.08333333333333333,
      "recall": 0.047619047619047616,
      "f1-score": 0.06060606060606061,
      "support": 21.0
    },
    "nervousness": {
      "precision": 0.3333333333333333,
      "recall": 0.3333333333333333,
      "f1-score": 0.3333333333333333,
      "support": 3.0
    },
    "relief": {
      "precision": 0.0,
      "recall": 0.0,
      "f1-score": 0.0,
      "support": 2.0
    },
    "pride": {
      "precision": 0.0,
      "recall": 0.0,
      "f1-score": 0.0,
      "support": 2.0
    },
    "optimism": {
      "precision": 0.28125,
      "recall": 0.391304347826087,
      "f1-score": 0.32727272727272727,
      "support": 23.0
    },
    "gratitude": {
      "precision": 0.7878787878787878,
      "recall": 0.45614035087719296,
      "f1-score": 0.5777777777777777,
      "support": 57.0
    },
    "realization": {
      "precision": 0.10714285714285714,
      "recall": 0.15789473684210525,
      "f1-score": 0.1276595744680851,
      "support": 19.0
    },
    "micro avg": {
      "precision": 0.23323323323323322,
      "recall": 0.233,
      "f1-score": 0.23311655827913957,
      "support": 1000.0
    },
    "macro avg": {
      "precision": 0.25431781244748086,
      "recall": 0.2547831533331517,
      "f1-score": 0.22274922511867115,
      "support": 1000.0
    },
    "weighted avg": {
      "precision": 0.39540737641971435,
      "recall": 0.233,
      "f1-score": 0.21679436568097973,
      "support": 1000.0
    }
  },
  "accuracy": 0.233,