{
  "classification_report": {
    "caring": {
      "precision": 0.3333333333333333,
      "recall": 0.3157894736842105,
      "f1-score": 0.32432432432432434,
      "support": 19.0
    },
    "amusement": {
      "precision": 0.41379310344827586,
      "recall": 0.5853658536585366,
      "f1-score": 0.48484848484848486,
      "support": 41.0
    },
    "confusion": {
      "precision": 0.2631578947368421,
      "recall": 0.47619047619047616,
      "f1-score": 0.3389830508474576,
      "support": 21.0
    },
    "disappointment": {
      "precision": 0.10416666666666667,
      "recall": 0.2631578947368421,
      "f1-score": 0.14925373134328357,
      "support": 19.0
    },
    "realization": {
      "precision": 0.1282051282051282,
      "recall": 0.2631578947368421,
      "f1-score": 0.1724137931034483,
      "support": 19.0
    },
    "love": {
      "precision": 0.4722222222222222,
      "recall": 0.4857142857142857,
      "f1-score": 0.4788732394366197,
      "support": 35.0
    },
    "optimism": {
      "precision": 0.42105263157894735,
      "recall": 0.34782608695652173,
      "f1-score": 0.38095238095238093,
      "support": 23.0
    },
    "embarrassment": {
      "precision": 0.1,
      "recall": 0.2,
      "f1-score": 0.13333333333333333,
      "support": 5.0
    },
    "anger": {
      "precision": 0.3541666666666667,
      "recall": 0.5862068965517241,
      "f1-score": 0.44155844155844154,
      "support": 29.0
    },
    "grief": {
      "precision": 0.0,
      "recall": 0.0,
      "f1-score": 0.0,
      "support": 0.0
    },
    "remorse": {
      "precision": 0.5,
      "recall": 0.5,
      "f1-score": 0.5,
      "support": 10.0
    },
    "disapproval": {
      "precision": 0.15172413793103448,
      "recall": 0.5238095238095238,
      "f1-score": 0.23529411764705882,
      "support": 42.0
    },
    "desire": {
      "precision": 0.18181818181818182,
      "recall": 0.16666666666666666,
      "f1-score": 0.17391304347826086,
      "support": 12.0
    },
    "annoyance": {
      "precision": 0.16393442622950818,
      "recall": 0.23809523809523808,
      "f1-score": 0.1941747572815534,
      "support": 42.0
    },
    "disgust": {
      "precision": 0.2222222222222222,
      "recall": 0.47058823529411764,
      "f1-score": 0.3018867924528302,
      "support": 17.0
    },
    "excitement": {
      "precision": 0.16,
      "recall": 0.3333333333333333,
      "f1-score": 0.21621621621621623,
      "support": 12.0
    },
    "pride": {
      "precision": 0.0,
      "recall": 0.0,
      "f1-score": 0.0,
      "support": 2.0
    },
    "approval": {
      "precision": 0.24,
      "recall": 0.35294117647058826,
      "f1-score": 0.2857142857142857,
      "support": 51.0
    },
    "nervousness": {
      "precision": 0.07142857142857142,
      "recall": 0.3333333333333333,
      "f1-score": 0.11764705882352941,
      "support": 3.0
    },
    "neutral": {
      "precision": 0.7446808510638298,
      "recall": 0.1,
      "f1-score": 0.17632241813602015,
      "support": 350.0
    },
    "joy": {
      "precision": 0.21428571428571427,
      "recall": 0.3,
      "f1-score": 0.25,
      "support": 20.0
    },
    "relief": {
      "precision": 0.0,
      "recall": 0.0,
      "f1-score": 0.0,
      "support": 2.0
    },
    "gratitude": {
      "precision": 0.9411764705882353,
      "recall": 0.5614035087719298,
      "f1-score": 0.7032967032967034,
      "support": 57.0
    },
    "fear": {
      "precision": 0.47368421052631576,
      "recall": 0.6428571428571429,
      "f1-score": 0.5454545454545454,
      "support": 14.0
    },
    "surprise": {
      "precision": 0.2631578947368421,
      "recall": 0.2631578947368421,
      "f1-score": 0.2631578947368421,
      "support": 19.0
    },
    "curiosity": {
      "precision": 0.24528301886792453,
      "recall": 0.34210526315789475,
      "f1-score": 0.2857142857142857,
      "support": 38.0
    },
    "sadness": {
      "precision": 0.30434782608695654,
      "recall": 0.3181818181818182,
      "f1-score": 0.3111111111111111,
      "support": 22.0
    },
    "admiration": {
      "precision": 0.5588235294117647,
      "recall": 0.5,
      "f1-score": 0.5277777777777778,
      "support": 76.0
    },
    "micro avg": {
      "precision": 0.30954773869346736,
      "recall": 0.308,
      "f1-score": 0.3087719298245614,
      "support": 1000.0
    },
    "macro avg": {
      "precision": 0.28666659650197085,
      "recall": 0.33821007131920966,
      "f1-score": 0.2854364924138855,
      "support": 1000.0
    },
    "weighted avg": {
      "precision": 0.4975042385279427,
      "recall": 0.308,
      "f1-score": 0.30329111625479627,
      "support": 1000.0
    }
  },
  "accuracy": 0.308,