{
  "classification_report": {
    "joy": {
      "precision": 0.4,
      "recall": 0.1,
      "f1-score": 0.16,
      "support": 20.0
    },
    "love": {
      "precision": 0.3333333333333333,
      "recall": 0.34285714285714286,
      "f1-score": 0.3380281690140845,
      "support": 35.0
    },
    "optimism": {
      "precision": 0.22857142857142856,
      "recall": 0.34782608695652173,
      "f1-score": 0.27586206896551724,
      "support": 23.0
    },
    "fear": {
      "precision": 0.3333333333333333,
      "recall": 0.14285714285714285,
      "f1-score": 0.2,
      "support": 14.0
    },
    "disgust": {
      "precision": 0.11392405063291139,
      "recall": 0.5294117647058824,
      "f1-score": 0.1875,
      "support": 17.0
    },
    "anger": {
      "precision": 0.30303030303030304,
      "recall": 0.3448275862068966,
      "f1-score": 0.3225806451612903,
      "support": 29.0
    },
    "caring": {
      "precision": 0.12903225806451613,
      "recall": 0.21052631578947367,
      "f1-score": 0.16,
      "support": 19.0
    },
    "relief": {
      "precision": 0.0,
      "recall": 0.0,
      "f1-score": 0.0,
      "support": 2.0
    },
    "confusion": {
      "precision": 0.0,
      "recall": 0.0,
      "f1-score": 0.0,
      "support": 21.0
    },
    "approval": {
      "precision": 0.22033898305084745,
      "recall": 0.2549019607843137,
      "f1-score": 0.23636363636363636,
      "support": 51.0
    },
    "remorse": {
      "precision": 0.3,
      "recall": 0.3,
      "f1-score": 0.3,
      "support": 10.0
    },
    "annoyance": {
      "precision": 0.17142857142857143,
      "recall": 0.14285714285714285,
      "f1-score": 0.15584415584415584,
      "support": 42.0
    },
    "grief": {
      "precision": 0.0,
      "recall": 0.0,
      "f1-score": 0.0,
      "support": 0.0
    },
    "realization": {
      "precision": 0.16666666666666666,
      "recall": 0.21052631578947367,
      "f1-score": 0.18604651162790697,
      "support": 19.0
    },
    "curiosity": {
      "precision": 0.1721311475409836,
      "recall": 0.5526315789473685,
      "f1-score": 0.2625,
      "support": 38.0
    },
    "surprise": {
      "precision": 0.10714285714285714,
      "recall": 0.15789473684210525,
      "f1-score": 0.1276595744680851,
      "support": 19.0
    },
    "nervousness": {
      "precision": 0.5,
      "recall": 0.3333333333333333,
      "f1-score": 0.4,
      "support": 3.0
    },
    "admiration": {
      "precision": 0.42045454545454547,
      "recall": 0.4868421052631579,
      "f1-score": 0.45121951219512196,
      "support": 76.0
    },
    "gratitude": {
      "precision": 0.75,
      "recall": 0.42105263157894735,
      "f1-score": 0.5393258426966292,
      "support": 57.0
    },
    "neutral": {
      "precision": 0.5862068965517241,
      "recall": 0.04857142857142857,
      "f1-score": 0.08970976253298153,
      "support": 350.0
    },
    "excitement": {
      "precision": 0.36363636363636365,
      "recall": 0.3333333333333333,
      "f1-score": 0.34782608695652173,
      "support": 12.0
    },
    "amusement": {
      "precision": 0.3829787234042553,
      "recall": 0.43902439024390244,
      "f1-score": 0.4090909090909091,
      "support": 41.0
    },
    "disapproval": {
      "precision": 0.10891089108910891,
      "recall": 0.5238095238095238,
      "f1-score": 0.18032786885245902,
      "support": 42.0
    },
    "disappointment": {
      "precision": 0.10526315789473684,
      "recall": 0.3157894736842105,
      "f1-score": 0.15789473684210525,
      "support": 19.0
    },
    "pride": {
      "precision": 0.0,
      "recall": 0.0,
      "f1-score": 0.0,
      "support": 2.0
    },
    "sadness": {
      "precision": 0.2857142857142857,
      "recall": 0.09090909090909091,
      "f1-score": 0.13793103448275862,
      "support": 22.0
    },
    "embarrassment": {
      "precision": 0.3333333333333333,
      "recall": 0.2,
      "f1-score": 0.25,
      "support": 5.0
    },
    "desire": {
      "precision": 0.2,
      "recall": 0.08333333333333333,
      "f1-score": 0.11764705882352941,
      "support": 12.0
    },
    "micro avg": {
      "precision": 0.23092369477911648,
      "recall": 0.23,
      "f1-score": 0.23046092184368738,
      "support": 1000.0
    },
    "macro avg": {
      "precision": 0.250551111781218,
      "recall": 0.24689701495191874,
      "f1-score": 0.21404848478277474,
      "support": 1000.0
    },
    "weighted avg": {
      "precision": 0.3943166910858551,
      "recall": 0.23,
      "f1-score": 0.21214289896679364,
      "support": 1000.0
    }
  },
  "accuracy": 0.23,