{
  "classification_report": {
    "admiration": {
      "precision": 0.43243243243243246,
      "recall": 0.42105263157894735,
      "f1-score": 0.4266666666666667,
      "support": 76.0
    },
    "amusement": {
      "precision": 0.5306122448979592,
      "recall": 0.6341463414634146,
      "f1-score": 0.5777777777777777,
      "support": 41.0
    },
    "anger": {
      "precision": 0.35714285714285715,
      "recall": 0.1724137931034483,
      "f1-score": 0.23255813953488372,
      "support": 29.0
    },
    "annoyance": {
      "precision": 0.6666666666666666,
      "recall": 0.09523809523809523,
      "f1-score": 0.16666666666666666,
      "support": 42.0
    },
    "approval": {
      "precision": 0.35,
      "recall": 0.13725490196078433,
      "f1-score": 0.19718309859154928,
      "support": 51.0
    },
    "caring": {
      "precision": 0.08333333333333333,
      "recall": 0.05263157894736842,
      "f1-score": 0.06451612903225806,
      "support": 19.0
    },
    "confusion": {
      "precision": 0.3103448275862069,
      "recall": 0.42857142857142855,
      "f1-score": 0.36,
      "support": 21.0
    },
    "curiosity": {
      "precision": 0.3888888888888889,
      "recall": 0.5526315789473685,
      "f1-score": 0.45652173913043476,
      "support": 38.0
    },
    "desire": {
      "precision": 0.4,
      "recall": 0.3333333333333333,
      "f1-score": 0.36363636363636365,
      "support": 12.0
    },
    "disappointment": {
      "precision": 0.04090909090909091,
      "recall": 0.47368421052631576,
      "f1-score": 0.07531380753138076,
      "support": 19.0
    },
    "disapproval": {
      "precision": 0.1271186440677966,
      "recall": 0.35714285714285715,
      "f1-score": 0.1875,
      "support": 42.0
    },
    "disgust": {
      "precision": 0.12195121951219512,
      "recall": 0.29411764705882354,
      "f1-score": 0.1724137931034483,
      "support": 17.0
    },
    "embarrassment": {
      "precision": 0.5,
      "recall": 0.2,
      "f1-score": 0.2857142857142857,
      "support": 5.0
    },
    "excitement": {
      "precision": 0.2702702702702703,
      "recall": 0.8333333333333334,
      "f1-score": 0.40816326530612246,
      "support": 12.0
    },
    "fear": {
      "precision": 0.8333333333333334,
      "recall": 0.35714285714285715,
      "f1-score": 0.5,
      "support": 14.0
    },
    "gratitude": {
      "precision": 0.59375,
      "recall": 0.6666666666666666,
      "f1-score": 0.628099173553719,
      "support": 57.0
    },
    "grief": {
      "precision": 0.0,
      "recall": 0.0,
      "f1-score": 0.0,
      "support": 0.0
    },
    "joy": {
      "precision": 0.17857142857142858,
      "recall": 0.25,
      "f1-score": 0.20833333333333334,
      "support": 20.0
    },
    "love": {
      "precision": 0.8275862068965517,
      "recall": 0.6857142857142857,
      "f1-score": 0.75,
      "support": 35.0
    },
    "nervousness": {
      "precision": 0.4,
      "recall": 0.6666666666666666,
      "f1-score": 0.5,
      "support": 3.0
    },
    "neutral": {
      "precision": 0.5487804878048781,
      "recall": 0.12857142857142856,
      "f1-score": 0.20833333333333334,
      "support": 350.0
    },
    "optimism": {
      "precision": 0.3333333333333333,
      "recall": 0.17391304347826086,
      "f1-score": 0.22857142857142856,
      "support": 23.0
    },
    "pride": {
      "precision": 0.0,
      "recall": 0.0,
      "f1-score": 0.0,
      "support": 2.0
    },
    "realization": {
      "precision": 0.3333333333333333,
      "recall": 0.21052631578947367,
      "f1-score": 0.25806451612903225,
      "support": 19.0
    },
    "relief": {
      "precision": 0.3333333333333333,
      "recall": 0.5,
      "f1-score": 0.4,
      "support": 2.0
    },
    "remorse": {
      "precision": 1.0,
      "recall": 0.1,
      "f1-score": 0.18181818181818182,
      "support": 10.0
    },
    "sadness": {
      "precision": 0.47058823529411764,
      "recall": 0.36363636363636365,
      "f1-score": 0.41025641025641024,
      "support": 22.0
    },
    "surprise": {
      "precision": 0.6363636363636364,
      "recall": 0.3684210526315789,
      "f1-score": 0.4666666666666667,
      "support": 19.0
    },
    "micro avg": {
      "precision": 0.30616509926854757,
      "recall": 0.293,
      "f1-score": 0.29943791517629026,
      "support": 1000.0
    },
    "macro avg": {
      "precision": 0.3953087072847016,
      "recall": 0.33774322898225356,
      "f1-score": 0.3112419562983551,
      "support": 1000.0
    },
    "weighted avg": {
      "precision": 0.47086918215154444,
      "recall": 0.293,
      "f1-score": 0.30728272037052107,
      "support": 1000.0
    }
  },
  "accuracy": 0.293,