{
  "classification_report": {
    "disapproval": {
      "precision": 0.08333333333333333,
      "recall": 0.07142857142857142,
      "f1-score": 0.07692307692307693,
      "support": 42.0
    },
    "desire": {
      "precision": 0.0,
      "recall": 0.0,
      "f1-score": 0.0,
      "support": 12.0
    },
    "annoyance": {
      "precision": 0.07142857142857142,
      "recall": 0.07142857142857142,
      "f1-score": 0.07142857142857142,
      "support": 42.0
    },
    "optimism": {
      "precision": 0.2222222222222222,
      "recall": 0.17391304347826086,
      "f1-score": 0.1951219512195122,
      "support": 23.0
    },
    "remorse": {
      "precision": 0.0,
      "recall": 0.0,
      "f1-score": 0.0,
      "support": 10.0
    },
    "amusement": {
      "precision": 0.3389830508474576,
      "recall": 0.4878048780487805,
      "f1-score": 0.4,
      "support": 41.0
    },
    "grief": {
      "precision": 0.0,
      "recall": 0.0,
      "f1-score": 0.0,
      "support": 0.0
    },
    "approval": {
      "precision": 0.14285714285714285,
      "recall": 0.17647058823529413,
      "f1-score": 0.15789473684210525,
      "support": 51.0
    },
    "pride": {
      "precision": 0.0,
      "recall": 0.0,
      "f1-score": 0.0,
      "support": 2.0
    },
    "anger": {
      "precision": 0.30952380952380953,
      "recall": 0.4482758620689655,
      "f1-score": 0.36619718309859156,
      "support": 29.0
    },
    "nervousness": {
      "precision": 0.0,
      "recall": 0.0,
      "f1-score": 0.0,
      "support": 3.0
    },
    "relief": {
      "precision": 0.0,
      "recall": 0.0,
      "f1-score": 0.0,
      "support": 2.0
    },
    "curiosity": {
      "precision": 0.19047619047619047,
      "recall": 0.10526315789473684,
      "f1-score": 0.13559322033898305,
      "support": 38.0
    },
    "caring": {
      "precision": 0.05,
      "recall": 0.05263157894736842,
      "f1-score": 0.05128205128205128,
      "support": 19.0
    },
    "excitement": {
      "precision": 0.14285714285714285,
      "recall": 0.25,
      "f1-score": 0.18181818181818182,
      "support": 12.0
    },
    "confusion": {
      "precision": 0.06060606060606061,
      "recall": 0.09523809523809523,
      "f1-score": 0.07407407407407407,
      "support": 21.0
    },
    "embarrassment": {
      "precision": 0.2,
      "recall": 0.2,
      "f1-score": 0.2,
      "support": 5.0
    },
    "realization": {
      "precision": 0.0,
      "recall": 0.0,
      "f1-score": 0.0,
      "support": 19.0
    },
    "gratitude": {
      "precision": 0.5737704918032787,
      "recall": 0.6140350877192983,
      "f1-score": 0.5932203389830508,
      "support": 57.0
    },
    "neutral": {
      "precision": 0.4982456140350877,
      "recall": 0.4057142857142857,
      "f1-score": 0.44724409448818897,
      "support": 350.0
    },
    "love": {
      "precision": 0.2692307692307692,
      "recall": 0.2,
      "f1-score": 0.22950819672131148,
      "support": 35.0
    },
    "surprise": {
      "precision": 0.09523809523809523,
      "recall": 0.10526315789473684,
      "f1-score": 0.1,
      "support": 19.0
    },
    "admiration": {
      "precision": 0.3968253968253968,
      "recall": 0.32894736842105265,
      "f1-score": 0.3597122302158273,
      "support": 76.0
    },
    "disappointment": {
      "precision": 0.0,
      "recall": 0.0,
      "f1-score": 0.0,
      "support": 19.0
    },
    "disgust": {
      "precision": 0.125,
      "recall": 0.11764705882352941,
      "f1-score": 0.12121212121212122,
      "support": 17.0
    },
    "fear": {
      "precision": 0.3333333333333333,
      "recall": 0.14285714285714285,
      "f1-score": 0.2,
      "support": 14.0
    },
    "joy": {
      "precision": 0.13043478260869565,
      "recall": 0.15,
      "f1-score": 0.13953488372093023,
      "support": 20.0
    },
    "sadness": {
      "precision": 0.5,
      "recall": 0.22727272727272727,
      "f1-score": 0.3125,
      "support": 22.0
    },
    "micro avg": {
      "precision": 0.30952380952380953,
      "recall": 0.286,
      "f1-score": 0.2972972972972973,
      "support": 1000.0
    },
    "macro avg": {
      "precision": 0.16908450025809238,
      "recall": 0.1580068276954078,
      "f1-score": 0.15761660401309205,
      "support": 1000.0
    },
    "weighted avg": {
      "precision": 0.322829005338109,
      "recall": 0.286,
      "f1-score": 0.2988014115918121,
      "support": 1000.0
    }
  },
  "accuracy": 0.286,