{
  "classification_report": {
    "admiration": {
      "precision": 0.42857142857142855,
      "recall": 0.47368421052631576,
      "f1-score": 0.45,
      "support": 76.0
    },
    "amusement": {
      "precision": 0.38461538461538464,
      "recall": 0.36585365853658536,
      "f1-score": 0.375,
      "support": 41.0
    },
    "joy": {
      "precision": 0.14285714285714285,
      "recall": 0.1,
      "f1-score": 0.11764705882352941,
      "support": 20.0
    },
    "desire": {
      "precision": 0.08333333333333333,
      "recall": 0.08333333333333333,
      "f1-score": 0.08333333333333333,
      "support": 12.0
    },
    "neutral": {
      "precision": 0.4931506849315068,
      "recall": 0.30857142857142855,
      "f1-score": 0.37961335676625657,
      "support": 350.0
    },
    "sadness": {
      "precision": 0.3333333333333333,
      "recall": 0.2727272727272727,
      "f1-score": 0.3,
      "support": 22.0
    },
    "pride": {
      "precision": 0.0,
      "recall": 0.0,
      "f1-score": 0.0,
      "support": 2.0
    },
    "relief": {
      "precision": 0.0,
      "recall": 0.0,
      "f1-score": 0.0,
      "support": 2.0
    },
    "realization": {
      "precision": 0.029411764705882353,
      "recall": 0.05263157894736842,
      "f1-score": 0.03773584905660377,
      "support": 19.0
    },
    "excitement": {
      "precision": 0.125,
      "recall": 0.16666666666666666,
      "f1-score": 0.14285714285714285,
      "support": 12.0
    },
    "disgust": {
      "precision": 0.23529411764705882,
      "recall": 0.23529411764705882,
      "f1-score": 0.23529411764705882,
      "support": 17.0
    },
    "optimism": {
      "precision": 0.17391304347826086,
      "recall": 0.17391304347826086,
      "f1-score": 0.17391304347826086,
      "support": 23.0
    },
    "surprise": {
      "precision": 0.25,
      "recall": 0.10526315789473684,
      "f1-score": 0.14814814814814814,
      "support": 19.0
    },
    "gratitude": {
      "precision": 0.5675675675675675,
      "recall": 0.3684210526315789,
      "f1-score": 0.44680851063829785,
      "support": 57.0
    },
    "annoyance": {
      "precision": 0.17647058823529413,
      "recall": 0.2857142857142857,
      "f1-score": 0.21818181818181817,
      "support": 42.0
    },
    "approval": {
      "precision": 0.16666666666666666,
      "recall": 0.1568627450980392,
      "f1-score": 0.16161616161616163,
      "support": 51.0
    },
    "love": {
      "precision": 0.4444444444444444,
      "recall": 0.34285714285714286,
      "f1-score": 0.3870967741935484,
      "support": 35.0
    },
    "confusion": {
      "precision": 0.09523809523809523,
      "recall": 0.09523809523809523,
      "f1-score": 0.09523809523809523,
      "support": 21.0
    },
    "curiosity": {
      "precision": 0.22857142857142856,
      "recall": 0.21052631578947367,
      "f1-score": 0.2191780821917808,
      "support": 38.0
    },
    "embarrassment": {
      "precision": 0.09090909090909091,
      "recall": 0.2,
      "f1-score": 0.125,
      "support": 5.0
    },
    "caring": {
      "precision": 0.1,
      "recall": 0.05263157894736842,
      "f1-score": 0.06896551724137931,
      "support": 19.0
    },
    "disapproval": {
      "precision": 0.14084507042253522,
      "recall": 0.23809523809523808,
      "f1-score": 0.17699115044247787,
      "support": 42.0
    },
    "fear": {
      "precision": 0.3333333333333333,
      "recall": 0.35714285714285715,
      "f1-score": 0.3448275862068966,
      "support": 14.0
    },
    "nervousness": {
      "precision": 1.0,
      "recall": 0.3333333333333333,
      "f1-score": 0.5,
      "support": 3.0
    },
    "remorse": {
      "precision": 0.21428571428571427,
      "recall": 0.3,
      "f1-score": 0.25,
      "support": 10.0
    },
    "anger": {
      "precision": 0.2894736842105263,
      "recall": 0.3793103448275862,
      "f1-score": 0.3283582089552239,
      "support": 29.0
    },
    "disappointment": {
      "precision": 0.03225806451612903,
      "recall": 0.05263157894736842,
      "f1-score": 0.04,
      "support": 19.0
    },
    "grief": {
      "precision": 0.0,
      "recall": 0.0,
      "f1-score": 0.0,
      "support": 0.0
    },
    "micro avg": {
      "precision": 0.302071973827699,
      "recall": 0.277,
      "f1-score": 0.2889932185706834,
      "support": 1000.0
    },
    "macro avg": {
      "precision": 0.23426942792407707,
      "recall": 0.20395367989112123,
      "f1-score": 0.20735014125057186,
      "support": 1000.0
    },
    "weighted avg": {
      "precision": 0.34853428697480576,
      "recall": 0.277,
      "f1-score": 0.3008689450511101,
      "support": 1000.0
    }
  },
  "accuracy": 0.277,