{
  "classification_report": {
    "admiration": {
      "precision": 0.4588235294117647,
      "recall": 0.5131578947368421,
      "f1-score": 0.484472049689441,
      "support": 76.0
    },
    "excitement": {
      "precision": 0.13636363636363635,
      "recall": 0.25,
      "f1-score": 0.17647058823529413,
      "support": 12.0
    },
    "gratitude": {
      "precision": 0.8113207547169812,
      "recall": 0.7543859649122807,
      "f1-score": 0.7818181818181819,
      "support": 57.0
    },
    "realization": {
      "precision": 0.08695652173913043,
      "recall": 0.10526315789473684,
      "f1-score": 0.09523809523809523,
      "support": 19.0
    },
    "approval": {
      "precision": 0.1728395061728395,
      "recall": 0.27450980392156865,
      "f1-score": 0.21212121212121213,
      "support": 51.0
    },
    "remorse": {
      "precision": 0.375,
      "recall": 0.3,
      "f1-score": 0.3333333333333333,
      "support": 10.0
    },
    "neutral": {
      "precision": 0.5394736842105263,
      "recall": 0.2342857142857143,
      "f1-score": 0.32669322709163345,
      "support": 350.0
    },
    "annoyance": {
      "precision": 0.12,
      "recall": 0.14285714285714285,
      "f1-score": 0.13043478260869565,
      "support": 42.0
    },
    "grief": {
      "precision": 0.0,
      "recall": 0.0,
      "f1-score": 0.0,
      "support": 0.0
    },
    "desire": {
      "precision": 0.21428571428571427,
      "recall": 0.25,
      "f1-score": 0.23076923076923078,
      "support": 12.0
    },
    "amusement": {
      "precision": 0.22988505747126436,
      "recall": 0.4878048780487805,
      "f1-score": 0.3125,
      "support": 41.0
    },
    "disgust": {
      "precision": 0.36363636363636365,
      "recall": 0.47058823529411764,
      "f1-score": 0.41025641025641024,
      "support": 17.0
    },
    "disappointment": {
      "precision": 0.0,
      "recall": 0.0,
      "f1-score": 0.0,
      "support": 19.0
    },
    "fear": {
      "precision": 0.15384615384615385,
      "recall": 0.14285714285714285,
      "f1-score": 0.14814814814814814,
      "support": 14.0
    },
    "confusion": {
      "precision": 0.1891891891891892,
      "recall": 0.3333333333333333,
      "f1-score": 0.2413793103448276,
      "support": 21.0
    },
    "caring": {
      "precision": 0.05555555555555555,
      "recall": 0.05263157894736842,
      "f1-score": 0.05405405405405406,
      "support": 19.0
    },
    "pride": {
      "precision": 1.0,
      "recall": 0.5,
      "f1-score": 0.6666666666666666,
      "support": 2.0
    },
    "surprise": {
      "precision": 0.16,
      "recall": 0.21052631578947367,
      "f1-score": 0.18181818181818182,
      "support": 19.0
    },
    "curiosity": {
      "precision": 0.24324324324324326,
      "recall": 0.23684210526315788,
      "f1-score": 0.24,
      "support": 38.0
    },
    "disapproval": {
      "precision": 0.11627906976744186,
      "recall": 0.11904761904761904,
      "f1-score": 0.11764705882352941,
      "support": 42.0
    },
    "anger": {
      "precision": 0.2,
      "recall": 0.20689655172413793,
      "f1-score": 0.2033898305084746,
      "support": 29.0
    },
    "optimism": {
      "precision": 0.1875,
      "recall": 0.13043478260869565,
      "f1-score": 0.15384615384615385,
      "support": 23.0
    },
    "love": {
      "precision": 0.37142857142857144,
      "recall": 0.7428571428571429,
      "f1-score": 0.49523809523809526,
      "support": 35.0
    },
    "sadness": {
      "precision": 0.28,
      "recall": 0.3181818181818182,
      "f1-score": 0.2978723404255319,
      "support": 22.0
    },
    "nervousness": {
      "precision": 0.0,
      "recall": 0.0,
      "f1-score": 0.0,
      "support": 3.0
    },
    "joy": {
      "precision": 0.21428571428571427,
      "recall": 0.3,
      "f1-score": 0.25,
      "support": 20.0
    },
    "embarrassment": {
      "precision": 0.0,
      "recall": 0.0,
      "f1-score": 0.0,
      "support": 5.0
    },
    "relief": {
      "precision": 0.0,
      "recall": 0.0,
      "f1-score": 0.0,
      "support": 2.0
    },
    "micro avg": {
      "precision": 0.30272452068617556,
      "recall": 0.3,
      "f1-score": 0.30135610246107486,
      "support": 1000.0
    },
    "macro avg": {
      "precision": 0.23856829519014608,
      "recall": 0.25273075652003835,
      "f1-score": 0.2337202482512568,
      "support": 1000.0
    },
    "weighted avg": {
      "precision": 0.36891110034320157,
      "recall": 0.3,
      "f1-score": 0.30718159157783487,
      "support": 1000.0
    }
  },
  "accuracy": 0.3,