{
  "classification_report": {
    "optimism": {
      "precision": 0.2962962962962963,
      "recall": 0.34782608695652173,
      "f1-score": 0.32,
      "support": 23.0
    },
    "confusion": {
      "precision": 0.08333333333333333,
      "recall": 0.09523809523809523,
      "f1-score": 0.08888888888888889,
      "support": 21.0
    },
    "grief": {
      "precision": 0.0,
      "recall": 0.0,
      "f1-score": 0.0,
      "support": 0.0
    },
    "pride": {
      "precision": 0.0,
      "recall": 0.0,
      "f1-score": 0.0,
      "support": 2.0
    },
    "approval": {
      "precision": 0.1326530612244898,
      "recall": 0.2549019607843137,
      "f1-score": 0.174496644295302,
      "support": 51.0
    },
    "annoyance": {
      "precision": 0.15384615384615385,
      "recall": 0.2857142857142857,
      "f1-score": 0.2,
      "support": 42.0
    },
    "curiosity": {
      "precision": 0.15217391304347827,
      "recall": 0.18421052631578946,
      "f1-score": 0.16666666666666666,
      "support": 38.0
    },
    "anger": {
      "precision": 0.23333333333333334,
      "recall": 0.2413793103448276,
      "f1-score": 0.23728813559322035,
      "support": 29.0
    },
    "disapproval": {
      "precision": 0.15789473684210525,
      "recall": 0.21428571428571427,
      "f1-score": 0.18181818181818182,
      "support": 42.0
    },
    "surprise": {
      "precision": 0.047619047619047616,
      "recall": 0.05263157894736842,
      "f1-score": 0.05,
      "support": 19.0
    },
    "fear": {
      "precision": 0.4,
      "recall": 0.2857142857142857,
      "f1-score": 0.3333333333333333,
      "support": 14.0
    },
    "admiration": {
      "precision": 0.3611111111111111,
      "recall": 0.5131578947368421,
      "f1-score": 0.42391304347826086,
      "support": 76.0
    },
    "desire": {
      "precision": 0.10526315789473684,
      "recall": 0.16666666666666666,
      "f1-score": 0.12903225806451613,
      "support": 12.0
    },
    "embarrassment": {
      "precision": 0.1111111111111111,
      "recall": 0.2,
      "f1-score": 0.14285714285714285,
      "support": 5.0
    },
    "caring": {
      "precision": 0.10526315789473684,
      "recall": 0.10526315789473684,
      "f1-score": 0.10526315789473684,
      "support": 19.0
    },
    "joy": {
      "precision": 0.3333333333333333,
      "recall": 0.15,
      "f1-score": 0.20689655172413793,
      "support": 20.0
    },
    "neutral": {
      "precision": 0.5476190476190477,
      "recall": 0.19714285714285715,
      "f1-score": 0.28991596638655465,
      "support": 350.0
    },
    "gratitude": {
      "precision": 0.6,
      "recall": 0.47368421052631576,
      "f1-score": 0.5294117647058824,
      "support": 57.0
    },
    "disgust": {
      "precision": 0.22727272727272727,
      "recall": 0.29411764705882354,
      "f1-score": 0.2564102564102564,
      "support": 17.0
    },
    "relief": {
      "precision": 0.0,
      "recall": 0.0,
      "f1-score": 0.0,
      "support": 2.0
    },
    "love": {
      "precision": 0.358974358974359,
      "recall": 0.4,
      "f1-score": 0.3783783783783784,
      "support": 35.0
    },
    "nervousness": {
      "precision": 0.0,
      "recall": 0.0,
      "f1-score": 0.0,
      "support": 3.0
    },
    "amusement": {
      "precision": 0.2391304347826087,
      "recall": 0.5365853658536586,
      "f1-score": 0.3308270676691729,
      "support": 41.0
    },
    "excitement": {
      "precision": 0.058823529411764705,
      "recall": 0.08333333333333333,
      "f1-score": 0.06896551724137931,
      "support": 12.0
    },
    "realization": {
      "precision": 0.0625,
      "recall": 0.10526315789473684,
      "f1-score": 0.0784313725490196,
      "support": 19.0
    },
    "remorse": {
      "precision": 0.23076923076923078,
      "recall": 0.3,
      "f1-score": 0.2608695652173913,
      "support": 10.0
    },
    "sadness": {
      "precision": 0.2222222222222222,
      "recall": 0.09090909090909091,
      "f1-score": 0.12903225806451613,
      "support": 22.0
    },
    "disappointment": {
      "precision": 0.03225806451612903,
      "recall": 0.05263157894736842,
      "f1-score": 0.04,
      "support": 19.0
    },
    "micro avg": {
      "precision": 0.25937183383991896,
      "recall": 0.256,
      "f1-score": 0.25767488676396577,
      "support": 1000.0
    },
    "macro avg": {
      "precision": 0.187600048658977,
      "recall": 0.201094885902344,
      "f1-score": 0.18295343397274783,
      "support": 1000.0
    },
    "weighted avg": {
      "precision": 0.3472087203704764,
      "recall": 0.256,
      "f1-score": 0.2649500840592889,
      "support": 1000.0
    }
  },
  "accuracy": 0.256,