{
  "classification_report": {
    "optimism": {
      "precision": 0.21052631578947367,
      "recall": 0.17391304347826086,
      "f1-score": 0.19047619047619047,
      "support": 23.0
    },
    "desire": {
      "precision": 0.2857142857142857,
      "recall": 0.16666666666666666,
      "f1-score": 0.21052631578947367,
      "support": 12.0
    },
    "approval": {
      "precision": 0.17777777777777778,
      "recall": 0.1568627450980392,
      "f1-score": 0.16666666666666666,
      "support": 51.0
    },
    "excitement": {
      "precision": 0.17647058823529413,
      "recall": 0.25,
      "f1-score": 0.20689655172413793,
      "support": 12.0
    },
    "nervousness": {
      "precision": 0.16666666666666666,
      "recall": 0.3333333333333333,
      "f1-score": 0.2222222222222222,
      "support": 3.0
    },
    "embarrassment": {
      "precision": 0.5,
      "recall": 0.2,
      "f1-score": 0.2857142857142857,
      "support": 5.0
    },
    "relief": {
      "precision": 0.0,
      "recall": 0.0,
      "f1-score": 0.0,
      "support": 2.0
    },
    "annoyance": {
      "precision": 0.07317073170731707,
      "recall": 0.07142857142857142,
      "f1-score": 0.07228915662650602,
      "support": 42.0
    },
    "neutral": {
      "precision": 0.5,
      "recall": 0.04,
      "f1-score": 0.07407407407407407,
      "support": 350.0
    },
    "confusion": {
      "precision": 0.4,
      "recall": 0.19047619047619047,
      "f1-score": 0.25806451612903225,
      "support": 21.0
    },
    "amusement": {
      "precision": 0.3584905660377358,
      "recall": 0.4634146341463415,
      "f1-score": 0.40425531914893614,
      "support": 41.0
    },
    "remorse": {
      "precision": 0.2857142857142857,
      "recall": 0.4,
      "f1-score": 0.3333333333333333,
      "support": 10.0
    },
    "disappointment": {
      "precision": 0.058823529411764705,
      "recall": 0.15789473684210525,
      "f1-score": 0.08571428571428572,
      "support": 19.0
    },
    "gratitude": {
      "precision": 0.7272727272727273,
      "recall": 0.42105263157894735,
      "f1-score": 0.5333333333333333,
      "support": 57.0
    },
    "pride": {
      "precision": 0.0,
      "recall": 0.0,
      "f1-score": 0.0,
      "support": 2.0
    },
    "disgust": {
      "precision": 0.14285714285714285,
      "recall": 0.47058823529411764,
      "f1-score": 0.2191780821917808,
      "support": 17.0
    },
    "realization": {
      "precision": 0.15384615384615385,
      "recall": 0.10526315789473684,
      "f1-score": 0.125,
      "support": 19.0
    },
    "love": {
      "precision": 0.3,
      "recall": 0.34285714285714286,
      "f1-score": 0.32,
      "support": 35.0
    },
    "admiration": {
      "precision": 0.40816326530612246,
      "recall": 0.5263157894736842,
      "f1-score": 0.45977011494252873,
      "support": 76.0
    },
    "sadness": {
      "precision": 0.5,
      "recall": 0.13636363636363635,
      "f1-score": 0.21428571428571427,
      "support": 22.0
    },
    "caring": {
      "precision": 0.024390243902439025,
      "recall": 0.05263157894736842,
      "f1-score": 0.03333333333333333,
      "support": 19.0
    },
    "disapproval": {
      "precision": 0.09090909090909091,
      "recall": 0.40476190476190477,
      "f1-score": 0.14847161572052403,
      "support": 42.0
    },
    "anger": {
      "precision": 0.24,
      "recall": 0.20689655172413793,
      "f1-score": 0.2222222222222222,
      "support": 29.0
    },
    "curiosity": {
      "precision": 0.1518987341772152,
      "recall": 0.631578947368421,
      "f1-score": 0.24489795918367346,
      "support": 38.0
    },
    "surprise": {
      "precision": 0.0967741935483871,
      "recall": 0.15789473684210525,
      "f1-score": 0.12,
      "support": 19.0
    },
    "joy": {
      "precision": 0.2,
      "recall": 0.05,
      "f1-score": 0.08,
      "support": 20.0
    },
    "fear": {
      "precision": 0.25,
      "recall": 0.21428571428571427,
      "f1-score": 0.23076923076923078,
      "support": 14.0
    },
    "grief": {
      "precision": 0.0,
      "recall": 0.0,
      "f1-score": 0.0,
      "support": 0.0
    },
    "micro avg": {
      "precision": 0.21042084168336672,
      "recall": 0.21,
      "f1-score": 0.21021021021021022,
      "support": 1000.0
    },
    "macro avg": {
      "precision": 0.23140951067406718,
      "recall": 0.22587428388790806,
      "f1-score": 0.19505337584291021,
      "support": 1000.0
    },
    "weighted avg": {
      "precision": 0.35328012427038114,
      "recall": 0.21,
      "f1-score": 0.19299138224128057,
      "support": 1000.0
    }
  },
  "accuracy": 0.21,