{
  "classification_report": {
    "excitement": {
      "precision": 0.1875,
      "recall": 0.25,
      "f1-score": 0.21428571428571427,
      "support": 12.0
    },
    "optimism": {
      "precision": 0.38461538461538464,
      "recall": 0.21739130434782608,
      "f1-score": 0.2777777777777778,
      "support": 23.0
    },
    "nervousness": {
      "precision": 0.0,
      "recall": 0.0,
      "f1-score": 0.0,
      "support": 3.0
    },
    "desire": {
      "precision": 0.2222222222222222,
      "recall": 0.16666666666666666,
      "f1-score": 0.19047619047619047,
      "support": 12.0
    },
    "embarrassment": {
      "precision": 0.0,
      "recall": 0.0,
      "f1-score": 0.0,
      "support": 5.0
    },
    "approval": {
      "precision": 0.32558139534883723,
      "recall": 0.27450980392156865,
      "f1-score": 0.2978723404255319,
      "support": 51.0
    },
    "disgust": {
      "precision": 0.25,
      "recall": 0.23529411764705882,
      "f1-score": 0.24242424242424243,
      "support": 17.0
    },
    "annoyance": {
      "precision": 0.11538461538461539,
      "recall": 0.07142857142857142,
      "f1-score": 0.08823529411764706,
      "support": 42.0
    },
    "disappointment": {
      "precision": 0.0,
      "recall": 0.0,
      "f1-score": 0.0,
      "support": 19.0
    },
    "caring": {
      "precision": 0.13636363636363635,
      "recall": 0.15789473684210525,
      "f1-score": 0.14634146341463414,
      "support": 19.0
    },
    "curiosity": {
      "precision": 0.3125,
      "recall": 0.2631578947368421,
      "f1-score": 0.2857142857142857,
      "support": 38.0
    },
    "neutral": {
      "precision": 0.5285714285714286,
      "recall": 0.4228571428571429,
      "f1-score": 0.46984126984126984,
      "support": 350.0
    },
    "pride": {
      "precision": 0.0,
      "recall": 0.0,
      "f1-score": 0.0,
      "support": 2.0
    },
    "grief": {
      "precision": 0.0,
      "recall": 0.0,
      "f1-score": 0.0,
      "support": 0.0
    },
    "surprise": {
      "precision": 0.25,
      "recall": 0.21052631578947367,
      "f1-score": 0.22857142857142856,
      "support": 19.0
    },
    "remorse": {
      "precision": 0.6,
      "recall": 0.3,
      "f1-score": 0.4,
      "support": 10.0
    },
    "fear": {
      "precision": 0.5,
      "recall": 0.21428571428571427,
      "f1-score": 0.3,
      "support": 14.0
    },
    "relief": {
      "precision": 0.0,
      "recall": 0.0,
      "f1-score": 0.0,
      "support": 2.0
    },
    "love": {
      "precision": 0.5769230769230769,
      "recall": 0.8571428571428571,
      "f1-score": 0.6896551724137931,
      "support": 35.0
    },
    "confusion": {
      "precision": 0.19230769230769232,
      "recall": 0.23809523809523808,
      "f1-score": 0.2127659574468085,
      "support": 21.0
    },
    "anger": {
      "precision": 0.3870967741935484,
      "recall": 0.41379310344827586,
      "f1-score": 0.4,
      "support": 29.0
    },
    "sadness": {
      "precision": 0.36,
      "recall": 0.4090909090909091,
      "f1-score": 0.3829787234042553,
      "support": 22.0
    },
    "gratitude": {
      "precision": 0.84,
      "recall": 0.7368421052631579,
      "f1-score": 0.7850467289719626,
      "support": 57.0
    },
    "realization": {
      "precision": 0.16666666666666666,
      "recall": 0.10526315789473684,
      "f1-score": 0.12903225806451613,
      "support": 19.0
    },
    "disapproval": {
      "precision": 0.10810810810810811,
      "recall": 0.09523809523809523,
      "f1-score": 0.10126582278481013,
      "support": 42.0
    },
    "amusement": {
      "precision": 0.3508771929824561,
      "recall": 0.4878048780487805,
      "f1-score": 0.40816326530612246,
      "support": 41.0
    },
    "admiration": {
      "precision": 0.6097560975609756,
      "recall": 0.32894736842105265,
      "f1-score": 0.42735042735042733,
      "support": 76.0
    },
    "joy": {
      "precision": 0.2222222222222222,
      "recall": 0.3,
      "f1-score": 0.2553191489361702,
      "support": 20.0
    },
    "micro avg": {
      "precision": 0.40893470790378006,
      "recall": 0.357,
      "f1-score": 0.38120662039508807,
      "support": 1000.0
    },
    "macro avg": {
      "precision": 0.2723820183382454,
      "recall": 0.2412939278987883,
      "f1-score": 0.2476113397045567,
      "support": 1000.0
    },
    "weighted avg": {
      "precision": 0.42081519027362274,
      "recall": 0.357,
      "f1-score": 0.3792932462334656,
      "support": 1000.0
    }
  },
  "accuracy": 0.357,