{
  "classification_report": {
    "sadness": {
      "precision": 0.4,
      "recall": 0.45454545454545453,
      "f1-score": 0.425531914893617,
      "support": 22.0
    },
    "admiration": {
      "precision": 0.4177215189873418,
      "recall": 0.4342105263157895,
      "f1-score": 0.4258064516129032,
      "support": 76.0
    },
    "anger": {
      "precision": 0.24193548387096775,
      "recall": 0.5172413793103449,
      "f1-score": 0.32967032967032966,
      "support": 29.0
    },
    "realization": {
      "precision": 0.043478260869565216,
      "recall": 0.05263157894736842,
      "f1-score": 0.047619047619047616,
      "support": 19.0
    },
    "disgust": {
      "precision": 0.35294117647058826,
      "recall": 0.35294117647058826,
      "f1-score": 0.35294117647058826,
      "support": 17.0
    },
    "embarrassment": {
      "precision": 0.2857142857142857,
      "recall": 0.4,
      "f1-score": 0.3333333333333333,
      "support": 5.0
    },
    "fear": {
      "precision": 0.3333333333333333,
      "recall": 0.2857142857142857,
      "f1-score": 0.3076923076923077,
      "support": 14.0
    },
    "approval": {
      "precision": 0.1935483870967742,
      "recall": 0.23529411764705882,
      "f1-score": 0.21238938053097345,
      "support": 51.0
    },
    "relief": {
      "precision": 0.0,
      "recall": 0.0,
      "f1-score": 0.0,
      "support": 2.0
    },
    "optimism": {
      "precision": 0.46153846153846156,
      "recall": 0.2608695652173913,
      "f1-score": 0.3333333333333333,
      "support": 23.0
    },
    "nervousness": {
      "precision": 0.0,
      "recall": 0.0,
      "f1-score": 0.0,
      "support": 3.0
    },
    "gratitude": {
      "precision": 0.6730769230769231,
      "recall": 0.6140350877192983,
      "f1-score": 0.6422018348623854,
      "support": 57.0
    },
    "annoyance": {
      "precision": 0.14583333333333334,
      "recall": 0.16666666666666666,
      "f1-score": 0.15555555555555556,
      "support": 42.0
    },
    "pride": {
      "precision": 0.0,
      "recall": 0.0,
      "f1-score": 0.0,
      "support": 2.0
    },
    "amusement": {
      "precision": 0.40625,
      "recall": 0.6341463414634146,
      "f1-score": 0.49523809523809526,
      "support": 41.0
    },
    "love": {
      "precision": 0.4473684210526316,
      "recall": 0.4857142857142857,
      "f1-score": 0.4657534246575342,
      "support": 35.0
    },
    "confusion": {
      "precision": 0.2692307692307692,
      "recall": 0.3333333333333333,
      "f1-score": 0.2978723404255319,
      "support": 21.0
    },
    "curiosity": {
      "precision": 0.3055555555555556,
      "recall": 0.2894736842105263,
      "f1-score": 0.2972972972972973,
      "support": 38.0
    },
    "disappointment": {
      "precision": 0.05555555555555555,
      "recall": 0.05263157894736842,
      "f1-score": 0.05405405405405406,
      "support": 19.0
    },
    "desire": {
      "precision": 0.125,
      "recall": 0.08333333333333333,
      "f1-score": 0.1,
      "support": 12.0
    },
    "remorse": {
      "precision": 0.75,
      "recall": 0.3,
      "f1-score": 0.42857142857142855,
      "support": 10.0
    },
    "excitement": {
      "precision": 0.14285714285714285,
      "recall": 0.25,
      "f1-score": 0.18181818181818182,
      "support": 12.0
    },
    "disapproval": {
      "precision": 0.17073170731707318,
      "recall": 0.16666666666666666,
      "f1-score": 0.1686746987951807,
      "support": 42.0
    },
    "caring": {
      "precision": 0.15384615384615385,
      "recall": 0.10526315789473684,
      "f1-score": 0.125,
      "support": 19.0
    },
    "surprise": {
      "precision": 0.15789473684210525,
      "recall": 0.15789473684210525,
      "f1-score": 0.15789473684210525,
      "support": 19.0
    },
    "joy": {
      "precision": 0.21052631578947367,
      "recall": 0.2,
      "f1-score": 0.20512820512820512,
      "support": 20.0
    },
    "neutral": {
      "precision": 0.5743243243243243,
      "recall": 0.24285714285714285,
      "f1-score": 0.3413654618473896,
      "support": 350.0
    },
    "grief": {
      "precision": 0.0,
      "recall": 0.0,
      "f1-score": 0.0,
      "support": 0.0
    },
    "micro avg": {
      "precision": 0.35040745052386496,
      "recall": 0.301,
      "f1-score": 0.32383001613770845,
      "support": 1000.0
    },
    "macro avg": {
      "precision": 0.2613664945236557,
      "recall": 0.25269514642204144,
      "f1-score": 0.2458836639374778,
      "support": 1000.0
    },
    "weighted avg": {
      "precision": 0.4051278182310982,
      "recall": 0.301,
      "f1-score": 0.32469303669115285,
      "support": 1000.0
    }
  },
  "accuracy": 0.301,