{
  "classification_report": {
    "realization": {
      "precision": 0.26666666666666666,
      "recall": 0.21052631578947367,
      "f1-score": 0.23529411764705882,
      "support": 19.0
    },
    "excitement": {
      "precision": 0.2631578947368421,
      "recall": 0.4166666666666667,
      "f1-score": 0.3225806451612903,
      "support": 12.0
    },
    "neutral": {
      "precision": 0.5454545454545454,
      "recall": 0.13714285714285715,
      "f1-score": 0.2191780821917808,
      "support": 350.0
    },
    "anger": {
      "precision": 0.23076923076923078,
      "recall": 0.41379310344827586,
      "f1-score": 0.2962962962962963,
      "support": 29.0
    },
    "nervousness": {
      "precision": 0.3333333333333333,
      "recall": 0.3333333333333333,
      "f1-score": 0.3333333333333333,
      "support": 3.0
    },
    "joy": {
      "precision": 0.1875,
      "recall": 0.15,
      "f1-score": 0.16666666666666666,
      "support": 20.0
    },
    "remorse": {
      "precision": 0.16666666666666666,
      "recall": 0.2,
      "f1-score": 0.18181818181818182,
      "support": 10.0
    },
    "grief": {
      "precision": 0.0,
      "recall": 0.0,
      "f1-score": 0.0,
      "support": 0.0
    },
    "admiration": {
      "precision": 0.578125,
      "recall": 0.4868421052631579,
      "f1-score": 0.5285714285714286,
      "support": 76.0
    },
    "optimism": {
      "precision": 0.21052631578947367,
      "recall": 0.17391304347826086,
      "f1-score": 0.19047619047619047,
      "support": 23.0
    },
    "caring": {
      "precision": 0.15384615384615385,
      "recall": 0.10526315789473684,
      "f1-score": 0.125,
      "support": 19.0
    },
    "pride": {
      "precision": 0.0,
      "recall": 0.0,
      "f1-score": 0.0,
      "support": 2.0
    },
    "gratitude": {
      "precision": 0.8333333333333334,
      "recall": 0.5263157894736842,
      "f1-score": 0.6451612903225806,
      "support": 57.0
    },
    "disapproval": {
      "precision": 0.12244897959183673,
      "recall": 0.2857142857142857,
      "f1-score": 0.17142857142857143,
      "support": 42.0
    },
    "annoyance": {
      "precision": 0.17647058823529413,
      "recall": 0.14285714285714285,
      "f1-score": 0.15789473684210525,
      "support": 42.0
    },
    "disgust": {
      "precision": 0.14285714285714285,
      "recall": 0.23529411764705882,
      "f1-score": 0.17777777777777778,
      "support": 17.0
    },
    "surprise": {
      "precision": 0.4,
      "recall": 0.21052631578947367,
      "f1-score": 0.27586206896551724,
      "support": 19.0
    },
    "relief": {
      "precision": 0.0,
      "recall": 0.0,
      "f1-score": 0.0,
      "support": 2.0
    },
    "desire": {
      "precision": 0.15789473684210525,
      "recall": 0.25,
      "f1-score": 0.1935483870967742,
      "support": 12.0
    },
    "approval": {
      "precision": 0.2191780821917808,
      "recall": 0.3137254901960784,
      "f1-score": 0.25806451612903225,
      "support": 51.0
    },
    "love": {
      "precision": 0.5483870967741935,
      "recall": 0.4857142857142857,
      "f1-score": 0.5151515151515151,
      "support": 35.0
    },
    "sadness": {
      "precision": 0.325,
      "recall": 0.5909090909090909,
      "f1-score": 0.41935483870967744,
      "support": 22.0
    },
    "fear": {
      "precision": 0.35714285714285715,
      "recall": 0.35714285714285715,
      "f1-score": 0.35714285714285715,
      "support": 14.0
    },
    "amusement": {
      "precision": 0.35714285714285715,
      "recall": 0.4878048780487805,
      "f1-score": 0.41237113402061853,
      "support": 41.0
    },
    "curiosity": {
      "precision": 0.3055555555555556,
      "recall": 0.2894736842105263,
      "f1-score": 0.2972972972972973,
      "support": 38.0
    },
    "embarrassment": {
      "precision": 0.6,
      "recall": 0.6,
      "f1-score": 0.6,
      "support": 5.0
    },
    "confusion": {
      "precision": 0.2,
      "recall": 0.3333333333333333,
      "f1-score": 0.25,
      "support": 21.0
    },
    "disappointment": {
      "precision": 0.08333333333333333,
      "recall": 0.05263157894736842,
      "f1-score": 0.06451612903225806,
      "support": 19.0
    },
    "micro avg": {
      "precision": 0.3245192307692308,
      "recall": 0.27,
      "f1-score": 0.29475982532751094,
      "support": 1000.0
    },
    "macro avg": {
      "precision": 0.2773139417951143,
      "recall": 0.27817583689288317,
      "f1-score": 0.2640995022171003,
      "support": 1000.0
    },
    "weighted avg": {
      "precision": 0.41348217114340424,
      "recall": 0.27,
      "f1-score": 0.2910150481625776,
      "support": 1000.0
    }
  },
  "accuracy": 0.27,