{
  "classification_report": {
    "joy": {
      "precision": 0.23333333333333334,
      "recall": 0.35,
      "f1-score": 0.28,
      "support": 20.0
    },
    "surprise": {
      "precision": 0.20689655172413793,
      "recall": 0.3157894736842105,
      "f1-score": 0.25,
      "support": 19.0
    },
    "caring": {
      "precision": 0.14285714285714285,
      "recall": 0.15789473684210525,
      "f1-score": 0.15,
      "support": 19.0
    },
    "annoyance": {
      "precision": 0.3333333333333333,
      "recall": 0.047619047619047616,
      "f1-score": 0.08333333333333333,
      "support": 42.0
    },
    "relief": {
      "precision": 0.0,
      "recall": 0.0,
      "f1-score": 0.0,
      "support": 2.0
    },
    "sadness": {
      "precision": 0.35714285714285715,
      "recall": 0.45454545454545453,
      "f1-score": 0.4,
      "support": 22.0
    },
    "love": {
      "precision": 0.6,
      "recall": 0.6,
      "f1-score": 0.6,
      "support": 35.0
    },
    "anger": {
      "precision": 0.30434782608695654,
      "recall": 0.2413793103448276,
      "f1-score": 0.2692307692307692,
      "support": 29.0
    },
    "pride": {
      "precision": 0.0,
      "recall": 0.0,
      "f1-score": 0.0,
      "support": 2.0
    },
    "grief": {
      "precision": 0.0,
      "recall": 0.0,
      "f1-score": 0.0,
      "support": 0.0
    },
    "desire": {
      "precision": 0.125,
      "recall": 0.08333333333333333,
      "f1-score": 0.1,
      "support": 12.0
    },
    "embarrassment": {
      "precision": 0.5,
      "recall": 0.4,
      "f1-score": 0.4444444444444444,
      "support": 5.0
    },
    "amusement": {
      "precision": 0.2714285714285714,
      "recall": 0.4634146341463415,
      "f1-score": 0.34234234234234234,
      "support": 41.0
    },
    "approval": {
      "precision": 0.29411764705882354,
      "recall": 0.09803921568627451,
      "f1-score": 0.14705882352941177,
      "support": 51.0
    },
    "fear": {
      "precision": 0.8,
      "recall": 0.2857142857142857,
      "f1-score": 0.42105263157894735,
      "support": 14.0
    },
    "disapproval": {
      "precision": 0.1297709923664122,
      "recall": 0.40476190476190477,
      "f1-score": 0.19653179190751446,
      "support": 42.0
    },
    "disappointment": {
      "precision": 0.06299212598425197,
      "recall": 0.42105263157894735,
      "f1-score": 0.1095890410958904,
      "support": 19.0
    },
    "realization": {
      "precision": 0.1111111111111111,
      "recall": 0.10526315789473684,
      "f1-score": 0.10810810810810811,
      "support": 19.0
    },
    "excitement": {
      "precision": 0.15384615384615385,
      "recall": 0.3333333333333333,
      "f1-score": 0.21052631578947367,
      "support": 12.0
    },
    "admiration": {
      "precision": 0.5510204081632653,
      "recall": 0.35526315789473684,
      "f1-score": 0.432,
      "support": 76.0
    },
    "gratitude": {
      "precision": 0.6818181818181818,
      "recall": 0.5263157894736842,
      "f1-score": 0.594059405940594,
      "support": 57.0
    },
    "remorse": {
      "precision": 0.7142857142857143,
      "recall": 0.5,
      "f1-score": 0.5882352941176471,
      "support": 10.0
    },
    "confusion": {
      "precision": 0.29411764705882354,
      "recall": 0.23809523809523808,
      "f1-score": 0.2631578947368421,
      "support": 21.0
    },
    "neutral": {
      "precision": 0.5888888888888889,
      "recall": 0.15142857142857144,
      "f1-score": 0.2409090909090909,
      "support": 350.0
    },
    "curiosity": {
      "precision": 0.34,
      "recall": 0.4473684210526316,
      "f1-score": 0.38636363636363635,
      "support": 38.0
    },
    "disgust": {
      "precision": 0.16216216216216217,
      "recall": 0.35294117647058826,
      "f1-score": 0.2222222222222222,
      "support": 17.0
    },
    "nervousness": {
      "precision": 0.3333333333333333,
      "recall": 0.3333333333333333,
      "f1-score": 0.3333333333333333,
      "support": 3.0
    },
    "optimism": {
      "precision": 0.21428571428571427,
      "recall": 0.2608695652173913,
      "f1-score": 0.23529411764705882,
      "support": 23.0
    },
    "micro avg": {
      "precision": 0.2954796030871003,
      "recall": 0.268,
      "f1-score": 0.281069743051914,
      "support": 1000.0
    },
    "macro avg": {
      "precision": 0.3037889177238989,
      "recall": 0.28313413473039206,
      "f1-score": 0.2645640213082379,
      "support": 1000.0
    },
    "weighted avg": {
      "precision": 0.4367052395478784,
      "recall": 0.268,
      "f1-score": 0.2873691816454452,
      "support": 1000.0
    }
  },
  "accuracy": 0.268,