{
  "classification_report": {
    "love": {
      "precision": 0.7575757575757576,
      "recall": 0.7142857142857143,
      "f1-score": 0.7352941176470589,
      "support": 35.0
    },
    "sadness": {
      "precision": 0.3181818181818182,
      "recall": 0.3181818181818182,
      "f1-score": 0.3181818181818182,
      "support": 22.0
    },
    "amusement": {
      "precision": 0.26666666666666666,
      "recall": 0.2926829268292683,
      "f1-score": 0.27906976744186046,
      "support": 41.0
    },
    "disgust": {
      "precision": 0.36363636363636365,
      "recall": 0.23529411764705882,
      "f1-score": 0.2857142857142857,
      "support": 17.0
    },
    "admiration": {
      "precision": 0.5121951219512195,
      "recall": 0.5526315789473685,
      "f1-score": 0.5316455696202531,
      "support": 76.0
    },
    "realization": {
      "precision": 0.1111111111111111,
      "recall": 0.05263157894736842,
      "f1-score": 0.07142857142857142,
      "support": 19.0
    },
    "joy": {
      "precision": 0.18181818181818182,
      "recall": 0.3,
      "f1-score": 0.22641509433962265,
      "support": 20.0
    },
    "disappointment": {
      "precision": 0.0,
      "recall": 0.0,
      "f1-score": 0.0,
      "support": 19.0
    },
    "neutral": {
      "precision": 0.49635036496350365,
      "recall": 0.19428571428571428,
      "f1-score": 0.2792607802874743,
      "support": 350.0
    },
    "relief": {
      "precision": 0.0,
      "recall": 0.0,
      "f1-score": 0.0,
      "support": 2.0
    },
    "annoyance": {
      "precision": 0.10526315789473684,
      "recall": 0.047619047619047616,
      "f1-score": 0.06557377049180328,
      "support": 42.0
    },
    "curiosity": {
      "precision": 0.16,
      "recall": 0.10526315789473684,
      "f1-score": 0.12698412698412698,
      "support": 38.0
    },
    "grief": {
      "precision": 0.0,
      "recall": 0.0,
      "f1-score": 0.0,
      "support": 0.0
    },
    "anger": {
      "precision": 0.25,
      "recall": 0.2413793103448276,
      "f1-score": 0.24561403508771928,
      "support": 29.0
    },
    "confusion": {
      "precision": 0.125,
      "recall": 0.23809523809523808,
      "f1-score": 0.16393442622950818,
      "support": 21.0
    },
    "excitement": {
      "precision": 0.15,
      "recall": 0.25,
      "f1-score": 0.1875,
      "support": 12.0
    },
    "embarrassment": {
      "precision": 0.0,
      "recall": 0.0,
      "f1-score": 0.0,
      "support": 5.0
    },
    "optimism": {
      "precision": 0.15,
      "recall": 0.13043478260869565,
      "f1-score": 0.13953488372093023,
      "support": 23.0
    },
    "fear": {
      "precision": 0.4,
      "recall": 0.14285714285714285,
      "f1-score": 0.21052631578947367,
      "support": 14.0
    },
    "nervousness": {
      "precision": 0.5,
      "recall": 0.3333333333333333,
      "f1-score": 0.4,
      "support": 3.0
    },
    "desire": {
      "precision": 0.0,
      "recall": 0.0,
      "f1-score": 0.0,
      "support": 12.0
    },
    "surprise": {
      "precision": 0.2727272727272727,
      "recall": 0.3157894736842105,
      "f1-score": 0.2926829268292683,
      "support": 19.0
    },
    "caring": {
      "precision": 0.0,
      "recall": 0.0,
      "f1-score": 0.0,
      "support": 19.0
    },
    "approval": {
      "precision": 0.1951219512195122,
      "recall": 0.1568627450980392,
      "f1-score": 0.17391304347826086,
      "support": 51.0
    },
    "pride": {
      "precision": 0.0,
      "recall": 0.0,
      "f1-score": 0.0,
      "support": 2.0
    },
    "remorse": {
      "precision": 0.6666666666666666,
      "recall": 0.2,
      "f1-score": 0.3076923076923077,
      "support": 10.0
    },
    "gratitude": {
      "precision": 0.782608695652174,
      "recall": 0.631578947368421,
      "f1-score": 0.6990291262135923,
      "support": 57.0
    },
    "disapproval": {
      "precision": 0.07407407407407407,
      "recall": 0.047619047619047616,
      "f1-score": 0.057971014492753624,
      "support": 42.0
    },
    "micro avg": {
      "precision": 0.3464788732394366,
      "recall": 0.246,
      "f1-score": 0.28771929824561404,
      "support": 1000.0
    },
    "macro avg": {
      "precision": 0.24424990014782355,
      "recall": 0.19645805984453754,
      "f1-score": 0.207070213631096,
      "support": 1000.0
    },
    "weighted avg": {
      "precision": 0.37127279853884065,
      "recall": 0.246,
      "f1-score": 0.2806045811835877,
      "support": 1000.0
    }
  },
  "accuracy": 0.246,