{
  "classification_report": {
    "neutral": {
      "precision": 0.4898989898989899,
      "recall": 0.27714285714285714,
      "f1-score": 0.354014598540146,
      "support": 350.0
    },
    "fear": {
      "precision": 0.2857142857142857,
      "recall": 0.14285714285714285,
      "f1-score": 0.19047619047619047,
      "support": 14.0
    },
    "nervousness": {
      "precision": 0.0,
      "recall": 0.0,
      "f1-score": 0.0,
      "support": 3.0
    },
    "disappointment": {
      "precision": 0.05555555555555555,
      "recall": 0.05263157894736842,
      "f1-score": 0.05405405405405406,
      "support": 19.0
    },
    "confusion": {
      "precision": 0.2727272727272727,
      "recall": 0.14285714285714285,
      "f1-score": 0.1875,
      "support": 21.0
    },
    "amusement": {
      "precision": 0.4,
      "recall": 0.0975609756097561,
      "f1-score": 0.1568627450980392,
      "support": 41.0
    },
    "desire": {
      "precision": 0.14285714285714285,
      "recall": 0.08333333333333333,
      "f1-score": 0.10526315789473684,
      "support": 12.0
    },
    "optimism": {
      "precision": 0.6666666666666666,
      "recall": 0.08695652173913043,
      "f1-score": 0.15384615384615385,
      "support": 23.0
    },
    "approval": {
      "precision": 0.23529411764705882,
      "recall": 0.0784313725490196,
      "f1-score": 0.11764705882352941,
      "support": 51.0
    },
    "surprise": {
      "precision": 0.5,
      "recall": 0.05263157894736842,
      "f1-score": 0.09523809523809523,
      "support": 19.0
    },
    "realization": {
      "precision": 0.2857142857142857,
      "recall": 0.10526315789473684,
      "f1-score": 0.15384615384615385,
      "support": 19.0
    },
    "disapproval": {
      "precision": 0.08333333333333333,
      "recall": 0.07142857142857142,
      "f1-score": 0.07692307692307693,
      "support": 42.0
    },
    "joy": {
      "precision": 0.3333333333333333,
      "recall": 0.25,
      "f1-score": 0.2857142857142857,
      "support": 20.0
    },
    "remorse": {
      "precision": 0.3333333333333333,
      "recall": 0.2,
      "f1-score": 0.25,
      "support": 10.0
    },
    "caring": {
      "precision": 0.0,
      "recall": 0.0,
      "f1-score": 0.0,
      "support": 19.0
    },
    "anger": {
      "precision": 0.2222222222222222,
      "recall": 0.27586206896551724,
      "f1-score": 0.24615384615384617,
      "support": 29.0
    },
    "excitement": {
      "precision": 0.1111111111111111,
      "recall": 0.08333333333333333,
      "f1-score": 0.09523809523809523,
      "support": 12.0
    },
    "disgust": {
      "precision": 0.06666666666666667,
      "recall": 0.058823529411764705,
      "f1-score": 0.0625,
      "support": 17.0
    },
    "love": {
      "precision": 0.5882352941176471,
      "recall": 0.2857142857142857,
      "f1-score": 0.38461538461538464,
      "support": 35.0
    },
    "curiosity": {
      "precision": 0.17142857142857143,
      "recall": 0.15789473684210525,
      "f1-score": 0.1643835616438356,
      "support": 38.0
    },
    "relief": {
      "precision": 0.0,
      "recall": 0.0,
      "f1-score": 0.0,
      "support": 2.0
    },
    "embarrassment": {
      "precision": 0.1111111111111111,
      "recall": 0.2,
      "f1-score": 0.14285714285714285,
      "support": 5.0
    },
    "sadness": {
      "precision": 0.3333333333333333,
      "recall": 0.18181818181818182,
      "f1-score": 0.23529411764705882,
      "support": 22.0
    },
    "admiration": {
      "precision": 0.5769230769230769,
      "recall": 0.39473684210526316,
      "f1-score": 0.46875,
      "support": 76.0
    },
    "gratitude": {
      "precision": 0.5555555555555556,
      "recall": 0.2631578947368421,
      "f1-score": 0.35714285714285715,
      "support": 57.0
    },
    "grief": {
      "precision": 0.0,
      "recall": 0.0,
      "f1-score": 0.0,
      "support": 0.0
    },
    "annoyance": {
      "precision": 0.0625,
      "recall": 0.023809523809523808,
      "f1-score": 0.034482758620689655,
      "support": 42.0
    },
    "pride": {
      "precision": 0.0,
      "recall": 0.0,
      "f1-score": 0.0,
      "support": 2.0
    },
    "micro avg": {
      "precision": 0.35478260869565215,
      "recall": 0.204,
      "f1-score": 0.259047619047619,
      "support": 1000.0
    },
    "macro avg": {
      "precision": 0.24583983068751974,
      "recall": 0.12736587964440158,
      "f1-score": 0.15617154765619184,
      "support": 1000.0
    },
    "weighted avg": {
      "precision": 0.3781640067448891,
      "recall": 0.204,
      "f1-score": 0.2573200583496742,
      "support": 1000.0
    }
  },
  "accuracy": 0.204,