{
  "classification_report": {
    "excitement": {
      "precision": 0.2222222222222222,
      "recall": 0.3333333333333333,
      "f1-score": 0.26666666666666666,
      "support": 12.0
    },
    "pride": {
      "precision": 0.0,
      "recall": 0.0,
      "f1-score": 0.0,
      "support": 2.0
    },
    "amusement": {
      "precision": 0.30985915492957744,
      "recall": 0.5365853658536586,
      "f1-score": 0.39285714285714285,
      "support": 41.0
    },
    "realization": {
      "precision": 0.047619047619047616,
      "recall": 0.05263157894736842,
      "f1-score": 0.05,
      "support": 19.0
    },
    "grief": {
      "precision": 0.0,
      "recall": 0.0,
      "f1-score": 0.0,
      "support": 0.0
    },
    "anger": {
      "precision": 0.2619047619047619,
      "recall": 0.3793103448275862,
      "f1-score": 0.30985915492957744,
      "support": 29.0
    },
    "sadness": {
      "precision": 0.6,
      "recall": 0.13636363636363635,
      "f1-score": 0.2222222222222222,
      "support": 22.0
    },
    "remorse": {
      "precision": 0.18181818181818182,
      "recall": 0.4,
      "f1-score": 0.25,
      "support": 10.0
    },
    "surprise": {
      "precision": 0.05555555555555555,
      "recall": 0.10526315789473684,
      "f1-score": 0.07272727272727272,
      "support": 19.0
    },
    "desire": {
      "precision": 0.3333333333333333,
      "recall": 0.16666666666666666,
      "f1-score": 0.2222222222222222,
      "support": 12.0
    },
    "disappointment": {
      "precision": 0.09259259259259259,
      "recall": 0.2631578947368421,
      "f1-score": 0.136986301369863,
      "support": 19.0
    },
    "optimism": {
      "precision": 0.1951219512195122,
      "recall": 0.34782608695652173,
      "f1-score": 0.25,
      "support": 23.0
    },
    "admiration": {
      "precision": 0.4444444444444444,
      "recall": 0.5263157894736842,
      "f1-score": 0.4819277108433735,
      "support": 76.0
    },
    "relief": {
      "precision": 0.0,
      "recall": 0.0,
      "f1-score": 0.0,
      "support": 2.0
    },
    "approval": {
      "precision": 0.14814814814814814,
      "recall": 0.1568627450980392,
      "f1-score": 0.1523809523809524,
      "support": 51.0
    },
    "joy": {
      "precision": 0.6,
      "recall": 0.15,
      "f1-score": 0.24,
      "support": 20.0
    },
    "caring": {
      "precision": 0.1111111111111111,
      "recall": 0.21052631578947367,
      "f1-score": 0.14545454545454545,
      "support": 19.0
    },
    "curiosity": {
      "precision": 0.15702479338842976,
      "recall": 0.5,
      "f1-score": 0.2389937106918239,
      "support": 38.0
    },
    "confusion": {
      "precision": 0.14285714285714285,
      "recall": 0.09523809523809523,
      "f1-score": 0.11428571428571428,
      "support": 21.0
    },
    "gratitude": {
      "precision": 0.7297297297297297,
      "recall": 0.47368421052631576,
      "f1-score": 0.574468085106383,
      "support": 57.0
    },
    "annoyance": {
      "precision": 0.05,
      "recall": 0.023809523809523808,
      "f1-score": 0.03225806451612903,
      "support": 42.0
    },
    "love": {
      "precision": 0.3953488372093023,
      "recall": 0.4857142857142857,
      "f1-score": 0.4358974358974359,
      "support": 35.0
    },
    "fear": {
      "precision": 0.25,
      "recall": 0.21428571428571427,
      "f1-score": 0.23076923076923078,
      "support": 14.0
    },
    "disgust": {
      "precision": 0.13114754098360656,
      "recall": 0.47058823529411764,
      "f1-score": 0.20512820512820512,
      "support": 17.0
    },
    "nervousness": {
      "precision": 0.3333333333333333,
      "recall": 0.3333333333333333,
      "f1-score": 0.3333333333333333,
      "support": 3.0
    },
    "embarrassment": {
      "precision": 0.3333333333333333,
      "recall": 0.2,
      "f1-score": 0.25,
      "support": 5.0
    },
    "neutral": {
      "precision": 0.4791666666666667,
      "recall": 0.06571428571428571,
      "f1-score": 0.11557788944723618,
      "support": 350.0
    },
    "disapproval": {
      "precision": 0.1297709923664122,
      "recall": 0.40476190476190477,
      "f1-score": 0.19653179190751446,
      "support": 42.0
    },
    "micro avg": {
      "precision": 0.23694779116465864,
      "recall": 0.236,
      "f1-score": 0.23647294589178355,
      "support": 1000.0
    },
    "macro avg": {
      "precision": 0.2405515312416587,
      "recall": 0.2511418751649687,
      "f1-score": 0.2114481304556016,
      "support": 1000.0
    },
    "weighted avg": {
      "precision": 0.3536897738960603,
      "recall": 0.236,
      "f1-score": 0.2195069788807008,
      "support": 1000.0
    }
  },
  "accuracy": 0.236,