{
  "classification_report": {
    "annoyance": {
      "precision": 0.1,
      "recall": 0.11904761904761904,
      "f1-score": 0.10869565217391304,
      "support": 42.0
    },
    "nervousness": {
      "precision": 0.5,
      "recall": 0.3333333333333333,
      "f1-score": 0.4,
      "support": 3.0
    },
    "anger": {
      "precision": 0.23076923076923078,
      "recall": 0.5172413793103449,
      "f1-score": 0.3191489361702128,
      "support": 29.0
    },
    "gratitude": {
      "precision": 0.7674418604651163,
      "recall": 0.5789473684210527,
      "f1-score": 0.66,
      "support": 57.0
    },
    "excitement": {
      "precision": 0.21428571428571427,
      "recall": 0.25,
      "f1-score": 0.23076923076923078,
      "support": 12.0
    },
    "neutral": {
      "precision": 0.5824175824175825,
      "recall": 0.3028571428571429,
      "f1-score": 0.39849624060150374,
      "support": 350.0
    },
    "embarrassment": {
      "precision": 0.25,
      "recall": 0.2,
      "f1-score": 0.2222222222222222,
      "support": 5.0
    },
    "approval": {
      "precision": 0.21818181818181817,
      "recall": 0.23529411764705882,
      "f1-score": 0.22641509433962265,
      "support": 51.0
    },
    "fear": {
      "precision": 0.4166666666666667,
      "recall": 0.35714285714285715,
      "f1-score": 0.38461538461538464,
      "support": 14.0
    },
    "relief": {
      "precision": 0.25,
      "recall": 0.5,
      "f1-score": 0.3333333333333333,
      "support": 2.0
    },
    "joy": {
      "precision": 0.3076923076923077,
      "recall": 0.2,
      "f1-score": 0.24242424242424243,
      "support": 20.0
    },
    "amusement": {
      "precision": 0.4307692307692308,
      "recall": 0.6829268292682927,
      "f1-score": 0.5283018867924528,
      "support": 41.0
    },
    "surprise": {
      "precision": 0.2727272727272727,
      "recall": 0.15789473684210525,
      "f1-score": 0.2,
      "support": 19.0
    },
    "desire": {
      "precision": 0.2857142857142857,
      "recall": 0.16666666666666666,
      "f1-score": 0.21052631578947367,
      "support": 12.0
    },
    "admiration": {
      "precision": 0.4431818181818182,
      "recall": 0.5131578947368421,
      "f1-score": 0.47560975609756095,
      "support": 76.0
    },
    "curiosity": {
      "precision": 0.35714285714285715,
      "recall": 0.2631578947368421,
      "f1-score": 0.30303030303030304,
      "support": 38.0
    },
    "confusion": {
      "precision": 0.2,
      "recall": 0.23809523809523808,
      "f1-score": 0.21739130434782608,
      "support": 21.0
    },
    "disapproval": {
      "precision": 0.13725490196078433,
      "recall": 0.16666666666666666,
      "f1-score": 0.15053763440860216,
      "support": 42.0
    },
    "sadness": {
      "precision": 0.2857142857142857,
      "recall": 0.45454545454545453,
      "f1-score": 0.3508771929824561,
      "support": 22.0
    },
    "pride": {
      "precision": 0.0,
      "recall": 0.0,
      "f1-score": 0.0,
      "support": 2.0
    },
    "disgust": {
      "precision": 0.2608695652173913,
      "recall": 0.35294117647058826,
      "f1-score": 0.3,
      "support": 17.0
    },
    "grief": {
      "precision": 0.0,
      "recall": 0.0,
      "f1-score": 0.0,
      "support": 0.0
    },
    "optimism": {
      "precision": 0.42105263157894735,
      "recall": 0.34782608695652173,
      "f1-score": 0.38095238095238093,
      "support": 23.0
    },
    "remorse": {
      "precision": 0.75,
      "recall": 0.3,
      "f1-score": 0.42857142857142855,
      "support": 10.0
    },
    "disappointment": {
      "precision": 0.08333333333333333,
      "recall": 0.05263157894736842,
      "f1-score": 0.06451612903225806,
      "support": 19.0
    },
    "realization": {
      "precision": 0.047619047619047616,
      "recall": 0.05263157894736842,
      "f1-score": 0.05,
      "support": 19.0
    },
    "love": {
      "precision": 0.3958333333333333,
      "recall": 0.5428571428571428,
      "f1-score": 0.4578313253012048,
      "support": 35.0
    },
    "caring": {
      "precision": 0.2857142857142857,
      "recall": 0.21052631578947367,
      "f1-score": 0.24242424242424243,
      "support": 19.0
    },
    "micro avg": {
      "precision": 0.37094972067039106,
      "recall": 0.332,
      "f1-score": 0.3503957783641161,
      "support": 1000.0
    },
    "macro avg": {
      "precision": 0.3033707867673325,
      "recall": 0.28915675283164216,
      "f1-score": 0.28166750844213767,
      "support": 1000.0
    },
    "weighted avg": {
      "precision": 0.4205839498324408,
      "recall": 0.332,
      "f1-score": 0.35365036424164115,
      "support": 1000.0
    }
  },
  "accuracy": 0.332,