{
  "classification_report": {
    "joy": {
      "precision": 0.17647058823529413,
      "recall": 0.15,
      "f1-score": 0.16216216216216217,
      "support": 20.0
    },
    "remorse": {
      "precision": 0.2857142857142857,
      "recall": 0.2,
      "f1-score": 0.23529411764705882,
      "support": 10.0
    },
    "relief": {
      "precision": 0.0,
      "recall": 0.0,
      "f1-score": 0.0,
      "support": 2.0
    },
    "confusion": {
      "precision": 0.2222222222222222,
      "recall": 0.09523809523809523,
      "f1-score": 0.13333333333333333,
      "support": 21.0
    },
    "disapproval": {
      "precision": 0.13846153846153847,
      "recall": 0.21428571428571427,
      "f1-score": 0.16822429906542055,
      "support": 42.0
    },
    "pride": {
      "precision": 0.0,
      "recall": 0.0,
      "f1-score": 0.0,
      "support": 2.0
    },
    "neutral": {
      "precision": 0.47478991596638653,
      "recall": 0.32285714285714284,
      "f1-score": 0.3843537414965986,
      "support": 350.0
    },
    "grief": {
      "precision": 0.0,
      "recall": 0.0,
      "f1-score": 0.0,
      "support": 0.0
    },
    "disgust": {
      "precision": 0.2727272727272727,
      "recall": 0.17647058823529413,
      "f1-score": 0.21428571428571427,
      "support": 17.0
    },
    "excitement": {
      "precision": 0.25,
      "recall": 0.25,
      "f1-score": 0.25,
      "support": 12.0
    },
    "optimism": {
      "precision": 0.21428571428571427,
      "recall": 0.13043478260869565,
      "f1-score": 0.16216216216216217,
      "support": 23.0
    },
    "desire": {
      "precision": 0.1,
      "recall": 0.08333333333333333,
      "f1-score": 0.09090909090909091,
      "support": 12.0
    },
    "curiosity": {
      "precision": 0.2127659574468085,
      "recall": 0.2631578947368421,
      "f1-score": 0.23529411764705882,
      "support": 38.0
    },
    "caring": {
      "precision": 0.125,
      "recall": 0.05263157894736842,
      "f1-score": 0.07407407407407407,
      "support": 19.0
    },
    "surprise": {
      "precision": 0.0,
      "recall": 0.0,
      "f1-score": 0.0,
      "support": 19.0
    },
    "anger": {
      "precision": 0.225,
      "recall": 0.3103448275862069,
      "f1-score": 0.2608695652173913,
      "support": 29.0
    },
    "love": {
      "precision": 0.4074074074074074,
      "recall": 0.3142857142857143,
      "f1-score": 0.3548387096774194,
      "support": 35.0
    },
    "embarrassment": {
      "precision": 0.14285714285714285,
      "recall": 0.2,
      "f1-score": 0.16666666666666666,
      "support": 5.0
    },
    "gratitude": {
      "precision": 0.5294117647058824,
      "recall": 0.3157894736842105,
      "f1-score": 0.3956043956043956,
      "support": 57.0
    },
    "approval": {
      "precision": 0.22580645161290322,
      "recall": 0.13725490196078433,
      "f1-score": 0.17073170731707318,
      "support": 51.0
    },
    "annoyance": {
      "precision": 0.18181818181818182,
      "recall": 0.23809523809523808,
      "f1-score": 0.20618556701030927,
      "support": 42.0
    },
    "amusement": {
      "precision": 0.3783783783783784,
      "recall": 0.34146341463414637,
      "f1-score": 0.358974358974359,
      "support": 41.0
    },
    "realization": {
      "precision": 0.047619047619047616,
      "recall": 0.05263157894736842,
      "f1-score": 0.05,
      "support": 19.0
    },
    "disappointment": {
      "precision": 0.07142857142857142,
      "recall": 0.10526315789473684,
      "f1-score": 0.0851063829787234,
      "support": 19.0
    },
    "nervousness": {
      "precision": 1.0,
      "recall": 0.3333333333333333,
      "f1-score": 0.5,
      "support": 3.0
    },
    "fear": {
      "precision": 0.4166666666666667,
      "recall": 0.35714285714285715,
      "f1-score": 0.38461538461538464,
      "support": 14.0
    },
    "admiration": {
      "precision": 0.3950617283950617,
      "recall": 0.42105263157894735,
      "f1-score": 0.40764331210191085,
      "support": 76.0
    },
    "sadness": {
      "precision": 0.42857142857142855,
      "recall": 0.4090909090909091,
      "f1-score": 0.4186046511627907,
      "support": 22.0
    },
    "micro avg": {
      "precision": 0.31990521327014215,
      "recall": 0.27,
      "f1-score": 0.2928416485900217,
      "support": 1000.0
    },
    "macro avg": {
      "precision": 0.24723086659000695,
      "recall": 0.19550561315989065,
      "f1-score": 0.2096404826467535,
      "support": 1000.0
    },
    "weighted avg": {
      "precision": 0.34415964056579884,
      "recall": 0.27,
      "f1-score": 0.2968917407706507,
      "support": 1000.0
    }
  },
  "accuracy": 0.27,