{
  "classification_report": {
    "sadness": {
      "precision": 0.28,
      "recall": 0.3181818181818182,
      "f1-score": 0.2978723404255319,
      "support": 22.0
    },
    "nervousness": {
      "precision": 0.0,
      "recall": 0.0,
      "f1-score": 0.0,
      "support": 3.0
    },
    "embarrassment": {
      "precision": 0.0,
      "recall": 0.0,
      "f1-score": 0.0,
      "support": 5.0
    },
    "confusion": {
      "precision": 0.25,
      "recall": 0.38095238095238093,
      "f1-score": 0.3018867924528302,
      "support": 21.0
    },
    "disappointment": {
      "precision": 0.06451612903225806,
      "recall": 0.10526315789473684,
      "f1-score": 0.08,
      "support": 19.0
    },
    "relief": {
      "precision": 0.0,
      "recall": 0.0,
      "f1-score": 0.0,
      "support": 2.0
    },
    "disgust": {
      "precision": 0.38095238095238093,
      "recall": 0.47058823529411764,
      "f1-score": 0.42105263157894735,
      "support": 17.0
    },
    "remorse": {
      "precision": 0.2,
      "recall": 0.2,
      "f1-score": 0.2,
      "support": 10.0
    },
    "pride": {
      "precision": 1.0,
      "recall": 0.5,
      "f1-score": 0.6666666666666666,
      "support": 2.0
    },
    "grief": {
      "precision": 0.0,
      "recall": 0.0,
      "f1-score": 0.0,
      "support": 0.0
    },
    "approval": {
      "precision": 0.25,
      "recall": 0.3137254901960784,
      "f1-score": 0.2782608695652174,
      "support": 51.0
    },
    "joy": {
      "precision": 0.3181818181818182,
      "recall": 0.35,
      "f1-score": 0.3333333333333333,
      "support": 20.0
    },
    "gratitude": {
      "precision": 0.7666666666666667,
      "recall": 0.8070175438596491,
      "f1-score": 0.7863247863247863,
      "support": 57.0
    },
    "anger": {
      "precision": 0.15,
      "recall": 0.20689655172413793,
      "f1-score": 0.17391304347826086,
      "support": 29.0
    },
    "optimism": {
      "precision": 0.23529411764705882,
      "recall": 0.17391304347826086,
      "f1-score": 0.2,
      "support": 23.0
    },
    "caring": {
      "precision": 0.08695652173913043,
      "recall": 0.10526315789473684,
      "f1-score": 0.09523809523809523,
      "support": 19.0
    },
    "realization": {
      "precision": 0.16666666666666666,
      "recall": 0.10526315789473684,
      "f1-score": 0.12903225806451613,
      "support": 19.0
    },
    "curiosity": {
      "precision": 0.2857142857142857,
      "recall": 0.3157894736842105,
      "f1-score": 0.3,
      "support": 38.0
    },
    "desire": {
      "precision": 0.3333333333333333,
      "recall": 0.25,
      "f1-score": 0.2857142857142857,
      "support": 12.0
    },
    "disapproval": {
      "precision": 0.1111111111111111,
      "recall": 0.14285714285714285,
      "f1-score": 0.125,
      "support": 42.0
    },
    "admiration": {
      "precision": 0.5384615384615384,
      "recall": 0.5526315789473685,
      "f1-score": 0.5454545454545454,
      "support": 76.0
    },
    "excitement": {
      "precision": 0.17647058823529413,
      "recall": 0.25,
      "f1-score": 0.20689655172413793,
      "support": 12.0
    },
    "fear": {
      "precision": 0.3,
      "recall": 0.21428571428571427,
      "f1-score": 0.25,
      "support": 14.0
    },
    "surprise": {
      "precision": 0.10714285714285714,
      "recall": 0.15789473684210525,
      "f1-score": 0.1276595744680851,
      "support": 19.0
    },
    "amusement": {
      "precision": 0.22330097087378642,
      "recall": 0.5609756097560976,
      "f1-score": 0.3194444444444444,
      "support": 41.0
    },
    "neutral": {
      "precision": 0.5606936416184971,
      "recall": 0.27714285714285714,
      "f1-score": 0.37093690248565964,
      "support": 350.0
    },
    "love": {
      "precision": 0.3793103448275862,
      "recall": 0.6285714285714286,
      "f1-score": 0.4731182795698925,
      "support": 35.0
    },
    "annoyance": {
      "precision": 0.125,
      "recall": 0.16666666666666666,
      "f1-score": 0.14285714285714285,
      "support": 42.0
    },
    "micro avg": {
      "precision": 0.33266533066132264,
      "recall": 0.332,
      "f1-score": 0.33233233233233234,
      "support": 1000.0
    },
    "macro avg": {
      "precision": 0.26034903472158105,
      "recall": 0.2697814195044373,
      "f1-score": 0.25395223370879927,
      "support": 1000.0
    },
    "weighted avg": {
      "precision": 0.39323046280972124,
      "recall": 0.332,
      "f1-score": 0.33991282630552083,
      "support": 1000.0
    }
  },
  "accuracy": 0.332,