{
  "classification_report": {
    "grief": {
      "precision": 0.0,
      "recall": 0.0,
      "f1-score": 0.0,
      "support": 0.0
    },
    "admiration": {
      "precision": 0.5394736842105263,
      "recall": 0.5394736842105263,
      "f1-score": 0.5394736842105263,
      "support": 76.0
    },
    "neutral": {
      "precision": 0.5099009900990099,
      "recall": 0.29428571428571426,
      "f1-score": 0.37318840579710144,
      "support": 350.0
    },
    "relief": {
      "precision": 0.0,
      "recall": 0.0,
      "f1-score": 0.0,
      "support": 2.0
    },
    "gratitude": {
      "precision": 0.7321428571428571,
      "recall": 0.7192982456140351,
      "f1-score": 0.7256637168141593,
      "support": 57.0
    },
    "approval": {
      "precision": 0.18181818181818182,
      "recall": 0.27450980392156865,
      "f1-score": 0.21875,
      "support": 51.0
    },
    "nervousness": {
      "precision": 0.0,
      "recall": 0.0,
      "f1-score": 0.0,
      "support": 3.0
    },
    "remorse": {
      "precision": 0.1,
      "recall": 0.1,
      "f1-score": 0.1,
      "support": 10.0
    },
    "curiosity": {
      "precision": 0.13793103448275862,
      "recall": 0.10526315789473684,
      "f1-score": 0.11940298507462686,
      "support": 38.0
    },
    "excitement": {
      "precision": 0.13333333333333333,
      "recall": 0.16666666666666666,
      "f1-score": 0.14814814814814814,
      "support": 12.0
    },
    "embarrassment": {
      "precision": 0.0,
      "recall": 0.0,
      "f1-score": 0.0,
      "support": 5.0
    },
    "disapproval": {
      "precision": 0.09523809523809523,
      "recall": 0.09523809523809523,
      "f1-score": 0.09523809523809523,
      "support": 42.0
    },
    "realization": {
      "precision": 0.125,
      "recall": 0.10526315789473684,
      "f1-score": 0.11428571428571428,
      "support": 19.0
    },
    "confusion": {
      "precision": 0.1794871794871795,
      "recall": 0.3333333333333333,
      "f1-score": 0.23333333333333334,
      "support": 21.0
    },
    "optimism": {
      "precision": 0.1875,
      "recall": 0.13043478260869565,
      "f1-score": 0.15384615384615385,
      "support": 23.0
    },
    "annoyance": {
      "precision": 0.07142857142857142,
      "recall": 0.047619047619047616,
      "f1-score": 0.05714285714285714,
      "support": 42.0
    },
    "fear": {
      "precision": 0.16666666666666666,
      "recall": 0.14285714285714285,
      "f1-score": 0.15384615384615385,
      "support": 14.0
    },
    "desire": {
      "precision": 0.08333333333333333,
      "recall": 0.08333333333333333,
      "f1-score": 0.08333333333333333,
      "support": 12.0
    },
    "anger": {
      "precision": 0.21621621621621623,
      "recall": 0.27586206896551724,
      "f1-score": 0.24242424242424243,
      "support": 29.0
    },
    "sadness": {
      "precision": 0.375,
      "recall": 0.2727272727272727,
      "f1-score": 0.3157894736842105,
      "support": 22.0
    },
    "pride": {
      "precision": 0.0,
      "recall": 0.0,
      "f1-score": 0.0,
      "support": 2.0
    },
    "joy": {
      "precision": 0.20689655172413793,
      "recall": 0.3,
      "f1-score": 0.24489795918367346,
      "support": 20.0
    },
    "disappointment": {
      "precision": 0.0,
      "recall": 0.0,
      "f1-score": 0.0,
      "support": 19.0
    },
    "disgust": {
      "precision": 0.29411764705882354,
      "recall": 0.29411764705882354,
      "f1-score": 0.29411764705882354,
      "support": 17.0
    },
    "amusement": {
      "precision": 0.26865671641791045,
      "recall": 0.43902439024390244,
      "f1-score": 0.3333333333333333,
      "support": 41.0
    },
    "love": {
      "precision": 0.38571428571428573,
      "recall": 0.7714285714285715,
      "f1-score": 0.5142857142857142,
      "support": 35.0
    },
    "caring": {
      "precision": 0.06666666666666667,
      "recall": 0.05263157894736842,
      "f1-score": 0.058823529411764705,
      "support": 19.0
    },
    "surprise": {
      "precision": 0.13043478260869565,
      "recall": 0.15789473684210525,
      "f1-score": 0.14285714285714285,
      "support": 19.0
    },
    "micro avg": {
      "precision": 0.3215811965811966,
      "recall": 0.301,
      "f1-score": 0.3109504132231405,
      "support": 1000.0
    },
    "macro avg": {
      "precision": 0.1852484569159732,
      "recall": 0.20361651541754264,
      "f1-score": 0.1879350579753253,
      "support": 1000.0
    },
    "weighted avg": {
      "precision": 0.35101971429155165,
      "recall": 0.301,
      "f1-score": 0.31098808143654755,
      "support": 1000.0
    }
  },
  "accuracy": 0.301,