{
  "classification_report": {
    "optimism": {
      "precision": 0.21212121212121213,
      "recall": 0.30434782608695654,
      "f1-score": 0.25,
      "support": 23.0
    },
    "love": {
      "precision": 0.6,
      "recall": 0.17142857142857143,
      "f1-score": 0.26666666666666666,
      "support": 35.0
    },
    "annoyance": {
      "precision": 0.16923076923076924,
      "recall": 0.2619047619047619,
      "f1-score": 0.205607476635514,
      "support": 42.0
    },
    "disgust": {
      "precision": 0.14285714285714285,
      "recall": 0.11764705882352941,
      "f1-score": 0.12903225806451613,
      "support": 17.0
    },
    "confusion": {
      "precision": 0.2857142857142857,
      "recall": 0.09523809523809523,
      "f1-score": 0.14285714285714285,
      "support": 21.0
    },
    "anger": {
      "precision": 0.17857142857142858,
      "recall": 0.3448275862068966,
      "f1-score": 0.23529411764705882,
      "support": 29.0
    },
    "approval": {
      "precision": 0.23529411764705882,
      "recall": 0.1568627450980392,
      "f1-score": 0.18823529411764706,
      "support": 51.0
    },
    "relief": {
      "precision": 0.0,
      "recall": 0.0,
      "f1-score": 0.0,
      "support": 2.0
    },
    "surprise": {
      "precision": 0.2222222222222222,
      "recall": 0.10526315789473684,
      "f1-score": 0.14285714285714285,
      "support": 19.0
    },
    "neutral": {
      "precision": 0.7407407407407407,
      "recall": 0.05714285714285714,
      "f1-score": 0.10610079575596817,
      "support": 350.0
    },
    "gratitude": {
      "precision": 0.75,
      "recall": 0.3684210526315789,
      "f1-score": 0.49411764705882355,
      "support": 57.0
    },
    "sadness": {
      "precision": 0.3333333333333333,
      "recall": 0.36363636363636365,
      "f1-score": 0.34782608695652173,
      "support": 22.0
    },
    "disapproval": {
      "precision": 0.15827338129496402,
      "recall": 0.5238095238095238,
      "f1-score": 0.2430939226519337,
      "support": 42.0
    },
    "nervousness": {
      "precision": 0.3333333333333333,
      "recall": 0.3333333333333333,
      "f1-score": 0.3333333333333333,
      "support": 3.0
    },
    "grief": {
      "precision": 0.0,
      "recall": 0.0,
      "f1-score": 0.0,
      "support": 0.0
    },
    "desire": {
      "precision": 0.1,
      "recall": 0.08333333333333333,
      "f1-score": 0.09090909090909091,
      "support": 12.0
    },
    "embarrassment": {
      "precision": 0.2857142857142857,
      "recall": 0.4,
      "f1-score": 0.3333333333333333,
      "support": 5.0
    },
    "joy": {
      "precision": 0.16666666666666666,
      "recall": 0.3,
      "f1-score": 0.21428571428571427,
      "support": 20.0
    },
    "fear": {
      "precision": 0.35294117647058826,
      "recall": 0.42857142857142855,
      "f1-score": 0.3870967741935484,
      "support": 14.0
    },
    "curiosity": {
      "precision": 0.1732283464566929,
      "recall": 0.5789473684210527,
      "f1-score": 0.26666666666666666,
      "support": 38.0
    },
    "realization": {
      "precision": 0.1,
      "recall": 0.05263157894736842,
      "f1-score": 0.06896551724137931,
      "support": 19.0
    },
    "admiration": {
      "precision": 0.47619047619047616,
      "recall": 0.5263157894736842,
      "f1-score": 0.5,
      "support": 76.0
    },
    "pride": {
      "precision": 0.0,
      "recall": 0.0,
      "f1-score": 0.0,
      "support": 2.0
    },
    "amusement": {
      "precision": 0.45454545454545453,
      "recall": 0.24390243902439024,
      "f1-score": 0.31746031746031744,
      "support": 41.0
    },
    "caring": {
      "precision": 0.3,
      "recall": 0.3157894736842105,
      "f1-score": 0.3076923076923077,
      "support": 19.0
    },
    "remorse": {
      "precision": 0.16,
      "recall": 0.4,
      "f1-score": 0.22857142857142856,
      "support": 10.0
    },
    "disappointment": {
      "precision": 0.0684931506849315,
      "recall": 0.2631578947368421,
      "f1-score": 0.10869565217391304,
      "support": 19.0
    },
    "excitement": {
      "precision": 0.18518518518518517,
      "recall": 0.4166666666666667,
      "f1-score": 0.2564102564102564,
      "support": 12.0
    },
    "micro avg": {
      "precision": 0.2508250825082508,
      "recall": 0.228,
      "f1-score": 0.2388685175484547,
      "support": 1000.0
    },
    "macro avg": {
      "precision": 0.25659488246359896,
      "recall": 0.25761353236050794,
      "f1-score": 0.22018246226929375,
      "support": 1000.0
    },
    "weighted avg": {
      "precision": 0.4648421101827494,
      "recall": 0.228,
      "f1-score": 0.2204085185854264,
      "support": 1000.0
    }
  },
  "accuracy": 0.228,