{
  "classification_report": {
    "disappointment": {
      "precision": 0.05,
      "recall": 0.05263157894736842,
      "f1-score": 0.05128205128205128,
      "support": 19.0
    },
    "approval": {
      "precision": 0.20652173913043478,
      "recall": 0.37254901960784315,
      "f1-score": 0.26573426573426573,
      "support": 51.0
    },
    "joy": {
      "precision": 0.1935483870967742,
      "recall": 0.3,
      "f1-score": 0.23529411764705882,
      "support": 20.0
    },
    "caring": {
      "precision": 0.09523809523809523,
      "recall": 0.10526315789473684,
      "f1-score": 0.1,
      "support": 19.0
    },
    "anger": {
      "precision": 0.2641509433962264,
      "recall": 0.4827586206896552,
      "f1-score": 0.34146341463414637,
      "support": 29.0
    },
    "annoyance": {
      "precision": 0.13953488372093023,
      "recall": 0.14285714285714285,
      "f1-score": 0.1411764705882353,
      "support": 42.0
    },
    "grief": {
      "precision": 0.0,
      "recall": 0.0,
      "f1-score": 0.0,
      "support": 0.0
    },
    "sadness": {
      "precision": 0.37037037037037035,
      "recall": 0.45454545454545453,
      "f1-score": 0.40816326530612246,
      "support": 22.0
    },
    "realization": {
      "precision": 0.13333333333333333,
      "recall": 0.21052631578947367,
      "f1-score": 0.16326530612244897,
      "support": 19.0
    },
    "love": {
      "precision": 0.6129032258064516,
      "recall": 0.5428571428571428,
      "f1-score": 0.5757575757575758,
      "support": 35.0
    },
    "curiosity": {
      "precision": 0.30434782608695654,
      "recall": 0.3684210526315789,
      "f1-score": 0.3333333333333333,
      "support": 38.0
    },
    "disapproval": {
      "precision": 0.11764705882352941,
      "recall": 0.2857142857142857,
      "f1-score": 0.16666666666666666,
      "support": 42.0
    },
    "embarrassment": {
      "precision": 0.16666666666666666,
      "recall": 0.6,
      "f1-score": 0.2608695652173913,
      "support": 5.0
    },
    "amusement": {
      "precision": 0.4634146341463415,
      "recall": 0.4634146341463415,
      "f1-score": 0.4634146341463415,
      "support": 41.0
    },
    "neutral": {
      "precision": 0.6376811594202898,
      "recall": 0.12571428571428572,
      "f1-score": 0.2100238663484487,
      "support": 350.0
    },
    "optimism": {
      "precision": 0.1891891891891892,
      "recall": 0.30434782608695654,
      "f1-score": 0.23333333333333334,
      "support": 23.0
    },
    "nervousness": {
      "precision": 0.0,
      "recall": 0.0,
      "f1-score": 0.0,
      "support": 3.0
    },
    "surprise": {
      "precision": 0.3333333333333333,
      "recall": 0.15789473684210525,
      "f1-score": 0.21428571428571427,
      "support": 19.0
    },
    "confusion": {
      "precision": 0.2037037037037037,
      "recall": 0.5238095238095238,
      "f1-score": 0.29333333333333333,
      "support": 21.0
    },
    "gratitude": {
      "precision": 1.0,
      "recall": 0.49122807017543857,
      "f1-score": 0.6588235294117647,
      "support": 57.0
    },
    "admiration": {
      "precision": 0.6290322580645161,
      "recall": 0.5131578947368421,
      "f1-score": 0.5652173913043478,
      "support": 76.0
    },
    "disgust": {
      "precision": 0.13793103448275862,
      "recall": 0.23529411764705882,
      "f1-score": 0.17391304347826086,
      "support": 17.0
    },
    "remorse": {
      "precision": 0.36363636363636365,
      "recall": 0.4,
      "f1-score": 0.38095238095238093,
      "support": 10.0
    },
    "desire": {
      "precision": 0.3157894736842105,
      "recall": 0.5,
      "f1-score": 0.3870967741935484,
      "support": 12.0
    },
    "fear": {
      "precision": 0.2,
      "recall": 0.14285714285714285,
      "f1-score": 0.16666666666666666,
      "support": 14.0
    },
    "relief": {
      "precision": 0.0,
      "recall": 0.0,
      "f1-score": 0.0,
      "support": 2.0
    },
    "pride": {
      "precision": 0.0,
      "recall": 0.0,
      "f1-score": 0.0,
      "support": 2.0
    },
    "excitement": {
      "precision": 0.2727272727272727,
      "recall": 0.25,
      "f1-score": 0.2608695652173913,
      "support": 12.0
    },
    "micro avg": {
      "precision": 0.30735455543358947,
      "recall": 0.28,
      "f1-score": 0.29304029304029305,
      "support": 1000.0
    },
    "macro avg": {
      "precision": 0.26431074828777673,
      "recall": 0.28663721441251344,
      "f1-score": 0.2518191523200296,
      "support": 1000.0
    },
    "weighted avg": {
      "precision": 0.45795747635378975,
      "recall": 0.28,
      "f1-score": 0.29565958829674593,
      "support": 1000.0
    }
  },
  "accuracy": 0.28,