{
  "classification_report": {
    "grief": {
      "precision": 0.0,
      "recall": 0.0,
      "f1-score": 0.0,
      "support": 0.0
    },
    "disappointment": {
      "precision": 0.042682926829268296,
      "recall": 0.3684210526315789,
      "f1-score": 0.07650273224043716,
      "support": 19.0
    },
    "disgust": {
      "precision": 0.3,
      "recall": 0.35294117647058826,
      "f1-score": 0.32432432432432434,
      "support": 17.0
    },
    "joy": {
      "precision": 0.23809523809523808,
      "recall": 0.25,
      "f1-score": 0.24390243902439024,
      "support": 20.0
    },
    "desire": {
      "precision": 0.15384615384615385,
      "recall": 0.16666666666666666,
      "f1-score": 0.16,
      "support": 12.0
    },
    "amusement": {
      "precision": 0.2923076923076923,
      "recall": 0.4634146341463415,
      "f1-score": 0.3584905660377358,
      "support": 41.0
    },
    "curiosity": {
      "precision": 0.16470588235294117,
      "recall": 0.3684210526315789,
      "f1-score": 0.22764227642276422,
      "support": 38.0
    },
    "sadness": {
      "precision": 0.3,
      "recall": 0.4090909090909091,
      "f1-score": 0.34615384615384615,
      "support": 22.0
    },
    "confusion": {
      "precision": 0.15384615384615385,
      "recall": 0.2857142857142857,
      "f1-score": 0.2,
      "support": 21.0
    },
    "pride": {
      "precision": 0.0,
      "recall": 0.0,
      "f1-score": 0.0,
      "support": 2.0
    },
    "caring": {
      "precision": 0.36363636363636365,
      "recall": 0.21052631578947367,
      "f1-score": 0.26666666666666666,
      "support": 19.0
    },
    "optimism": {
      "precision": 0.24,
      "recall": 0.2608695652173913,
      "f1-score": 0.25,
      "support": 23.0
    },
    "excitement": {
      "precision": 0.2777777777777778,
      "recall": 0.4166666666666667,
      "f1-score": 0.3333333333333333,
      "support": 12.0
    },
    "disapproval": {
      "precision": 0.11578947368421053,
      "recall": 0.2619047619047619,
      "f1-score": 0.16058394160583941,
      "support": 42.0
    },
    "neutral": {
      "precision": 0.627906976744186,
      "recall": 0.07714285714285714,
      "f1-score": 0.13740458015267176,
      "support": 350.0
    },
    "nervousness": {
      "precision": 0.5,
      "recall": 0.6666666666666666,
      "f1-score": 0.5714285714285714,
      "support": 3.0
    },
    "realization": {
      "precision": 0.09090909090909091,
      "recall": 0.05263157894736842,
      "f1-score": 0.06666666666666667,
      "support": 19.0
    },
    "love": {
      "precision": 0.4827586206896552,
      "recall": 0.4,
      "f1-score": 0.4375,
      "support": 35.0
    },
    "gratitude": {
      "precision": 0.6829268292682927,
      "recall": 0.49122807017543857,
      "f1-score": 0.5714285714285714,
      "support": 57.0
    },
    "anger": {
      "precision": 0.2391304347826087,
      "recall": 0.3793103448275862,
      "f1-score": 0.29333333333333333,
      "support": 29.0
    },
    "admiration": {
      "precision": 0.45054945054945056,
      "recall": 0.5394736842105263,
      "f1-score": 0.49101796407185627,
      "support": 76.0
    },
    "approval": {
      "precision": 0.2,
      "recall": 0.13725490196078433,
      "f1-score": 0.16279069767441862,
      "support": 51.0
    },
    "surprise": {
      "precision": 0.15625,
      "recall": 0.2631578947368421,
      "f1-score": 0.19607843137254902,
      "support": 19.0
    },
    "annoyance": {
      "precision": 0.21875,
      "recall": 0.16666666666666666,
      "f1-score": 0.1891891891891892,
      "support": 42.0
    },
    "relief": {
      "precision": 0.0,
      "recall": 0.0,
      "f1-score": 0.0,
      "support": 2.0
    },
    "remorse": {
      "precision": 0.25,
      "recall": 0.3,
      "f1-score": 0.2727272727272727,
      "support": 10.0
    },
    "embarrassment": {
      "precision": 0.2857142857142857,
      "recall": 0.4,
      "f1-score": 0.3333333333333333,
      "support": 5.0
    },
    "fear": {
      "precision": 0.8,
      "recall": 0.2857142857142857,
      "f1-score": 0.42105263157894735,
      "support": 14.0
    },
    "micro avg": {
      "precision": 0.2517911975435005,
      "recall": 0.246,
      "f1-score": 0.2488619119878604,
      "support": 1000.0
    },
    "macro avg": {
      "precision": 0.27241369110833463,
      "recall": 0.28478157278497374,
      "f1-score": 0.25326969174166847,
      "support": 1000.0
    },
    "weighted avg": {
      "precision": 0.4186982823589659,
      "recall": 0.246,
      "f1-score": 0.24553316464908656,
      "support": 1000.0
    }
  },
  "accuracy": 0.246,