{
  "classification_report": {
    "annoyance": {
      "precision": 0.08108108108108109,
      "recall": 0.07142857142857142,
      "f1-score": 0.0759493670886076,
      "support": 42.0
    },
    "curiosity": {
      "precision": 0.15730337078651685,
      "recall": 0.3684210526315789,
      "f1-score": 0.2204724409448819,
      "support": 38.0
    },
    "anger": {
      "precision": 0.30952380952380953,
      "recall": 0.4482758620689655,
      "f1-score": 0.36619718309859156,
      "support": 29.0
    },
    "desire": {
      "precision": 0.2777777777777778,
      "recall": 0.4166666666666667,
      "f1-score": 0.3333333333333333,
      "support": 12.0
    },
    "grief": {
      "precision": 0.0,
      "recall": 0.0,
      "f1-score": 0.0,
      "support": 0.0
    },
    "admiration": {
      "precision": 0.5769230769230769,
      "recall": 0.5921052631578947,
      "f1-score": 0.5844155844155844,
      "support": 76.0
    },
    "caring": {
      "precision": 0.0,
      "recall": 0.0,
      "f1-score": 0.0,
      "support": 19.0
    },
    "approval": {
      "precision": 0.2127659574468085,
      "recall": 0.19607843137254902,
      "f1-score": 0.20408163265306123,
      "support": 51.0
    },
    "optimism": {
      "precision": 0.2857142857142857,
      "recall": 0.2608695652173913,
      "f1-score": 0.2727272727272727,
      "support": 23.0
    },
    "disappointment": {
      "precision": 0.05303030303030303,
      "recall": 0.3684210526315789,
      "f1-score": 0.09271523178807947,
      "support": 19.0
    },
    "joy": {
      "precision": 0.21875,
      "recall": 0.35,
      "f1-score": 0.2692307692307692,
      "support": 20.0
    },
    "nervousness": {
      "precision": 0.2,
      "recall": 0.3333333333333333,
      "f1-score": 0.25,
      "support": 3.0
    },
    "sadness": {
      "precision": 0.39285714285714285,
      "recall": 0.5,
      "f1-score": 0.44,
      "support": 22.0
    },
    "remorse": {
      "precision": 0.4,
      "recall": 0.2,
      "f1-score": 0.26666666666666666,
      "support": 10.0
    },
    "love": {
      "precision": 0.425531914893617,
      "recall": 0.5714285714285714,
      "f1-score": 0.4878048780487805,
      "support": 35.0
    },
    "fear": {
      "precision": 1.0,
      "recall": 0.14285714285714285,
      "f1-score": 0.25,
      "support": 14.0
    },
    "realization": {
      "precision": 0.2,
      "recall": 0.10526315789473684,
      "f1-score": 0.13793103448275862,
      "support": 19.0
    },
    "relief": {
      "precision": 0.0,
      "recall": 0.0,
      "f1-score": 0.0,
      "support": 2.0
    },
    "amusement": {
      "precision": 0.36363636363636365,
      "recall": 0.4878048780487805,
      "f1-score": 0.4166666666666667,
      "support": 41.0
    },
    "confusion": {
      "precision": 0.16216216216216217,
      "recall": 0.2857142857142857,
      "f1-score": 0.20689655172413793,
      "support": 21.0
    },
    "disapproval": {
      "precision": 0.14444444444444443,
      "recall": 0.30952380952380953,
      "f1-score": 0.19696969696969696,
      "support": 42.0
    },
    "surprise": {
      "precision": 0.18181818181818182,
      "recall": 0.21052631578947367,
      "f1-score": 0.1951219512195122,
      "support": 19.0
    },
    "neutral": {
      "precision": 0.5869565217391305,
      "recall": 0.15428571428571428,
      "f1-score": 0.24434389140271492,
      "support": 350.0
    },
    "embarrassment": {
      "precision": 0.6666666666666666,
      "recall": 0.4,
      "f1-score": 0.5,
      "support": 5.0
    },
    "pride": {
      "precision": 0.0,
      "recall": 0.0,
      "f1-score": 0.0,
      "support": 2.0
    },
    "gratitude": {
      "precision": 0.8372093023255814,
      "recall": 0.631578947368421,
      "f1-score": 0.72,
      "support": 57.0
    },
    "excitement": {
      "precision": 0.23076923076923078,
      "recall": 0.25,
      "f1-score": 0.24,
      "support": 12.0
    },
    "disgust": {
      "precision": 0.38461538461538464,
      "recall": 0.29411764705882354,
      "f1-score": 0.3333333333333333,
      "support": 17.0
    },
    "micro avg": {
      "precision": 0.29754601226993865,
      "recall": 0.291,
      "f1-score": 0.2942366026289181,
      "support": 1000.0
    },
    "macro avg": {
      "precision": 0.2981977492218416,
      "recall": 0.2838821524456532,
      "f1-score": 0.26088776734980174,
      "support": 1000.0
    },
    "weighted avg": {
      "precision": 0.4279126003918839,
      "recall": 0.291,
      "f1-score": 0.30173598520229444,
      "support": 1000.0
    }
  },
  "accuracy": 0.291,