{
  "classification_report": {
    "gratitude": {
      "precision": 0.8717948717948718,
      "recall": 0.5964912280701754,
      "f1-score": 0.7083333333333334,
      "support": 57.0
    },
    "neutral": {
      "precision": 0.6265060240963856,
      "recall": 0.14857142857142858,
      "f1-score": 0.24018475750577367,
      "support": 350.0
    },
    "remorse": {
      "precision": 0.42857142857142855,
      "recall": 0.3,
      "f1-score": 0.35294117647058826,
      "support": 10.0
    },
    "disapproval": {
      "precision": 0.14736842105263157,
      "recall": 0.3333333333333333,
      "f1-score": 0.20437956204379562,
      "support": 42.0
    },
    "admiration": {
      "precision": 0.5671641791044776,
      "recall": 0.5,
      "f1-score": 0.5314685314685315,
      "support": 76.0
    },
    "optimism": {
      "precision": 0.5,
      "recall": 0.391304347826087,
      "f1-score": 0.43902439024390244,
      "support": 23.0
    },
    "love": {
      "precision": 0.6666666666666666,
      "recall": 0.45714285714285713,
      "f1-score": 0.5423728813559322,
      "support": 35.0
    },
    "pride": {
      "precision": 0.2,
      "recall": 0.5,
      "f1-score": 0.2857142857142857,
      "support": 2.0
    },
    "disgust": {
      "precision": 0.11627906976744186,
      "recall": 0.29411764705882354,
      "f1-score": 0.16666666666666666,
      "support": 17.0
    },
    "grief": {
      "precision": 0.0,
      "recall": 0.0,
      "f1-score": 0.0,
      "support": 0.0
    },
    "anger": {
      "precision": 0.21052631578947367,
      "recall": 0.41379310344827586,
      "f1-score": 0.27906976744186046,
      "support": 29.0
    },
    "curiosity": {
      "precision": 0.42857142857142855,
      "recall": 0.47368421052631576,
      "f1-score": 0.45,
      "support": 38.0
    },
    "embarrassment": {
      "precision": 0.2,
      "recall": 0.6,
      "f1-score": 0.3,
      "support": 5.0
    },
    "realization": {
      "precision": 0.08163265306122448,
      "recall": 0.21052631578947367,
      "f1-score": 0.11764705882352941,
      "support": 19.0
    },
    "fear": {
      "precision": 0.4117647058823529,
      "recall": 0.5,
      "f1-score": 0.45161290322580644,
      "support": 14.0
    },
    "disappointment": {
      "precision": 0.0625,
      "recall": 0.15789473684210525,
      "f1-score": 0.08955223880597014,
      "support": 19.0
    },
    "approval": {
      "precision": 0.17142857142857143,
      "recall": 0.23529411764705882,
      "f1-score": 0.19834710743801653,
      "support": 51.0
    },
    "annoyance": {
      "precision": 0.10638297872340426,
      "recall": 0.11904761904761904,
      "f1-score": 0.11235955056179775,
      "support": 42.0
    },
    "excitement": {
      "precision": 0.2857142857142857,
      "recall": 0.3333333333333333,
      "f1-score": 0.3076923076923077,
      "support": 12.0
    },
    "confusion": {
      "precision": 0.19607843137254902,
      "recall": 0.47619047619047616,
      "f1-score": 0.2777777777777778,
      "support": 21.0
    },
    "nervousness": {
      "precision": 0.05263157894736842,
      "recall": 0.3333333333333333,
      "f1-score": 0.09090909090909091,
      "support": 3.0
    },
    "caring": {
      "precision": 0.2608695652173913,
      "recall": 0.3157894736842105,
      "f1-score": 0.2857142857142857,
      "support": 19.0
    },
    "amusement": {
      "precision": 0.3968253968253968,
      "recall": 0.6097560975609756,
      "f1-score": 0.4807692307692308,
      "support": 41.0
    },
    "sadness": {
      "precision": 0.47368421052631576,
      "recall": 0.4090909090909091,
      "f1-score": 0.43902439024390244,
      "support": 22.0
    },
    "desire": {
      "precision": 0.16666666666666666,
      "recall": 0.16666666666666666,
      "f1-score": 0.16666666666666666,
      "support": 12.0
    },
    "joy": {
      "precision": 0.22580645161290322,
      "recall": 0.35,
      "f1-score": 0.27450980392156865,
      "support": 20.0
    },
    "surprise": {
      "precision": 0.16,
      "recall": 0.21052631578947367,
      "f1-score": 0.18181818181818182,
      "support": 19.0
    },
    "relief": {
      "precision": 0.0,
      "recall": 0.0,
      "f1-score": 0.0,
      "support": 2.0
    },
    "micro avg": {
      "precision": 0.3055276381909548,
      "recall": 0.304,
      "f1-score": 0.3047619047619048,
      "support": 1000.0
    },
    "macro avg": {
      "precision": 0.28626549647832983,
      "recall": 0.3369959839626047,
      "f1-score": 0.2848055695218858,
      "support": 1000.0
    },
    "weighted avg": {
      "precision": 0.4537719631076987,
      "recall": 0.304,
      "f1-score": 0.31675895108269475,
      "support": 1000.0
    }
  },
  "accuracy": 0.304,