{
  "classification_report": {
    "neutral": {
      "precision": 0.5167785234899329,
      "recall": 0.22,
      "f1-score": 0.30861723446893785,
      "support": 350.0
    },
    "disappointment": {
      "precision": 0.0,
      "recall": 0.0,
      "f1-score": 0.0,
      "support": 19.0
    },
    "disgust": {
      "precision": 0.36363636363636365,
      "recall": 0.23529411764705882,
      "f1-score": 0.2857142857142857,
      "support": 17.0
    },
    "pride": {
      "precision": 0.0,
      "recall": 0.0,
      "f1-score": 0.0,
      "support": 2.0
    },
    "desire": {
      "precision": 0.1111111111111111,
      "recall": 0.08333333333333333,
      "f1-score": 0.09523809523809523,
      "support": 12.0
    },
    "amusement": {
      "precision": 0.375,
      "recall": 0.36585365853658536,
      "f1-score": 0.37037037037037035,
      "support": 41.0
    },
    "caring": {
      "precision": 0.0,
      "recall": 0.0,
      "f1-score": 0.0,
      "support": 19.0
    },
    "realization": {
      "precision": 0.13333333333333333,
      "recall": 0.10526315789473684,
      "f1-score": 0.11764705882352941,
      "support": 19.0
    },
    "confusion": {
      "precision": 0.17857142857142858,
      "recall": 0.23809523809523808,
      "f1-score": 0.20408163265306123,
      "support": 21.0
    },
    "curiosity": {
      "precision": 0.21739130434782608,
      "recall": 0.13157894736842105,
      "f1-score": 0.16393442622950818,
      "support": 38.0
    },
    "surprise": {
      "precision": 0.1,
      "recall": 0.05263157894736842,
      "f1-score": 0.06896551724137931,
      "support": 19.0
    },
    "optimism": {
      "precision": 0.3333333333333333,
      "recall": 0.13043478260869565,
      "f1-score": 0.1875,
      "support": 23.0
    },
    "anger": {
      "precision": 0.2692307692307692,
      "recall": 0.2413793103448276,
      "f1-score": 0.2545454545454545,
      "support": 29.0
    },
    "admiration": {
      "precision": 0.5857142857142857,
      "recall": 0.5394736842105263,
      "f1-score": 0.5616438356164384,
      "support": 76.0
    },
    "embarrassment": {
      "precision": 0.0,
      "recall": 0.0,
      "f1-score": 0.0,
      "support": 5.0
    },
    "annoyance": {
      "precision": 0.0625,
      "recall": 0.023809523809523808,
      "f1-score": 0.034482758620689655,
      "support": 42.0
    },
    "love": {
      "precision": 0.5,
      "recall": 0.6285714285714286,
      "f1-score": 0.5569620253164557,
      "support": 35.0
    },
    "fear": {
      "precision": 0.5,
      "recall": 0.2857142857142857,
      "f1-score": 0.36363636363636365,
      "support": 14.0
    },
    "nervousness": {
      "precision": 0.0,
      "recall": 0.0,
      "f1-score": 0.0,
      "support": 3.0
    },
    "excitement": {
      "precision": 0.4166666666666667,
      "recall": 0.4166666666666667,
      "f1-score": 0.4166666666666667,
      "support": 12.0
    },
    "sadness": {
      "precision": 0.375,
      "recall": 0.2727272727272727,
      "f1-score": 0.3157894736842105,
      "support": 22.0
    },
    "remorse": {
      "precision": 0.4,
      "recall": 0.2,
      "f1-score": 0.26666666666666666,
      "support": 10.0
    },
    "grief": {
      "precision": 0.0,
      "recall": 0.0,
      "f1-score": 0.0,
      "support": 0.0
    },
    "relief": {
      "precision": 0.0,
      "recall": 0.0,
      "f1-score": 0.0,
      "support": 2.0
    },
    "approval": {
      "precision": 0.21052631578947367,
      "recall": 0.23529411764705882,
      "f1-score": 0.2222222222222222,
      "support": 51.0
    },
    "joy": {
      "precision": 0.23809523809523808,
      "recall": 0.25,
      "f1-score": 0.24390243902439024,
      "support": 20.0
    },
    "gratitude": {
      "precision": 0.875,
      "recall": 0.6140350877192983,
      "f1-score": 0.7216494845360825,
      "support": 57.0
    },
    "disapproval": {
      "precision": 0.08333333333333333,
      "recall": 0.047619047619047616,
      "f1-score": 0.06060606060606061,
      "support": 42.0
    },
    "micro avg": {
      "precision": 0.38694992412746587,
      "recall": 0.255,
      "f1-score": 0.3074141048824593,
      "support": 1000.0
    },
    "macro avg": {
      "precision": 0.24447221452332485,
      "recall": 0.18992054426647761,
      "f1-score": 0.20788721685288816,
      "support": 1000.0
    },
    "weighted avg": {
      "precision": 0.3934442291909914,
      "recall": 0.255,
      "f1-score": 0.29817907657025544,
      "support": 1000.0
    }
  },
  "accuracy": 0.255,