{
  "classification_report": {
    "admiration": {
      "precision": 0.3783783783783784,
      "recall": 0.3684210526315789,
      "f1-score": 0.37333333333333335,
      "support": 76.0
    },
    "love": {
      "precision": 0.325,
      "recall": 0.37142857142857144,
      "f1-score": 0.3466666666666667,
      "support": 35.0
    },
    "sadness": {
      "precision": 0.5,
      "recall": 0.36363636363636365,
      "f1-score": 0.42105263157894735,
      "support": 22.0
    },
    "disapproval": {
      "precision": 0.10526315789473684,
      "recall": 0.09523809523809523,
      "f1-score": 0.1,
      "support": 42.0
    },
    "caring": {
      "precision": 0.05263157894736842,
      "recall": 0.05263157894736842,
      "f1-score": 0.05263157894736842,
      "support": 19.0
    },
    "joy": {
      "precision": 0.12121212121212122,
      "recall": 0.2,
      "f1-score": 0.1509433962264151,
      "support": 20.0
    },
    "optimism": {
      "precision": 0.20833333333333334,
      "recall": 0.21739130434782608,
      "f1-score": 0.2127659574468085,
      "support": 23.0
    },
    "fear": {
      "precision": 0.125,
      "recall": 0.07142857142857142,
      "f1-score": 0.09090909090909091,
      "support": 14.0
    },
    "surprise": {
      "precision": 0.13333333333333333,
      "recall": 0.21052631578947367,
      "f1-score": 0.16326530612244897,
      "support": 19.0
    },
    "disgust": {
      "precision": 0.15789473684210525,
      "recall": 0.17647058823529413,
      "f1-score": 0.16666666666666666,
      "support": 17.0
    },
    "curiosity": {
      "precision": 0.16,
      "recall": 0.10526315789473684,
      "f1-score": 0.12698412698412698,
      "support": 38.0
    },
    "confusion": {
      "precision": 0.16216216216216217,
      "recall": 0.2857142857142857,
      "f1-score": 0.20689655172413793,
      "support": 21.0
    },
    "nervousness": {
      "precision": 0.0,
      "recall": 0.0,
      "f1-score": 0.0,
      "support": 3.0
    },
    "annoyance": {
      "precision": 0.058823529411764705,
      "recall": 0.07142857142857142,
      "f1-score": 0.06451612903225806,
      "support": 42.0
    },
    "amusement": {
      "precision": 0.3,
      "recall": 0.5853658536585366,
      "f1-score": 0.39669421487603307,
      "support": 41.0
    },
    "excitement": {
      "precision": 0.05555555555555555,
      "recall": 0.08333333333333333,
      "f1-score": 0.06666666666666667,
      "support": 12.0
    },
    "relief": {
      "precision": 0.0,
      "recall": 0.0,
      "f1-score": 0.0,
      "support": 2.0
    },
    "neutral": {
      "precision": 0.5658536585365853,
      "recall": 0.3314285714285714,
      "f1-score": 0.418018018018018,
      "support": 350.0
    },
    "realization": {
      "precision": 0.07142857142857142,
      "recall": 0.05263157894736842,
      "f1-score": 0.06060606060606061,
      "support": 19.0
    },
    "remorse": {
      "precision": 0.14285714285714285,
      "recall": 0.1,
      "f1-score": 0.11764705882352941,
      "support": 10.0
    },
    "disappointment": {
      "precision": 0.0,
      "recall": 0.0,
      "f1-score": 0.0,
      "support": 19.0
    },
    "approval": {
      "precision": 0.13432835820895522,
      "recall": 0.17647058823529413,
      "f1-score": 0.15254237288135594,
      "support": 51.0
    },
    "gratitude": {
      "precision": 0.6,
      "recall": 0.631578947368421,
      "f1-score": 0.6153846153846154,
      "support": 57.0
    },
    "grief": {
      "precision": 0.0,
      "recall": 0.0,
      "f1-score": 0.0,
      "support": 0.0
    },
    "anger": {
      "precision": 0.25,
      "recall": 0.4482758620689655,
      "f1-score": 0.32098765432098764,
      "support": 29.0
    },
    "embarrassment": {
      "precision": 0.2857142857142857,
      "recall": 0.4,
      "f1-score": 0.3333333333333333,
      "support": 5.0
    },
    "desire": {
      "precision": 0.08333333333333333,
      "recall": 0.08333333333333333,
      "f1-score": 0.08333333333333333,
      "support": 12.0
    },
    "pride": {
      "precision": 0.0,
      "recall": 0.0,
      "f1-score": 0.0,
      "support": 2.0
    },
    "micro avg": {
      "precision": 0.2993762993762994,
      "recall": 0.288,
      "f1-score": 0.29357798165137616,
      "support": 1000.0
    },
    "macro avg": {
      "precision": 0.17775368704106187,
      "recall": 0.19578559018194858,
      "f1-score": 0.18006588442436433,
      "support": 1000.0
    },
    "weighted avg": {
      "precision": 0.3472227351170074,
      "recall": 0.288,
      "f1-score": 0.3025009603523758,
      "support": 1000.0
    }
  },
  "accuracy": 0.288,