{
  "classification_report": {
    "anger": {
      "precision": 0.36363636363636365,
      "recall": 0.27586206896551724,
      "f1-score": 0.3137254901960784,
      "support": 29.0
    },
    "relief": {
      "precision": 0.0,
      "recall": 0.0,
      "f1-score": 0.0,
      "support": 2.0
    },
    "love": {
      "precision": 0.5128205128205128,
      "recall": 0.5714285714285714,
      "f1-score": 0.5405405405405406,
      "support": 35.0
    },
    "desire": {
      "precision": 0.3333333333333333,
      "recall": 0.3333333333333333,
      "f1-score": 0.3333333333333333,
      "support": 12.0
    },
    "grief": {
      "precision": 0.0,
      "recall": 0.0,
      "f1-score": 0.0,
      "support": 0.0
    },
    "neutral": {
      "precision": 0.6203703703703703,
      "recall": 0.19142857142857142,
      "f1-score": 0.2925764192139738,
      "support": 350.0
    },
    "annoyance": {
      "precision": 0.2777777777777778,
      "recall": 0.11904761904761904,
      "f1-score": 0.16666666666666666,
      "support": 42.0
    },
    "disapproval": {
      "precision": 0.13194444444444445,
      "recall": 0.4523809523809524,
      "f1-score": 0.20430107526881722,
      "support": 42.0
    },
    "gratitude": {
      "precision": 0.6530612244897959,
      "recall": 0.5614035087719298,
      "f1-score": 0.6037735849056604,
      "support": 57.0
    },
    "disgust": {
      "precision": 0.17073170731707318,
      "recall": 0.4117647058823529,
      "f1-score": 0.2413793103448276,
      "support": 17.0
    },
    "nervousness": {
      "precision": 0.25,
      "recall": 0.6666666666666666,
      "f1-score": 0.36363636363636365,
      "support": 3.0
    },
    "fear": {
      "precision": 0.7142857142857143,
      "recall": 0.35714285714285715,
      "f1-score": 0.47619047619047616,
      "support": 14.0
    },
    "remorse": {
      "precision": 1.0,
      "recall": 0.5,
      "f1-score": 0.6666666666666666,
      "support": 10.0
    },
    "curiosity": {
      "precision": 0.3018867924528302,
      "recall": 0.42105263157894735,
      "f1-score": 0.3516483516483517,
      "support": 38.0
    },
    "embarrassment": {
      "precision": 0.4,
      "recall": 0.4,
      "f1-score": 0.4,
      "support": 5.0
    },
    "confusion": {
      "precision": 0.375,
      "recall": 0.2857142857142857,
      "f1-score": 0.32432432432432434,
      "support": 21.0
    },
    "joy": {
      "precision": 0.24,
      "recall": 0.3,
      "f1-score": 0.26666666666666666,
      "support": 20.0
    },
    "caring": {
      "precision": 0.35,
      "recall": 0.3684210526315789,
      "f1-score": 0.358974358974359,
      "support": 19.0
    },
    "sadness": {
      "precision": 0.4,
      "recall": 0.45454545454545453,
      "f1-score": 0.425531914893617,
      "support": 22.0
    },
    "disappointment": {
      "precision": 0.07547169811320754,
      "recall": 0.42105263157894735,
      "f1-score": 0.128,
      "support": 19.0
    },
    "admiration": {
      "precision": 0.575,
      "recall": 0.3026315789473684,
      "f1-score": 0.39655172413793105,
      "support": 76.0
    },
    "surprise": {
      "precision": 0.25,
      "recall": 0.3684210526315789,
      "f1-score": 0.2978723404255319,
      "support": 19.0
    },
    "amusement": {
      "precision": 0.30434782608695654,
      "recall": 0.5121951219512195,
      "f1-score": 0.38181818181818183,
      "support": 41.0
    },
    "pride": {
      "precision": 0.0,
      "recall": 0.0,
      "f1-score": 0.0,
      "support": 2.0
    },
    "realization": {
      "precision": 0.09090909090909091,
      "recall": 0.10526315789473684,
      "f1-score": 0.0975609756097561,
      "support": 19.0
    },
    "excitement": {
      "precision": 0.14285714285714285,
      "recall": 0.3333333333333333,
      "f1-score": 0.2,
      "support": 12.0
    },
    "approval": {
      "precision": 0.2962962962962963,
      "recall": 0.1568627450980392,
      "f1-score": 0.20512820512820512,
      "support": 51.0
    },
    "optimism": {
      "precision": 0.20833333333333334,
      "recall": 0.21739130434782608,
      "f1-score": 0.2127659574468085,
      "support": 23.0
    },
    "micro avg": {
      "precision": 0.3154008438818565,
      "recall": 0.299,
      "f1-score": 0.3069815195071869,
      "support": 1000.0
    },
    "macro avg": {
      "precision": 0.3227879867330087,
      "recall": 0.32454797161791743,
      "f1-score": 0.2946297474298977,
      "support": 1000.0
    },
    "weighted avg": {
      "precision": 0.455012321743704,
      "recall": 0.299,
      "f1-score": 0.32012399649198114,
      "support": 1000.0
    }
  },
  "accuracy": 0.299,