{
  "classification_report": {
    "amusement": {
      "precision": 0.38461538461538464,
      "recall": 0.12195121951219512,
      "f1-score": 0.18518518518518517,
      "support": 41.0
    },
    "admiration": {
      "precision": 0.5849056603773585,
      "recall": 0.40789473684210525,
      "f1-score": 0.4806201550387597,
      "support": 76.0
    },
    "anger": {
      "precision": 0.2,
      "recall": 0.27586206896551724,
      "f1-score": 0.2318840579710145,
      "support": 29.0
    },
    "surprise": {
      "precision": 0.0,
      "recall": 0.0,
      "f1-score": 0.0,
      "support": 19.0
    },
    "confusion": {
      "precision": 0.2,
      "recall": 0.09523809523809523,
      "f1-score": 0.12903225806451613,
      "support": 21.0
    },
    "annoyance": {
      "precision": 0.045454545454545456,
      "recall": 0.023809523809523808,
      "f1-score": 0.03125,
      "support": 42.0
    },
    "neutral": {
      "precision": 0.494949494949495,
      "recall": 0.28,
      "f1-score": 0.35766423357664234,
      "support": 350.0
    },
    "sadness": {
      "precision": 0.4,
      "recall": 0.18181818181818182,
      "f1-score": 0.25,
      "support": 22.0
    },
    "caring": {
      "precision": 0.0,
      "recall": 0.0,
      "f1-score": 0.0,
      "support": 19.0
    },
    "approval": {
      "precision": 0.17647058823529413,
      "recall": 0.058823529411764705,
      "f1-score": 0.08823529411764706,
      "support": 51.0
    },
    "joy": {
      "precision": 0.3125,
      "recall": 0.25,
      "f1-score": 0.2777777777777778,
      "support": 20.0
    },
    "disgust": {
      "precision": 0.08333333333333333,
      "recall": 0.058823529411764705,
      "f1-score": 0.06896551724137931,
      "support": 17.0
    },
    "pride": {
      "precision": 0.0,
      "recall": 0.0,
      "f1-score": 0.0,
      "support": 2.0
    },
    "realization": {
      "precision": 0.2857142857142857,
      "recall": 0.10526315789473684,
      "f1-score": 0.15384615384615385,
      "support": 19.0
    },
    "grief": {
      "precision": 0.0,
      "recall": 0.0,
      "f1-score": 0.0,
      "support": 0.0
    },
    "love": {
      "precision": 0.6470588235294118,
      "recall": 0.3142857142857143,
      "f1-score": 0.4230769230769231,
      "support": 35.0
    },
    "fear": {
      "precision": 0.4,
      "recall": 0.14285714285714285,
      "f1-score": 0.21052631578947367,
      "support": 14.0
    },
    "disappointment": {
      "precision": 0.05263157894736842,
      "recall": 0.05263157894736842,
      "f1-score": 0.05263157894736842,
      "support": 19.0
    },
    "disapproval": {
      "precision": 0.08108108108108109,
      "recall": 0.07142857142857142,
      "f1-score": 0.0759493670886076,
      "support": 42.0
    },
    "gratitude": {
      "precision": 0.5517241379310345,
      "recall": 0.2807017543859649,
      "f1-score": 0.37209302325581395,
      "support": 57.0
    },
    "excitement": {
      "precision": 0.1111111111111111,
      "recall": 0.08333333333333333,
      "f1-score": 0.09523809523809523,
      "support": 12.0
    },
    "desire": {
      "precision": 0.3333333333333333,
      "recall": 0.16666666666666666,
      "f1-score": 0.2222222222222222,
      "support": 12.0
    },
    "embarrassment": {
      "precision": 0.09090909090909091,
      "recall": 0.2,
      "f1-score": 0.125,
      "support": 5.0
    },
    "optimism": {
      "precision": 0.6666666666666666,
      "recall": 0.08695652173913043,
      "f1-score": 0.15384615384615385,
      "support": 23.0
    },
    "nervousness": {
      "precision": 0.0,
      "recall": 0.0,
      "f1-score": 0.0,
      "support": 3.0
    },
    "relief": {
      "precision": 0.0,
      "recall": 0.0,
      "f1-score": 0.0,
      "support": 2.0
    },
    "curiosity": {
      "precision": 0.1794871794871795,
      "recall": 0.18421052631578946,
      "f1-score": 0.18181818181818182,
      "support": 38.0
    },
    "remorse": {
      "precision": 0.25,
      "recall": 0.2,
      "f1-score": 0.2222222222222222,
      "support": 10.0
    },
    "micro avg": {
      "precision": 0.35194585448392557,
      "recall": 0.208,
      "f1-score": 0.26147077309868005,
      "support": 1000.0
    },
    "macro avg": {
      "precision": 0.23328379627414192,
      "recall": 0.1300912804594131,
      "f1-score": 0.15675302558300494,
      "support": 1000.0
    },
    "weighted avg": {
      "precision": 0.370801178227291,
      "recall": 0.208,
      "f1-score": 0.2599586024509597,
      "support": 1000.0
    }
  },
  "accuracy": 0.208,