{
  "classification_report": {
    "annoyance": {
      "precision": 0.1,
      "recall": 0.09523809523809523,
      "f1-score": 0.0975609756097561,
      "support": 42.0
    },
    "fear": {
      "precision": 0.2222222222222222,
      "recall": 0.14285714285714285,
      "f1-score": 0.17391304347826086,
      "support": 14.0
    },
    "realization": {
      "precision": 0.10526315789473684,
      "recall": 0.10526315789473684,
      "f1-score": 0.10526315789473684,
      "support": 19.0
    },
    "amusement": {
      "precision": 0.375,
      "recall": 0.43902439024390244,
      "f1-score": 0.4044943820224719,
      "support": 41.0
    },
    "remorse": {
      "precision": 0.2,
      "recall": 0.3,
      "f1-score": 0.24,
      "support": 10.0
    },
    "joy": {
      "precision": 0.25,
      "recall": 0.15,
      "f1-score": 0.1875,
      "support": 20.0
    },
    "grief": {
      "precision": 0.0,
      "recall": 0.0,
      "f1-score": 0.0,
      "support": 0.0
    },
    "surprise": {
      "precision": 0.09375,
      "recall": 0.15789473684210525,
      "f1-score": 0.11764705882352941,
      "support": 19.0
    },
    "love": {
      "precision": 0.35135135135135137,
      "recall": 0.37142857142857144,
      "f1-score": 0.3611111111111111,
      "support": 35.0
    },
    "optimism": {
      "precision": 0.14814814814814814,
      "recall": 0.17391304347826086,
      "f1-score": 0.16,
      "support": 23.0
    },
    "anger": {
      "precision": 0.26666666666666666,
      "recall": 0.27586206896551724,
      "f1-score": 0.2711864406779661,
      "support": 29.0
    },
    "caring": {
      "precision": 0.05,
      "recall": 0.10526315789473684,
      "f1-score": 0.06779661016949153,
      "support": 19.0
    },
    "relief": {
      "precision": 0.0,
      "recall": 0.0,
      "f1-score": 0.0,
      "support": 2.0
    },
    "nervousness": {
      "precision": 0.2,
      "recall": 0.3333333333333333,
      "f1-score": 0.25,
      "support": 3.0
    },
    "embarrassment": {
      "precision": 0.125,
      "recall": 0.2,
      "f1-score": 0.15384615384615385,
      "support": 5.0
    },
    "sadness": {
      "precision": 0.6,
      "recall": 0.13636363636363635,
      "f1-score": 0.2222222222222222,
      "support": 22.0
    },
    "disappointment": {
      "precision": 0.08888888888888889,
      "recall": 0.21052631578947367,
      "f1-score": 0.125,
      "support": 19.0
    },
    "curiosity": {
      "precision": 0.1419753086419753,
      "recall": 0.6052631578947368,
      "f1-score": 0.23,
      "support": 38.0
    },
    "admiration": {
      "precision": 0.5733333333333334,
      "recall": 0.5657894736842105,
      "f1-score": 0.5695364238410596,
      "support": 76.0
    },
    "desire": {
      "precision": 0.1,
      "recall": 0.08333333333333333,
      "f1-score": 0.09090909090909091,
      "support": 12.0
    },
    "disapproval": {
      "precision": 0.10365853658536585,
      "recall": 0.40476190476190477,
      "f1-score": 0.1650485436893204,
      "support": 42.0
    },
    "disgust": {
      "precision": 0.17647058823529413,
      "recall": 0.5294117647058824,
      "f1-score": 0.2647058823529412,
      "support": 17.0
    },
    "pride": {
      "precision": 0.0,
      "recall": 0.0,
      "f1-score": 0.0,
      "support": 2.0
    },
    "gratitude": {
      "precision": 0.9666666666666667,
      "recall": 0.5087719298245614,
      "f1-score": 0.6666666666666666,
      "support": 57.0
    },
    "neutral": {
      "precision": 0.47058823529411764,
      "recall": 0.045714285714285714,
      "f1-score": 0.08333333333333333,
      "support": 350.0
    },
    "confusion": {
      "precision": 0.2857142857142857,
      "recall": 0.2857142857142857,
      "f1-score": 0.2857142857142857,
      "support": 21.0
    },
    "approval": {
      "precision": 0.14814814814814814,
      "recall": 0.1568627450980392,
      "f1-score": 0.1523809523809524,
      "support": 51.0
    },
    "excitement": {
      "precision": 0.13043478260869565,
      "recall": 0.25,
      "f1-score": 0.17142857142857143,
      "support": 12.0
    },
    "micro avg": {
      "precision": 0.22645290581162325,
      "recall": 0.226,
      "f1-score": 0.22622622622622623,
      "support": 1000.0
    },
    "macro avg": {
      "precision": 0.22404572572856774,
      "recall": 0.23687823325216972,
      "f1-score": 0.20061660379185436,
      "support": 1000.0
    },
    "weighted avg": {
      "precision": 0.3664179969361529,
      "recall": 0.226,
      "f1-score": 0.21529941251778287,
      "support": 1000.0
    }
  },
  "accuracy": 0.226,