{
  "classification_report": {
    "pride": {
      "precision": 0.0,
      "recall": 0.0,
      "f1-score": 0.0,
      "support": 2.0
    },
    "curiosity": {
      "precision": 0.23595505617977527,
      "recall": 0.5526315789473685,
      "f1-score": 0.33070866141732286,
      "support": 38.0
    },
    "anger": {
      "precision": 0.17073170731707318,
      "recall": 0.2413793103448276,
      "f1-score": 0.2,
      "support": 29.0
    },
    "confusion": {
      "precision": 0.17857142857142858,
      "recall": 0.23809523809523808,
      "f1-score": 0.20408163265306123,
      "support": 21.0
    },
    "disappointment": {
      "precision": 0.057692307692307696,
      "recall": 0.15789473684210525,
      "f1-score": 0.08450704225352113,
      "support": 19.0
    },
    "approval": {
      "precision": 0.203125,
      "recall": 0.2549019607843137,
      "f1-score": 0.22608695652173913,
      "support": 51.0
    },
    "gratitude": {
      "precision": 0.8823529411764706,
      "recall": 0.5263157894736842,
      "f1-score": 0.6593406593406593,
      "support": 57.0
    },
    "excitement": {
      "precision": 0.14285714285714285,
      "recall": 0.3333333333333333,
      "f1-score": 0.2,
      "support": 12.0
    },
    "joy": {
      "precision": 0.4,
      "recall": 0.2,
      "f1-score": 0.26666666666666666,
      "support": 20.0
    },
    "surprise": {
      "precision": 0.045454545454545456,
      "recall": 0.05263157894736842,
      "f1-score": 0.04878048780487805,
      "support": 19.0
    },
    "neutral": {
      "precision": 0.5531914893617021,
      "recall": 0.07428571428571429,
      "f1-score": 0.1309823677581864,
      "support": 350.0
    },
    "annoyance": {
      "precision": 0.1,
      "recall": 0.09523809523809523,
      "f1-score": 0.0975609756097561,
      "support": 42.0
    },
    "fear": {
      "precision": 0.3,
      "recall": 0.21428571428571427,
      "f1-score": 0.25,
      "support": 14.0
    },
    "desire": {
      "precision": 0.4,
      "recall": 0.16666666666666666,
      "f1-score": 0.23529411764705882,
      "support": 12.0
    },
    "sadness": {
      "precision": 1.0,
      "recall": 0.09090909090909091,
      "f1-score": 0.16666666666666666,
      "support": 22.0
    },
    "love": {
      "precision": 0.4166666666666667,
      "recall": 0.42857142857142855,
      "f1-score": 0.4225352112676056,
      "support": 35.0
    },
    "admiration": {
      "precision": 0.5571428571428572,
      "recall": 0.5131578947368421,
      "f1-score": 0.5342465753424658,
      "support": 76.0
    },
    "optimism": {
      "precision": 0.21875,
      "recall": 0.30434782608695654,
      "f1-score": 0.2545454545454545,
      "support": 23.0
    },
    "disapproval": {
      "precision": 0.11224489795918367,
      "recall": 0.5238095238095238,
      "f1-score": 0.18487394957983194,
      "support": 42.0
    },
    "embarrassment": {
      "precision": 0.1111111111111111,
      "recall": 0.2,
      "f1-score": 0.14285714285714285,
      "support": 5.0
    },
    "nervousness": {
      "precision": 0.0,
      "recall": 0.0,
      "f1-score": 0.0,
      "support": 3.0
    },
    "caring": {
      "precision": 0.18181818181818182,
      "recall": 0.3157894736842105,
      "f1-score": 0.23076923076923078,
      "support": 19.0
    },
    "remorse": {
      "precision": 0.2,
      "recall": 0.3,
      "f1-score": 0.24,
      "support": 10.0
    },
    "relief": {
      "precision": 0.0,
      "recall": 0.0,
      "f1-score": 0.0,
      "support": 2.0
    },
    "realization": {
      "precision": 0.07692307692307693,
      "recall": 0.10526315789473684,
      "f1-score": 0.08888888888888889,
      "support": 19.0
    },
    "disgust": {
      "precision": 0.12857142857142856,
      "recall": 0.5294117647058824,
      "f1-score": 0.20689655172413793,
      "support": 17.0
    },
    "amusement": {
      "precision": 0.5142857142857142,
      "recall": 0.43902439024390244,
      "f1-score": 0.47368421052631576,
      "support": 41.0
    },
    "grief": {
      "precision": 0.0,
      "recall": 0.0,
      "f1-score": 0.0,
      "support": 0.0
    },
    "micro avg": {
      "precision": 0.2477432296890672,
      "recall": 0.247,
      "f1-score": 0.24737105658487732,
      "support": 1000.0
    },
    "macro avg": {
      "precision": 0.2566944840388809,
      "recall": 0.24492658099596445,
      "f1-score": 0.20999905178002107,
      "support": 1000.0
    },
    "weighted avg": {
      "precision": 0.4162268957283013,
      "recall": 0.247,
      "f1-score": 0.24309968541441943,
      "support": 1000.0
    }
  },
  "accuracy": 0.247,