{
  "classification_report": {
    "confusion": {
      "precision": 0.19607843137254902,
      "recall": 0.47619047619047616,
      "f1-score": 0.2777777777777778,
      "support": 21.0
    },
    "fear": {
      "precision": 1.0,
      "recall": 0.35714285714285715,
      "f1-score": 0.5263157894736842,
      "support": 14.0
    },
    "optimism": {
      "precision": 0.21875,
      "recall": 0.30434782608695654,
      "f1-score": 0.2545454545454545,
      "support": 23.0
    },
    "nervousness": {
      "precision": 0.25,
      "recall": 0.3333333333333333,
      "f1-score": 0.2857142857142857,
      "support": 3.0
    },
    "gratitude": {
      "precision": 0.5853658536585366,
      "recall": 0.42105263157894735,
      "f1-score": 0.4897959183673469,
      "support": 57.0
    },
    "annoyance": {
      "precision": 0.25,
      "recall": 0.19047619047619047,
      "f1-score": 0.21621621621621623,
      "support": 42.0
    },
    "anger": {
      "precision": 0.20454545454545456,
      "recall": 0.3103448275862069,
      "f1-score": 0.2465753424657534,
      "support": 29.0
    },
    "amusement": {
      "precision": 0.296875,
      "recall": 0.4634146341463415,
      "f1-score": 0.3619047619047619,
      "support": 41.0
    },
    "remorse": {
      "precision": 0.25,
      "recall": 0.2,
      "f1-score": 0.2222222222222222,
      "support": 10.0
    },
    "approval": {
      "precision": 0.2,
      "recall": 0.09803921568627451,
      "f1-score": 0.13157894736842105,
      "support": 51.0
    },
    "desire": {
      "precision": 0.08333333333333333,
      "recall": 0.08333333333333333,
      "f1-score": 0.08333333333333333,
      "support": 12.0
    },
    "surprise": {
      "precision": 0.16666666666666666,
      "recall": 0.3157894736842105,
      "f1-score": 0.21818181818181817,
      "support": 19.0
    },
    "relief": {
      "precision": 0.0,
      "recall": 0.0,
      "f1-score": 0.0,
      "support": 2.0
    },
    "disgust": {
      "precision": 0.3,
      "recall": 0.35294117647058826,
      "f1-score": 0.32432432432432434,
      "support": 17.0
    },
    "love": {
      "precision": 0.37037037037037035,
      "recall": 0.2857142857142857,
      "f1-score": 0.3225806451612903,
      "support": 35.0
    },
    "admiration": {
      "precision": 0.43333333333333335,
      "recall": 0.5131578947368421,
      "f1-score": 0.46987951807228917,
      "support": 76.0
    },
    "embarrassment": {
      "precision": 0.2857142857142857,
      "recall": 0.4,
      "f1-score": 0.3333333333333333,
      "support": 5.0
    },
    "neutral": {
      "precision": 0.5777777777777777,
      "recall": 0.07428571428571429,
      "f1-score": 0.13164556962025317,
      "support": 350.0
    },
    "curiosity": {
      "precision": 0.22784810126582278,
      "recall": 0.47368421052631576,
      "f1-score": 0.3076923076923077,
      "support": 38.0
    },
    "joy": {
      "precision": 0.25,
      "recall": 0.3,
      "f1-score": 0.2727272727272727,
      "support": 20.0
    },
    "sadness": {
      "precision": 0.30434782608695654,
      "recall": 0.3181818181818182,
      "f1-score": 0.3111111111111111,
      "support": 22.0
    },
    "excitement": {
      "precision": 0.2,
      "recall": 0.3333333333333333,
      "f1-score": 0.25,
      "support": 12.0
    },
    "disappointment": {
      "precision": 0.05142857142857143,
      "recall": 0.47368421052631576,
      "f1-score": 0.09278350515463918,
      "support": 19.0
    },
    "caring": {
      "precision": 0.1111111111111111,
      "recall": 0.05263157894736842,
      "f1-score": 0.07142857142857142,
      "support": 19.0
    },
    "pride": {
      "precision": 0.5,
      "recall": 0.5,
      "f1-score": 0.5,
      "support": 2.0
    },
    "disapproval": {
      "precision": 0.12345679012345678,
      "recall": 0.23809523809523808,
      "f1-score": 0.16260162601626016,
      "support": 42.0
    },
    "grief": {
      "precision": 0.0,
      "recall": 0.0,
      "f1-score": 0.0,
      "support": 0.0
    },
    "realization": {
      "precision": 0.3333333333333333,
      "recall": 0.10526315789473684,
      "f1-score": 0.16,
      "support": 19.0
    },
    "micro avg": {
      "precision": 0.24688796680497926,
      "recall": 0.238,
      "f1-score": 0.24236252545824846,
      "support": 1000.0
    },
    "macro avg": {
      "precision": 0.27751200857576996,
      "recall": 0.2848013363556316,
      "f1-score": 0.25086677329331175,
      "support": 1000.0
    },
    "weighted avg": {
      "precision": 0.39574285302172163,
      "recall": 0.238,
      "f1-score": 0.23421776521921087,
      "support": 1000.0
    }
  },
  "accuracy": 0.238,