{
  "classification_report": {
    "remorse": {
      "precision": 0.42857142857142855,
      "recall": 0.3,
      "f1-score": 0.35294117647058826,
      "support": 10.0
    },
    "excitement": {
      "precision": 0.375,
      "recall": 0.5,
      "f1-score": 0.42857142857142855,
      "support": 12.0
    },
    "embarrassment": {
      "precision": 0.4,
      "recall": 0.4,
      "f1-score": 0.4,
      "support": 5.0
    },
    "nervousness": {
      "precision": 0.4,
      "recall": 0.6666666666666666,
      "f1-score": 0.5,
      "support": 3.0
    },
    "annoyance": {
      "precision": 0.12,
      "recall": 0.07142857142857142,
      "f1-score": 0.08955223880597014,
      "support": 42.0
    },
    "admiration": {
      "precision": 0.5070422535211268,
      "recall": 0.47368421052631576,
      "f1-score": 0.4897959183673469,
      "support": 76.0
    },
    "love": {
      "precision": 0.4722222222222222,
      "recall": 0.4857142857142857,
      "f1-score": 0.4788732394366197,
      "support": 35.0
    },
    "disappointment": {
      "precision": 0.06666666666666667,
      "recall": 0.10526315789473684,
      "f1-score": 0.08163265306122448,
      "support": 19.0
    },
    "gratitude": {
      "precision": 0.74,
      "recall": 0.6491228070175439,
      "f1-score": 0.6915887850467289,
      "support": 57.0
    },
    "caring": {
      "precision": 0.2631578947368421,
      "recall": 0.2631578947368421,
      "f1-score": 0.2631578947368421,
      "support": 19.0
    },
    "joy": {
      "precision": 0.21052631578947367,
      "recall": 0.2,
      "f1-score": 0.20512820512820512,
      "support": 20.0
    },
    "confusion": {
      "precision": 0.34375,
      "recall": 0.5238095238095238,
      "f1-score": 0.41509433962264153,
      "support": 21.0
    },
    "anger": {
      "precision": 0.18666666666666668,
      "recall": 0.4827586206896552,
      "f1-score": 0.2692307692307692,
      "support": 29.0
    },
    "sadness": {
      "precision": 0.43478260869565216,
      "recall": 0.45454545454545453,
      "f1-score": 0.4444444444444444,
      "support": 22.0
    },
    "disapproval": {
      "precision": 0.15789473684210525,
      "recall": 0.5,
      "f1-score": 0.24,
      "support": 42.0
    },
    "grief": {
      "precision": 0.0,
      "recall": 0.0,
      "f1-score": 0.0,
      "support": 0.0
    },
    "amusement": {
      "precision": 0.3815789473684211,
      "recall": 0.7073170731707317,
      "f1-score": 0.49572649572649574,
      "support": 41.0
    },
    "realization": {
      "precision": 0.05714285714285714,
      "recall": 0.10526315789473684,
      "f1-score": 0.07407407407407407,
      "support": 19.0
    },
    "optimism": {
      "precision": 0.2777777777777778,
      "recall": 0.21739130434782608,
      "f1-score": 0.24390243902439024,
      "support": 23.0
    },
    "fear": {
      "precision": 0.35,
      "recall": 0.5,
      "f1-score": 0.4117647058823529,
      "support": 14.0
    },
    "pride": {
      "precision": 0.0,
      "recall": 0.0,
      "f1-score": 0.0,
      "support": 2.0
    },
    "neutral": {
      "precision": 0.6212121212121212,
      "recall": 0.11714285714285715,
      "f1-score": 0.1971153846153846,
      "support": 350.0
    },
    "surprise": {
      "precision": 0.18518518518518517,
      "recall": 0.2631578947368421,
      "f1-score": 0.21739130434782608,
      "support": 19.0
    },
    "disgust": {
      "precision": 0.125,
      "recall": 0.23529411764705882,
      "f1-score": 0.16326530612244897,
      "support": 17.0
    },
    "curiosity": {
      "precision": 0.3382352941176471,
      "recall": 0.6052631578947368,
      "f1-score": 0.4339622641509434,
      "support": 38.0
    },
    "desire": {
      "precision": 0.14285714285714285,
      "recall": 0.16666666666666666,
      "f1-score": 0.15384615384615385,
      "support": 12.0
    },
    "approval": {
      "precision": 0.16279069767441862,
      "recall": 0.27450980392156865,
      "f1-score": 0.20437956204379562,
      "support": 51.0
    },
    "relief": {
      "precision": 0.0,
      "recall": 0.0,
      "f1-score": 0.0,
      "support": 2.0
    },
    "micro avg": {
      "precision": 0.3077699293642785,
      "recall": 0.305,
      "f1-score": 0.3063787041687594,
      "support": 1000.0
    },
    "macro avg": {
      "precision": 0.27671645775170556,
      "recall": 0.33100561523045074,
      "f1-score": 0.2837656708127384,
      "support": 1000.0
    },
    "weighted avg": {
      "precision": 0.427531429417181,
      "recall": 0.305,
      "f1-score": 0.2941381754518561,
      "support": 1000.0
    }
  },
  "accuracy": 0.305,