{
  "classification_report": {
    "neutral": {
      "precision": 0.6785714285714286,
      "recall": 0.054285714285714284,
      "f1-score": 0.10052910052910052,
      "support": 350.0
    },
    "caring": {
      "precision": 0.14814814814814814,
      "recall": 0.21052631578947367,
      "f1-score": 0.17391304347826086,
      "support": 19.0
    },
    "relief": {
      "precision": 0.0,
      "recall": 0.0,
      "f1-score": 0.0,
      "support": 2.0
    },
    "gratitude": {
      "precision": 0.9285714285714286,
      "recall": 0.45614035087719296,
      "f1-score": 0.611764705882353,
      "support": 57.0
    },
    "surprise": {
      "precision": 0.2222222222222222,
      "recall": 0.21052631578947367,
      "f1-score": 0.21621621621621623,
      "support": 19.0
    },
    "disappointment": {
      "precision": 0.0875,
      "recall": 0.3684210526315789,
      "f1-score": 0.1414141414141414,
      "support": 19.0
    },
    "fear": {
      "precision": 0.5,
      "recall": 0.21428571428571427,
      "f1-score": 0.3,
      "support": 14.0
    },
    "confusion": {
      "precision": 0.20833333333333334,
      "recall": 0.23809523809523808,
      "f1-score": 0.2222222222222222,
      "support": 21.0
    },
    "amusement": {
      "precision": 0.48484848484848486,
      "recall": 0.3902439024390244,
      "f1-score": 0.43243243243243246,
      "support": 41.0
    },
    "disgust": {
      "precision": 0.12,
      "recall": 0.35294117647058826,
      "f1-score": 0.1791044776119403,
      "support": 17.0
    },
    "optimism": {
      "precision": 0.5333333333333333,
      "recall": 0.34782608695652173,
      "f1-score": 0.42105263157894735,
      "support": 23.0
    },
    "realization": {
      "precision": 0.11764705882352941,
      "recall": 0.21052631578947367,
      "f1-score": 0.1509433962264151,
      "support": 19.0
    },
    "joy": {
      "precision": 0.42857142857142855,
      "recall": 0.15,
      "f1-score": 0.2222222222222222,
      "support": 20.0
    },
    "disapproval": {
      "precision": 0.11377245508982035,
      "recall": 0.4523809523809524,
      "f1-score": 0.18181818181818182,
      "support": 42.0
    },
    "embarrassment": {
      "precision": 0.0625,
      "recall": 0.2,
      "f1-score": 0.09523809523809523,
      "support": 5.0
    },
    "remorse": {
      "precision": 0.2,
      "recall": 0.3,
      "f1-score": 0.24,
      "support": 10.0
    },
    "anger": {
      "precision": 0.4166666666666667,
      "recall": 0.3448275862068966,
      "f1-score": 0.37735849056603776,
      "support": 29.0
    },
    "desire": {
      "precision": 0.2727272727272727,
      "recall": 0.25,
      "f1-score": 0.2608695652173913,
      "support": 12.0
    },
    "grief": {
      "precision": 0.0,
      "recall": 0.0,
      "f1-score": 0.0,
      "support": 0.0
    },
    "pride": {
      "precision": 0.0,
      "recall": 0.0,
      "f1-score": 0.0,
      "support": 2.0
    },
    "sadness": {
      "precision": 0.3333333333333333,
      "recall": 0.045454545454545456,
      "f1-score": 0.08,
      "support": 22.0
    },
    "approval": {
      "precision": 0.22388059701492538,
      "recall": 0.29411764705882354,
      "f1-score": 0.2542372881355932,
      "support": 51.0
    },
    "excitement": {
      "precision": 0.19047619047619047,
      "recall": 0.3333333333333333,
      "f1-score": 0.24242424242424243,
      "support": 12.0
    },
    "love": {
      "precision": 0.5151515151515151,
      "recall": 0.4857142857142857,
      "f1-score": 0.5,
      "support": 35.0
    },
    "admiration": {
      "precision": 0.4880952380952381,
      "recall": 0.5394736842105263,
      "f1-score": 0.5125,
      "support": 76.0
    },
    "annoyance": {
      "precision": 0.16176470588235295,
      "recall": 0.2619047619047619,
      "f1-score": 0.2,
      "support": 42.0
    },
    "curiosity": {
      "precision": 0.15873015873015872,
      "recall": 0.5263157894736842,
      "f1-score": 0.24390243902439024,
      "support": 38.0
    },
    "nervousness": {
      "precision": 0.0,
      "recall": 0.0,
      "f1-score": 0.0,
      "support": 3.0
    },
    "micro avg": {
      "precision": 0.250501002004008,
      "recall": 0.25,
      "f1-score": 0.2502502502502503,
      "support": 1000.0
    },
    "macro avg": {
      "precision": 0.27124446427110044,
      "recall": 0.258476456040993,
      "f1-score": 0.2271486747227923,
      "support": 1000.0
    },
    "weighted avg": {
      "precision": 0.46693065229112646,
      "recall": 0.25,
      "f1-score": 0.24313272046491546,
      "support": 1000.0
    }
  },
  "accuracy": 0.25,