{
  "classification_report": {
    "optimism": {
      "precision": 0.28,
      "recall": 0.30434782608695654,
      "f1-score": 0.2916666666666667,
      "support": 23.0
    },
    "disappointment": {
      "precision": 0.03305785123966942,
      "recall": 0.21052631578947367,
      "f1-score": 0.05714285714285714,
      "support": 19.0
    },
    "relief": {
      "precision": 0.0,
      "recall": 0.0,
      "f1-score": 0.0,
      "support": 2.0
    },
    "confusion": {
      "precision": 0.3333333333333333,
      "recall": 0.14285714285714285,
      "f1-score": 0.2,
      "support": 21.0
    },
    "love": {
      "precision": 0.7058823529411765,
      "recall": 0.6857142857142857,
      "f1-score": 0.6956521739130435,
      "support": 35.0
    },
    "fear": {
      "precision": 0.7142857142857143,
      "recall": 0.35714285714285715,
      "f1-score": 0.47619047619047616,
      "support": 14.0
    },
    "admiration": {
      "precision": 0.5961538461538461,
      "recall": 0.40789473684210525,
      "f1-score": 0.484375,
      "support": 76.0
    },
    "anger": {
      "precision": 0.37037037037037035,
      "recall": 0.3448275862068966,
      "f1-score": 0.35714285714285715,
      "support": 29.0
    },
    "excitement": {
      "precision": 0.21428571428571427,
      "recall": 0.5,
      "f1-score": 0.3,
      "support": 12.0
    },
    "joy": {
      "precision": 0.21428571428571427,
      "recall": 0.3,
      "f1-score": 0.25,
      "support": 20.0
    },
    "desire": {
      "precision": 0.2857142857142857,
      "recall": 0.16666666666666666,
      "f1-score": 0.21052631578947367,
      "support": 12.0
    },
    "caring": {
      "precision": 0.28,
      "recall": 0.3684210526315789,
      "f1-score": 0.3181818181818182,
      "support": 19.0
    },
    "disgust": {
      "precision": 0.23076923076923078,
      "recall": 0.35294117647058826,
      "f1-score": 0.27906976744186046,
      "support": 17.0
    },
    "nervousness": {
      "precision": 0.5,
      "recall": 0.6666666666666666,
      "f1-score": 0.5714285714285714,
      "support": 3.0
    },
    "grief": {
      "precision": 0.0,
      "recall": 0.0,
      "f1-score": 0.0,
      "support": 0.0
    },
    "pride": {
      "precision": 0.0,
      "recall": 0.0,
      "f1-score": 0.0,
      "support": 2.0
    },
    "surprise": {
      "precision": 0.2962962962962963,
      "recall": 0.42105263157894735,
      "f1-score": 0.34782608695652173,
      "support": 19.0
    },
    "curiosity": {
      "precision": 0.27692307692307694,
      "recall": 0.47368421052631576,
      "f1-score": 0.34951456310679613,
      "support": 38.0
    },
    "amusement": {
      "precision": 0.4423076923076923,
      "recall": 0.5609756097560976,
      "f1-score": 0.4946236559139785,
      "support": 41.0
    },
    "annoyance": {
      "precision": 0.3,
      "recall": 0.07142857142857142,
      "f1-score": 0.11538461538461539,
      "support": 42.0
    },
    "neutral": {
      "precision": 0.5819672131147541,
      "recall": 0.20285714285714285,
      "f1-score": 0.3008474576271186,
      "support": 350.0
    },
    "remorse": {
      "precision": 1.0,
      "recall": 0.3,
      "f1-score": 0.46153846153846156,
      "support": 10.0
    },
    "realization": {
      "precision": 0.2,
      "recall": 0.2631578947368421,
      "f1-score": 0.22727272727272727,
      "support": 19.0
    },
    "sadness": {
      "precision": 0.34375,
      "recall": 0.5,
      "f1-score": 0.4074074074074074,
      "support": 22.0
    },
    "approval": {
      "precision": 0.4583333333333333,
      "recall": 0.21568627450980393,
      "f1-score": 0.29333333333333333,
      "support": 51.0
    },
    "embarrassment": {
      "precision": 0.4,
      "recall": 0.4,
      "f1-score": 0.4,
      "support": 5.0
    },
    "disapproval": {
      "precision": 0.1076923076923077,
      "recall": 0.3333333333333333,
      "f1-score": 0.16279069767441862,
      "support": 42.0
    },
    "gratitude": {
      "precision": 0.5555555555555556,
      "recall": 0.5263157894736842,
      "f1-score": 0.5405405405405406,
      "support": 57.0
    },
    "micro avg": {
      "precision": 0.32946145723336856,
      "recall": 0.312,
      "f1-score": 0.3204930662557781,
      "support": 1000.0
    },
    "macro avg": {
      "precision": 0.34717728173578827,
      "recall": 0.3241606346884271,
      "f1-score": 0.3068734303804837,
      "support": 1000.0
    },
    "weighted avg": {
      "precision": 0.4593542959009487,
      "recall": 0.312,
      "f1-score": 0.3366255577935557,
      "support": 1000.0
    }
  },
  "accuracy": 0.312,