{
  "classification_report": {
    "disgust": {
      "precision": 0.3076923076923077,
      "recall": 0.23529411764705882,
      "f1-score": 0.26666666666666666,
      "support": 17.0
    },
    "curiosity": {
      "precision": 0.2413793103448276,
      "recall": 0.3684210526315789,
      "f1-score": 0.2916666666666667,
      "support": 38.0
    },
    "neutral": {
      "precision": 0.47540983606557374,
      "recall": 0.24857142857142858,
      "f1-score": 0.32645403377110693,
      "support": 350.0
    },
    "optimism": {
      "precision": 0.29411764705882354,
      "recall": 0.21739130434782608,
      "f1-score": 0.25,
      "support": 23.0
    },
    "anger": {
      "precision": 0.3055555555555556,
      "recall": 0.3793103448275862,
      "f1-score": 0.3384615384615385,
      "support": 29.0
    },
    "disapproval": {
      "precision": 0.10126582278481013,
      "recall": 0.19047619047619047,
      "f1-score": 0.1322314049586777,
      "support": 42.0
    },
    "disappointment": {
      "precision": 0.09090909090909091,
      "recall": 0.15789473684210525,
      "f1-score": 0.11538461538461539,
      "support": 19.0
    },
    "love": {
      "precision": 0.4166666666666667,
      "recall": 0.42857142857142855,
      "f1-score": 0.4225352112676056,
      "support": 35.0
    },
    "grief": {
      "precision": 0.0,
      "recall": 0.0,
      "f1-score": 0.0,
      "support": 0.0
    },
    "pride": {
      "precision": 0.3333333333333333,
      "recall": 0.5,
      "f1-score": 0.4,
      "support": 2.0
    },
    "annoyance": {
      "precision": 0.13846153846153847,
      "recall": 0.21428571428571427,
      "f1-score": 0.16822429906542055,
      "support": 42.0
    },
    "sadness": {
      "precision": 0.20689655172413793,
      "recall": 0.2727272727272727,
      "f1-score": 0.23529411764705882,
      "support": 22.0
    },
    "joy": {
      "precision": 0.21739130434782608,
      "recall": 0.25,
      "f1-score": 0.23255813953488372,
      "support": 20.0
    },
    "confusion": {
      "precision": 0.0,
      "recall": 0.0,
      "f1-score": 0.0,
      "support": 21.0
    },
    "caring": {
      "precision": 0.125,
      "recall": 0.05263157894736842,
      "f1-score": 0.07407407407407407,
      "support": 19.0
    },
    "remorse": {
      "precision": 0.1111111111111111,
      "recall": 0.2,
      "f1-score": 0.14285714285714285,
      "support": 10.0
    },
    "excitement": {
      "precision": 0.1875,
      "recall": 0.25,
      "f1-score": 0.21428571428571427,
      "support": 12.0
    },
    "admiration": {
      "precision": 0.46153846153846156,
      "recall": 0.5526315789473685,
      "f1-score": 0.5029940119760479,
      "support": 76.0
    },
    "gratitude": {
      "precision": 0.7045454545454546,
      "recall": 0.543859649122807,
      "f1-score": 0.6138613861386139,
      "support": 57.0
    },
    "realization": {
      "precision": 0.08,
      "recall": 0.10526315789473684,
      "f1-score": 0.09090909090909091,
      "support": 19.0
    },
    "desire": {
      "precision": 0.1875,
      "recall": 0.25,
      "f1-score": 0.21428571428571427,
      "support": 12.0
    },
    "fear": {
      "precision": 0.2,
      "recall": 0.14285714285714285,
      "f1-score": 0.16666666666666666,
      "support": 14.0
    },
    "amusement": {
      "precision": 0.3137254901960784,
      "recall": 0.3902439024390244,
      "f1-score": 0.34782608695652173,
      "support": 41.0
    },
    "surprise": {
      "precision": 0.21428571428571427,
      "recall": 0.15789473684210525,
      "f1-score": 0.18181818181818182,
      "support": 19.0
    },
    "nervousness": {
      "precision": 0.0,
      "recall": 0.0,
      "f1-score": 0.0,
      "support": 3.0
    },
    "approval": {
      "precision": 0.3076923076923077,
      "recall": 0.23529411764705882,
      "f1-score": 0.26666666666666666,
      "support": 51.0
    },
    "embarrassment": {
      "precision": 0.0,
      "recall": 0.0,
      "f1-score": 0.0,
      "support": 5.0
    },
    "relief": {
      "precision": 0.0,
      "recall": 0.0,
      "f1-score": 0.0,
      "support": 2.0
    },
    "micro avg": {
      "precision": 0.30158730158730157,
      "recall": 0.285,
      "f1-score": 0.2930591259640103,
      "support": 1000.0
    },
    "macro avg": {
      "precision": 0.21507062515405787,
      "recall": 0.2265578377009215,
      "f1-score": 0.21413290821638126,
      "support": 1000.0
    },
    "weighted avg": {
      "precision": 0.352536421223695,
      "recall": 0.285,
      "f1-score": 0.3022412771158432,
      "support": 1000.0
    }
  },
  "accuracy": 0.285,