{
  "classification_report": {
    "love": {
      "precision": 0.43478260869565216,
      "recall": 0.5714285714285714,
      "f1-score": 0.49382716049382713,
      "support": 35.0
    },
    "excitement": {
      "precision": 0.2857142857142857,
      "recall": 0.3333333333333333,
      "f1-score": 0.3076923076923077,
      "support": 12.0
    },
    "disgust": {
      "precision": 0.17857142857142858,
      "recall": 0.29411764705882354,
      "f1-score": 0.2222222222222222,
      "support": 17.0
    },
    "surprise": {
      "precision": 0.4,
      "recall": 0.21052631578947367,
      "f1-score": 0.27586206896551724,
      "support": 19.0
    },
    "amusement": {
      "precision": 0.41304347826086957,
      "recall": 0.4634146341463415,
      "f1-score": 0.4367816091954023,
      "support": 41.0
    },
    "gratitude": {
      "precision": 0.6938775510204082,
      "recall": 0.5964912280701754,
      "f1-score": 0.6415094339622641,
      "support": 57.0
    },
    "admiration": {
      "precision": 0.5666666666666667,
      "recall": 0.4473684210526316,
      "f1-score": 0.5,
      "support": 76.0
    },
    "anger": {
      "precision": 0.2413793103448276,
      "recall": 0.4827586206896552,
      "f1-score": 0.3218390804597701,
      "support": 29.0
    },
    "disappointment": {
      "precision": 0.06666666666666667,
      "recall": 0.05263157894736842,
      "f1-score": 0.058823529411764705,
      "support": 19.0
    },
    "pride": {
      "precision": 0.0,
      "recall": 0.0,
      "f1-score": 0.0,
      "support": 2.0
    },
    "fear": {
      "precision": 0.25,
      "recall": 0.21428571428571427,
      "f1-score": 0.23076923076923078,
      "support": 14.0
    },
    "grief": {
      "precision": 0.0,
      "recall": 0.0,
      "f1-score": 0.0,
      "support": 0.0
    },
    "curiosity": {
      "precision": 0.28205128205128205,
      "recall": 0.2894736842105263,
      "f1-score": 0.2857142857142857,
      "support": 38.0
    },
    "nervousness": {
      "precision": 0.3333333333333333,
      "recall": 0.3333333333333333,
      "f1-score": 0.3333333333333333,
      "support": 3.0
    },
    "approval": {
      "precision": 0.2318840579710145,
      "recall": 0.3137254901960784,
      "f1-score": 0.26666666666666666,
      "support": 51.0
    },
    "annoyance": {
      "precision": 0.13043478260869565,
      "recall": 0.14285714285714285,
      "f1-score": 0.13636363636363635,
      "support": 42.0
    },
    "embarrassment": {
      "precision": 0.2727272727272727,
      "recall": 0.6,
      "f1-score": 0.375,
      "support": 5.0
    },
    "desire": {
      "precision": 0.3157894736842105,
      "recall": 0.5,
      "f1-score": 0.3870967741935484,
      "support": 12.0
    },
    "remorse": {
      "precision": 0.3333333333333333,
      "recall": 0.3,
      "f1-score": 0.3157894736842105,
      "support": 10.0
    },
    "disapproval": {
      "precision": 0.0989010989010989,
      "recall": 0.21428571428571427,
      "f1-score": 0.13533834586466165,
      "support": 42.0
    },
    "joy": {
      "precision": 0.2692307692307692,
      "recall": 0.35,
      "f1-score": 0.30434782608695654,
      "support": 20.0
    },
    "caring": {
      "precision": 0.11764705882352941,
      "recall": 0.10526315789473684,
      "f1-score": 0.1111111111111111,
      "support": 19.0
    },
    "relief": {
      "precision": 0.0,
      "recall": 0.0,
      "f1-score": 0.0,
      "support": 2.0
    },
    "optimism": {
      "precision": 0.30434782608695654,
      "recall": 0.30434782608695654,
      "f1-score": 0.30434782608695654,
      "support": 23.0
    },
    "sadness": {
      "precision": 0.2391304347826087,
      "recall": 0.5,
      "f1-score": 0.3235294117647059,
      "support": 22.0
    },
    "realization": {
      "precision": 0.16666666666666666,
      "recall": 0.21052631578947367,
      "f1-score": 0.18604651162790697,
      "support": 19.0
    },
    "confusion": {
      "precision": 0.17777777777777778,
      "recall": 0.38095238095238093,
      "f1-score": 0.24242424242424243,
      "support": 21.0
    },
    "neutral": {
      "precision": 0.5567010309278351,
      "recall": 0.15428571428571428,
      "f1-score": 0.24161073825503357,
      "support": 350.0
    },
    "micro avg": {
      "precision": 0.3160220994475138,
      "recall": 0.286,
      "f1-score": 0.30026246719160105,
      "support": 1000.0
    },
    "macro avg": {
      "precision": 0.26288064981597103,
      "recall": 0.29876452945336235,
      "f1-score": 0.26564452951248435,
      "support": 1000.0
    },
    "weighted avg": {
      "precision": 0.40388953934010996,
      "recall": 0.286,
      "f1-score": 0.29820319676417184,
      "support": 1000.0
    }
  },
  "accuracy": 0.286,