{
  "classification_report": {
    "confusion": {
      "precision": 0.23076923076923078,
      "recall": 0.14285714285714285,
      "f1-score": 0.17647058823529413,
      "support": 21.0
    },
    "surprise": {
      "precision": 0.27586206896551724,
      "recall": 0.42105263157894735,
      "f1-score": 0.3333333333333333,
      "support": 19.0
    },
    "disappointment": {
      "precision": 0.0625,
      "recall": 0.42105263157894735,
      "f1-score": 0.10884353741496598,
      "support": 19.0
    },
    "disapproval": {
      "precision": 0.11450381679389313,
      "recall": 0.35714285714285715,
      "f1-score": 0.17341040462427745,
      "support": 42.0
    },
    "remorse": {
      "precision": 0.6,
      "recall": 0.3,
      "f1-score": 0.4,
      "support": 10.0
    },
    "disgust": {
      "precision": 0.21428571428571427,
      "recall": 0.35294117647058826,
      "f1-score": 0.26666666666666666,
      "support": 17.0
    },
    "relief": {
      "precision": 0.0,
      "recall": 0.0,
      "f1-score": 0.0,
      "support": 2.0
    },
    "fear": {
      "precision": 1.0,
      "recall": 0.2857142857142857,
      "f1-score": 0.4444444444444444,
      "support": 14.0
    },
    "caring": {
      "precision": 0.24,
      "recall": 0.3157894736842105,
      "f1-score": 0.2727272727272727,
      "support": 19.0
    },
    "admiration": {
      "precision": 0.6166666666666667,
      "recall": 0.4868421052631579,
      "f1-score": 0.5441176470588235,
      "support": 76.0
    },
    "embarrassment": {
      "precision": 0.4,
      "recall": 0.4,
      "f1-score": 0.4,
      "support": 5.0
    },
    "nervousness": {
      "precision": 0.14285714285714285,
      "recall": 0.3333333333333333,
      "f1-score": 0.2,
      "support": 3.0
    },
    "joy": {
      "precision": 0.25806451612903225,
      "recall": 0.4,
      "f1-score": 0.3137254901960784,
      "support": 20.0
    },
    "anger": {
      "precision": 0.36,
      "recall": 0.3103448275862069,
      "f1-score": 0.3333333333333333,
      "support": 29.0
    },
    "excitement": {
      "precision": 0.18518518518518517,
      "recall": 0.4166666666666667,
      "f1-score": 0.2564102564102564,
      "support": 12.0
    },
    "desire": {
      "precision": 0.2,
      "recall": 0.08333333333333333,
      "f1-score": 0.11764705882352941,
      "support": 12.0
    },
    "optimism": {
      "precision": 0.26666666666666666,
      "recall": 0.34782608695652173,
      "f1-score": 0.3018867924528302,
      "support": 23.0
    },
    "annoyance": {
      "precision": 0.4,
      "recall": 0.047619047619047616,
      "f1-score": 0.0851063829787234,
      "support": 42.0
    },
    "neutral": {
      "precision": 0.5398230088495575,
      "recall": 0.1742857142857143,
      "f1-score": 0.2634989200863931,
      "support": 350.0
    },
    "grief": {
      "precision": 0.0,
      "recall": 0.0,
      "f1-score": 0.0,
      "support": 0.0
    },
    "amusement": {
      "precision": 0.29310344827586204,
      "recall": 0.4146341463414634,
      "f1-score": 0.3434343434343434,
      "support": 41.0
    },
    "realization": {
      "precision": 0.14285714285714285,
      "recall": 0.15789473684210525,
      "f1-score": 0.15,
      "support": 19.0
    },
    "pride": {
      "precision": 0.0,
      "recall": 0.0,
      "f1-score": 0.0,
      "support": 2.0
    },
    "approval": {
      "precision": 0.4,
      "recall": 0.19607843137254902,
      "f1-score": 0.2631578947368421,
      "support": 51.0
    },
    "gratitude": {
      "precision": 0.6511627906976745,
      "recall": 0.49122807017543857,
      "f1-score": 0.56,
      "support": 57.0
    },
    "sadness": {
      "precision": 0.2777777777777778,
      "recall": 0.45454545454545453,
      "f1-score": 0.3448275862068966,
      "support": 22.0
    },
    "curiosity": {
      "precision": 0.3333333333333333,
      "recall": 0.4473684210526316,
      "f1-score": 0.38202247191011235,
      "support": 38.0
    },
    "love": {
      "precision": 0.696969696969697,
      "recall": 0.6571428571428571,
      "f1-score": 0.6764705882352942,
      "support": 35.0
    },
    "micro avg": {
      "precision": 0.3134962805526036,
      "recall": 0.295,
      "f1-score": 0.3039670273055126,
      "support": 1000.0
    },
    "macro avg": {
      "precision": 0.3179424359671462,
      "recall": 0.3005604796979807,
      "f1-score": 0.2754119647610611,
      "support": 1000.0
    },
    "weighted avg": {
      "precision": 0.4410967110104993,
      "recall": 0.295,
      "f1-score": 0.31450453753013397,
      "support": 1000.0
    }
  },
  "accuracy": 0.295,