{
  "classification_report": {
    "love": {
      "precision": 0.34782608695652173,
      "recall": 0.22857142857142856,
      "f1-score": 0.27586206896551724,
      "support": 35.0
    },
    "approval": {
      "precision": 0.26,
      "recall": 0.2549019607843137,
      "f1-score": 0.25742574257425743,
      "support": 51.0
    },
    "amusement": {
      "precision": 0.38636363636363635,
      "recall": 0.4146341463414634,
      "f1-score": 0.4,
      "support": 41.0
    },
    "anger": {
      "precision": 0.25,
      "recall": 0.2413793103448276,
      "f1-score": 0.24561403508771928,
      "support": 29.0
    },
    "surprise": {
      "precision": 0.3333333333333333,
      "recall": 0.10526315789473684,
      "f1-score": 0.16,
      "support": 19.0
    },
    "curiosity": {
      "precision": 0.25,
      "recall": 0.15789473684210525,
      "f1-score": 0.1935483870967742,
      "support": 38.0
    },
    "disgust": {
      "precision": 0.5,
      "recall": 0.29411764705882354,
      "f1-score": 0.37037037037037035,
      "support": 17.0
    },
    "pride": {
      "precision": 0.0,
      "recall": 0.0,
      "f1-score": 0.0,
      "support": 2.0
    },
    "grief": {
      "precision": 0.0,
      "recall": 0.0,
      "f1-score": 0.0,
      "support": 0.0
    },
    "relief": {
      "precision": 0.0,
      "recall": 0.0,
      "f1-score": 0.0,
      "support": 2.0
    },
    "remorse": {
      "precision": 0.25,
      "recall": 0.1,
      "f1-score": 0.14285714285714285,
      "support": 10.0
    },
    "nervousness": {
      "precision": 0.0,
      "recall": 0.0,
      "f1-score": 0.0,
      "support": 3.0
    },
    "embarrassment": {
      "precision": 0.2,
      "recall": 0.2,
      "f1-score": 0.2,
      "support": 5.0
    },
    "realization": {
      "precision": 0.07142857142857142,
      "recall": 0.05263157894736842,
      "f1-score": 0.06060606060606061,
      "support": 19.0
    },
    "confusion": {
      "precision": 0.20833333333333334,
      "recall": 0.23809523809523808,
      "f1-score": 0.2222222222222222,
      "support": 21.0
    },
    "excitement": {
      "precision": 0.3333333333333333,
      "recall": 0.4166666666666667,
      "f1-score": 0.37037037037037035,
      "support": 12.0
    },
    "sadness": {
      "precision": 0.4444444444444444,
      "recall": 0.36363636363636365,
      "f1-score": 0.4,
      "support": 22.0
    },
    "neutral": {
      "precision": 0.5445026178010471,
      "recall": 0.29714285714285715,
      "f1-score": 0.3844731977818854,
      "support": 350.0
    },
    "annoyance": {
      "precision": 0.2222222222222222,
      "recall": 0.19047619047619047,
      "f1-score": 0.20512820512820512,
      "support": 42.0
    },
    "disappointment": {
      "precision": 0.06666666666666667,
      "recall": 0.05263157894736842,
      "f1-score": 0.058823529411764705,
      "support": 19.0
    },
    "optimism": {
      "precision": 0.17647058823529413,
      "recall": 0.13043478260869565,
      "f1-score": 0.15,
      "support": 23.0
    },
    "disapproval": {
      "precision": 0.1702127659574468,
      "recall": 0.19047619047619047,
      "f1-score": 0.1797752808988764,
      "support": 42.0
    },
    "joy": {
      "precision": 0.17647058823529413,
      "recall": 0.15,
      "f1-score": 0.16216216216216217,
      "support": 20.0
    },
    "admiration": {
      "precision": 0.41025641025641024,
      "recall": 0.42105263157894735,
      "f1-score": 0.4155844155844156,
      "support": 76.0
    },
    "desire": {
      "precision": 0.0,
      "recall": 0.0,
      "f1-score": 0.0,
      "support": 12.0
    },
    "fear": {
      "precision": 0.5,
      "recall": 0.2857142857142857,
      "f1-score": 0.36363636363636365,
      "support": 14.0
    },
    "gratitude": {
      "precision": 0.7941176470588235,
      "recall": 0.47368421052631576,
      "f1-score": 0.5934065934065934,
      "support": 57.0
    },
    "caring": {
      "precision": 0.2,
      "recall": 0.10526315789473684,
      "f1-score": 0.13793103448275862,
      "support": 19.0
    },
    "micro avg": {
      "precision": 0.3687074829931973,
      "recall": 0.271,
      "f1-score": 0.31239193083573485,
      "support": 1000.0
    },
    "macro avg": {
      "precision": 0.25342793734379926,
      "recall": 0.19159529001960446,
      "f1-score": 0.2124927565229807,
      "support": 1000.0
    },
    "weighted avg": {
      "precision": 0.39902535685917834,
      "recall": 0.271,
      "f1-score": 0.3161516710933325,
      "support": 1000.0
    }
  },
  "accuracy": 0.271,