{
  "classification_report": {
    "gratitude": {
      "precision": 0.7631578947368421,
      "recall": 0.5087719298245614,
      "f1-score": 0.6105263157894737,
      "support": 57.0
    },
    "remorse": {
      "precision": 0.0,
      "recall": 0.0,
      "f1-score": 0.0,
      "support": 10.0
    },
    "realization": {
      "precision": 0.0,
      "recall": 0.0,
      "f1-score": 0.0,
      "support": 19.0
    },
    "disapproval": {
      "precision": 0.07142857142857142,
      "recall": 0.047619047619047616,
      "f1-score": 0.05714285714285714,
      "support": 42.0
    },
    "grief": {
      "precision": 0.0,
      "recall": 0.0,
      "f1-score": 0.0,
      "support": 0.0
    },
    "amusement": {
      "precision": 0.3783783783783784,
      "recall": 0.34146341463414637,
      "f1-score": 0.358974358974359,
      "support": 41.0
    },
    "admiration": {
      "precision": 0.4897959183673469,
      "recall": 0.3157894736842105,
      "f1-score": 0.384,
      "support": 76.0
    },
    "pride": {
      "precision": 0.0,
      "recall": 0.0,
      "f1-score": 0.0,
      "support": 2.0
    },
    "approval": {
      "precision": 0.22857142857142856,
      "recall": 0.1568627450980392,
      "f1-score": 0.18604651162790697,
      "support": 51.0
    },
    "embarrassment": {
      "precision": 0.0,
      "recall": 0.0,
      "f1-score": 0.0,
      "support": 5.0
    },
    "caring": {
      "precision": 0.16666666666666666,
      "recall": 0.05263157894736842,
      "f1-score": 0.08,
      "support": 19.0
    },
    "fear": {
      "precision": 0.5714285714285714,
      "recall": 0.2857142857142857,
      "f1-score": 0.38095238095238093,
      "support": 14.0
    },
    "confusion": {
      "precision": 0.2,
      "recall": 0.09523809523809523,
      "f1-score": 0.12903225806451613,
      "support": 21.0
    },
    "surprise": {
      "precision": 0.3076923076923077,
      "recall": 0.21052631578947367,
      "f1-score": 0.25,
      "support": 19.0
    },
    "love": {
      "precision": 0.35294117647058826,
      "recall": 0.17142857142857143,
      "f1-score": 0.23076923076923078,
      "support": 35.0
    },
    "disgust": {
      "precision": 0.4,
      "recall": 0.11764705882352941,
      "f1-score": 0.18181818181818182,
      "support": 17.0
    },
    "desire": {
      "precision": 0.2,
      "recall": 0.08333333333333333,
      "f1-score": 0.11764705882352941,
      "support": 12.0
    },
    "anger": {
      "precision": 0.3125,
      "recall": 0.3448275862068966,
      "f1-score": 0.32786885245901637,
      "support": 29.0
    },
    "nervousness": {
      "precision": 0.0,
      "recall": 0.0,
      "f1-score": 0.0,
      "support": 3.0
    },
    "relief": {
      "precision": 0.0,
      "recall": 0.0,
      "f1-score": 0.0,
      "support": 2.0
    },
    "excitement": {
      "precision": 0.35714285714285715,
      "recall": 0.4166666666666667,
      "f1-score": 0.38461538461538464,
      "support": 12.0
    },
    "disappointment": {
      "precision": 0.0,
      "recall": 0.0,
      "f1-score": 0.0,
      "support": 19.0
    },
    "sadness": {
      "precision": 0.6,
      "recall": 0.2727272727272727,
      "f1-score": 0.375,
      "support": 22.0
    },
    "annoyance": {
      "precision": 0.125,
      "recall": 0.07142857142857142,
      "f1-score": 0.09090909090909091,
      "support": 42.0
    },
    "optimism": {
      "precision": 0.2,
      "recall": 0.08695652173913043,
      "f1-score": 0.12121212121212122,
      "support": 23.0
    },
    "joy": {
      "precision": 0.2,
      "recall": 0.15,
      "f1-score": 0.17142857142857143,
      "support": 20.0
    },
    "neutral": {
      "precision": 0.583941605839416,
      "recall": 0.22857142857142856,
      "f1-score": 0.32854209445585214,
      "support": 350.0
    },
    "curiosity": {
      "precision": 0.38461538461538464,
      "recall": 0.13157894736842105,
      "f1-score": 0.19607843137254902,
      "support": 38.0
    },
    "micro avg": {
      "precision": 0.40655105973025046,
      "recall": 0.211,
      "f1-score": 0.27781435154707046,
      "support": 1000.0
    },
    "macro avg": {
      "precision": 0.24618788433351285,
      "recall": 0.1460636730301089,
      "f1-score": 0.1772344178719651,
      "support": 1000.0
    },
    "weighted avg": {
      "precision": 0.41305406880076034,
      "recall": 0.211,
      "f1-score": 0.2723318552604079,
      "support": 1000.0
    }
  },
  "accuracy": 0.211,