{
  "classification_report": {
    "annoyance": {
      "precision": 0.19444444444444445,
      "recall": 0.16666666666666666,
      "f1-score": 0.1794871794871795,
      "support": 42.0
    },
    "sadness": {
      "precision": 0.23684210526315788,
      "recall": 0.4090909090909091,
      "f1-score": 0.3,
      "support": 22.0
    },
    "disapproval": {
      "precision": 0.13095238095238096,
      "recall": 0.2619047619047619,
      "f1-score": 0.1746031746031746,
      "support": 42.0
    },
    "optimism": {
      "precision": 0.2777777777777778,
      "recall": 0.21739130434782608,
      "f1-score": 0.24390243902439024,
      "support": 23.0
    },
    "excitement": {
      "precision": 0.2727272727272727,
      "recall": 0.25,
      "f1-score": 0.2608695652173913,
      "support": 12.0
    },
    "anger": {
      "precision": 0.20967741935483872,
      "recall": 0.4482758620689655,
      "f1-score": 0.2857142857142857,
      "support": 29.0
    },
    "neutral": {
      "precision": 0.5775862068965517,
      "recall": 0.19142857142857142,
      "f1-score": 0.2875536480686695,
      "support": 350.0
    },
    "desire": {
      "precision": 0.25,
      "recall": 0.3333333333333333,
      "f1-score": 0.2857142857142857,
      "support": 12.0
    },
    "realization": {
      "precision": 0.06451612903225806,
      "recall": 0.10526315789473684,
      "f1-score": 0.08,
      "support": 19.0
    },
    "approval": {
      "precision": 0.16049382716049382,
      "recall": 0.2549019607843137,
      "f1-score": 0.19696969696969696,
      "support": 51.0
    },
    "curiosity": {
      "precision": 0.3333333333333333,
      "recall": 0.39473684210526316,
      "f1-score": 0.3614457831325301,
      "support": 38.0
    },
    "grief": {
      "precision": 0.0,
      "recall": 0.0,
      "f1-score": 0.0,
      "support": 0.0
    },
    "amusement": {
      "precision": 0.5,
      "recall": 0.5853658536585366,
      "f1-score": 0.5393258426966292,
      "support": 41.0
    },
    "disappointment": {
      "precision": 0.043478260869565216,
      "recall": 0.05263157894736842,
      "f1-score": 0.047619047619047616,
      "support": 19.0
    },
    "embarrassment": {
      "precision": 0.18181818181818182,
      "recall": 0.4,
      "f1-score": 0.25,
      "support": 5.0
    },
    "caring": {
      "precision": 0.125,
      "recall": 0.10526315789473684,
      "f1-score": 0.11428571428571428,
      "support": 19.0
    },
    "admiration": {
      "precision": 0.4523809523809524,
      "recall": 0.5,
      "f1-score": 0.475,
      "support": 76.0
    },
    "fear": {
      "precision": 0.29411764705882354,
      "recall": 0.35714285714285715,
      "f1-score": 0.3225806451612903,
      "support": 14.0
    },
    "nervousness": {
      "precision": 0.16666666666666666,
      "recall": 0.3333333333333333,
      "f1-score": 0.2222222222222222,
      "support": 3.0
    },
    "surprise": {
      "precision": 0.3,
      "recall": 0.15789473684210525,
      "f1-score": 0.20689655172413793,
      "support": 19.0
    },
    "remorse": {
      "precision": 0.5,
      "recall": 0.4,
      "f1-score": 0.4444444444444444,
      "support": 10.0
    },
    "relief": {
      "precision": 0.14285714285714285,
      "recall": 0.5,
      "f1-score": 0.2222222222222222,
      "support": 2.0
    },
    "love": {
      "precision": 0.6071428571428571,
      "recall": 0.4857142857142857,
      "f1-score": 0.5396825396825397,
      "support": 35.0
    },
    "confusion": {
      "precision": 0.12,
      "recall": 0.2857142857142857,
      "f1-score": 0.16901408450704225,
      "support": 21.0
    },
    "gratitude": {
      "precision": 0.7142857142857143,
      "recall": 0.5263157894736842,
      "f1-score": 0.6060606060606061,
      "support": 57.0
    },
    "pride": {
      "precision": 0.0,
      "recall": 0.0,
      "f1-score": 0.0,
      "support": 2.0
    },
    "disgust": {
      "precision": 0.25,
      "recall": 0.4117647058823529,
      "f1-score": 0.3111111111111111,
      "support": 17.0
    },
    "joy": {
      "precision": 0.23529411764705882,
      "recall": 0.2,
      "f1-score": 0.21621621621621623,
      "support": 20.0
    },
    "micro avg": {
      "precision": 0.3147751605995717,
      "recall": 0.294,
      "f1-score": 0.30403309203722856,
      "support": 1000.0
    },
    "macro avg": {
      "precision": 0.262192587059624,
      "recall": 0.29764764122246046,
      "f1-score": 0.26224790378160096,
      "support": 1000.0
    },
    "weighted avg": {
      "precision": 0.40988694468095027,
      "recall": 0.294,
      "f1-score": 0.3110085641143044,
      "support": 1000.0
    }
  },
  "accuracy": 0.294,