{
  "classification_report": {
    "embarrassment": {
      "precision": 0.18181818181818182,
      "recall": 0.4,
      "f1-score": 0.25,
      "support": 5.0
    },
    "desire": {
      "precision": 0.21428571428571427,
      "recall": 0.25,
      "f1-score": 0.23076923076923078,
      "support": 12.0
    },
    "fear": {
      "precision": 0.3333333333333333,
      "recall": 0.42857142857142855,
      "f1-score": 0.375,
      "support": 14.0
    },
    "annoyance": {
      "precision": 0.18055555555555555,
      "recall": 0.30952380952380953,
      "f1-score": 0.22807017543859648,
      "support": 42.0
    },
    "realization": {
      "precision": 0.047619047619047616,
      "recall": 0.05263157894736842,
      "f1-score": 0.05,
      "support": 19.0
    },
    "neutral": {
      "precision": 0.5882352941176471,
      "recall": 0.05714285714285714,
      "f1-score": 0.10416666666666667,
      "support": 350.0
    },
    "relief": {
      "precision": 0.0,
      "recall": 0.0,
      "f1-score": 0.0,
      "support": 2.0
    },
    "disapproval": {
      "precision": 0.11976047904191617,
      "recall": 0.47619047619047616,
      "f1-score": 0.19138755980861244,
      "support": 42.0
    },
    "anger": {
      "precision": 0.1875,
      "recall": 0.41379310344827586,
      "f1-score": 0.25806451612903225,
      "support": 29.0
    },
    "surprise": {
      "precision": 0.4166666666666667,
      "recall": 0.2631578947368421,
      "f1-score": 0.3225806451612903,
      "support": 19.0
    },
    "disgust": {
      "precision": 0.45454545454545453,
      "recall": 0.29411764705882354,
      "f1-score": 0.35714285714285715,
      "support": 17.0
    },
    "optimism": {
      "precision": 0.14634146341463414,
      "recall": 0.2608695652173913,
      "f1-score": 0.1875,
      "support": 23.0
    },
    "caring": {
      "precision": 0.5555555555555556,
      "recall": 0.2631578947368421,
      "f1-score": 0.35714285714285715,
      "support": 19.0
    },
    "gratitude": {
      "precision": 0.7222222222222222,
      "recall": 0.45614035087719296,
      "f1-score": 0.5591397849462365,
      "support": 57.0
    },
    "approval": {
      "precision": 0.21428571428571427,
      "recall": 0.17647058823529413,
      "f1-score": 0.1935483870967742,
      "support": 51.0
    },
    "grief": {
      "precision": 0.0,
      "recall": 0.0,
      "f1-score": 0.0,
      "support": 0.0
    },
    "joy": {
      "precision": 0.125,
      "recall": 0.2,
      "f1-score": 0.15384615384615385,
      "support": 20.0
    },
    "nervousness": {
      "precision": 0.5,
      "recall": 0.6666666666666666,
      "f1-score": 0.5714285714285714,
      "support": 3.0
    },
    "admiration": {
      "precision": 0.48936170212765956,
      "recall": 0.6052631578947368,
      "f1-score": 0.5411764705882353,
      "support": 76.0
    },
    "amusement": {
      "precision": 0.5294117647058824,
      "recall": 0.21951219512195122,
      "f1-score": 0.3103448275862069,
      "support": 41.0
    },
    "love": {
      "precision": 0.7083333333333334,
      "recall": 0.4857142857142857,
      "f1-score": 0.576271186440678,
      "support": 35.0
    },
    "sadness": {
      "precision": 0.15384615384615385,
      "recall": 0.18181818181818182,
      "f1-score": 0.16666666666666666,
      "support": 22.0
    },
    "disappointment": {
      "precision": 0.07017543859649122,
      "recall": 0.21052631578947367,
      "f1-score": 0.10526315789473684,
      "support": 19.0
    },
    "curiosity": {
      "precision": 0.19230769230769232,
      "recall": 0.5263157894736842,
      "f1-score": 0.28169014084507044,
      "support": 38.0
    },
    "remorse": {
      "precision": 0.175,
      "recall": 0.7,
      "f1-score": 0.28,
      "support": 10.0
    },
    "excitement": {
      "precision": 0.21739130434782608,
      "recall": 0.4166666666666667,
      "f1-score": 0.2857142857142857,
      "support": 12.0
    },
    "confusion": {
      "precision": 0.1,
      "recall": 0.047619047619047616,
      "f1-score": 0.06451612903225806,
      "support": 21.0
    },
    "pride": {
      "precision": 0.0,
      "recall": 0.0,
      "f1-score": 0.0,
      "support": 2.0
    },
    "micro avg": {
      "precision": 0.25480283114256824,
      "recall": 0.252,
      "f1-score": 0.25339366515837103,
      "support": 1000.0
    },
    "macro avg": {
      "precision": 0.2722697168473815,
      "recall": 0.2986381964804034,
      "f1-score": 0.25005108108375057,
      "support": 1000.0
    },
    "weighted avg": {
      "precision": 0.4208190362086129,
      "recall": 0.252,
      "f1-score": 0.23958782271916823,
      "support": 1000.0
    }
  },
  "accuracy": 0.252,