{
  "classification_report": {
    "disapproval": {
      "precision": 0.15151515151515152,
      "recall": 0.11904761904761904,
      "f1-score": 0.13333333333333333,
      "support": 42.0
    },
    "admiration": {
      "precision": 0.6470588235294118,
      "recall": 0.2894736842105263,
      "f1-score": 0.4,
      "support": 76.0
    },
    "love": {
      "precision": 0.6666666666666666,
      "recall": 0.7428571428571429,
      "f1-score": 0.7027027027027027,
      "support": 35.0
    },
    "gratitude": {
      "precision": 0.9736842105263158,
      "recall": 0.6491228070175439,
      "f1-score": 0.7789473684210526,
      "support": 57.0
    },
    "fear": {
      "precision": 0.5714285714285714,
      "recall": 0.2857142857142857,
      "f1-score": 0.38095238095238093,
      "support": 14.0
    },
    "desire": {
      "precision": 0.125,
      "recall": 0.08333333333333333,
      "f1-score": 0.1,
      "support": 12.0
    },
    "disgust": {
      "precision": 0.4,
      "recall": 0.35294117647058826,
      "f1-score": 0.375,
      "support": 17.0
    },
    "sadness": {
      "precision": 0.4,
      "recall": 0.36363636363636365,
      "f1-score": 0.38095238095238093,
      "support": 22.0
    },
    "amusement": {
      "precision": 0.4,
      "recall": 0.43902439024390244,
      "f1-score": 0.4186046511627907,
      "support": 41.0
    },
    "curiosity": {
      "precision": 0.17857142857142858,
      "recall": 0.13157894736842105,
      "f1-score": 0.15151515151515152,
      "support": 38.0
    },
    "approval": {
      "precision": 0.2692307692307692,
      "recall": 0.27450980392156865,
      "f1-score": 0.27184466019417475,
      "support": 51.0
    },
    "optimism": {
      "precision": 0.2727272727272727,
      "recall": 0.13043478260869565,
      "f1-score": 0.17647058823529413,
      "support": 23.0
    },
    "pride": {
      "precision": 0.0,
      "recall": 0.0,
      "f1-score": 0.0,
      "support": 2.0
    },
    "surprise": {
      "precision": 0.25,
      "recall": 0.3157894736842105,
      "f1-score": 0.27906976744186046,
      "support": 19.0
    },
    "grief": {
      "precision": 0.0,
      "recall": 0.0,
      "f1-score": 0.0,
      "support": 0.0
    },
    "relief": {
      "precision": 0.0,
      "recall": 0.0,
      "f1-score": 0.0,
      "support": 2.0
    },
    "anger": {
      "precision": 0.3448275862068966,
      "recall": 0.3448275862068966,
      "f1-score": 0.3448275862068966,
      "support": 29.0
    },
    "nervousness": {
      "precision": 0.0,
      "recall": 0.0,
      "f1-score": 0.0,
      "support": 3.0
    },
    "realization": {
      "precision": 0.125,
      "recall": 0.10526315789473684,
      "f1-score": 0.11428571428571428,
      "support": 19.0
    },
    "excitement": {
      "precision": 0.17647058823529413,
      "recall": 0.25,
      "f1-score": 0.20689655172413793,
      "support": 12.0
    },
    "joy": {
      "precision": 0.1875,
      "recall": 0.3,
      "f1-score": 0.23076923076923078,
      "support": 20.0
    },
    "neutral": {
      "precision": 0.54,
      "recall": 0.38571428571428573,
      "f1-score": 0.45,
      "support": 350.0
    },
    "embarrassment": {
      "precision": 0.0,
      "recall": 0.0,
      "f1-score": 0.0,
      "support": 5.0
    },
    "confusion": {
      "precision": 0.25,
      "recall": 0.2857142857142857,
      "f1-score": 0.26666666666666666,
      "support": 21.0
    },
    "disappointment": {
      "precision": 0.0,
      "recall": 0.0,
      "f1-score": 0.0,
      "support": 19.0
    },
    "caring": {
      "precision": 0.15,
      "recall": 0.15789473684210525,
      "f1-score": 0.15384615384615385,
      "support": 19.0
    },
    "remorse": {
      "precision": 0.42857142857142855,
      "recall": 0.3,
      "f1-score": 0.35294117647058826,
      "support": 10.0
    },
    "annoyance": {
      "precision": 0.09523809523809523,
      "recall": 0.047619047619047616,
      "f1-score": 0.06349206349206349,
      "support": 42.0
    },
    "micro avg": {
      "precision": 0.4088050314465409,
      "recall": 0.325,
      "f1-score": 0.362116991643454,
      "support": 1000.0
    },
    "macro avg": {
      "precision": 0.2715532354445465,
      "recall": 0.22694631821805564,
      "f1-score": 0.2404685045847348,
      "support": 1000.0
    },
    "weighted avg": {
      "precision": 0.4310410124189536,
      "recall": 0.325,
      "f1-score": 0.3639182007067928,
      "support": 1000.0
    }
  },
  "accuracy": 0.325,