{
  "classification_report": {
    "joy": {
      "precision": 0.3333333333333333,
      "recall": 0.1,
      "f1-score": 0.15384615384615385,
      "support": 20.0
    },
    "disappointment": {
      "precision": 0.06349206349206349,
      "recall": 0.21052631578947367,
      "f1-score": 0.0975609756097561,
      "support": 19.0
    },
    "disapproval": {
      "precision": 0.12658227848101267,
      "recall": 0.47619047619047616,
      "f1-score": 0.2,
      "support": 42.0
    },
    "annoyance": {
      "precision": 0.11764705882352941,
      "recall": 0.09523809523809523,
      "f1-score": 0.10526315789473684,
      "support": 42.0
    },
    "embarrassment": {
      "precision": 0.25,
      "recall": 0.2,
      "f1-score": 0.2222222222222222,
      "support": 5.0
    },
    "nervousness": {
      "precision": 1.0,
      "recall": 0.3333333333333333,
      "f1-score": 0.5,
      "support": 3.0
    },
    "anger": {
      "precision": 0.23684210526315788,
      "recall": 0.3103448275862069,
      "f1-score": 0.26865671641791045,
      "support": 29.0
    },
    "excitement": {
      "precision": 0.23529411764705882,
      "recall": 0.3333333333333333,
      "f1-score": 0.27586206896551724,
      "support": 12.0
    },
    "remorse": {
      "precision": 0.11764705882352941,
      "recall": 0.2,
      "f1-score": 0.14814814814814814,
      "support": 10.0
    },
    "caring": {
      "precision": 0.11764705882352941,
      "recall": 0.21052631578947367,
      "f1-score": 0.1509433962264151,
      "support": 19.0
    },
    "gratitude": {
      "precision": 0.7105263157894737,
      "recall": 0.47368421052631576,
      "f1-score": 0.5684210526315789,
      "support": 57.0
    },
    "confusion": {
      "precision": 0.125,
      "recall": 0.09523809523809523,
      "f1-score": 0.10810810810810811,
      "support": 21.0
    },
    "fear": {
      "precision": 0.3,
      "recall": 0.21428571428571427,
      "f1-score": 0.25,
      "support": 14.0
    },
    "optimism": {
      "precision": 0.23529411764705882,
      "recall": 0.34782608695652173,
      "f1-score": 0.2807017543859649,
      "support": 23.0
    },
    "relief": {
      "precision": 0.0,
      "recall": 0.0,
      "f1-score": 0.0,
      "support": 2.0
    },
    "amusement": {
      "precision": 0.3958333333333333,
      "recall": 0.4634146341463415,
      "f1-score": 0.42696629213483145,
      "support": 41.0
    },
    "sadness": {
      "precision": 1.0,
      "recall": 0.045454545454545456,
      "f1-score": 0.08695652173913043,
      "support": 22.0
    },
    "curiosity": {
      "precision": 0.19090909090909092,
      "recall": 0.5526315789473685,
      "f1-score": 0.28378378378378377,
      "support": 38.0
    },
    "pride": {
      "precision": 0.0,
      "recall": 0.0,
      "f1-score": 0.0,
      "support": 2.0
    },
    "neutral": {
      "precision": 0.5581395348837209,
      "recall": 0.06857142857142857,
      "f1-score": 0.12213740458015267,
      "support": 350.0
    },
    "realization": {
      "precision": 0.1,
      "recall": 0.15789473684210525,
      "f1-score": 0.12244897959183673,
      "support": 19.0
    },
    "approval": {
      "precision": 0.19444444444444445,
      "recall": 0.27450980392156865,
      "f1-score": 0.22764227642276422,
      "support": 51.0
    },
    "love": {
      "precision": 0.4827586206896552,
      "recall": 0.4,
      "f1-score": 0.4375,
      "support": 35.0
    },
    "grief": {
      "precision": 0.0,
      "recall": 0.0,
      "f1-score": 0.0,
      "support": 0.0
    },
    "desire": {
      "precision": 0.2857142857142857,
      "recall": 0.16666666666666666,
      "f1-score": 0.21052631578947367,
      "support": 12.0
    },
    "disgust": {
      "precision": 0.1267605633802817,
      "recall": 0.5294117647058824,
      "f1-score": 0.20454545454545456,
      "support": 17.0
    },
    "admiration": {
      "precision": 0.4375,
      "recall": 0.4605263157894737,
      "f1-score": 0.44871794871794873,
      "support": 76.0
    },
    "surprise": {
      "precision": 0.030303030303030304,
      "recall": 0.05263157894736842,
      "f1-score": 0.038461538461538464,
      "support": 19.0
    },
    "micro avg": {
      "precision": 0.23517587939698492,
      "recall": 0.234,
      "f1-score": 0.23458646616541354,
      "support": 1000.0
    },
    "macro avg": {
      "precision": 0.27755958613505677,
      "recall": 0.24186570922356385,
      "f1-score": 0.2121221525079795,
      "support": 1000.0
    },
    "weighted avg": {
      "precision": 0.3971761542190804,
      "recall": 0.234,
      "f1-score": 0.22347619699334673,
      "support": 1000.0
    }
  },
  "accuracy": 0.234,