{
  "classification_report": {
    "joy": {
      "precision": 0.15,
      "recall": 0.15,
      "f1-score": 0.15,
      "support": 20.0
    },
    "remorse": {
      "precision": 0.125,
      "recall": 0.1,
      "f1-score": 0.1111111111111111,
      "support": 10.0
    },
    "confusion": {
      "precision": 0.1111111111111111,
      "recall": 0.19047619047619047,
      "f1-score": 0.14035087719298245,
      "support": 21.0
    },
    "realization": {
      "precision": 0.0,
      "recall": 0.0,
      "f1-score": 0.0,
      "support": 19.0
    },
    "pride": {
      "precision": 0.0,
      "recall": 0.0,
      "f1-score": 0.0,
      "support": 2.0
    },
    "desire": {
      "precision": 0.09090909090909091,
      "recall": 0.08333333333333333,
      "f1-score": 0.08695652173913043,
      "support": 12.0
    },
    "embarrassment": {
      "precision": 0.14285714285714285,
      "recall": 0.2,
      "f1-score": 0.16666666666666666,
      "support": 5.0
    },
    "gratitude": {
      "precision": 0.5806451612903226,
      "recall": 0.631578947368421,
      "f1-score": 0.6050420168067226,
      "support": 57.0
    },
    "love": {
      "precision": 0.2391304347826087,
      "recall": 0.3142857142857143,
      "f1-score": 0.2716049382716049,
      "support": 35.0
    },
    "curiosity": {
      "precision": 0.18181818181818182,
      "recall": 0.15789473684210525,
      "f1-score": 0.16901408450704225,
      "support": 38.0
    },
    "surprise": {
      "precision": 0.09523809523809523,
      "recall": 0.10526315789473684,
      "f1-score": 0.1,
      "support": 19.0
    },
    "annoyance": {
      "precision": 0.07692307692307693,
      "recall": 0.09523809523809523,
      "f1-score": 0.0851063829787234,
      "support": 42.0
    },
    "disappointment": {
      "precision": 0.0,
      "recall": 0.0,
      "f1-score": 0.0,
      "support": 19.0
    },
    "nervousness": {
      "precision": 0.0,
      "recall": 0.0,
      "f1-score": 0.0,
      "support": 3.0
    },
    "excitement": {
      "precision": 0.15,
      "recall": 0.25,
      "f1-score": 0.1875,
      "support": 12.0
    },
    "anger": {
      "precision": 0.2553191489361702,
      "recall": 0.41379310344827586,
      "f1-score": 0.3157894736842105,
      "support": 29.0
    },
    "caring": {
      "precision": 0.043478260869565216,
      "recall": 0.05263157894736842,
      "f1-score": 0.047619047619047616,
      "support": 19.0
    },
    "approval": {
      "precision": 0.10975609756097561,
      "recall": 0.17647058823529413,
      "f1-score": 0.13533834586466165,
      "support": 51.0
    },
    "grief": {
      "precision": 0.0,
      "recall": 0.0,
      "f1-score": 0.0,
      "support": 0.0
    },
    "sadness": {
      "precision": 0.5555555555555556,
      "recall": 0.22727272727272727,
      "f1-score": 0.3225806451612903,
      "support": 22.0
    },
    "disgust": {
      "precision": 0.16666666666666666,
      "recall": 0.17647058823529413,
      "f1-score": 0.17142857142857143,
      "support": 17.0
    },
    "neutral": {
      "precision": 0.533678756476684,
      "recall": 0.29428571428571426,
      "f1-score": 0.37937384898710863,
      "support": 350.0
    },
    "amusement": {
      "precision": 0.33766233766233766,
      "recall": 0.6341463414634146,
      "f1-score": 0.4406779661016949,
      "support": 41.0
    },
    "admiration": {
      "precision": 0.3516483516483517,
      "recall": 0.42105263157894735,
      "f1-score": 0.38323353293413176,
      "support": 76.0
    },
    "disapproval": {
      "precision": 0.07692307692307693,
      "recall": 0.07142857142857142,
      "f1-score": 0.07407407407407407,
      "support": 42.0
    },
    "optimism": {
      "precision": 0.21739130434782608,
      "recall": 0.21739130434782608,
      "f1-score": 0.21739130434782608,
      "support": 23.0
    },
    "fear": {
      "precision": 0.2727272727272727,
      "recall": 0.21428571428571427,
      "f1-score": 0.24,
      "support": 14.0
    },
    "relief": {
      "precision": 0.0,
      "recall": 0.0,
      "f1-score": 0.0,
      "support": 2.0
    },
    "micro avg": {
      "precision": 0.28276573787409703,
      "recall": 0.274,
      "f1-score": 0.27831386490604365,
      "support": 1000.0
    },
    "macro avg": {
      "precision": 0.17372996872514684,
      "recall": 0.18490353710599086,
      "f1-score": 0.17145926462416433,
      "support": 1000.0
    },
    "weighted avg": {
      "precision": 0.33189365669090876,
      "recall": 0.274,
      "f1-score": 0.2854973377785285,
      "support": 1000.0
    }
  },
  "accuracy": 0.274,