{
  "classification_report": {
    "gratitude": {
      "precision": 0.7441860465116279,
      "recall": 0.5614035087719298,
      "f1-score": 0.64,
      "support": 57.0
    },
    "disgust": {
      "precision": 0.2916666666666667,
      "recall": 0.4117647058823529,
      "f1-score": 0.34146341463414637,
      "support": 17.0
    },
    "admiration": {
      "precision": 0.43157894736842106,
      "recall": 0.5394736842105263,
      "f1-score": 0.47953216374269003,
      "support": 76.0
    },
    "pride": {
      "precision": 0.5,
      "recall": 0.5,
      "f1-score": 0.5,
      "support": 2.0
    },
    "love": {
      "precision": 0.4444444444444444,
      "recall": 0.45714285714285713,
      "f1-score": 0.4507042253521127,
      "support": 35.0
    },
    "approval": {
      "precision": 0.15151515151515152,
      "recall": 0.09803921568627451,
      "f1-score": 0.11904761904761904,
      "support": 51.0
    },
    "disappointment": {
      "precision": 0.0784313725490196,
      "recall": 0.21052631578947367,
      "f1-score": 0.11428571428571428,
      "support": 19.0
    },
    "fear": {
      "precision": 0.6,
      "recall": 0.42857142857142855,
      "f1-score": 0.5,
      "support": 14.0
    },
    "surprise": {
      "precision": 0.125,
      "recall": 0.21052631578947367,
      "f1-score": 0.1568627450980392,
      "support": 19.0
    },
    "sadness": {
      "precision": 0.2727272727272727,
      "recall": 0.4090909090909091,
      "f1-score": 0.32727272727272727,
      "support": 22.0
    },
    "excitement": {
      "precision": 0.1875,
      "recall": 0.25,
      "f1-score": 0.21428571428571427,
      "support": 12.0
    },
    "embarrassment": {
      "precision": 0.1111111111111111,
      "recall": 0.2,
      "f1-score": 0.14285714285714285,
      "support": 5.0
    },
    "joy": {
      "precision": 0.2222222222222222,
      "recall": 0.2,
      "f1-score": 0.21052631578947367,
      "support": 20.0
    },
    "relief": {
      "precision": 0.0,
      "recall": 0.0,
      "f1-score": 0.0,
      "support": 2.0
    },
    "disapproval": {
      "precision": 0.15384615384615385,
      "recall": 0.2857142857142857,
      "f1-score": 0.2,
      "support": 42.0
    },
    "desire": {
      "precision": 0.09090909090909091,
      "recall": 0.08333333333333333,
      "f1-score": 0.08695652173913043,
      "support": 12.0
    },
    "neutral": {
      "precision": 0.5263157894736842,
      "recall": 0.2,
      "f1-score": 0.2898550724637681,
      "support": 350.0
    },
    "remorse": {
      "precision": 0.3333333333333333,
      "recall": 0.3,
      "f1-score": 0.3157894736842105,
      "support": 10.0
    },
    "curiosity": {
      "precision": 0.1891891891891892,
      "recall": 0.3684210526315789,
      "f1-score": 0.25,
      "support": 38.0
    },
    "grief": {
      "precision": 0.0,
      "recall": 0.0,
      "f1-score": 0.0,
      "support": 0.0
    },
    "annoyance": {
      "precision": 0.19230769230769232,
      "recall": 0.23809523809523808,
      "f1-score": 0.2127659574468085,
      "support": 42.0
    },
    "nervousness": {
      "precision": 1.0,
      "recall": 0.3333333333333333,
      "f1-score": 0.5,
      "support": 3.0
    },
    "realization": {
      "precision": 0.16666666666666666,
      "recall": 0.05263157894736842,
      "f1-score": 0.08,
      "support": 19.0
    },
    "optimism": {
      "precision": 0.2222222222222222,
      "recall": 0.34782608695652173,
      "f1-score": 0.2711864406779661,
      "support": 23.0
    },
    "confusion": {
      "precision": 0.10810810810810811,
      "recall": 0.19047619047619047,
      "f1-score": 0.13793103448275862,
      "support": 21.0
    },
    "anger": {
      "precision": 0.20454545454545456,
      "recall": 0.3103448275862069,
      "f1-score": 0.2465753424657534,
      "support": 29.0
    },
    "amusement": {
      "precision": 0.30120481927710846,
      "recall": 0.6097560975609756,
      "f1-score": 0.4032258064516129,
      "support": 41.0
    },
    "caring": {
      "precision": 0.08333333333333333,
      "recall": 0.05263157894736842,
      "f1-score": 0.06451612903225806,
      "support": 19.0
    },
    "micro avg": {
      "precision": 0.2976554536187564,
      "recall": 0.292,
      "f1-score": 0.2948006057546694,
      "support": 1000.0
    },
    "macro avg": {
      "precision": 0.2761558960117133,
      "recall": 0.2803250908756295,
      "f1-score": 0.25912998431463025,
      "support": 1000.0
    },
    "weighted avg": {
      "precision": 0.3737499789669993,
      "recall": 0.292,
      "f1-score": 0.297972868161936,
      "support": 1000.0
    }
  },
  "accuracy": 0.292,