{
  "classification_report": {
    "disapproval": {
      "precision": 0.12903225806451613,
      "recall": 0.19047619047619047,
      "f1-score": 0.15384615384615385,
      "support": 42.0
    },
    "amusement": {
      "precision": 0.37209302325581395,
      "recall": 0.3902439024390244,
      "f1-score": 0.38095238095238093,
      "support": 41.0
    },
    "confusion": {
      "precision": 0.16666666666666666,
      "recall": 0.09523809523809523,
      "f1-score": 0.12121212121212122,
      "support": 21.0
    },
    "caring": {
      "precision": 0.2727272727272727,
      "recall": 0.15789473684210525,
      "f1-score": 0.2,
      "support": 19.0
    },
    "love": {
      "precision": 0.4482758620689655,
      "recall": 0.37142857142857144,
      "f1-score": 0.40625,
      "support": 35.0
    },
    "surprise": {
      "precision": 0.16666666666666666,
      "recall": 0.05263157894736842,
      "f1-score": 0.08,
      "support": 19.0
    },
    "remorse": {
      "precision": 0.375,
      "recall": 0.3,
      "f1-score": 0.3333333333333333,
      "support": 10.0
    },
    "disgust": {
      "precision": 0.23809523809523808,
      "recall": 0.29411764705882354,
      "f1-score": 0.2631578947368421,
      "support": 17.0
    },
    "fear": {
      "precision": 0.25,
      "recall": 0.21428571428571427,
      "f1-score": 0.23076923076923078,
      "support": 14.0
    },
    "joy": {
      "precision": 0.17647058823529413,
      "recall": 0.15,
      "f1-score": 0.16216216216216217,
      "support": 20.0
    },
    "optimism": {
      "precision": 0.38461538461538464,
      "recall": 0.21739130434782608,
      "f1-score": 0.2777777777777778,
      "support": 23.0
    },
    "disappointment": {
      "precision": 0.0625,
      "recall": 0.05263157894736842,
      "f1-score": 0.05714285714285714,
      "support": 19.0
    },
    "realization": {
      "precision": 0.05555555555555555,
      "recall": 0.05263157894736842,
      "f1-score": 0.05405405405405406,
      "support": 19.0
    },
    "excitement": {
      "precision": 0.1,
      "recall": 0.16666666666666666,
      "f1-score": 0.125,
      "support": 12.0
    },
    "relief": {
      "precision": 0.0,
      "recall": 0.0,
      "f1-score": 0.0,
      "support": 2.0
    },
    "desire": {
      "precision": 0.25,
      "recall": 0.16666666666666666,
      "f1-score": 0.2,
      "support": 12.0
    },
    "annoyance": {
      "precision": 0.13953488372093023,
      "recall": 0.14285714285714285,
      "f1-score": 0.1411764705882353,
      "support": 42.0
    },
    "embarrassment": {
      "precision": 0.125,
      "recall": 0.2,
      "f1-score": 0.15384615384615385,
      "support": 5.0
    },
    "sadness": {
      "precision": 0.3684210526315789,
      "recall": 0.3181818181818182,
      "f1-score": 0.34146341463414637,
      "support": 22.0
    },
    "admiration": {
      "precision": 0.4358974358974359,
      "recall": 0.4473684210526316,
      "f1-score": 0.44155844155844154,
      "support": 76.0
    },
    "gratitude": {
      "precision": 0.6666666666666666,
      "recall": 0.3508771929824561,
      "f1-score": 0.45977011494252873,
      "support": 57.0
    },
    "nervousness": {
      "precision": 0.0,
      "recall": 0.0,
      "f1-score": 0.0,
      "support": 3.0
    },
    "grief": {
      "precision": 0.0,
      "recall": 0.0,
      "f1-score": 0.0,
      "support": 0.0
    },
    "curiosity": {
      "precision": 0.23529411764705882,
      "recall": 0.3157894736842105,
      "f1-score": 0.2696629213483146,
      "support": 38.0
    },
    "approval": {
      "precision": 0.21212121212121213,
      "recall": 0.13725490196078433,
      "f1-score": 0.16666666666666666,
      "support": 51.0
    },
    "neutral": {
      "precision": 0.5242718446601942,
      "recall": 0.30857142857142855,
      "f1-score": 0.38848920863309355,
      "support": 350.0
    },
    "anger": {
      "precision": 0.22727272727272727,
      "recall": 0.3448275862068966,
      "f1-score": 0.273972602739726,
      "support": 29.0
    },
    "pride": {
      "precision": 0.0,
      "recall": 0.0,
      "f1-score": 0.0,
      "support": 2.0
    },
    "micro avg": {
      "precision": 0.33455882352941174,
      "recall": 0.273,
      "f1-score": 0.30066079295154186,
      "support": 1000.0
    },
    "macro avg": {
      "precision": 0.22793494487747062,
      "recall": 0.19421543563532712,
      "f1-score": 0.20293799860515072,
      "support": 1000.0
    },
    "weighted avg": {
      "precision": 0.37389389544025703,
      "recall": 0.273,
      "f1-score": 0.3074872461238673,
      "support": 1000.0
    }
  },
  "accuracy": 0.273,