{
  "classification_report": {
    "fear": {
      "precision": 0.3333333333333333,
      "recall": 0.35714285714285715,
      "f1-score": 0.3448275862068966,
      "support": 14.0
    },
    "excitement": {
      "precision": 0.23076923076923078,
      "recall": 0.25,
      "f1-score": 0.24,
      "support": 12.0
    },
    "disappointment": {
      "precision": 0.05,
      "recall": 0.05263157894736842,
      "f1-score": 0.05128205128205128,
      "support": 19.0
    },
    "admiration": {
      "precision": 0.4235294117647059,
      "recall": 0.47368421052631576,
      "f1-score": 0.4472049689440994,
      "support": 76.0
    },
    "desire": {
      "precision": 0.3333333333333333,
      "recall": 0.25,
      "f1-score": 0.2857142857142857,
      "support": 12.0
    },
    "realization": {
      "precision": 0.10526315789473684,
      "recall": 0.10526315789473684,
      "f1-score": 0.10526315789473684,
      "support": 19.0
    },
    "gratitude": {
      "precision": 0.7837837837837838,
      "recall": 0.5087719298245614,
      "f1-score": 0.6170212765957447,
      "support": 57.0
    },
    "relief": {
      "precision": 0.0,
      "recall": 0.0,
      "f1-score": 0.0,
      "support": 2.0
    },
    "anger": {
      "precision": 0.234375,
      "recall": 0.5172413793103449,
      "f1-score": 0.3225806451612903,
      "support": 29.0
    },
    "joy": {
      "precision": 0.2857142857142857,
      "recall": 0.3,
      "f1-score": 0.2926829268292683,
      "support": 20.0
    },
    "grief": {
      "precision": 0.0,
      "recall": 0.0,
      "f1-score": 0.0,
      "support": 0.0
    },
    "sadness": {
      "precision": 0.3,
      "recall": 0.5454545454545454,
      "f1-score": 0.3870967741935484,
      "support": 22.0
    },
    "disgust": {
      "precision": 0.2608695652173913,
      "recall": 0.35294117647058826,
      "f1-score": 0.3,
      "support": 17.0
    },
    "remorse": {
      "precision": 0.375,
      "recall": 0.3,
      "f1-score": 0.3333333333333333,
      "support": 10.0
    },
    "nervousness": {
      "precision": 0.25,
      "recall": 0.3333333333333333,
      "f1-score": 0.2857142857142857,
      "support": 3.0
    },
    "love": {
      "precision": 0.5142857142857142,
      "recall": 0.5142857142857142,
      "f1-score": 0.5142857142857142,
      "support": 35.0
    },
    "disapproval": {
      "precision": 0.1282051282051282,
      "recall": 0.23809523809523808,
      "f1-score": 0.16666666666666666,
      "support": 42.0
    },
    "confusion": {
      "precision": 0.1388888888888889,
      "recall": 0.23809523809523808,
      "f1-score": 0.17543859649122806,
      "support": 21.0
    },
    "optimism": {
      "precision": 0.25,
      "recall": 0.17391304347826086,
      "f1-score": 0.20512820512820512,
      "support": 23.0
    },
    "neutral": {
      "precision": 0.4911242603550296,
      "recall": 0.23714285714285716,
      "f1-score": 0.3198458574181118,
      "support": 350.0
    },
    "curiosity": {
      "precision": 0.32608695652173914,
      "recall": 0.39473684210526316,
      "f1-score": 0.35714285714285715,
      "support": 38.0
    },
    "annoyance": {
      "precision": 0.24324324324324326,
      "recall": 0.21428571428571427,
      "f1-score": 0.22784810126582278,
      "support": 42.0
    },
    "pride": {
      "precision": 0.0,
      "recall": 0.0,
      "f1-score": 0.0,
      "support": 2.0
    },
    "approval": {
      "precision": 0.18181818181818182,
      "recall": 0.23529411764705882,
      "f1-score": 0.20512820512820512,
      "support": 51.0
    },
    "amusement": {
      "precision": 0.38461538461538464,
      "recall": 0.4878048780487805,
      "f1-score": 0.43010752688172044,
      "support": 41.0
    },
    "embarrassment": {
      "precision": 0.2,
      "recall": 0.4,
      "f1-score": 0.26666666666666666,
      "support": 5.0
    },
    "surprise": {
      "precision": 0.2,
      "recall": 0.10526315789473684,
      "f1-score": 0.13793103448275862,
      "support": 19.0
    },
    "caring": {
      "precision": 0.2222222222222222,
      "recall": 0.21052631578947367,
      "f1-score": 0.21621621621621623,
      "support": 19.0
    },
    "micro avg": {
      "precision": 0.32727272727272727,
      "recall": 0.306,
      "f1-score": 0.31627906976744186,
      "support": 1000.0
    },
    "macro avg": {
      "precision": 0.25880218149879763,
      "recall": 0.27842526020617814,
      "f1-score": 0.2583973907015612,
      "support": 1000.0
    },
    "weighted avg": {
      "precision": 0.3799122257324371,
      "recall": 0.306,
      "f1-score": 0.32093074581003267,
      "support": 1000.0
    }
  },
  "accuracy": 0.306,