{
  "classification_report": {
    "disgust": {
      "precision": 0.22727272727272727,
      "recall": 0.29411764705882354,
      "f1-score": 0.2564102564102564,
      "support": 17.0
    },
    "relief": {
      "precision": 0.0,
      "recall": 0.0,
      "f1-score": 0.0,
      "support": 2.0
    },
    "fear": {
      "precision": 0.5,
      "recall": 0.2857142857142857,
      "f1-score": 0.36363636363636365,
      "support": 14.0
    },
    "confusion": {
      "precision": 0.1724137931034483,
      "recall": 0.23809523809523808,
      "f1-score": 0.2,
      "support": 21.0
    },
    "excitement": {
      "precision": 0.15384615384615385,
      "recall": 0.3333333333333333,
      "f1-score": 0.21052631578947367,
      "support": 12.0
    },
    "remorse": {
      "precision": 0.6666666666666666,
      "recall": 0.4,
      "f1-score": 0.5,
      "support": 10.0
    },
    "grief": {
      "precision": 0.0,
      "recall": 0.0,
      "f1-score": 0.0,
      "support": 0.0
    },
    "disapproval": {
      "precision": 0.13636363636363635,
      "recall": 0.14285714285714285,
      "f1-score": 0.13953488372093023,
      "support": 42.0
    },
    "surprise": {
      "precision": 0.2,
      "recall": 0.21052631578947367,
      "f1-score": 0.20512820512820512,
      "support": 19.0
    },
    "curiosity": {
      "precision": 0.3939393939393939,
      "recall": 0.34210526315789475,
      "f1-score": 0.36619718309859156,
      "support": 38.0
    },
    "nervousness": {
      "precision": 0.0,
      "recall": 0.0,
      "f1-score": 0.0,
      "support": 3.0
    },
    "embarrassment": {
      "precision": 0.5,
      "recall": 0.2,
      "f1-score": 0.2857142857142857,
      "support": 5.0
    },
    "disappointment": {
      "precision": 0.038461538461538464,
      "recall": 0.05263157894736842,
      "f1-score": 0.044444444444444446,
      "support": 19.0
    },
    "anger": {
      "precision": 0.30434782608695654,
      "recall": 0.4827586206896552,
      "f1-score": 0.37333333333333335,
      "support": 29.0
    },
    "desire": {
      "precision": 0.3333333333333333,
      "recall": 0.16666666666666666,
      "f1-score": 0.2222222222222222,
      "support": 12.0
    },
    "approval": {
      "precision": 0.18604651162790697,
      "recall": 0.1568627450980392,
      "f1-score": 0.1702127659574468,
      "support": 51.0
    },
    "admiration": {
      "precision": 0.54,
      "recall": 0.35526315789473684,
      "f1-score": 0.42857142857142855,
      "support": 76.0
    },
    "caring": {
      "precision": 0.2,
      "recall": 0.15789473684210525,
      "f1-score": 0.17647058823529413,
      "support": 19.0
    },
    "love": {
      "precision": 0.47619047619047616,
      "recall": 0.5714285714285714,
      "f1-score": 0.5194805194805194,
      "support": 35.0
    },
    "sadness": {
      "precision": 0.3333333333333333,
      "recall": 0.4090909090909091,
      "f1-score": 0.3673469387755102,
      "support": 22.0
    },
    "amusement": {
      "precision": 0.417910447761194,
      "recall": 0.6829268292682927,
      "f1-score": 0.5185185185185185,
      "support": 41.0
    },
    "gratitude": {
      "precision": 0.711864406779661,
      "recall": 0.7368421052631579,
      "f1-score": 0.7241379310344828,
      "support": 57.0
    },
    "annoyance": {
      "precision": 0.08333333333333333,
      "recall": 0.047619047619047616,
      "f1-score": 0.06060606060606061,
      "support": 42.0
    },
    "optimism": {
      "precision": 0.42857142857142855,
      "recall": 0.391304347826087,
      "f1-score": 0.4090909090909091,
      "support": 23.0
    },
    "pride": {
      "precision": 0.0,
      "recall": 0.0,
      "f1-score": 0.0,
      "support": 2.0
    },
    "joy": {
      "precision": 0.17391304347826086,
      "recall": 0.2,
      "f1-score": 0.18604651162790697,
      "support": 20.0
    },
    "neutral": {
      "precision": 0.5606060606060606,
      "recall": 0.4228571428571429,
      "f1-score": 0.4820846905537459,
      "support": 350.0
    },
    "realization": {
      "precision": 0.09090909090909091,
      "recall": 0.05263157894736842,
      "f1-score": 0.06666666666666667,
      "support": 19.0
    },
    "micro avg": {
      "precision": 0.3969465648854962,
      "recall": 0.364,
      "f1-score": 0.3797600417318727,
      "support": 1000.0
    },
    "macro avg": {
      "precision": 0.2796186857737357,
      "recall": 0.26191168801590503,
      "f1-score": 0.2598707508077356,
      "support": 1000.0
    },
    "weighted avg": {
      "precision": 0.4143647417196648,
      "recall": 0.364,
      "f1-score": 0.37969151943958224,
      "support": 1000.0
    }
  },
  "accuracy": 0.364,