{
  "classification_report": {
    "nervousness": {
      "precision": 0.0,
      "recall": 0.0,
      "f1-score": 0.0,
      "support": 3.0
    },
    "fear": {
      "precision": 0.25,
      "recall": 0.07142857142857142,
      "f1-score": 0.1111111111111111,
      "support": 14.0
    },
    "disapproval": {
      "precision": 0.1282051282051282,
      "recall": 0.11904761904761904,
      "f1-score": 0.12345679012345678,
      "support": 42.0
    },
    "pride": {
      "precision": 0.0,
      "recall": 0.0,
      "f1-score": 0.0,
      "support": 2.0
    },
    "disgust": {
      "precision": 0.25,
      "recall": 0.17647058823529413,
      "f1-score": 0.20689655172413793,
      "support": 17.0
    },
    "relief": {
      "precision": 0.0,
      "recall": 0.0,
      "f1-score": 0.0,
      "support": 2.0
    },
    "love": {
      "precision": 0.3333333333333333,
      "recall": 0.17142857142857143,
      "f1-score": 0.22641509433962265,
      "support": 35.0
    },
    "caring": {
      "precision": 0.1111111111111111,
      "recall": 0.10526315789473684,
      "f1-score": 0.10810810810810811,
      "support": 19.0
    },
    "optimism": {
      "precision": 0.15,
      "recall": 0.13043478260869565,
      "f1-score": 0.13953488372093023,
      "support": 23.0
    },
    "confusion": {
      "precision": 0.3125,
      "recall": 0.23809523809523808,
      "f1-score": 0.2702702702702703,
      "support": 21.0
    },
    "realization": {
      "precision": 0.0,
      "recall": 0.0,
      "f1-score": 0.0,
      "support": 19.0
    },
    "annoyance": {
      "precision": 0.3333333333333333,
      "recall": 0.16666666666666666,
      "f1-score": 0.2222222222222222,
      "support": 42.0
    },
    "neutral": {
      "precision": 0.4791666666666667,
      "recall": 0.32857142857142857,
      "f1-score": 0.3898305084745763,
      "support": 350.0
    },
    "curiosity": {
      "precision": 0.15,
      "recall": 0.07894736842105263,
      "f1-score": 0.10344827586206896,
      "support": 38.0
    },
    "anger": {
      "precision": 0.3157894736842105,
      "recall": 0.20689655172413793,
      "f1-score": 0.25,
      "support": 29.0
    },
    "remorse": {
      "precision": 0.0,
      "recall": 0.0,
      "f1-score": 0.0,
      "support": 10.0
    },
    "admiration": {
      "precision": 0.4482758620689655,
      "recall": 0.17105263157894737,
      "f1-score": 0.24761904761904763,
      "support": 76.0
    },
    "excitement": {
      "precision": 0.29411764705882354,
      "recall": 0.4166666666666667,
      "f1-score": 0.3448275862068966,
      "support": 12.0
    },
    "approval": {
      "precision": 0.23529411764705882,
      "recall": 0.1568627450980392,
      "f1-score": 0.18823529411764706,
      "support": 51.0
    },
    "joy": {
      "precision": 0.14285714285714285,
      "recall": 0.15,
      "f1-score": 0.14634146341463414,
      "support": 20.0
    },
    "sadness": {
      "precision": 0.45454545454545453,
      "recall": 0.22727272727272727,
      "f1-score": 0.30303030303030304,
      "support": 22.0
    },
    "embarrassment": {
      "precision": 0.0,
      "recall": 0.0,
      "f1-score": 0.0,
      "support": 5.0
    },
    "grief": {
      "precision": 0.0,
      "recall": 0.0,
      "f1-score": 0.0,
      "support": 0.0
    },
    "disappointment": {
      "precision": 0.0,
      "recall": 0.0,
      "f1-score": 0.0,
      "support": 19.0
    },
    "gratitude": {
      "precision": 0.6388888888888888,
      "recall": 0.40350877192982454,
      "f1-score": 0.4946236559139785,
      "support": 57.0
    },
    "surprise": {
      "precision": 0.2631578947368421,
      "recall": 0.2631578947368421,
      "f1-score": 0.2631578947368421,
      "support": 19.0
    },
    "desire": {
      "precision": 0.0,
      "recall": 0.0,
      "f1-score": 0.0,
      "support": 12.0
    },
    "amusement": {
      "precision": 0.35714285714285715,
      "recall": 0.36585365853658536,
      "f1-score": 0.3614457831325301,
      "support": 41.0
    },
    "micro avg": {
      "precision": 0.34416543574593794,
      "recall": 0.233,
      "f1-score": 0.27787716159809184,
      "support": 1000.0
    },
    "macro avg": {
      "precision": 0.20170424683142202,
      "recall": 0.1409866299979159,
      "f1-score": 0.16073481586172797,
      "support": 1000.0
    },
    "weighted avg": {
      "precision": 0.3520061651811826,
      "recall": 0.233,
      "f1-score": 0.27623988834346286,
      "support": 1000.0
    }
  },
  "accuracy": 0.233,