{
  "classification_report": {
    "admiration": {
      "precision": 0.4725274725274725,
      "recall": 0.5657894736842105,
      "f1-score": 0.5149700598802395,
      "support": 76.0
    },
    "realization": {
      "precision": 0.25,
      "recall": 0.05263157894736842,
      "f1-score": 0.08695652173913043,
      "support": 19.0
    },
    "gratitude": {
      "precision": 0.6666666666666666,
      "recall": 0.45614035087719296,
      "f1-score": 0.5416666666666666,
      "support": 57.0
    },
    "remorse": {
      "precision": 0.6,
      "recall": 0.3,
      "f1-score": 0.4,
      "support": 10.0
    },
    "optimism": {
      "precision": 0.16666666666666666,
      "recall": 0.21739130434782608,
      "f1-score": 0.18867924528301888,
      "support": 23.0
    },
    "caring": {
      "precision": 0.2222222222222222,
      "recall": 0.10526315789473684,
      "f1-score": 0.14285714285714285,
      "support": 19.0
    },
    "neutral": {
      "precision": 0.5,
      "recall": 0.1457142857142857,
      "f1-score": 0.22566371681415928,
      "support": 350.0
    },
    "fear": {
      "precision": 1.0,
      "recall": 0.2857142857142857,
      "f1-score": 0.4444444444444444,
      "support": 14.0
    },
    "embarrassment": {
      "precision": 0.2857142857142857,
      "recall": 0.4,
      "f1-score": 0.3333333333333333,
      "support": 5.0
    },
    "disappointment": {
      "precision": 0.044585987261146494,
      "recall": 0.3684210526315789,
      "f1-score": 0.07954545454545454,
      "support": 19.0
    },
    "sadness": {
      "precision": 0.3076923076923077,
      "recall": 0.36363636363636365,
      "f1-score": 0.3333333333333333,
      "support": 22.0
    },
    "relief": {
      "precision": 0.0,
      "recall": 0.0,
      "f1-score": 0.0,
      "support": 2.0
    },
    "curiosity": {
      "precision": 0.1746031746031746,
      "recall": 0.2894736842105263,
      "f1-score": 0.21782178217821782,
      "support": 38.0
    },
    "desire": {
      "precision": 0.07692307692307693,
      "recall": 0.08333333333333333,
      "f1-score": 0.08,
      "support": 12.0
    },
    "love": {
      "precision": 0.42857142857142855,
      "recall": 0.42857142857142855,
      "f1-score": 0.42857142857142855,
      "support": 35.0
    },
    "disapproval": {
      "precision": 0.125,
      "recall": 0.23809523809523808,
      "f1-score": 0.16393442622950818,
      "support": 42.0
    },
    "disgust": {
      "precision": 0.3333333333333333,
      "recall": 0.29411764705882354,
      "f1-score": 0.3125,
      "support": 17.0
    },
    "anger": {
      "precision": 0.24561403508771928,
      "recall": 0.4827586206896552,
      "f1-score": 0.32558139534883723,
      "support": 29.0
    },
    "joy": {
      "precision": 0.35294117647058826,
      "recall": 0.3,
      "f1-score": 0.32432432432432434,
      "support": 20.0
    },
    "nervousness": {
      "precision": 0.5,
      "recall": 0.3333333333333333,
      "f1-score": 0.4,
      "support": 3.0
    },
    "approval": {
      "precision": 0.15384615384615385,
      "recall": 0.1568627450980392,
      "f1-score": 0.1553398058252427,
      "support": 51.0
    },
    "amusement": {
      "precision": 0.3770491803278688,
      "recall": 0.5609756097560976,
      "f1-score": 0.45098039215686275,
      "support": 41.0
    },
    "confusion": {
      "precision": 0.13513513513513514,
      "recall": 0.23809523809523808,
      "f1-score": 0.1724137931034483,
      "support": 21.0
    },
    "grief": {
      "precision": 0.0,
      "recall": 0.0,
      "f1-score": 0.0,
      "support": 0.0
    },
    "annoyance": {
      "precision": 0.3225806451612903,
      "recall": 0.23809523809523808,
      "f1-score": 0.273972602739726,
      "support": 42.0
    },
    "pride": {
      "precision": 0.0,
      "recall": 0.0,
      "f1-score": 0.0,
      "support": 2.0
    },
    "excitement": {
      "precision": 0.2,
      "recall": 0.25,
      "f1-score": 0.2222222222222222,
      "support": 12.0
    },
    "surprise": {
      "precision": 0.14285714285714285,
      "recall": 0.21052631578947367,
      "f1-score": 0.1702127659574468,
      "support": 19.0
    },
    "micro avg": {
      "precision": 0.2726347914547304,
      "recall": 0.268,
      "f1-score": 0.27029752899646997,
      "support": 1000.0
    },
    "macro avg": {
      "precision": 0.28873321753813147,
      "recall": 0.26303358162765267,
      "f1-score": 0.2496187449126496,
      "support": 1000.0
    },
    "weighted avg": {
      "precision": 0.38472455508352155,
      "recall": 0.268,
      "f1-score": 0.27943878850491066,
      "support": 1000.0
    }
  },
  "accuracy": 0.268,