{
  "classification_report": {
    "confusion": {
      "precision": 0.375,
      "recall": 0.2857142857142857,
      "f1-score": 0.32432432432432434,
      "support": 21.0
    },
    "gratitude": {
      "precision": 0.7857142857142857,
      "recall": 0.38596491228070173,
      "f1-score": 0.5176470588235295,
      "support": 57.0
    },
    "fear": {
      "precision": 0.2,
      "recall": 0.07142857142857142,
      "f1-score": 0.10526315789473684,
      "support": 14.0
    },
    "remorse": {
      "precision": 0.0,
      "recall": 0.0,
      "f1-score": 0.0,
      "support": 10.0
    },
    "caring": {
      "precision": 0.1,
      "recall": 0.05263157894736842,
      "f1-score": 0.06896551724137931,
      "support": 19.0
    },
    "relief": {
      "precision": 0.0,
      "recall": 0.0,
      "f1-score": 0.0,
      "support": 2.0
    },
    "grief": {
      "precision": 0.0,
      "recall": 0.0,
      "f1-score": 0.0,
      "support": 0.0
    },
    "realization": {
      "precision": 0.0,
      "recall": 0.0,
      "f1-score": 0.0,
      "support": 19.0
    },
    "joy": {
      "precision": 0.21052631578947367,
      "recall": 0.2,
      "f1-score": 0.20512820512820512,
      "support": 20.0
    },
    "disappointment": {
      "precision": 0.0,
      "recall": 0.0,
      "f1-score": 0.0,
      "support": 19.0
    },
    "annoyance": {
      "precision": 0.38095238095238093,
      "recall": 0.19047619047619047,
      "f1-score": 0.25396825396825395,
      "support": 42.0
    },
    "sadness": {
      "precision": 0.5,
      "recall": 0.18181818181818182,
      "f1-score": 0.26666666666666666,
      "support": 22.0
    },
    "anger": {
      "precision": 0.28,
      "recall": 0.2413793103448276,
      "f1-score": 0.25925925925925924,
      "support": 29.0
    },
    "embarrassment": {
      "precision": 0.0,
      "recall": 0.0,
      "f1-score": 0.0,
      "support": 5.0
    },
    "approval": {
      "precision": 0.32432432432432434,
      "recall": 0.23529411764705882,
      "f1-score": 0.2727272727272727,
      "support": 51.0
    },
    "disapproval": {
      "precision": 0.16,
      "recall": 0.09523809523809523,
      "f1-score": 0.11940298507462686,
      "support": 42.0
    },
    "amusement": {
      "precision": 0.4166666666666667,
      "recall": 0.36585365853658536,
      "f1-score": 0.38961038961038963,
      "support": 41.0
    },
    "desire": {
      "precision": 0.0,
      "recall": 0.0,
      "f1-score": 0.0,
      "support": 12.0
    },
    "neutral": {
      "precision": 0.5068493150684932,
      "recall": 0.21142857142857144,
      "f1-score": 0.29838709677419356,
      "support": 350.0
    },
    "nervousness": {
      "precision": 0.0,
      "recall": 0.0,
      "f1-score": 0.0,
      "support": 3.0
    },
    "excitement": {
      "precision": 0.3333333333333333,
      "recall": 0.25,
      "f1-score": 0.2857142857142857,
      "support": 12.0
    },
    "optimism": {
      "precision": 0.1,
      "recall": 0.043478260869565216,
      "f1-score": 0.06060606060606061,
      "support": 23.0
    },
    "admiration": {
      "precision": 0.46511627906976744,
      "recall": 0.2631578947368421,
      "f1-score": 0.33613445378151263,
      "support": 76.0
    },
    "surprise": {
      "precision": 0.14285714285714285,
      "recall": 0.05263157894736842,
      "f1-score": 0.07692307692307693,
      "support": 19.0
    },
    "disgust": {
      "precision": 0.0,
      "recall": 0.0,
      "f1-score": 0.0,
      "support": 17.0
    },
    "curiosity": {
      "precision": 0.3333333333333333,
      "recall": 0.10526315789473684,
      "f1-score": 0.16,
      "support": 38.0
    },
    "love": {
      "precision": 0.38461538461538464,
      "recall": 0.14285714285714285,
      "f1-score": 0.20833333333333334,
      "support": 35.0
    },
    "pride": {
      "precision": 0.0,
      "recall": 0.0,
      "f1-score": 0.0,
      "support": 2.0
    },
    "micro avg": {
      "precision": 0.3855421686746988,
      "recall": 0.192,
      "f1-score": 0.25634178905206945,
      "support": 1000.0
    },
    "macro avg": {
      "precision": 0.21426031291873524,
      "recall": 0.1205219824702176,
      "f1-score": 0.15032362135182525,
      "support": 1000.0
    },
    "weighted avg": {
      "precision": 0.38492370280114346,
      "recall": 0.192,
      "f1-score": 0.2517905987216103,
      "support": 1000.0
    }
  },
  "accuracy": 0.192,