{
  "classification_report": {
    "embarrassment": {
      "precision": 0.0,
      "recall": 0.0,
      "f1-score": 0.0,
      "support": 5.0
    },
    "disapproval": {
      "precision": 0.24,
      "recall": 0.14285714285714285,
      "f1-score": 0.1791044776119403,
      "support": 42.0
    },
    "excitement": {
      "precision": 0.16666666666666666,
      "recall": 0.25,
      "f1-score": 0.2,
      "support": 12.0
    },
    "gratitude": {
      "precision": 0.7755102040816326,
      "recall": 0.6666666666666666,
      "f1-score": 0.7169811320754716,
      "support": 57.0
    },
    "remorse": {
      "precision": 0.5,
      "recall": 0.2,
      "f1-score": 0.2857142857142857,
      "support": 10.0
    },
    "realization": {
      "precision": 0.0,
      "recall": 0.0,
      "f1-score": 0.0,
      "support": 19.0
    },
    "admiration": {
      "precision": 0.6571428571428571,
      "recall": 0.3026315789473684,
      "f1-score": 0.4144144144144144,
      "support": 76.0
    },
    "anger": {
      "precision": 0.5384615384615384,
      "recall": 0.2413793103448276,
      "f1-score": 0.3333333333333333,
      "support": 29.0
    },
    "joy": {
      "precision": 0.14285714285714285,
      "recall": 0.15,
      "f1-score": 0.14634146341463414,
      "support": 20.0
    },
    "grief": {
      "precision": 0.0,
      "recall": 0.0,
      "f1-score": 0.0,
      "support": 0.0
    },
    "pride": {
      "precision": 0.0,
      "recall": 0.0,
      "f1-score": 0.0,
      "support": 2.0
    },
    "disgust": {
      "precision": 0.3333333333333333,
      "recall": 0.17647058823529413,
      "f1-score": 0.23076923076923078,
      "support": 17.0
    },
    "love": {
      "precision": 0.5714285714285714,
      "recall": 0.5714285714285714,
      "f1-score": 0.5714285714285714,
      "support": 35.0
    },
    "amusement": {
      "precision": 0.35135135135135137,
      "recall": 0.3170731707317073,
      "f1-score": 0.3333333333333333,
      "support": 41.0
    },
    "neutral": {
      "precision": 0.46153846153846156,
      "recall": 0.2742857142857143,
      "f1-score": 0.34408602150537637,
      "support": 350.0
    },
    "nervousness": {
      "precision": 0.0,
      "recall": 0.0,
      "f1-score": 0.0,
      "support": 3.0
    },
    "desire": {
      "precision": 0.25,
      "recall": 0.08333333333333333,
      "f1-score": 0.125,
      "support": 12.0
    },
    "caring": {
      "precision": 0.07692307692307693,
      "recall": 0.05263157894736842,
      "f1-score": 0.0625,
      "support": 19.0
    },
    "confusion": {
      "precision": 0.13333333333333333,
      "recall": 0.09523809523809523,
      "f1-score": 0.1111111111111111,
      "support": 21.0
    },
    "optimism": {
      "precision": 0.3,
      "recall": 0.13043478260869565,
      "f1-score": 0.18181818181818182,
      "support": 23.0
    },
    "curiosity": {
      "precision": 0.19230769230769232,
      "recall": 0.13157894736842105,
      "f1-score": 0.15625,
      "support": 38.0
    },
    "annoyance": {
      "precision": 0.0,
      "recall": 0.0,
      "f1-score": 0.0,
      "support": 42.0
    },
    "fear": {
      "precision": 0.6666666666666666,
      "recall": 0.14285714285714285,
      "f1-score": 0.23529411764705882,
      "support": 14.0
    },
    "sadness": {
      "precision": 0.3125,
      "recall": 0.22727272727272727,
      "f1-score": 0.2631578947368421,
      "support": 22.0
    },
    "relief": {
      "precision": 0.0,
      "recall": 0.0,
      "f1-score": 0.0,
      "support": 2.0
    },
    "approval": {
      "precision": 0.2,
      "recall": 0.13725490196078433,
      "f1-score": 0.16279069767441862,
      "support": 51.0
    },
    "surprise": {
      "precision": 0.25,
      "recall": 0.2631578947368421,
      "f1-score": 0.2564102564102564,
      "support": 19.0
    },
    "disappointment": {
      "precision": 0.0,
      "recall": 0.0,
      "f1-score": 0.0,
      "support": 19.0
    },
    "micro avg": {
      "precision": 0.39325842696629215,
      "recall": 0.245,
      "f1-score": 0.30191004313000613,
      "support": 1000.0
    },
    "macro avg": {
      "precision": 0.25428646057472587,
      "recall": 0.16273400527931087,
      "f1-score": 0.18963709010708787,
      "support": 1000.0
    },
    "weighted avg": {
      "precision": 0.3839375639611354,
      "recall": 0.245,
      "f1-score": 0.29315416129183747,
      "support": 1000.0
    }
  },
  "accuracy": 0.245,