{
  "classification_report": {
    "disgust": {
      "precision": 0.1875,
      "recall": 0.17647058823529413,
      "f1-score": 0.18181818181818182,
      "support": 17.0
    },
    "desire": {
      "precision": 0.06666666666666667,
      "recall": 0.08333333333333333,
      "f1-score": 0.07407407407407407,
      "support": 12.0
    },
    "sadness": {
      "precision": 0.3157894736842105,
      "recall": 0.2727272727272727,
      "f1-score": 0.2926829268292683,
      "support": 22.0
    },
    "remorse": {
      "precision": 0.08333333333333333,
      "recall": 0.1,
      "f1-score": 0.09090909090909091,
      "support": 10.0
    },
    "nervousness": {
      "precision": 0.0,
      "recall": 0.0,
      "f1-score": 0.0,
      "support": 3.0
    },
    "anger": {
      "precision": 0.23529411764705882,
      "recall": 0.27586206896551724,
      "f1-score": 0.25396825396825395,
      "support": 29.0
    },
    "relief": {
      "precision": 0.0,
      "recall": 0.0,
      "f1-score": 0.0,
      "support": 2.0
    },
    "surprise": {
      "precision": 0.058823529411764705,
      "recall": 0.05263157894736842,
      "f1-score": 0.05555555555555555,
      "support": 19.0
    },
    "neutral": {
      "precision": 0.49767441860465117,
      "recall": 0.3057142857142857,
      "f1-score": 0.3787610619469027,
      "support": 350.0
    },
    "amusement": {
      "precision": 0.2676056338028169,
      "recall": 0.4634146341463415,
      "f1-score": 0.3392857142857143,
      "support": 41.0
    },
    "embarrassment": {
      "precision": 0.14285714285714285,
      "recall": 0.2,
      "f1-score": 0.16666666666666666,
      "support": 5.0
    },
    "gratitude": {
      "precision": 0.5370370370370371,
      "recall": 0.5087719298245614,
      "f1-score": 0.5225225225225225,
      "support": 57.0
    },
    "caring": {
      "precision": 0.10526315789473684,
      "recall": 0.10526315789473684,
      "f1-score": 0.10526315789473684,
      "support": 19.0
    },
    "approval": {
      "precision": 0.16883116883116883,
      "recall": 0.2549019607843137,
      "f1-score": 0.203125,
      "support": 51.0
    },
    "curiosity": {
      "precision": 0.09090909090909091,
      "recall": 0.05263157894736842,
      "f1-score": 0.06666666666666667,
      "support": 38.0
    },
    "excitement": {
      "precision": 0.15384615384615385,
      "recall": 0.16666666666666666,
      "f1-score": 0.16,
      "support": 12.0
    },
    "confusion": {
      "precision": 0.14285714285714285,
      "recall": 0.19047619047619047,
      "f1-score": 0.16326530612244897,
      "support": 21.0
    },
    "joy": {
      "precision": 0.12,
      "recall": 0.15,
      "f1-score": 0.13333333333333333,
      "support": 20.0
    },
    "grief": {
      "precision": 0.0,
      "recall": 0.0,
      "f1-score": 0.0,
      "support": 0.0
    },
    "love": {
      "precision": 0.29411764705882354,
      "recall": 0.2857142857142857,
      "f1-score": 0.2898550724637681,
      "support": 35.0
    },
    "admiration": {
      "precision": 0.29411764705882354,
      "recall": 0.32894736842105265,
      "f1-score": 0.3105590062111801,
      "support": 76.0
    },
    "fear": {
      "precision": 0.2777777777777778,
      "recall": 0.35714285714285715,
      "f1-score": 0.3125,
      "support": 14.0
    },
    "disapproval": {
      "precision": 0.15873015873015872,
      "recall": 0.23809523809523808,
      "f1-score": 0.19047619047619047,
      "support": 42.0
    },
    "disappointment": {
      "precision": 0.0,
      "recall": 0.0,
      "f1-score": 0.0,
      "support": 19.0
    },
    "pride": {
      "precision": 0.0,
      "recall": 0.0,
      "f1-score": 0.0,
      "support": 2.0
    },
    "annoyance": {
      "precision": 0.18604651162790697,
      "recall": 0.19047619047619047,
      "f1-score": 0.18823529411764706,
      "support": 42.0
    },
    "optimism": {
      "precision": 0.17391304347826086,
      "recall": 0.17391304347826086,
      "f1-score": 0.17391304347826086,
      "support": 23.0
    },
    "realization": {
      "precision": 0.0625,
      "recall": 0.05263157894736842,
      "f1-score": 0.05714285714285714,
      "support": 19.0
    },
    "micro avg": {
      "precision": 0.27319587628865977,
      "recall": 0.265,
      "f1-score": 0.26903553299492383,
      "support": 1000.0
    },
    "macro avg": {
      "precision": 0.16505324475409738,
      "recall": 0.17806377889066086,
      "f1-score": 0.16823496344583286,
      "support": 1000.0
    },
    "weighted avg": {
      "precision": 0.3137078093264605,
      "recall": 0.265,
      "f1-score": 0.27886470635952354,
      "support": 1000.0
    }
  },
  "accuracy": 0.265,