{
  "classification_report": {
    "caring": {
      "precision": 0.3,
      "recall": 0.3157894736842105,
      "f1-score": 0.3076923076923077,
      "support": 19.0
    },
    "love": {
      "precision": 0.6470588235294118,
      "recall": 0.6285714285714286,
      "f1-score": 0.6376811594202898,
      "support": 35.0
    },
    "relief": {
      "precision": 0.0,
      "recall": 0.0,
      "f1-score": 0.0,
      "support": 2.0
    },
    "pride": {
      "precision": 0.0,
      "recall": 0.0,
      "f1-score": 0.0,
      "support": 2.0
    },
    "neutral": {
      "precision": 0.5714285714285714,
      "recall": 0.11428571428571428,
      "f1-score": 0.19047619047619047,
      "support": 350.0
    },
    "nervousness": {
      "precision": 0.4,
      "recall": 0.6666666666666666,
      "f1-score": 0.5,
      "support": 3.0
    },
    "joy": {
      "precision": 0.19047619047619047,
      "recall": 0.2,
      "f1-score": 0.1951219512195122,
      "support": 20.0
    },
    "disgust": {
      "precision": 0.11764705882352941,
      "recall": 0.23529411764705882,
      "f1-score": 0.1568627450980392,
      "support": 17.0
    },
    "embarrassment": {
      "precision": 0.3333333333333333,
      "recall": 0.4,
      "f1-score": 0.36363636363636365,
      "support": 5.0
    },
    "gratitude": {
      "precision": 0.7115384615384616,
      "recall": 0.6491228070175439,
      "f1-score": 0.6788990825688074,
      "support": 57.0
    },
    "grief": {
      "precision": 0.0,
      "recall": 0.0,
      "f1-score": 0.0,
      "support": 0.0
    },
    "anger": {
      "precision": 0.19736842105263158,
      "recall": 0.5172413793103449,
      "f1-score": 0.2857142857142857,
      "support": 29.0
    },
    "disappointment": {
      "precision": 0.11538461538461539,
      "recall": 0.15789473684210525,
      "f1-score": 0.13333333333333333,
      "support": 19.0
    },
    "sadness": {
      "precision": 0.5,
      "recall": 0.4090909090909091,
      "f1-score": 0.45,
      "support": 22.0
    },
    "disapproval": {
      "precision": 0.14705882352941177,
      "recall": 0.47619047619047616,
      "f1-score": 0.2247191011235955,
      "support": 42.0
    },
    "amusement": {
      "precision": 0.3472222222222222,
      "recall": 0.6097560975609756,
      "f1-score": 0.4424778761061947,
      "support": 41.0
    },
    "excitement": {
      "precision": 0.26666666666666666,
      "recall": 0.3333333333333333,
      "f1-score": 0.2962962962962963,
      "support": 12.0
    },
    "surprise": {
      "precision": 0.19230769230769232,
      "recall": 0.2631578947368421,
      "f1-score": 0.2222222222222222,
      "support": 19.0
    },
    "fear": {
      "precision": 0.4,
      "recall": 0.5714285714285714,
      "f1-score": 0.47058823529411764,
      "support": 14.0
    },
    "confusion": {
      "precision": 0.25,
      "recall": 0.38095238095238093,
      "f1-score": 0.3018867924528302,
      "support": 21.0
    },
    "desire": {
      "precision": 0.2222222222222222,
      "recall": 0.16666666666666666,
      "f1-score": 0.19047619047619047,
      "support": 12.0
    },
    "remorse": {
      "precision": 0.3333333333333333,
      "recall": 0.3,
      "f1-score": 0.3157894736842105,
      "support": 10.0
    },
    "curiosity": {
      "precision": 0.3442622950819672,
      "recall": 0.5526315789473685,
      "f1-score": 0.42424242424242425,
      "support": 38.0
    },
    "optimism": {
      "precision": 0.4444444444444444,
      "recall": 0.34782608695652173,
      "f1-score": 0.3902439024390244,
      "support": 23.0
    },
    "realization": {
      "precision": 0.09375,
      "recall": 0.15789473684210525,
      "f1-score": 0.11764705882352941,
      "support": 19.0
    },
    "approval": {
      "precision": 0.19101123595505617,
      "recall": 0.3333333333333333,
      "f1-score": 0.24285714285714285,
      "support": 51.0
    },
    "admiration": {
      "precision": 0.5066666666666667,
      "recall": 0.5,
      "f1-score": 0.5033112582781457,
      "support": 76.0
    },
    "annoyance": {
      "precision": 0.15384615384615385,
      "recall": 0.09523809523809523,
      "f1-score": 0.11764705882352941,
      "support": 42.0
    },
    "micro avg": {
      "precision": 0.3140830800405269,
      "recall": 0.31,
      "f1-score": 0.3120281831907398,
      "support": 1000.0
    },
    "macro avg": {
      "precision": 0.28489382970866367,
      "recall": 0.33508451733223754,
      "f1-score": 0.29142223043852084,
      "support": 1000.0
    },
    "weighted avg": {
      "precision": 0.4204085789606887,
      "recall": 0.31,
      "f1-score": 0.30077494621114365,
      "support": 1000.0
    }
  },
  "accuracy": 0.31,